取得日,テーマ,企業,材料,重要度,スコア,タイトル,公開日時,URL
2026-09-09,AIデータセンター,Fully Automated Wafer-Level Burn-In Systems / Data Center Interconnects - Aehr Test Systems,大型受注,🟠 重要,55,Aehr Receives Follow-On Order for Fully Automated Wafer-Level Burn-In Systems Powering AI Optical I/O and Data Center Interconnects - Aehr Test Systems,"Tue, 03 Mar 2026 08:00:00 GMT",https://news.google.com/rss/articles/CBMi8wFBVV95cUxQZGxjcjBtNEJib3p1bE9NUENOeEY1bVV1U1dLYTR6b3RySE9LYVlvX3IwNlFGUHU4TTVCRnc2UTBQUWxyYXlScGNhU2lhelRoT1FMVURuVEw0X0RpRk9iWWFBYmVySmJlOG8yR25VLXFDaUlyYXdWVmFJU3c4cTAwYWk4R0RUMG9oNkpHUVFwd0Npdl95VC0waldBOVBLNmNaSGt4enNiUjROWk1RU2xVbTc3X19yUDMwVC1sYmJlbklTc0dFN2xmRmFBRkFmeEllWTFLMDZXTWY4cEdmeFlIS3BCU0RmaEgxTmRkbW9kS205eUk?oc=5
2026-09-09,半導体,Amkor Technology,戦略的投資,🟡 注目,47,Amkor Technology Expands Arizona Advanced Packaging Investment To $12 Billion - Pulse 2.0,"Wed, 09 Sep 2026 15:23:22 GMT",https://news.google.com/rss/articles/CBMinAFBVV95cUxNV01oMnBsVVFUdzRpVWhTUU5KTlhNeXJFS0d3NmRBeEdpRVI4bGtRR1VSRDAwb2Y3dnc5ei1oVXY3czM5ajRvN2tjRkVzM29fSzVtZUxTdmNFNjhlTldydmFjUnB2TTdMVnZKLUN2ZHl5Y05WR2p4TUVHT3FqZ0tMR2lyX3NMbTJVcTFlUUdxZW51ZXZXTVc0SVRubnDSAaIBQVVfeXFMT0lMenpWMjRDaHpjWmVmMFNKTlU2SUJxTmJfR0lsVUpJWWlrWHdMOVdhMjBETlhZUExzODA1bWg2OS1nM1hGYnZPeUdKNnVDUFRaanBvUUtFcFlyQUJ0YmUyZ2EyY1R5eDk2NlFTSEx3aERYbFBXOGhvaTNscVJTSXB1XzJobElRSnJSLVBiOEc1YnJQWmlYcWZwUy1Ya3dGZnJ3?oc=5
2026-09-09,半導体,,大企業との提携 / 研究開発,🟡 注目,47,Samsung opens Japan AI chip R&D hub for advanced packaging collaboration - Nikkei Asia,"Tue, 08 Sep 2026 16:08:00 GMT",https://news.google.com/rss/articles/CBMiwwFBVV95cUxQUlFlUzVJMms0TWxjWFJyYWd2THpmQmJ3aHNXaFRFeURadThIMERGWE1jM0Y4THAybmo2SEtzT1M2YVI0b0g3cG9EZWZiQ0FWWmY4U2N0RFRZM3VmbWdaUUlQWmtEUVBVNjl2UkhuRkdHQUJzRmdUa2FNZXlrT0dUSmE3SlJjYVBQbnpDZnoyclJjYzBNeWstN0JPWktVQ2xhOVN0ckFxSi05UWxWb1JZVVNRYS1CZ1cxSHhObmZHWnRvbHM?oc=5
2026-09-09,その他,Asia and SUSS Partner to Advance Inkjet Technology,大企業との提携,🟡 注目,40,Manz Asia and SUSS Partner to Advance Inkjet Technology for Semiconductor Packaging - EE Times Asia,"Mon, 07 Sep 2026 01:35:33 GMT",https://news.google.com/rss/articles/CBMirAFBVV95cUxNZFJvdm43ZkJNMW9LbW91TTItbGpYd19MNEZsNEl3ZkFVMk4wUEctU291aUJtamZSelExemFzcXl6M0JrVS1yWWhEbXB4S2U5Mi1lODJWRjZlVU5ySV8teVEwdnFxWEJHdVdtU1RtYVJoLWdPLVNCZFM2WDNvY04xMV9SNmF2WFhxNzFfWjRNNi1oWTNLTFZlT0VTMGd5ZXlnNHZUNHBwb1JKVFVE?oc=5
2026-09-09,半導体,,大型受注,🟡 注目,40,Disorder creates direction-dependent optics in compound semiconductors - Phys.org,"Mon, 29 Jun 2026 07:00:00 GMT",https://news.google.com/rss/articles/CBMif0FVX3lxTFBZX2VENGItZ0xHWExYRS1CeURJc2lOc0hDdERRLVlwZkhoZDlPeVhtMVlrSmREaVlIeUpqQVU4TjJfN0FwZnp6V0J3X3VlZ3hzLTlmQ1k5a2JFNDU5TklyVFJ5Tm1VQzlldkk1cER3Z01iQ1FqcTNRbUFSQWJFRVE?oc=5
2026-09-09,半導体,,大型受注,🟡 注目,40,SweGaN wins commercial orders worth €2.3m - Compound Semiconductor,"Mon, 27 Apr 2026 07:00:00 GMT",https://news.google.com/rss/articles/CBMingFBVV95cUxONVdsU1VaZ1dlR2VUa01FWWxfYzQyRXRuZEJfSjhQbmlxN0NfYlFIVko1bGdPdmRLTEVrbTRob3J4NnFod1JwcWVSdy04NS1aYUotLTViZTZrZTdRUmJ6RENFZmNwcmx2eV8ycUlnd2VlQ00wUkUyMDVYOXVfcUdJS2dvS29LdEVBTGk3SWVaM0ZsTkV0MDRPUkx4bUlxQQ?oc=5
2026-09-09,AIデータセンター,,大型受注,🟡 注目,40,Starcloud Orders 50+ Starlink Laser Terminals for Orbital Data Center Constellation - MLQ.ai,"Wed, 03 Jun 2026 07:00:00 GMT",https://news.google.com/rss/articles/CBMipgFBVV95cUxQX1dZVGhjbFZORmZfZlRGaHJCNHU0NmJwQmNNb3N5aG9VbkM4OFkyYm14c1VTeHk1U1pMWVZ5MDhteE9QNlhtWUgtR1AzTVJvUlB6U2FrLXJiVC0zWUJsUGlBWnZkNHRLdkFKc2JLekRvMUxIT214dlljMzBjbV8tSlJsZE9zSWFaSC1YSG5iRHppaGJNOXFIdVhpUDNSRHB5SnY5bThn?oc=5
2026-09-09,その他,Enables Advanced Thermal Control Systems,量産・生産開始,🟡 注目,40,Additive Manufacturing Enables Advanced Thermal Control Systems for Next-Generation Space Missions - Tech Briefs,"Fri, 01 Aug 2025 07:00:00 GMT",https://news.google.com/rss/articles/CBMi7gFBVV95cUxNc3o2X3I2MTZxVmQ4WERlUTJrNldIYm1MTlUxaDlHRHIwdW1tNjBfUTNXNGgzMV9kVHpid0V4QWZQQkJic05jV0w2Ry1xcXBITlBvMzRYUC1lUDVKT05NLUpvRUNhWDVGWFk5QzlQOVR5T3lGMy0zNVlxWjlMZVkwaTJHZ0JGRU1RR05fUy03THBVMDE0X01LRWI0YURJTW43ZVRkQXNSaWtONUhvdHJpS2Y3aUo5SF8xajZJZVRVcVpsejBNbDF2d0dJcUR5dWRJRkNiM3QtV09DUW00Y1JWMU1WMXpDOHB3RnJUV3NR?oc=5
2026-09-09,AIデータセンター,Data Center HVAC Systems,研究開発,🟡 注目,37,"Data Center HVAC Systems Market Size Report, 2026-2033 - Grand View Research","Wed, 09 Sep 2026 06:10:01 GMT",https://news.google.com/rss/articles/CBMilAFBVV95cUxOaTRDd3h3R3BidDROSlZVZUZwMUlWQ2hxWGlHLWNrbFVZX3ZjVGt3UXpKUUpmSDVhN0RKZzB5dm5qeURHblZKTFJZdF9JVUpQVF9VWHA0WTQ3TGZXN2l4NDhYaWVPaVVNbGNFcGx5NmVpcTdFdWo0ZzBtVkNFYzdfdVc2SmttRWhldV9lc0JST0VXSk5F?oc=5
2026-09-09,光通信,,量産・生産開始,🟡 注目,35,EV Group Addresses Critical Manufacturing Challenges for Next-Generation Co-Packaged Optics - Yahoo Finance,"Tue, 01 Sep 2026 13:00:00 GMT",https://news.google.com/rss/articles/CBMipAFBVV95cUxOWDY2cm0xYWJiM2VEcTIxdFphWXJNODkyZjRrVUpFNExIZ2FkZE16OC1KMHRsVHJINXc0RldIQVJEQkc4R2VjWVBkckpCNTVFVkV4a2U2aTJqaXhoRjNjLUgzeHU0cW52SEp4U3JfbktvSGZ6QUdzOEx3ajRKTmpHQ0x4RnlNdXdZS2JzMHhMbVVoVnAycVpQVlhhSUVDU2x0blNmQw?oc=5
2026-09-09,光通信,,量産・生産開始,🟡 注目,35,Taiwan accelerates silicon photonics move to mass production for AI infrastructure - Global Sources,"Mon, 07 Sep 2026 11:58:09 GMT",https://news.google.com/rss/articles/CBMiyAFBVV95cUxNbTBfQmRJVEVscjY2VVF2ODAzUThZcm9SYWJ3OGtfcU1SelpuMkpVeXZjQkYwYWVVNlJuVFJTVElUbTNTVzc3RHVKVzJnOHFHakF3Y284a1EzMFhyYnN5ZmREVW9sblo5aDF2am50YTRON0YwX2h4a2tIa21tdlBJc3pCeVhISWh4dXJzZVNNQlczckl2NFFJNEVxb2lTa0JrVFUzeklUdkk0cWhPVEpfUUZRYTJMcjcxR1V4WWpUVnYzYlhaRTBsMw?oc=5
2026-09-09,光通信,,大企業との提携,🟡 注目,35,Crealights GlobalFoundries Partnership to Accelerate 6.4T NPO Silicon Photonics - Electronics Media,"Tue, 08 Sep 2026 08:30:46 GMT",https://news.google.com/rss/articles/CBMijAFBVV95cUxPMEhyX2U0bjczV1JGUk9TOXhzbWtOVXM0RWZtLWZWVHp1OERnUnRqRWg3NUJkVUZUYUYzMVBCdFl2N1pJTi1MS2R1ajRiVkM3NWNWcTV5ZGZDWXlhZlJRNG84cF9wRVRBbnVrREh0R1FKSlNqOU14XzYwMEo3VXZXWHVxVkdlVjd1TEVudQ?oc=5
2026-09-09,AIデータセンター,,大企業との提携,🟡 注目,35,Multi-Gigawatt Campuses and AI Partnerships Accelerate U.S. Data Center Growth - EIN News,"Wed, 09 Sep 2026 16:34:26 GMT",https://news.google.com/rss/articles/CBMivAFBVV95cUxQZGdWc2g2S2lLUi0teDE2SUp6dWxPX0MtdEV5cGJnSG9NOHBxbU5wdTdWWVpjdllSR1cwMjhZb09ndDFIdlJ1ZFhuRGczSUhPQUJrYmpGTFVSVUp1SUhQQWw1bmVHV21xaVBmZmZDMFo5bDhmTFA4NnA1bm4wNHdFcTJrdk5zRlc5RFp0Qmo4Y2xXa01rSWdTQTVyNXNTLWRSbktjQUtDcGxxcVVxV3Ryc1pNUjVPNWJBTFZtUw?oc=5
2026-09-09,半導体,,量産・生産開始,🟡 注目,35,"SK hynix Holds Groundbreaking Ceremony for HBM Production Base in Indiana, “Beginning a New Future for US-Korea AI” - SK hynix","Fri, 28 Aug 2026 07:00:00 GMT",https://news.google.com/rss/articles/CBMicEFVX3lxTFA0Umc5azhPbTVYTjFVckJGSkFrTlhOc2dqdXRrb0ljTG04MmFLTTJLc3Z1UDlnaml2N1BhelhJdWNIQ2R6TVRJUVF5aV9DU2pVVVd0a3RRQzFFbWVodjNOV1lXazF4WFlPYmRoMGZ6LXg?oc=5
2026-09-09,半導体,,量産・生産開始,🟡 注目,35,Is Navitas Semiconductor (NVTS) Using U.S. GaN Production To Shift Its Strategic Moat In Power Chips? - simplywall.st,"Wed, 02 Sep 2026 19:19:05 GMT",https://news.google.com/rss/articles/CBMi3wFBVV95cUxQT1gzY2d2X0VBQ1pPTmwxcElMYVZuUE1qQkpFS3lNT1YyV3ozV0Z1bGJmblN1V3BpNnktakNaVUFBLUNkajZWYTJDdHVjbjZ6Y2JXWEpraHpRbEF1T254QXlrT1R1YndfdmRNNkJEamJ0aWstTDZ5M1dtODB0WFVVaVdPMFkzLVcwUDJTV2laYk1zazNTNWtGZ2RRYkRqRHZYNjBKbGpXa3JDR1d0cTRuNWs2TE9qT1FzS2JPc05Xa19IaERseEh5Y0FYWnNTTGxVX1ZLRElPSGlSd2lSWWU40gHkAUFVX3lxTE04bHF4bUpINGs2VGVRZFlvZE9YdDhUTnNpdnJpcGtzWHMzWGlKNEpHbExxNFlhZmVYWHhHTW5qSk1jeEV2ZEVJaFh5bVVPeEVKM0h6SEdWZndvWTFxZ3dmUFhQWTgzNU9JT0J4U1NxTmI5ZWhJNEFRb3U3U09TZFM5amx2VW1Ob2c5bFI2WkNoQlg4dTVaV2dlUDJXZ2o4eVI2YUZMQm9CbjU0azk1TmZZSkFpc3RudnlJTi10aV9QVTlUUWtxS1BoNnhDVDY3TTZ1QUo4bWxIU0FtaGF4dThTWG5hMA?oc=5
2026-09-09,半導体,,量産・生産開始,🟡 注目,35,EPC begins mass production of integrated GaN stages - Compound Semiconductor,"Thu, 27 Aug 2026 13:23:32 GMT",https://news.google.com/rss/articles/CBMiogFBVV95cUxNQjhnSmROMEJXVkJsSmJoeUZkN0RVcXRZVG9UaHdQOVVSTHZ3a2d2LVJSQURFSVpkb2pRdi12R0hjM2NoakdqLVItY05VVHNobmtibzllaGcteE5BWHdsNGJQVHROcXNNMzF6Y0RlaEFDYUNDRmhVaUtKa0hBNUJsczROVVNYcDk3ZnNmS0I4eWFWRzY3QmtyMmw3MGVxMUJucmc?oc=5
2026-09-09,半導体,,量産・生産開始,🟡 注目,35,DB HiTek Nears Mass Production of 8-Inch SiC Foundry - thelec.net,"Wed, 09 Sep 2026 10:09:56 GMT",https://news.google.com/rss/articles/CBMiZ0FVX3lxTE9GN3ZraVlHc2Zzdk5ub0YtMy1XMVFMU1A1enpsVGRLM3I3eVVQbGcwYnRqTWxteGdhdzhwbkxNbzdXVFc0Wkh4U1M3UU9ySE5sWlFJeE42RFlwaGVVWldlZi1KNXpGbjQ?oc=5
2026-09-09,半導体,,量産・生産開始,🟡 注目,35,DB HiTek Builds World's First 8-Inch SiC Foundry Turnkey Process; Mass Production Set for 2027 - finance.biggo.com,"Wed, 09 Sep 2026 02:26:00 GMT",https://news.google.com/rss/articles/CBMidkFVX3lxTFBpNzFLcmFTQ0tnNG9nY3BRenRjY2ZyYjkwYzlYX0pYWGxMVTdhQ0ttd29lcDVrZThqSUt2al9fZENxYzFVbzFrWWhVWVR6dzh5T3I4amg3YTFrYXE3cXg3XzBPSWZudS03cmkzMFdtQVNPRmVDNEE?oc=5
2026-09-09,冷却・熱管理,,量産・生産開始,🟡 注目,35,"Additive Manufacturing for spacecraft thermal management: Heat pipes, radiators, and the role of Shape Memory Alloys - Metal Additive Manufacturing magazine","Wed, 15 Oct 2025 07:00:00 GMT",https://news.google.com/rss/articles/CBMifEFVX3lxTE13OVFNT2lIN0drVjhXZ1k4RVF4MWxmMmJFLVA0Z1RJRFZOVHRGZ1pvTHFnTnc5NWJRcTBiYlYwOGRydTZ3MUZSakROTy1adkxWZnVWOWJpY1laaGFWMndBLWNpSTV5RFVGeFhxdTdiOXZoTjNmb1dKOXhGYVg?oc=5
2026-09-09,AIデータセンター,,戦略的投資,🟡 注目,32,Mitsubishi Chemical Invests in NLM Photonics for AI Data Centers - International Business Times,"Wed, 09 Sep 2026 16:32:34 GMT",https://news.google.com/rss/articles/CBMikAFBVV95cUxPbHpleTVNZFkxdmd2MFZVSnFaLVp5SDl1TGctZE5RcklJWnR2M3p1LTlfdndwY2RweWtpWW9iZFJmeDZGME5QOWdQdEk0WWFwZFVRSXJUcjR6cFc4V2VjTTlGRE00V3BZUmpIdGhQWUZzTm5IdHlfQ3dOZld4emlzWkJpdVQwSG1vcHpfUTB3TVU?oc=5
2026-09-09,光通信,,戦略的投資,🟡 注目,32,Mojo Vision Secures $17.5M Strategic Investment from Future Ventures to Advance Next-Generation Optical I/O for AI Infrastructure - Business Wire,"Wed, 25 Mar 2026 07:00:00 GMT",https://news.google.com/rss/articles/CBMilgJBVV95cUxNNmxneEVMMnp4LWZWeW00SVpyWGc5MjB4RzRzUER3SE8tb2R4d2x0UnpXT2JmR1lCNHU3NEEwaDBCaC1XN0MzQ1dnNTJNcm9rRVNQR18tclVLM04wZS1lOEJONUFTU0lhV3NKV1ZrM0dNMzhxTzhjSVZLZ25KdUdWSlhpVVZNcnF2ZTBkRU9jMkhHZ1NSemJ1bU84Z25qNjFyUG1rM0NOWkdTejJCQU5qS1N3WGd0dm5KanZyUHljWEktMVVydmtSN3BHQnR0d0xmU2cwRVE1VXdCYmJkUHpxRlZTVW9pbDhHUnNpTE5jM0NhNmNSNWwtc0JSM0x6bVUwTWhfcktRbDdiQV9YTDJkY2FQZmdudw?oc=5
2026-09-09,光通信,,戦略的投資,🟡 注目,32,Optical interconnect startup Eliyan raises $145M in funding to solve the AI chip cluster connectivity crunch - SiliconANGLE,"Wed, 29 Jul 2026 07:00:00 GMT",https://news.google.com/rss/articles/CBMizwFBVV95cUxQNHZ3VnU2NURBYTItV3JieFJVNVVQdnBLRGd5bHdWb3BiZkJxSENQb1ViX2ZDQ1JnOWVTNTlDNWV4cjFySDFJWnhld0ZzYi04ODc2NUJhc29CdW5fOHhmQlhqUHkwT2RPb0lyU0lDSHdSOHhFX0VhT2NYQVpBUlhEVkVITnJvdGh4dW9NclEwdWhEVTZ5b0cxcXNwelNkTG03SzdYdXJzc2pnWi1iOE1fSFl6anNiYWVsWGVqTUJlUnZ5R1JVQ1FnTjNwSlZuUnc?oc=5
2026-09-09,AIデータセンター,,戦略的投資,🟡 注目,32,Molex Invests in CAEPlus to Advance Thermal Management with Active Liquid Cooling Solutions for AI Data Centers - PR Newswire,"Mon, 17 Aug 2026 07:00:00 GMT",https://news.google.com/rss/articles/CBMi-wFBVV95cUxORkJVT2otd2FCWFFLSG1fWV9mY2RzUFlUcjNpYXRpaVFadWtxcWtWUlA4T0piRUExb2IwUk1ERzNpekhiT3BfeVd6STJUa3JETFZYVUowRDN4aTE1Z1FUV1FIVDRNSWpQNHB1MFRQLXh6SC1KejY1V0QycEttdGRSV3pWMjFWeDFBZjNYTWJlcVZnU2k2ZzlZbW12NVB3QjhzaVp6by14VEh3Mm0tdkloTmRfbnBiM2kwQ2MxSXlXUnI5RlUyRGlaWEk0QlJEdFZyWUhiaEJSengwbktPVWNKRGFTVUdPOF9HT0ExcWVOZk03U25oMjF5MURWdw?oc=5
2026-09-09,AIデータセンター,,戦略的投資,🟡 注目,32,"Google invests $15B in Finland data centers, power infrastructure - Fierce Network","Wed, 09 Sep 2026 16:23:54 GMT",https://news.google.com/rss/articles/CBMiogFBVV95cUxNekIyZlNqYXBjU2lZRDZkU1NpeXUwbDJYWU5pclpqSmI4Rzl5aDZkQVZSb2MyTXRKazVxVHhJMlVZb01CVXpSSm53V2VPV3h2VHJFQUluNnh5Mzk5Nkd1NGctSUxtb0xxempRZW5rT2RyRWxZb0xZYXZINHJNUy1TY0hHdVo3ejZ5RVo5WmY4ZEgtaGNLMDRTOVRkQUpOWmE3T2c?oc=5
2026-09-09,AIデータセンター,,戦略的投資,🟡 注目,32,"Fuel cell investment by data centers set to grow tenfold, reaching $30 billion by 2030 - Rystad Energy","Thu, 25 Jun 2026 07:00:00 GMT",https://news.google.com/rss/articles/CBMid0FVX3lxTE84MWtFUC1zSHNXeC1xbFlETnZTVEFqUW1aWm5QWVpqSHZseGoxNS14dFM0WjNmSEp2OWlkRW5Eb19BZUoyd0NHQzBkTC15TDdRR2E0ZHQwRlRpd2RhYWRYdDFBWW4xYTQ3SXdiMWFIN1dEcFp4enBZ?oc=5
2026-09-09,AIデータセンター,,戦略的投資,🟡 注目,32,Nvidia joins Starcloud’s $250 million orbital data center funding round - SpaceNews,"Fri, 21 Aug 2026 07:00:00 GMT",https://news.google.com/rss/articles/CBMilwFBVV95cUxOOVNhOE1KTDk2SkF4N21ZUkFIdklYWUZBRURXbzlZNUxkd3hkQVVMZ0RIb0tvbm0zYXhFOW02c2IwUHMzR0VDVHRXZHhUX1lnak1FSDZtbTZQSEE1VzZfYXh4R21RQlplTnlxY1RvRXlPazBSRW41YWVGcTRrMkdWOW1Ya2lCRnZ6eVVwSjJ0XzFoS21mTTgw?oc=5
2026-09-09,半導体,,政府支援,🟡 注目,30,Clas-SiC Wafer Fab gets £1.9m grant - Compound Semiconductor,"Tue, 18 Aug 2026 07:00:00 GMT",https://news.google.com/rss/articles/CBMikgFBVV95cUxOZi1LRHBXYlN1X21uOE9BNGhYRHgxakI2blBNRlhtblV5Z0pBRjRJS3B6aTNfbkZqUXpCajVPUEJiNWpoQzFKRElGNFlwcVRqNm5WMVR6TE93V29UV0tQbWFVQ1RUQkVzb0I1Y0ZGYmRLbGJZRjBjMUZ0LXlOTUttN3F2aWRRSXpuTHVUUnV1blBjZw?oc=5
2026-09-09,宇宙,,政府支援,🟡 注目,30,Government Unlikely To Allow Starlink's Inter-Satellite Laser Links Over Security Concerns: Report - NDTV Profit,"Tue, 16 Jun 2026 07:00:00 GMT",https://news.google.com/rss/articles/CBMizwFBVV95cUxNbXVtWUpKeUdjVVhzLW5JVzNMY1ZSa0RpTGRKUU51d1BlVjRFY2o3alBCRENaVDQ3ZzNkZHozQ1VnUjFaeWFCcl96VG5nenVKTGRWVDlkQXpURkk0LUMzOWU2RndoNnR3U0NqV0dTZXkyei1XNkJLTzV3ZF80UHlDQVlzUUhEc2paWkdXSWtkTGVaMnIzUjlrRnJzUmJvbTFJcGt4WG9ZeDhfcjlKSGZ0RWZVMXd6d2p0Smd2NzdVZmhQVmw2bWdRWmdEWUlmaDTSAdcBQVVfeXFMTjYxRWNYNVNKYlZQbW9Nck81U01jYVpWclZwRWhtRnJ3ZHhjSXFMMXlnVFRCYURONGZTLVRBUjVOX2hTX3BuRzY4cFQzbGhmUGUxZkRYSVZhZGhOSU5KMEZxaGlSNGtsQ1ZsT05ELVFWZWllWWJrc3BsOWxGVk1sYjZPMThFZUN1ZHpncFZDaE40WUJLcUpQRV8xMWcxNDhGTHdXX05ubHRDNzNBeFRDVm93aUk5VDB0WW9EN3RDMUJCUkRTaHhFNVFobWJrSzdYdXBJS2p4WFk?oc=5
2026-09-09,その他,,大型受注,🟡 注目,30,Overview Energy wins Air Force contract to study space-based solar power for military bases - SpaceNews,"Wed, 06 May 2026 07:00:00 GMT",https://news.google.com/rss/articles/CBMitAFBVV95cUxQVlhfaThmM2poNl8yUzBTeHh6cTFsTko4U2ZXN0R6S1daVVc1Z2h6N24ydWpUX3JMXzFENlFkT3EtMGJoNUwzeU12dDYyeGlHalRQV0FJV25rRDNaRVU1dmk2Q3JVY2xlZ3poMDY1dXVVclc3RWZ2UU10NHVZbnFsSnJHM29YU0xuZWY5VXFCbzhtYlFTVjRTbnh2UWwxYkdQR0YxWE5ORUkxcTZkNXBMSEZ4eXg?oc=5
2026-09-09,その他,National Institute of Standards and Technology,研究開発,⚪ 情報,27,Department of Commerce Announces Definitive Agreement with I-Pulse for a $250 Million CHIPS R&D Award to Develop Novel Silicon-Carbide Semiconductors - National Institute of Standards and Technology (.gov),"Thu, 25 Jun 2026 07:00:00 GMT",https://news.google.com/rss/articles/CBMitwFBVV95cUxPZWFiNzQ4X3o5S0poUTgwd2VJN3dxcl96dnoyTVR0cWNCMzVSNWQ5NHdhQ3hLUDNTOVhsUExVbGw5YjlMQTM3NVhISE1XR0JzblJIUENuMFlvT0tqSHIzb2E4VWhoZjRRb0FuN1dmaXdkQmlZWGI0Tk9PaDN4aGxxakZQQ2VZclZXU0xiUnRYNndPRVFvb242WWhJRjhoN3daLWRJc29ldVVGVTFzd3JhVXZIZ3p1MWc?oc=5
2026-09-09,AIデータセンター,AI Data Centers Become Energy Systems,テーマ関連ニュース,⚪ 情報,25,Power First: AI Data Centers Become Energy Systems - Data Center Frontier,"Wed, 09 Sep 2026 13:03:15 GMT",https://news.google.com/rss/articles/CBMirAFBVV95cUxPS0F5SXZzeTNiX2dhOXhOUWxaeGczbk5ZREp0QWhtNkFRRDU3aE1QVGdzV19WanZ1S1B5ck1rNE9tVm12YnlGVXNaQkp2MnVrLUMyNDlLa3Zqd2wzdkRiNGRHUzkzVDV5NHBJaC1udUpyZVpSM1FzREFWRHNSaWktS3RlTDFKNENvbnJhdFUyY0k5REhGVWpRNjZGRDc3dHpiVExfaHpXTGY5YXM5?oc=5
2026-09-09,AIデータセンター,,特許・技術,⚪ 情報,25,Will AI Data Centers Become the Next Patent Battleground? - IPWatchdog.com,"Wed, 09 Sep 2026 16:15:46 GMT",https://news.google.com/rss/articles/CBMisgFBVV95cUxOaUxPNGVKWl9KNXJZazB5SjlwLVpzZFRXU2VIR0RmOUd3VGhpZHlQUzRzWkFxWDZndW1ZcTBISWxXSWczU295R3JaSWVVbWVNV19jVW5NdVBhZ1ZJNkxUSzZYaGJxa3NtMGszVFhGMFI0ZW5iV3pfUFJBeDNVNjJNdzFZZ3B3T0cwVmFSZ3dobkJFUXNFbmJXYTFMc2NVaE5EeE5sYldKLVRPYmVKbUluU2hR?oc=5
2026-09-09,その他,,量産・生産開始,⚪ 情報,25,After Fab: Laser Trimming and Cleaning as Photonics Manufacturing Enablers - Photonics Spectra,"Tue, 08 Sep 2026 13:02:54 GMT",https://news.google.com/rss/articles/CBMijAFBVV95cUxOdVVQellBTGZwUG5MQy1QTVFvZ3NZOHBwZGJkOEZHREFacUl1cVY3OVE5TW5KUEVNelpJb05XUXpUbmk5RzBwN0VNemFBLS1mVDZNUXF0eGh3cDA2ZU1PZHdNbXFNZW4tNFZpY3FDcGdMUEpCNmhJNTVkSEk3eklRaUVsaFZBUy1jeDJfRQ?oc=5
2026-09-09,光通信,O Test & Measurement Systems / Keysight Technologies,テーマ関連ニュース,⚪ 情報,25,"Global Silicon Photonics and Optical I/O Test & Measurement Systems Market | USA, China, Taiwan Lead | Keysight Technologies, Advantest, FormFactor Drive Next-Gen AI Infrastructure Validation - Yahoo Finance","Wed, 29 Apr 2026 07:00:00 GMT",https://news.google.com/rss/articles/CBMipgFBVV95cUxQbkJxNVNBSWdMX3lSMGlxbEg0YnlHRHdSX3JtRzFuaVZUb1dpZ0dsYUZfc1NLTkptZjg2Rmg3dXF0bGFocHZoanRvaUM0Y1hoR2ZpMlh0Mm12Q1BuX0tzVFQyYVhtU1dLLWFRcVVVald3UFpYMVAybmtWZVV5MkxINW1vMWthcEJWLWhlSHAtSXFPbXFDY1hldmxTN193VWNVTzE0QW9B?oc=5
2026-09-09,光通信,O Test and Measurement Systems,テーマ関連ニュース,⚪ 情報,25,Silicon Photonics and Optical I/O Test and Measurement Systems Market - futuremarketinsights.com,"Wed, 01 Apr 2026 07:00:00 GMT",https://news.google.com/rss/articles/CBMitAFBVV95cUxPZzNzUnRrSG5nQkNxeDI5Mm5mZS1JWGljWlpJNjh0bWl0R1VnbEFYY2FXZW9PWnpQSmdMbDBNSXVJYk9BRDRmUHdNNXVjNmRvZkFYNXQxNGdFQm0yUTJkVnVCVEtodklBV042bHpTZWtaR2RiTFV2RkJ3amdkcExESk8tUWsxbnoySVpkZ3d2WWlkdEhKZFJJWTJsQWZsdDROeHUtVzBDc3R6YTlXdDJveEg0V0M?oc=5
2026-09-09,光通信,,特許・技術,⚪ 情報,25,"C-TOUCH & DISPLAY SHENZHEN 2026 to Showcase Breakthroughs in Micro LED Optical Interconnects, AI+AR Smart Glasses and TGV Glass Substrates - Yahoo Finance","Tue, 08 Sep 2026 02:00:00 GMT",https://news.google.com/rss/articles/CBMilAFBVV95cUxQRlp2LTlUeC1ycTZZUFVneU4zWEVsZllPeXdKejl1d2FQMkl0R1hQTFgzRmFZV0pEeUFLdlJoOTBOWkNFU2tSVzBPV21hd0EzSzd1VVJXU3VHMjM1VGdybnQ4N05QRnNpb3Fzay1LeU8zRTJUeUdSWUpqWVVPNjJkZ0NjNC1FQkZHYVV4cVpKS0lDdkRC?oc=5
2026-09-09,AIデータセンター,Optical Data Center Interconnect Technology,テーマ関連ニュース,⚪ 情報,25,Quintessent Expands Leadership Team to Support Growth of Optical Data Center Interconnect Technology - 01net,"Tue, 08 Sep 2026 19:07:00 GMT",https://news.google.com/rss/articles/CBMivwFBVV95cUxNVGt5dnpSSWZMYU01blFucE14c0pwVzNoaVd2TFJJWFRtUlN1U1h1cm5mX2M4QkREU2syVUJKVWV0Y1VPZzhqTjBwZVExaGRPQnB3VnduOWNZeEsxQ0hQVGd1empXbGo1bjdqeWFIcmllY2hZemdEb3laMWZSdWlxd1VMT2Eya3ZmQnI4RXdSTk9TY0U4X2lkR3M2TXdnem12ZVh5ZG9tT215M1h0SzhnU3NxVlJYYjkya2FWdWhJcw?oc=5
2026-09-09,AIデータセンター,PO Technologies,テーマ関連ニュース,⚪ 情報,25,"“x”PO Technologies Accelerate Evolution, Reshaping the Optical Interconnect Landscape for AI Data Centers - Data Center Frontier","Fri, 24 Jul 2026 07:00:00 GMT",https://news.google.com/rss/articles/CBMi9wFBVV95cUxPQlhyWW1UM3FuY1FTNmozTHdjQjlpZ0VxNHRaTU1JZFd5bUF5Nk16NU90UG9lOUkyTUFBRi1WSlNySzQ1TGRTZ3R2OXZkLXhxRHh0cFRBQjI4ajJpNGp6eldEajJINi1sUlBEQXBLRHhWOGZ0SGxNT3NQcWtHVWxEbUtqSnBNU1VMbUdueVNCR1VUM2tQcDBmdmIwZHRlQWpZcW1fY2xvS2hFNkNxTzFoUjFfYXhMOTFxNGg0TF9vc21OekFwdmlacktqU3FmU3pNUjByZUg1ck9DRk9yNm9TaGdjbDc5ZzktRWdFWHZlbnR4ZlRLNkIw?oc=5
2026-09-09,AIデータセンター,Texas-Based SLB Acquires Thermal Tech Company,テーマ関連ニュース,⚪ 情報,25,Texas-Based SLB Acquires Thermal Tech Company Kelvion Amid Data Center Expansion - thetexan.news,"Tue, 01 Sep 2026 21:12:00 GMT",https://news.google.com/rss/articles/CBMi-gFBVV95cUxNT2dzWmZaQ1MySVVaRWl1amh2clp3MWpqYk1JUDhOSm1qQ3U5NlFpTVZmWGgyT2pYVno2OXBaekJhbHJxRU96bFlhM3F1MXR3bXA4YmUzZFAtWnU4M2JiSFdOTWdka2lsZ082N3hibU1Fbkl6SmkwMFJ1SEMxaW5xZWtCT0ppdDd0WGdHTXJCU0F5cFk5UklJZVZMLXNOdElyLVdfR0l6d2x1LXhrMDAtT2h2Wm02RUxhZzlSbEJ4U1JxZndQaHQzbUVzLUZOaU9vcjBkb3Etc3JnSWJrUXBYM1BCRmxzVXlhcDZMbnZYMXdzZ0pQMFVSRXJ3?oc=5
2026-09-09,AIデータセンター,Data Center Energy Storage Systems,テーマ関連ニュース,⚪ 情報,25,Data Center Energy Storage Systems Market - MarketsandMarkets,"Wed, 09 Sep 2026 07:13:47 GMT",https://news.google.com/rss/articles/CBMipwFBVV95cUxQdEV5cGd5MUtyaWlBS2RrRDNxZFUtU05zckVBUlpPUlBvVkM4b1JLRE02UklGYUVGV3FjeTlnZkxWRmpYQWNiOXNKQ2ttTlNCbGZZZ2FjcFh3MjhTVllfVW1ZTjU5V1hKRjVTTnFDVG5pTXY5cjJJSm9MUDd5TndTNFY4Wjdtb005blE2Z0x3dHR0ZG15TS1xYnRkZEt3R044WnczYjFCdw?oc=5
2026-09-09,AIデータセンター,Data Center Energy Storage Systems,テーマ関連ニュース,⚪ 情報,25,Data Center Energy Storage Systems Market Worth $10.48 Billion in 2032 - Exclusive Report by MarketsandMarkets - Moomoo,"Wed, 09 Sep 2026 10:59:00 GMT",https://news.google.com/rss/articles/CBMipgFBVV95cUxQM2xtLVV5Tm85QWNYUHBRdGRLeURhNndmZkctWjFQWHlod2N1WmlsaXFoRjNEaGZib0kzRmdwUWVKeDVOWnc3VTlnUE1zZnZlaml2MG83bDBtVDRGcDc4OG1FUWI5ZXRNZWd5Y05nSHVSWEp1bVpqSmJHODd5Nm42Q3NYa0Y4a0lVYzZxOEFMSTdhMkhJcml6ZnM3dUoybWFyOUdEaU9R?oc=5
2026-09-09,AIデータセンター,Data Centers and Battery Energy Storage Systems,テーマ関連ニュース,⚪ 情報,25,"Data Centers and Battery Energy Storage Systems Project - City of West Chicago, Illinois","Tue, 18 Aug 2026 07:00:00 GMT",https://news.google.com/rss/articles/CBMihwFBVV95cUxPYmpIaHNBX2hUZFg3UmI5Y3RPeE90eHEySDhGVGNIOUk4NkZMZGtFcExZOFlydnAzUVg1MnlYWFVyR2pOcnJfVUZIMkFKanFORWNmb0dKbi1GdHNyWm5TSDVFTTE4RlhYV1p0eGx1aTFGa0JQNmY5al84WEt6MHRWMTBDZ3Vvb0U?oc=5
2026-09-09,AIデータセンター,Data Center Energy Storage Systems,テーマ関連ニュース,⚪ 情報,25,Data Center Energy Storage Systems Market worth $10.48 billion by 2032 - MarketsandMarkets,"Tue, 08 Sep 2026 12:04:59 GMT",https://news.google.com/rss/articles/CBMijwFBVV95cUxPSkxPOHNCX0M0MldqZjRjRUxlY0xnZWxYS1Z3d1hFdlFvYmpHU1pSdzljUlEtMWhtUVBhT0JLS0VXZ19WMkpVM2tocDBxSG12WkVtRXpRX1lER0l4cW1iSTJrT3lLeFZwcTZpQWFISW1MODhRT2ZkQzMwN0ZQdHJZNEZVY3JEd25XbHhoa0NpYw?oc=5
2026-09-09,AIデータセンター,Data Center and Battery Energy Storage Systems,テーマ関連ニュース,⚪ 情報,25,"Data Center and Battery Energy Storage Systems Survey Reopened Through September 4 - City of West Chicago, Illinois","Fri, 28 Aug 2026 07:00:00 GMT",https://news.google.com/rss/articles/CBMisgFBVV95cUxNeGFFbG9kd2Z4OVU2NkJfWjRzZy0zQVlOVEVxYUNLNjlXMUNkektDalJIeGluTzV6YWxUNm5FQWdiTTFqeWJ0QUhDM0tIYmZKY1BPWEtWMGc3TFBlajF1dE1UYlB2T3hJRlRvQ1NueDFGTmE1RllNQlV6Y1NLdmowdkY4N0JKS0JCMnhLeGloeHdQaDdCSUNsRVp3Yy14Tkh1V3NrUTRxSU5LM1gxMjVrd3V3?oc=5
2026-09-09,AIデータセンター,Data Center and Battery Energy Storage Systems,テーマ関連ニュース,⚪ 情報,25,"Data Center and Battery Energy Storage Systems Project Page Now Available - City of West Chicago, Illinois","Tue, 25 Aug 2026 07:00:00 GMT",https://news.google.com/rss/articles/CBMipgFBVV95cUxOWnpnYmsyVlJIRmc1REU2ZGMxX2NMUlpLSEZkajFxaG5ibzMwZV9wdlg4YlhpNG1ERlhKV2dlYktzMFlfT24xSVZTZEdjS0s1a1FRNEJ6QW5VZUt0b21TQTRubVl1U3hkdEFxYS03MS1BNGlOUEJURUJFVFhGZ1l0M3hzcDZFNU9zTTFiUUpCN3Y1R29EcGJrQjBwb1N5TVhvSk05NEdn?oc=5
2026-09-09,AIデータセンター,,特許・技術,⚪ 情報,25,New fuel cell breakthrough could help power energy-hungry data centers - Science Daily,"Sat, 08 Aug 2026 07:00:00 GMT",https://news.google.com/rss/articles/CBMib0FVX3lxTFBia1BxUEZKbVZhUDBuSEJlSHA0QlZTb1NfNG1qZmYtMjAwdTlQaEIwYU9CcElXWmp4LTdJS2pqTzdaMWpsVjBBZHZsWFpWNzJ0MGpmZWlXSTZ0RDdDN29DRFc1SmFheXljTnlUaDFHOA?oc=5
2026-09-09,AIデータセンター,This Fuel Cell Company,テーマ関連ニュース,⚪ 情報,25,Beyond Bloom Energy: This Fuel Cell Company Landed a Huge Data Center Deal - Yahoo Finance,"Fri, 10 Jul 2026 07:00:00 GMT",https://news.google.com/rss/articles/CBMijwFBVV95cUxQRWkxSW9pWjZBUWd0b1YteEVGZU1yaExrRGxTOGYteV93YU11TkJObldFcUc1SnJqaXBPd2ZESjBTbVJGUVBJdVB5Ukpob1phR2tkenBkdzB3NUpoNEU3WnAwc0lKY0MwQnNGSE56b2tfckotU21TdDlhejZsSWdHYWFNc21iV1BTdENCaHdVSQ?oc=5
2026-09-09,半導体,Chiplet Summit 2026 - Marvell - Marvell Technology,テーマ関連ニュース,⚪ 情報,25,Company - Events - EE Times Chiplet Summit 2026 - Marvell - Marvell Technology,"Fri, 19 Jun 2026 21:47:31 GMT",https://news.google.com/rss/articles/CBMifEFVX3lxTE9yOC1YN3kwRTMtVzJGckxKMEdoLTlmQ00xRGV1Sjg2dzFYMjZJeWRaZUMwZFhsbko1RVlENHFXdC1May1UcHprek5HVUhiRVJUYU9QSDMzdHhSU1dFcE5yUTdDaWlhNTU3RHI1UUxlQy1keXhZVDBqNUtwMUc?oc=5
2026-09-09,半導体,Latest Technology,テーマ関連ニュース,⚪ 情報,25,Latest Technology at the 2026 Chiplet Summit - Electronic Design,"Tue, 17 Feb 2026 08:00:00 GMT",https://news.google.com/rss/articles/CBMiuwFBVV95cUxNUTYyT0FvM0phanZMVVN5U0NtRmRfTy1NMFlVQ3E2ZmZGLU9EaEk0eGYtckk1UTZFMTc0YktDSVlHSUY2bTBONHRYQkJ3LVh1dFNWY1RITHU0enFTY05GMkxpSjV4UGtQLWFPVFZJRUF1c0lLcXk4Sm1UQW5IS2dtdFZYaEt0UEVhTFdjMF9raG5aUjlTZTNmajVVUjdRWWQydTNWREROb0VxYVBWc1R3YXhDRF9qcGViYTc4?oc=5
2026-09-09,その他,,大企業との提携,⚪ 情報,25,"Purdue, GCCS partner to scale the future of silicon carbide - Purdue University","Thu, 28 May 2026 07:00:00 GMT",https://news.google.com/rss/articles/CBMinwFBVV95cUxQbXNBOVU5ZjRVQlVaSkczR01mV21BWFNaaHB4SmpnY2YwYldzcy1VbGgyS2R4LU1Hdkh4RllyWVRlZzRvREs2ejE1M0NJblkzUDBMcnJfTG5lSlRuSlFUazBHeXpCcmtSY3kyNDBqZTIwV0lQZWVsNnFoM3k3Slk3LUliaTVfWjRYV0NkNjhjR3ZJWmFVc2lOc2Faemxwdk0?oc=5
2026-09-09,半導体,,特許・技術,⚪ 情報,25,RF GaN patenting activity slowing as technology matures - Semiconductor Today,"Mon, 07 Sep 2026 07:38:45 GMT",https://news.google.com/rss/articles/CBMigwFBVV95cUxQTm5wdGI2eTNFNThMVzRRcTd3QUtxODJCWnlqQ29IcnpqWmV6M3d3cWpzVVVEanJQcGo5QlZ5eEFpOGtzM3dIN2JZNHE0SXIxZFRWakFmWHd2VUNUZFl1bDRJSXNfYlRyVzBxOE1WUFRkcng2Wk9tR0JaakNjdlp6YmxoVQ?oc=5
2026-09-09,その他,,大企業との提携,⚪ 情報,25,manufactured in the U.S. through GlobalFoundries partnership to accelerate AI infrastructure - GlobalFoundries,"Tue, 01 Sep 2026 12:30:00 GMT",https://news.google.com/rss/articles/CBMi-gFBVV95cUxNQTdFLUtKVG1sc1dpR1ZuSjg2cFEyMDhVOEJfcFlzOEwwQl9Bd2QzcjRmY1ZaQ3NRMjZFY3M1U1RmcjJ0STFOMGtsT2VESVZVOVltcVFDQUtINml1NUp4MEczZnRqRmlLSXdRZURRbkdwSHp5dElhN1gwQUNoaDlwNmtSRWk4RGJLZmJhYnFvSVlOV2JuMC1RWnRRLWJkYVZVNEdBX0JDQ1lNaGJoTkRNeElZYnlPNWQ2WU9FZlRBUkM4MDBhM1dmeDlfdXBVSUFvZV9hVV9oUjFUekozbEtiUENGWE9xelY4VVQ3U0tMbDlGSklaTnREODVR?oc=5
2026-09-09,AIデータセンター,Beyond the Grid - Bain & Company,テーマ関連ニュース,⚪ 情報,25,Orbital Data Centers: Beyond the Grid - Bain & Company,"Fri, 17 Jul 2026 07:00:00 GMT",https://news.google.com/rss/articles/CBMidkFVX3lxTE8yV2RkTEJmWjU1X01RWjdKZkFod0wxXzZ6WnFadzRiTDNIQU9SQnRYV1RlaDJBNW1ZVmw1UEFjT0RBM0hLUnAxWk1ma3pCUkVUc2E3STcyaVlMNjBobGFIbHhFc0RLSkthV3dLVmJRRmRhdi1la0E?oc=5
2026-09-09,その他,,大企業との提携,⚪ 情報,25,"36Kr Exclusive: USTC Team Secures Over 100 Million Yuan Financing for Space Intelligent Computing Platform, Backed by Bohua, Matrix Partners, GL Ventures & Multiple Investors - 36 Kr","Mon, 31 Aug 2026 04:34:41 GMT",https://news.google.com/rss/articles/CBMiU0FVX3lxTE41Z3J3MXRVT1hYbVFHSVdFVlZZMHltYy1NSjVFZmFxcW9FbndoTFVrTDVFUjVmend2aC03bDVlcDM3VGFvWm1iQVB5cGhkU2ptQ01N?oc=5
2026-09-09,宇宙,Adaptive Free-Space Optical Communication Systems,テーマ関連ニュース,⚪ 情報,25,AI Weather Classification Powers Adaptive Free-Space Optical Communication Systems - Bioengineer.org,"Mon, 07 Sep 2026 01:52:07 GMT",https://news.google.com/rss/articles/CBMiqwFBVV95cUxQZkhkekc4VEpLVGJsTGJvbWQ3QmUyeFR5MnJlQ0dmbzlxVERKVEIwZ1dsRVJ6OTRRS3Y5UjlzX1Vib29vQWJkR3BPLWNjUnpqM3VnUDRfMllzdnJEakd2T0Z5RndPRmJ2OTBFSlhnLXZjSTdWdm5PdzhOMVlyVmVvS0htN3AwVV9tNFJsT21FZzhWTHctUjR5NEtuYlJ6YUMxdWdoQzN0blY4X2c?oc=5
2026-09-09,その他,,量産・生産開始,⚪ 情報,25,TakeMe2Space collaborates with QOSMIC to build indigenous laser-based satellite data relay network - ET Manufacturing,"Tue, 30 Jun 2026 07:00:00 GMT",https://news.google.com/rss/articles/CBMijwJBVV95cUxOYlZRRHliNEd5Z2lRZ2pzNWZBeGxha2RTTl9fRUVfbF9SN3pESXNpUGRHYUdjRHRURi1xTnlEVFpNYzNwdWtRMnFPdDZzVDNXeHctZmVsaXhkX1BHLXJQMVBwamVJQVd3bm15Vklva2hxVEE4UjAzbk05YWxDcml1S09kUUF0WEVXRERSOEp5Y21VT2pQT1VBVTNpaE4tNkNnX2xUY3dIbGxwbDU3aC15VHlhMFpkVnZYejR1YURtVGhqclRyRmNEaDloVy16eDI1N09ucXlfUGRXZmlFdGxuYjI3eWUtOXlGci1jbDhxTWRHamtOOF9xYlg1OG5ENFEwUU56MUUydzM2VDZzZWxF0gGUAkFVX3lxTE1EM0lzR0hIOU9NeHZEQzktX05WQlFLS3hUXzZ1RDBXSmhSWkQ4WEstU2FDVUFBakYzVnVMZTNJZkJKVURiM29DblFkazJhOG5Id08tUVJOTkVLVGxDV0tIUENwd0FpQXJpZTF2d1ZfbGxwUnh3LU1nOWNxeXcycUhHOVFyQ2F4ZGtxOVg2OHJGc21HaUQtVXp0X29YMGNXc3JhcWJJNkhJa3JfVnQ0V0c4U0VLTDQzSmFXdWZSbEhacnh4WjRGUkFhU3pPbmV3YlhtbUVCd2JicTR4dlJGcEZ0QTNKdHJrSFVqenA1WW5QbTRpZHltWG94cDdBdFFWNFc3OUx0X2NPcjZiYTl2X0dHLVVzdw?oc=5
2026-09-09,AIデータセンター,,特許・技術,⚪ 情報,25,AI plus IP: Sophia Space and Caltech secure a patent for orbital data centers that use passive cooling - geekwire.com,"Wed, 29 Jul 2026 07:00:00 GMT",https://news.google.com/rss/articles/CBMiigFBVV95cUxQU3AxU0VBbmM0UVhyZ2VQdEdYdlhtX2FPcjYtNkNtamdMWWRld2NpX3pVWS1TZk1xdnBvZjhjWDBHbDhLYy1BVzlWVGxsVENmazAxaS1CekZLRmkxOXhzVHNkZjB1YjJvdHNURVVnbXdCZDVVTUZEUGtZdDlJVlZmSlprZDA2TDZqWUE?oc=5
2026-09-09,宇宙熱管理,I.S.T. Corporation,テーマ関連ニュース,⚪ 情報,25,"I.S.T. Corporation Introduces White TORMED®, a New Polyimide Film Platform for Spacecraft Thermal Control - PR Newswire","Wed, 26 Aug 2026 07:00:00 GMT",https://news.google.com/rss/articles/CBMi7AFBVV95cUxQYkxVYzNRYVdkVzNFTUlRbjVxSzJCUjltVGllNDRwUjNQZTd6TEJ3cDI0Z2hpcUhFT3Z2QWh0RFY3Nk5CcHFfbExRY2E0RmZxLXFUeHRBeHZLZ3liMkxobmYwMzRUa05kOFVpa3Z6d3Bmb09OSXNDRjlzREhkSXZwRl8ydklZOUt4RDd4RGxEMVRZTGNuTVotWFdqdWw2aUI3MmRycEI3SXVsQVJxWlhYdk1jdWstZWJHcUpTNHZ3eEJueXhsUG1ZUXJsNmZrS2dEYWJUN3VGekVtTVVOYV9pZkJoalNQNFlGNlJrUw?oc=5
2026-09-09,冷却・熱管理,Phantom Space Acquires Thermal Management Technologies,テーマ関連ニュース,⚪ 情報,25,Phantom Space Acquires Thermal Management Technologies - Payload Space,"Thu, 02 Apr 2026 13:02:31 GMT",https://news.google.com/rss/articles/CBMihwFBVV95cUxNSmJRbTRuUzcxRkdXdEctaWxEMTdmWnpETGh0TGJBTG5WeDZWb09lN29CcWg1cVhUcHBka0VDWVJ3cUxlaEE1RlNpTzlUUEhiNktHek5YM05aeXlrRHNQQkVuQXBOa1ZxVURqdVR6ZG9HYjVBYkFmaVpfN3Y2b1Y3MXc5cUsxM1k?oc=5
2026-09-09,宇宙太陽光・発電,,特許・技術,⚪ 情報,25,China hails latest breakthrough on space solar power technology - South China Morning Post,"Tue, 19 May 2026 07:00:00 GMT",https://news.google.com/rss/articles/CBMitwFBVV95cUxPb2hqYnRhNU9DTnFwdlg0U1FmZVZZZ2FnRnBqNnBBUXNaR2tiaTRLRVFDdXJYRUdpVjVReXhiS0Z5ak9LNXVVSGdzbmFOLUNfbFdJMG1fNnlzRGs0S0JoMjdTUDY2dzBHWW5MbGJMWGFLc0xISUFkems2LXZORU9fdHpIY2lrM29XNlF4SW9WOF81WnBkdWkxWWI1VUJ2bFdybHVrbUVYTFotTHpkWGxWeXVidTNPajjSAbcBQVVfeXFMUHJSM2F6R05NX1lwLW9qcTVETXlFYXFxZUpLUDNoUU9pWkNvSTdrRzBZNlFkYVhtUi01NUZ2bUsxeS0ta01QMGRQUWlwdklpU0d6NDFuRmU3NGhKNEZmQ25jOFRpYkpmaktDTVBMQTNrcWdHUXoyT0VKWXRkV25xWndXR2s2V2JwSXdOVEQxWGZRMWlDM1puUXRhdlhIZzlUQ2ttVDdkOFNlSlUyMHF4S1Y0Tk1rdUFB?oc=5
2026-09-09,AIデータセンター,,研究開発,⚪ 情報,22,Healey announces new regulations on data center development in Mass. - NBC Boston,"Tue, 08 Sep 2026 13:23:40 GMT",https://news.google.com/rss/articles/CBMiowFBVV95cUxNSmVxUDh4OEFDOW1IVFg5U0NyTGJBcHpvQzFad3I4Tk9IOUtTdEFRakhSRVhldUhvUU5ZSWgzeVNFeVNMXzNCaUJZQ242YV9FSTZiN1gtYmxXdTBwaE5Ka01jZHQtMVZaSkh3S0ZMQnhFMHItRy1KNGJ4eFlUREhueGVQRHVWOEhiYllvdkNhRklkOEo5Y3B4NWJaMmJVM1VEeFlB0gGrAUFVX3lxTE15T1NzVE1lSFFncWZET1ljTDQtdVJtejRsWE93WXNxNEcxcGZmcjlfRmp6UTV0Vm54MGZZcGllRkpPYi1TUHozclhhb2lHUzRzM0xGRXdCcllIVV9mbmxBNjlsZWpKVnluMGs3QmhIczBRMFBTUmFmcUltQ0h5elpPZVQxM2hRbWRocHVkc1hJS25ZT0JtTnFiSkpHX2NUWll0NW5mZXdVNTA5SQ?oc=5
2026-09-09,AIデータセンター,,研究開発,⚪ 情報,22,What we know about energy use at U.S. data centers amid the AI boom - Pew Research Center,"Fri, 24 Oct 2025 07:00:00 GMT",https://news.google.com/rss/articles/CBMiuAFBVV95cUxPb1lqZC1Wdnk4aEwzVVFZZ01DTmxycVRBWENTTUFpSGdZZ2NWYlFnWDdWVXBzbjhIZnJpZ1V6akc5YnVQY2pTVjFPSDQ1dUlLN3ZiVjhaM2dXTVplU29hWndlSU9SeTNGc2JqRVQ3b1lWUnJoVXdQRmR4dC1ITkNIdDg5TWpwVVJrc1lDZVJ4X2dRNzlqaWJOdGpodS1Va1pQeFRTRGhLZUJUQVhvUlBEbVFlM2gwSlRY?oc=5
2026-09-09,光通信,,研究開発,⚪ 情報,22,"Fujitsu Prototypes Diamond Quantum Computer Expandable via Optical Interconnects, Targeting 1,000 Logical Qubits by FY2035 - finance.biggo.com","Tue, 08 Sep 2026 10:25:00 GMT",https://news.google.com/rss/articles/CBMidkFVX3lxTE1aWmFacmUxNEkySDFIdmdQaTFoeGM4bk9FeWtHRDBQT25FTC1TMlRqZjA5R3lROGxGNnhOQzE5WjRYRFpEWU5mR0NoVlhvNGU0ZHo2ZlBkeXQ4VW1Nck9WeXdPM0V6VDZOYXNrYnBVQmUyckRaNVE?oc=5
2026-09-09,AIデータセンター,,研究開発,⚪ 情報,22,"Data Center Chillers Market Size & Share Report, 2026-2033 - Grand View Research","Wed, 09 Sep 2026 07:35:06 GMT",https://news.google.com/rss/articles/CBMijwFBVV95cUxPVk5wVDI5MlBLY3NmS2JiV09XWG5kWEY5dGt3M280R0psTXlsSlgtZXpsVTYxNDVTN1dqTkNaYlV6Q1htaTVhTTFmRURRUUNtMk1NdUdfTEJlNW9mdDJ2cWppSHl5aWk2T0kxeE9TdE9TRjZSSHR1Z3QyMi00YjlVd3FyT3RQMWtYSHpOT1ZrTQ?oc=5
2026-09-09,その他,,戦略的投資,⚪ 情報,22,Castrol ON: Investment Signals Data Centre Cooling's New Era - Data Centre Magazine,"Mon, 07 Sep 2026 13:51:45 GMT",https://news.google.com/rss/articles/CBMimgFBVV95cUxQQWZRZDBCaHhiYXB6SDB0cWFMblB1ZTBNM3dPaFJBZVYycXppZHhOTHNMMHlCbHFGcTh2Y1ozNDhneDRaSlJzVmpXN2c1QVUyS0VVM1pMc1hqaEVEeEJGTWZIQ0M5WEhqZGVFT19XQ0xuNGJUN2lGSlpGTkZtZW93MWNLU2hyRk1mSkVDOE8zd05qRUlISVZaUTh3?oc=5
2026-09-09,その他,,戦略的投資,⚪ 情報,22,Google Deepens Commitment to Finland with Two-Year €13 Billion investment in AI Infrastructure - Google Cloud Press Corner,"Wed, 09 Sep 2026 07:04:35 GMT",https://news.google.com/rss/articles/CBMi3wFBVV95cUxORUh0cVRJb2JtWWxYWUV3NF9CSFZweVdNNzFVeWRuV0MyX0xkaE51RkF6VXFjWXg4WWRWYmtWenpkQTZTVmdkbUZkWk5fUWpBOEdYVEZyS2Z0SnI3Rnl2SHRmUTBDLTBmeHhxTzUwb2R5OXg4aTRUd21QdWd2NFpuNTZDaHNoVTdRbjNZaHBPajlmNWhtUDZxTXJkQmF6WGFRWGN1VHFXckRFSlhaYmZKamdSMmtUT1J0VmU2ZzY1cnRpb1ZYWHFOQVhseFMzRjFBUWJLSXc0QVZnZ2QzN21j?oc=5
2026-09-09,AIデータセンター,,研究開発,⚪ 情報,22,The rules of data center development are evolving. Is your strategy? - Utility Dive,"Mon, 31 Aug 2026 07:00:00 GMT",https://news.google.com/rss/articles/CBMirwFBVV95cUxPS01SRmg3SzhUN3dLc3R5N09pWjdkckFaYVhSM0t5bXZOanVzajhRMUVUbVJmcm9jYmF2bVRIMERiZ3hpOTNjZzhGc19oMGhaWUNwOXFPWnlMSVNUTG1XVEpUQ3R1RXFnNnBYM2VLbGRES3RLYzZkdlhydEZ4TUhfYzBMMnVYWU1uWkpoNnA0YkJRU2UtdEtFcFVEZnltMTgyVmRvT2tRTjgzZXFvaHN3?oc=5
2026-09-09,半導体,,研究開発,⚪ 情報,22,Global DRAM and HBM Market Share: Quarterly - Counterpoint Research,"Tue, 01 Sep 2026 07:00:00 GMT",https://news.google.com/rss/articles/CBMigwFBVV95cUxNYlIzVHpBVzJfYjhXUWxYSUg3VmFvTDF5Q3k3OWVzeXVpRHZVdU14OHFOZGVkRDNTTXhvMGN0OVllR3FNd19rVlRTTXp1U0NHSFd5RVFmc29UZk1vR2VmT2pINWZLcGxNTU8yYnBMWHZYUFZlTFI3R3o3T3RjMzQzN3FWNA?oc=5
2026-09-09,半導体,,研究開発,⚪ 情報,22,Belgian-Chinese semiconductor researcher arrested over alleged GaN trade-secret theft — prosecutors suspect BelGaN insiders transferred chip IP to China before the company collapsed - Tom's Hardware,"Tue, 08 Sep 2026 09:50:00 GMT",https://news.google.com/rss/articles/CBMi2AJBVV95cUxNZnpGa3dmcjJneFZFeTdadlVvc3JOVkw0WUtpbWYyVE1DQUxxWlZpOWg0dVJadTFZczA3T3Qtbzhva3BfUFBYN2ZRRVlnVTdPSHFvRUJ1bU9qUVhlNnM0LTBLYnRVWFRtQVZxbjZDNVoxaU5PZnZNQ1U2Nk5xbW41OHpkaEhaVXZ1bmxvbERBdHJ1dVBIT3VnSzVzbTU2SFc2UlpYam50dmNMSkNFRS1DdWw1VUsteWlPYV85eG9la3UwVlA1V25vNHpEeWo3aHN0a2QtaWtYM3Jyb3NUazVoeWRJVV9aOU9IZnRENU4ySGhtc19TVlhWaFdFaVhSTE04VDJwVkt1RUpuby1TUU9YWHRNcC01dEdnU1ZxQUJfV0JJQ0hnZjF6dWJSclFyelR5MGNwZzRCTjg0T2lyU2RHczZMZ25XOGRxbHJKWlZNNklCV2tZRl85bw?oc=5
2026-09-09,半導体,,研究開発,⚪ 情報,22,Suporting the Electric Vehicle Revolution: Next-Generation SiC Semiconductor Chip Development - denso.com,"Tue, 31 Mar 2026 07:00:00 GMT",https://news.google.com/rss/articles/CBMihwFBVV95cUxQa0stQ0lvbXZ4YWhnenlfVXp6dGlpcHNuM3lybWswS3ZxeVljR2ZWQUt0TFlBcUx4T1hPUFZXZk5DRnhUSnlHck9HbEZuVnFoM0JjSkZEZklzMjdPdzdIajV4VThWLXJJVE5pMjVJSzhuMk5rM3VSTUx5OFNXN0ZtSGw3MlBaQmM?oc=5
2026-09-09,宇宙,,研究開発,⚪ 情報,22,Research on thermal control technology for ultra-high-speed inter-satellite laser communication terminal - Nature,"Tue, 28 Apr 2026 07:00:00 GMT",https://news.google.com/rss/articles/CBMiX0FVX3lxTE93b21OWlRMTFg2LU5UXzBONG55bEVOT1RtdEpsY0ltNEtnX2NfemVoamlSc3JBZmh5R1lfZ3V6aU91bDZ6TFJubnNaT2ZkcTZRZXl6QVBGVVF3OGtOamxv?oc=5
2026-09-09,その他,,戦略的投資,⚪ 情報,22,DOE & DOD New and Large Investments in Space-Based Solar Signal a New Energy Era - Newswire.com,"Wed, 09 Sep 2026 10:00:00 GMT",https://news.google.com/rss/articles/CBMirAFBVV95cUxPRmRVajRxX3NydlFRWUtmVkZUbzlVaUR4YWFjSnB0M202c01YZHBtVXhqQzkyUzVINGZWTEMtS0JmdVM1MlJCSW9BSEk3dy1pTGFnR3lkNllJR19WTVdIMWVBcjI3TzlLbHhpd3NPZHJBbFV6c2RSNGQxQ01pVUNLSnFPMUpJYkxaazZvWEo3dzUwSjRIdnc0X05FTEZSWkZiTTRCbjVKV3o0OWZq?oc=5
2026-09-09,宇宙太陽光・発電,,研究開発,⚪ 情報,22,DOE Launches Next-Generation Space Solar Panel R&D Initiative - Aviation Week,"Tue, 01 Sep 2026 20:50:04 GMT",https://news.google.com/rss/articles/CBMipAFBVV95cUxQMWFxSWtJaThjbFdSUy1KTlhPdzZhYXhqTVdYd1dONXYtUVREOG91ZlFFcEQ1TS1ubndqTUl3NHFDQ01pRWZacW1QQjN1MG1RR0VzbFhCTEFkN1lGd040Q3BBZTFXREZwdFFVVmR1bHBSdXhUU0QxdUJRY0F1X29WdTlJb21Ba3NXdXR4cjJaT2x3Y2hFM0xzdHNrejF2eTJ1d1hiYg?oc=5
2026-09-09,その他,,政府支援,⚪ 情報,20,VisionSpace lands €300K grant to build its own satellite computer - Dealroom,"Thu, 03 Sep 2026 03:42:27 GMT",https://news.google.com/rss/articles/CBMinwFBVV95cUxPQjl4X0NiWWo5VnZyNDl5OTVVYVEtR0NCS28tZElLVktRUHJ3ZGpOOG5HS19fYnNGSEpOWWlwSS1rUEdvYWV2c25lWUNMQk51QTVBbEJwSFRIRXlrSjlPLUNMeDVRZlFlbVpFSTR6aXE0RDBYVTUtZmMtSnI1Mmg2ZG5DUVVyYWdxaU84cy13X1VtNHdTd0hXSkFta2FmbzQ?oc=5
2026-09-09,その他,Bloom Energy Has Limited,テーマ関連ニュース,⚪ 情報,15,Prediction: Bloom Energy Has Limited Upside Despite 223% Year-to-Date Surge - 24/7 Wall St.,"Wed, 09 Sep 2026 17:00:00 GMT",https://news.google.com/rss/articles/CBMixgFBVV95cUxQRDVRd3dDWDJ6OFI0ZzVVNDRMYzF5NlRwVU1vMENVeUdWX0R2by14U1dWN0JLY3NoeVBSemU2ZG5wWmhtRHQ1Y1JPUkFfdDJTVkNnbWEtbEdHb1lnWm15VzNTT2VUZW1laDRWeWZYcE9ic2lZNktDcjBvYmF6cDYtbUVtM3VBbVVoby1hVVZ1ckZXTjJNUHVpU195Z09zekNwdTZRTXIyc1l1X2xXVm1ubEp3MDhpdVpydlU3Q3FUaFYzVkNHa0E?oc=5
2026-09-09,その他,Amkor Technology,テーマ関連ニュース,⚪ 情報,15,Amkor Technology Expands Arizona Semiconductor Campus to $12 Billion With Phase 2 - Construction Review,"Wed, 09 Sep 2026 11:33:30 GMT",https://news.google.com/rss/articles/CBMiugFBVV95cUxQVlU5Ti1ncEpHMm5hc2p3TDMyZnZvY3J0RUU4STB3VjlUYWZneGp0eDQ4dERWNGd3STdybTA2NHlvRkNfRDZCZDF4ZUpJVERiLUxDTndPaXlmdG9GWGtRYXpwMnNRMTBqVUxSc3Z6ZUM1NC13OTJmR3BVQzRvWmtSdFk2WDI5ZUJVaFNBZlNBcTVkUlltRFNwNTdqeHZzNmkxcjhzT1MtYnBSWlI3QVFoaFZGbDhpSE5VZWc?oc=5
2026-09-09,その他,Intel and Lens Technology,テーマ関連ニュース,⚪ 情報,15,Intel and Lens Technology Collaborate to Enable Advanced Semiconductor Packaging for the AI Era - intel.com,"Fri, 24 Jul 2026 07:00:00 GMT",https://news.google.com/rss/articles/CBMi9wFBVV95cUxPS2Z6OWNQQzB2cEROR3ozc1V1YWhBTGI4N2FMZHNmNFd5ODdpUGJMcVg0QlNDOVpUYWF5dFMyS202c3hVNTFqdVV1anBweXp2Sld0c21JOUVqcGFUQWlZQTFkMlRZeEpoV2kzSnZJVGdXMFZKVTRNc3Frb291V1BnTC1MdkE1ZHlPUTQ0NV9CWFo4cEJNQTBBSkFLYTFma25naHVHeG5KUjk2amRBQmxsTjBQWjZtcGc5QlRCcFh2LXdKZWNKal95Y2VfaU55REFSalNhUTluMXhHckFFVnU2Y1QwVVRHLUg1UVdDTS1sVVZTSmo5RTNF?oc=5
2026-09-09,その他,Porsche introduces Gallium Nitride Technology,テーマ関連ニュース,⚪ 情報,15,From lab to listening experience: Porsche introduces Gallium Nitride Technology for high-end audio - Porsche Newsroom,"Fri, 21 Aug 2026 07:00:00 GMT",https://news.google.com/rss/articles/CBMiqwFBVV95cUxOQk1qcTkzU1lGYU1ZYThDQTRHdlFfeFFsckkxUjg1RkdvSVNYQjA1OXZwMUN6RnRwY0cxZ2RzdEdYcE5rQWt4UWc1YWxWNWVwemhuWkZKajFrRUoxVkU4d3NWN2l4T25tR3pqU2RKZ2d6bTZOdHRQckRwVGpfTmNTNkNERExFM01TcF9GODZSSm1HNlBaU3Y0Y2lnTVlVR21OQk1DX2lEdjExN28?oc=5
2026-09-09,その他,,特許・技術,⚪ 情報,15,"MBRYONICS, ANNOUNCES OPTICAL COMMUNICATIONS BREAKTHROUGH FOR SPACE - PR Newswire","Tue, 09 Jun 2026 07:00:00 GMT",https://news.google.com/rss/articles/CBMivgFBVV95cUxNYmxPdlh1V0lxbjBPVVNxLUU0Z1V0R2F1NE9BS3c0SmVJVE5SWGk1NEVlb3dkdXp2Z1JzYmE5cV9QVVptRWUtOFB3aFlYeHZSTWlkQ25SY3BkLWtpM3o3Rkp0V2FMX09CdXZqMVZvRW9waFUxeUh2QU81R2hzbm9YNVFRSXMzelliUjhhNkphV1VQaFFKUDcwVjhvRjU0cVd2TXhBWFNyRXFIMjBQQlFiMm5FVU52SDVlNEJ0TFNB?oc=5
2026-09-09,その他,Optical Inter-Satellite Link Systems,テーマ関連ニュース,⚪ 情報,15,"Optical Inter-Satellite Link Systems Market Size, Analysis Report 2035 - Global Market Insights Inc.","Sat, 30 May 2026 22:53:45 GMT",https://news.google.com/rss/articles/CBMimAFBVV95cUxPMFc4NDhlSEhoeUhCWk81d1dVYXVoZXVrcUljNnJHUTEyZU45ZzQtSllVUEdSZjM0X1JINGpoLVd0UFJBMlRvWlY0LWtjRF81cDRWNlA1RkdtYVhqa1lHZmRjTHkzb21acjh3Sk5nWjNHSVVlNWlOeERWdFJwWEUwN1JycDFiVE5pQjdVZVZRem42THRHTG1ZMA?oc=5
2026-09-09,その他,Advanced Cooling Technologies,テーマ関連ニュース,⚪ 情報,15,Advanced Cooling Technologies Acquires Canyon Composites to Improve Thermal Control Offering - Via Satellite,"Wed, 01 Oct 2025 07:00:00 GMT",https://news.google.com/rss/articles/CBMi-gFBVV95cUxNYnJ4VlNXYWs2c0ZEeExHcV9xZW80cVBzS296RHZBdGdsYTZVZXpwTDlnanl4d2xKcUo4aXpKU0UyWTB1aGEzQjhGN1JUZWNpWVlDM2lRT3hJZUZDR2ZwYzRoTHNUcE1qNUwxWXBLNnFySTVUT1I0MkZsdjItVzRObXhvbzQxMnh2Wll5RjlBaXpsVWkxUW9NN2RJRmthN2NKa3c1SzNvVm8zSEpLRXVtQkZrNEp0S3JCOExDNnNPYWlzR3ZTSFB1RlBoRTYtMVJxd1pzWEd3ZV9wY0gwNHNVbjNvelVxUWNwQk1ZZTdBNGRfNV93NjI2ZXdB?oc=5
2026-09-09,その他,Materials in Space - Mobility Engineering Technology,テーマ関連ニュース,⚪ 情報,15,Characterizing the Performance of Variable Emissivity Materials in Space - Mobility Engineering Technology,"Wed, 04 Dec 2024 08:00:00 GMT",https://news.google.com/rss/articles/CBMi3AFBVV95cUxNazVRRERUZFViTzR1aEYzU2dabDJyVkpJQ1R0dmVQZXJmTHRuUTY1SWhUSzVGZGQyLXRpOWZ2Rnc5YWd2ZGZVTjQweDNwWk9tVkRHazM3eVJDclVrRjV2TTRwNWRBbzhGdHhuVFN1Vy1tZUVlNEhvQmNydzNDN1VnWUlCUXJCUWRkLWhvR0k2eTgwVVRKeE1qSk9HUTRDa1ZwMkVOQWpZbnRndVVSQ3JrTHlObnAtSjRCV3pjRmZWLUNGelpLUXBLcGZoMjcxMUo0TkpMWWV3S1gxSmxu?oc=5
2026-09-09,その他,Aerospace Heat Management Systems,テーマ関連ニュース,⚪ 情報,15,The Role of Nanomaterials in Aerospace Heat Management Systems - AZoNano,"Fri, 24 Jan 2025 08:00:00 GMT",https://news.google.com/rss/articles/CBMiYEFVX3lxTE1ZU3V5bzI4ZktMejV2ZEZVNUxTekFSX1RGUkI3TlNzU3dsbWJrQmc0RWdySllLM2pZSldxZllpRHJGbEZZYS1BcG5VNHg1WU4yQXJfX1lPR21WVU1QS1Q2Zg?oc=5
2026-09-09,その他,Orbit - Mobility Engineering Technology,テーマ関連ニュース,⚪ 情報,15,Edge Computing Advances Enable Smarter Spacecraft and Satellites in Orbit - Mobility Engineering Technology,"Mon, 08 Jun 2026 07:00:00 GMT",https://news.google.com/rss/articles/CBMi3gFBVV95cUxPaHBkOTVFaVlZcWdVUWxDbEZ3WHlEeVVrU3hPMWtvdHpiUlMzZnUtcFhvU2NPQno2VDBJRXZJeWdwRUFpWjFuWVpzRE9XcWxpVFkyczFUUTdoNU84WnpzMDN3Tk92UHh4WWhsLU5XUkhlVTV4b1JIMzRLenRUc2lhQWh5aU1WOW5pcmtDMkZQTHpCV3NRWFotaXdCakhkODFxZkNnV2xFZFV2YkJEQ2wxbVRaZHZsXzFTOTV3NDgwRm05X1gzYThkd3Z4ZnoweGNpMVFkUWRxcEFFZ2xLdlE?oc=5
2026-09-09,その他,Australian Broadcasting Corporation,テーマ関連ニュース,⚪ 情報,15,The engineer trying to stop NASA's Artemis II launch going around the Moon - ABC News & Headlines – Australian Broadcasting Corporation,"Tue, 17 Feb 2026 08:00:00 GMT",https://news.google.com/rss/articles/CBMipwFBVV95cUxNNFpJMGpIMXBEUExzMS11RVRndkx0U0dEeXNxSjVsamVucTJRSTdTMHZfZE1FYmZRSHZWUTUwZklHLUREQU93bHJjblFabFJnVUdsV3BUUkVieVhRUmhKb0IwbGhYZHlQTDVLZUJ0ckQ0b0RKZ0R0SDAyZHNPamQ2UmRRX3YtNmhQS2VReGc0UHdyUzZsX3B3Z1VGSnV1ZFRycFdEVVdnSQ?oc=5
2026-09-09,その他,Perovskite solar panel startup Verde Technologies,テーマ関連ニュース,⚪ 情報,15,Perovskite solar panel startup Verde Technologies shifts focus to space - SpaceNews,"Thu, 02 Jul 2026 07:00:00 GMT",https://news.google.com/rss/articles/CBMimgFBVV95cUxOdThzNUpXNTdrZk5xbkYtSDMwVG5BMDZHLWFVdkMxdm1mX0NJUFJqNUtJYXo2d2dTcnJ6NzdRV1poZmREZ2t4ZlQyc3dpYVh4WFVwLTJsbUVET0ZKWGQ2d0tVRTdDS0J5LXozNGpOcTBkdmJHVXkxRmF4NEtOV0hkblhoNnJYd0hWUVFrRENxTGVONDJGNjFDbDZR?oc=5
2026-09-09,その他,,研究開発,⚪ 情報,12,Samsung Opens Advanced Semiconductor Packaging R&D Center in Yok - GuruFocus,"Tue, 08 Sep 2026 10:04:00 GMT",https://news.google.com/rss/articles/CBMiqwFBVV95cUxOQ180OUFjOWJQVi1XeDNKZy03VlV1QXJUYWJzMGFLZXJKT2tXdkkzV3c1M0JKVVg5WG9uekpCOHQwLVVZRzFJV2lmaExiUXI0NkRUUElhQnZydFVVal9GUmEwMVgwUWxMU3dNMWdFeWVaZm12cEUxcWF3WTExNUdLOHRicXlGajh6Nm9XY2NGend1WXdRSlhLcFJDLURDWEtKZTJOemx2XzBrdEE?oc=5
2026-09-09,その他,,研究開発,⚪ 情報,12,Researchers create polar wurtzite nitride semiconductor NbAlN - EurekAlert!,"Mon, 07 Sep 2026 11:13:03 GMT",https://news.google.com/rss/articles/CBMiXEFVX3lxTE9RT0w2cnlLNWw0RFFHb3BsdkdERHV3cnlHaUgtcjdWaDNxdV9lVGwzdTB2WnZEMjhhS3l3NmRpWVNETnRfZnpDYzhlbHgyRzU0emFuOEdNWUhlUEJH?oc=5
2026-09-09,その他,,研究開発,⚪ 情報,12,Researchers Create Polar Wurtzite Nitride Semiconductor NbAlN - Eurasia Review,"Mon, 07 Sep 2026 20:19:27 GMT",https://news.google.com/rss/articles/CBMiowFBVV95cUxPQXVkeFhpaUg2dWZCZzBoNzlvYXJwXzY2UmhCNS1tcWh6Q180RFNHdlRzUnEtaThJMGlFREItSzYwblJqOTVGN2o4aWdfaVFIajMzX093QzF4QTNld0paVmpBQUFqVXJ3NlhyelJLUjF6TUNURHhaaGZyUXpSblFyN0hmWTVGZlBDSUtTb0RBcThsVktmMWtraGVfRDdBZUZYcjBB?oc=5
2026-09-09,その他,,研究開発,⚪ 情報,12,Belgium holds researcher over suspected transfer of chip technology to China - EU Today,"Tue, 08 Sep 2026 09:39:46 GMT",https://news.google.com/rss/articles/CBMiZ0FVX3lxTE5KQmcxekR4cE0yUHJESVJtVE9oRDdmamZZTEVTMzNkb29ZVVhhZU9abmVHSGk5TFM2WTRNTlNTVUtoQ2dfcWp2ZHItNWgweFZpX3Y4Q2lMajZwQjRnWmpsX044UWhwZmc?oc=5
2026-09-09,その他,,研究開発,⚪ 情報,12,TXST researchers help solve a persistent problem in next-generation semiconductors : Newsroom - Texas State University,"Fri, 10 Jul 2026 07:00:00 GMT",https://news.google.com/rss/articles/CBMijwFBVV95cUxQRncxLW9vXzUzaFQ4eGIyUHJIZWFMRnVITnFpRmpYZ1lySjZieTJHLXF4QmRyNF9pbXVkckxTb1h4eUc2dl9UV25PMGw5NnhOckhtR2tkc19nM0lSQnkyRWRtN1duZEszenEydW1HY3VlOWtBWDZ4SlI2MlZOaHJqTWVGUmFnNnE3RjJ6RnNsZw?oc=5
2026-09-09,その他,,研究開発,⚪ 情報,12,"Exploring a space-based, scalable AI infrastructure system design - Google Research","Tue, 04 Nov 2025 08:00:00 GMT",https://news.google.com/rss/articles/CBMimgFBVV95cUxNME1JUnFDODB3UktzYm1MMHpwb193anRMdUpfTFlTdFRyMEtaZ0hoUWNHWldlbzdDQ3V1aEJLbkdCZkRsOTFSQi1XalltV3VFdkZRZ29uV20xWWNEcGdVRlg0ZnhRQU45dktEZ3o2bXh1RnBpU2FwV1pLTmo1VXA0R21XLWwwUWxXcDZFT216TF9kQmplNWRRTDdB?oc=5
2026-09-09,その他,,研究開発,⚪ 情報,12,EDGX launches first in-orbit demonstration of its AI computing system on SpaceX Transporter-16 - Satellite Evolution,"Thu, 09 Apr 2026 07:00:00 GMT",https://news.google.com/rss/articles/CBMizwFBVV95cUxNU2FpRnItTkJkUWV0YTJnNXI2c2QyampQQTN6QjZTTzhfcGJIWnd4N3FQdkdITG0yWUNlNExuSi1BWHVvQVIyMVZObkJqTHZhMmxiSWpIWXdGUXZLUHIwb00xZ2w2Z1pqTFBHUFFtWHFtLUNHWlZZTUo4b2k4ZmdRZXZJZmxlU0F6WVlNeFRsOWVmSlpDWFVDYkNSNVZFbWNCUjNPSmUzQktfeXQwWU1vdDVQTlRabzJ6OGhrNHhxd0R1RlVJY2VkWmtDbEhBbXM?oc=5
2026-09-09,その他,,研究開発,⚪ 情報,12,"36Kr Exclusive: Ruilai Thermal Control – 3 Years In Orbit, Full-Stack Independent R&D Aerospace-Grade Thermal Control Solution Provider Secures Tens of Millions Yuan in Series A+ Financing - 36 Kr","Mon, 24 Aug 2026 11:14:23 GMT",https://news.google.com/rss/articles/CBMiU0FVX3lxTE80MW9TNkc4bjh0UzNFc2FXQnJkcmZpQ1lFVG4xTFRSeHNuUmJVdnFIRXA5ZmFnU2tjTlZlN3BsYzBYM0NaRHBxZVQ3eFAtdzNpajFV?oc=5
2026-09-09,その他,,研究開発,⚪ 情報,12,"The most powerful electric thruster currently operating on a NASA spacecraft draws about 4.5 kilowatts as it pushes Psyche toward a metal-rich asteroid. In February 2026, JPL fired a different lithium-fed prototype at 120 kilowatts—more than 25 times the input - Space Daily","Sat, 29 Aug 2026 07:00:00 GMT",https://news.google.com/rss/articles/CBMieEFVX3lxTE1FUk0zUk9zbExXZUYxb1BlMFVJTkhXTjQ1cHBxMnZzWHRRMWVBSXJuSTZHWnJCSzhvX2VoekZpQ2pmZzd6WVFWeDM1ODRTdEhFSjVGQ2ExaVBTR2J2WnpMVUpzenNYYldlVnQ0RlV5dkFfcHpPYUdyaQ?oc=5
2026-09-09,その他,,研究開発,⚪ 情報,12,"A protein that makes jellyfish glow was repurposed by researchers in Sweden as the light-harvesting material in a tiny solar cell — when exposed to UV light, it generated an electrical current - Space Daily","Wed, 09 Sep 2026 10:45:22 GMT",https://news.google.com/rss/articles/CBMiuwJBVV95cUxPOGhIai1KLWdNUkJOVHhZOGdxZXpHam5fejkwMnBmdTFpX0tmbks5LW5zMXY0aDJudWRoazRMckhGam9yaHdQU3p4cWtjd3Z6TS1HU3g1UGpxRTNLWm5GaHlmMUk2NFQzQ01GWjFRVjJFQVB3YlZ6RzlRMXlwTDBKTHd0SjUxdjlBRXNPVi0yOFEwT29JTDVVWjFHRUZvMjl0ejdodElzVDcycHF6WjV4bnZxSW9ybDhWWnQzWVNvbjVwODZYTGRQbnVnRDMzekhfNjFXc25ZTmZVY0NKd2hTQmtfMmRQem1SNGlCUFItc19LR0t4N2ZMbmkyd2xWVGdNSi1nOUY3R1VOb2p2OG9TV2d6Tmdkejc3Tm9Od0lIa0RYb3pYRW1Wa3F0LXphSTFvWDFRTDhYVi0xd2s?oc=5
2026-09-09,AIデータセンター,,テーマ関連ニュース,⚪ 情報,10,States That Gave Data Centers Billions in Tax Breaks Are Now Ripping Up the Deals - WSJ,"Wed, 09 Sep 2026 14:42:00 GMT",https://news.google.com/rss/articles/CBMixAFBVV95cUxOVWpXNzRLdWRISWlLckd4QkZoUWJXdXZ2WFMwM0ItRkZTaTBWbGR0Sy1BU2VFcmlwcGZhczJ6U3dxcFdpZFQ5bzVfVmYwbjFIWjFIUlV6VlhtQU9PcnVoOWw0T3duZlNBbGpEakZZcklMdDQ5U2g2VURXcGFNVXVMOUNIOUt2UTdYOGRxNXp4a1lxVTF3c1ZING1iRDBYQlNpNmh6RXZ1bzdQV0pZMmRFRzBjZmM4NXdxQkZNdnIybjRYQ19v?oc=5
2026-09-09,AIデータセンター,,テーマ関連ニュース,⚪ 情報,10,"AI data centers won't create as many UK jobs as the tech sector projects, think tank warns - CNBC","Wed, 09 Sep 2026 12:26:40 GMT",https://news.google.com/rss/articles/CBMie0FVX3lxTE1VTTZSeEh0NU5UNXE5RElRbUlyZ3pMTW44Z3JuUmxzajM0dzNYMDNSQW5aWEE3UFBjTVg0Z2JFZDlLOG16VmVWRi1ocTUxbEdYYWdXU2FGSVBkOXlPblVYTlJlUVdrUl9zU1c3a0ZZeS14aENGUG9ZbU13c9IBgAFBVV95cUxOSTJWLVdCcjlFdHBzNGdwcF9lNXFFM3RSMFZCa0hCbFc0WTFXeHJORkttTUJndWxVSFgyZnh0QzN1b3BCcFR6VzQtNHhqaUdiRWpZYVJmUk13dTdiU2hnQkNXUXkwV250Ni11OTR1ZExJQU9vM2tqT3FjMEFyeFF0TQ?oc=5
2026-09-09,AIデータセンター,,テーマ関連ニュース,⚪ 情報,10,Data center backlash is everywhere. The biggest pro-AI group is getting ready to fight back. - NBC News,"Wed, 09 Sep 2026 09:00:40 GMT",https://news.google.com/rss/articles/CBMixAFBVV95cUxOTkxtV08yRVJJR3V2NzZUWHFvOFd6bExjXzVNOVVxYjZwZFZrTjM0TEFxb2VEZWlnekFtc0ZPanpTNnlnbkpJcHNSTG4wMDlOR2x6cUMyNnlfMTVDQWM3LWQzelFGenptNXFoeTJxM19OYUpZWW9yVkM4eW9iRFF1VTJnUnRFd05jMnc5SGEyRU5NRXBGSTBmX3FOcUh0RHlFZ1NEemdEcGlJRUlyZ2NueVk3RFdlMWhlT0xEWVBrbk1PUlZZ?oc=5
2026-09-09,AIデータセンター,,テーマ関連ニュース,⚪ 情報,10,Socialists Can Lead in the Fight Against AI Data Centers - Jacobin,"Wed, 09 Sep 2026 13:52:04 GMT",https://news.google.com/rss/articles/CBMidkFVX3lxTE9ic05QNkthMmNTRHoyeXZsd0RTRXdHbGs0aVF0RDBNd3JiRE9XeFFJcVZadUFNR0NpaTQ0Mm9TTEx6aVo1cVQ4ZnRzVzI3TGJiSDRFa3J5QjNxX0pwaWQxYjk1enpwQUx1a2VKWUd5SDFkMnVUMXc?oc=5
2026-09-09,AIデータセンター,,テーマ関連ニュース,⚪ 情報,10,"Big Tech eyes glacier-strewn Patagonia for building mega AI data centers — region offers 17,300 glaciers, coldness, and cheap energy, but fiber lines are scarce - Tom's Hardware","Wed, 09 Sep 2026 10:00:00 GMT",https://news.google.com/rss/articles/CBMirAJBVV95cUxNRUFoLTRmUm9RU0lDeUFDQ1p6d2VNU0U1Q0YtQklsZ2c0VE9iZ1lIaTBLZE9xdk5WdFV5THJUT2YzQjNFd1VuSGVrY1RKZnhmbzVkSEsxNFIxaGZIcUhmXzZIWXQtVGR1cGpqdjFEUEdNSzZzZXBFVnp3X2ZSV2szOTJiQk9feUI3d0lxajFGS0JDaTY1QWpsbWVzNmcxaExJYkZvZDdCRnl1V21OWjRJalo0Yzhhc21uaGxNSlNmUFBSNld3d1R1QzkxQWJadUFOVjhadGRhVnlGaTZYVXYwRTJ5djdGcU1YQXhzTXJHOG9PRTVZYS0yMlZEMDJXWkJrNDVWcGxzRjBaMnQ3ak5FdTFvVmJGM3psbmlJQnl5eTF4QUJxcUN6RnZMTDg?oc=5
2026-09-09,AIデータセンター,,テーマ関連ニュース,⚪ 情報,10,OpenAI Taps Firmus for Two Malaysia AI Data Centers as APAC Compute Race Accelerates - TechRepublic,"Wed, 09 Sep 2026 14:06:48 GMT",https://news.google.com/rss/articles/CBMiiwFBVV95cUxQX29mZlpTaWFyNUNUWnY4aXprUVQ1Z3NaXzc1TzhIdGNmVXA1bU9teFZYdlZOM0lRd21YUlhiZVVBd1poNnNURE02Ym51c1VfRVZyYjg5WUtGSGZjLXUyM0JJcEtYbFJlT2lJUUo1UFNlTlFrVm45Z0tIa091ZmgtbWpmTHpBcGZyaW5r?oc=5
2026-09-09,AIデータセンター,,テーマ関連ニュース,⚪ 情報,10,Hawaii County proposal to ban AI data centers deferred until October - Honolulu Star-Advertiser,"Wed, 09 Sep 2026 10:08:52 GMT",https://news.google.com/rss/articles/CBMiwAFBVV95cUxObjItOVZaekxPM3dieHczMm5hZXlBaFBDWUlOeUdaR19BdE5GVTNhWHRKYURQSEZWX2RRZXZuaDhoWTgwRWZ4Y3NxRUpCR2pBNFd5M2FORkFEcmk3TXRDTjhfY0R1SXZqTFJ4VVdXYjgzdmp1SDU3SFJpWVJiYzVQbGhNbmEyajRzOV90TTlIMmViUDRrdThTcXNUZHFFaDN3Y3I2MHRsMGZTd0NFWkhrS3FfWDRheEVacC1YTFNBTzc?oc=5
2026-09-09,AIデータセンター,,テーマ関連ニュース,⚪ 情報,10,Panmnesia and Meta Outline CXL Fabric Spanning Entire AI Data Centers - HPCwire,"Wed, 09 Sep 2026 15:43:36 GMT",https://news.google.com/rss/articles/CBMiqwFBVV95cUxNcUJmdXN0MWZBV3F6QjBQWnRjT0FIekJhZUZncFFkOExlX2V6SnRCYnFVOUhOb3B1M1ZKX2NBTzM2czVNOGd3eVNXVTlpTjRzZTF5TlZRdmRLSnFKb0V4QTgxcTNnWVd3Y3dtVk5jd1ZmZ2g0czNNR184VXNoTFRBcUFobGZKOTUxWkVOYXdoU2xieVJBLV8tY1E0UEZVREJiYzlaVFFoSDFIb0k?oc=5
2026-09-09,AIデータセンター,,テーマ関連ニュース,⚪ 情報,10,Qualcomm: The Market Is Underestimating Its AI Data Center Opportunity (NASDAQ:QCOM) - Seeking Alpha,"Wed, 09 Sep 2026 04:54:16 GMT",https://news.google.com/rss/articles/CBMiqgFBVV95cUxOcWpVanl3WHc1b1Z0RzBjdU1SM09ZU3FBbGlvVVQ0WjRnMWRtczVTMEhFcS1wVW5yNjFTTEpMdVFYbkNRRXBqeW85S2xuQ1hPUTYxTmFsWmtMdXVhVmxTdkVEaVc5WVdZWlo0cEVfRUs5ODh3RnV1QTh2UllaNXB1cE9XR2hkeWpFOGtEUXFUaFZjczAzbGxGdV8xM2pES001M0gzNUJBYW5zUQ?oc=5
2026-09-09,AIデータセンター,,テーマ関連ニュース,⚪ 情報,10,Penguin Solutions Tackles AI Data Center Power Challenge - Investor's Business Daily,"Wed, 09 Sep 2026 20:40:00 GMT",https://news.google.com/rss/articles/CBMioAFBVV95cUxPeXJvSDQtWURvT29oN25iRUdoMTJoT3FwdzktdERFMnBlbTFtMUkyaFRMTjJxU29OYXpKY0JVbHFlSWlvenZsX081SUp4cVpPZFVZQzkyQlNzZG5YRDhOOHdxdkJ4SEZlU2d1VnczQmJhT1FnejhySE5YbFlqSC1QWlZES3p1bFNNai1tSHVxRGNzaFMtUkpHYnIyQ21oaVdK?oc=5
2026-09-09,AIデータセンター,,テーマ関連ニュース,⚪ 情報,10,Hawaii County Defers AI Data Center Ban Until October - GovTech,"Wed, 09 Sep 2026 21:29:24 GMT",https://news.google.com/rss/articles/CBMiowFBVV95cUxNeVpVWWQ5ZDJuQTZnZUF0bm9fMFJtdjFHdXVfcERWR2FwVWdWLWFHYUdFaDlfVUQ3c2QwRWljRV9JZkxNM2p2RUtsTi1ZdURhaW42Sll4eE1MSWVTRVRLZVpONFlicFRvUDIycEc2M19MUmx6MFZaZ1c0bHA4WEZldXRJQ0k0cGhfdV9TV1BjeG9NM1BNZDhCYnM2b3I0VF9QTmk4?oc=5
2026-09-09,AIデータセンター,,テーマ関連ニュース,⚪ 情報,10,Opinion | The Data Center Conundrum - The New York Times,"Wed, 09 Sep 2026 21:00:05 GMT",https://news.google.com/rss/articles/CBMifkFVX3lxTE5iQ0RiNE9BeFFvSXRpVzd4SnBVVFJicEcxUUlxMmhKYU9EYzdZSHNHbzJNMV9Kc2lDV2dNWUk0ZWtvLWl4VkJfRVFGU19fOW0wMzg5ZnRVZFVUekt1TGg1VENjWDA1S1JYLWVZc1hpZDFYeGJhM1JuQTRUcnZwZw?oc=5
2026-09-09,AIデータセンター,,テーマ関連ニュース,⚪ 情報,10,Weld County officials will vote on whether to approve a controversial data center on Wednesday - Colorado Public Radio,"Wed, 09 Sep 2026 14:45:25 GMT",https://news.google.com/rss/articles/CBMixAFBVV95cUxOVXhLZ250MWpEcnBsTHFzQlZ2SlJ4ZzZBT1ZYNktHTllOelNfNEwxY0lvd2xGcE90aVM4UUhfbVAxSEhWS0ZWbXluOTFrVkV2SHpEMFc4TFR2VjBuQVNIb0tTcFBmYmlDMXlvTVpwV0JGb29Falk0YV9BYWloYjE4SHZGUlU5c3Z1ZFpLeGgzdmp2N2MyczJ5MnZKRW9xMzBfaDVWQ2tmeHV4emZYNS10cjhodVQ3cGVIWjNkM0RCekU4Q2pN?oc=5
2026-09-09,AIデータセンター,,テーマ関連ニュース,⚪ 情報,10,CoreWeave CEO: America's data center backlash won't stop the AI build-out - Yahoo Finance,"Wed, 09 Sep 2026 14:52:54 GMT",https://news.google.com/rss/articles/CBMixgFBVV95cUxNZXE3aFI4UmZZYTAyb0ZCcm0yMUMxWGl2SXpheE1na2ZqcjIyc2JzQVRPcjlhc0JYOFJJNjQ4WWt2VU56aDhHN0wyRTB4R2xtNkRQWmJNRzVRdkNLNGM0cThJUVlzdjlVdHlPOWRWVG9TZXVqWEVTNWV5OXRtMlZSd0E3Z2xQQkRPZHdreWVJODFvY1o0cUpwSGJLZmlVR21IZ3pTb084d0Z0SGhGdlFCUDZ2ZDVaQmJZVlNabFRCc2U2THRVTmc?oc=5
2026-09-09,AIデータセンター,,テーマ関連ニュース,⚪ 情報,10,"SpaceX Built AI Data Centers So Fast, Some Ran Without Backup Power for Months. Now It Faces a $920 Million Deadline. - The Motley Fool","Wed, 09 Sep 2026 19:30:00 GMT",https://news.google.com/rss/articles/CBMi8AFBVV95cUxNVEhqUmY0dENEajBhTGFTSFd4d0hVNTdhRmhGS1o0cXJVR2RJS2t2M3JtemlwcEdKODlBUkg3c0pyR1lDX21BdHJ5V0Z4N3kwQ1NzN3FkOGtEN1pBQndnOUpiSWpyc2IySUx1MFBpNmdPdGlKYldrZjZEVjhRb1pGaHJVbnE1d2NzeGpjZXJ6S3FaSF91OHBxWVRlNWFZaE1nTmVicjYxM3EtTEZGWm1mVDNja0ktSHpQa2Yta2dYLWxieVJjNDR4MURkYUkyeGVHZ1dkYWUxX0I0ZGJvbzFxd3lhRDdRc1ZmdmRXUWpGcDk?oc=5
2026-09-09,AIデータセンター,,テーマ関連ニュース,⚪ 情報,10,Developers are rethinking data center design as the AI backlash makes its way to Asia - Fortune,"Wed, 09 Sep 2026 10:45:00 GMT",https://news.google.com/rss/articles/CBMibEFVX3lxTFAxQ0VlOWhwNWUyZWk5YWlhQXg3VWdldDBMYkZ6clM1SmQ0WEZsWDNOY2NPWUZyTmVRM3RfdldUREtCTlgtN0cxd283YUxCblFYWFQ0bXg2dmhITU1GVG83VDB5X3BjWENiQWQxRw?oc=5
2026-09-09,AIデータセンター,,テーマ関連ニュース,⚪ 情報,10,Massachusetts hits data centers with new clean power rules - TechCrunch,"Wed, 09 Sep 2026 21:43:34 GMT",https://news.google.com/rss/articles/CBMimAFBVV95cUxPRFVqSF9UMzZ2akpONjZtWXU3SG9zdHRoQl9CSVU2WUkxaVNiVWhmQzdSTHREZmVCVFIyZTUyRzZ5aHJRZ3VHZUhOcnhFNkhyMmVYMlkyRUo4TDNhN1U2aVFlbzNvaEd0bXVpLTBuR0dhQTNES2tyeVFTQ21nUnJuaThjYTZwVnNfamR1cmJBZEE1bVF2U2dyNA?oc=5
2026-09-09,AIデータセンター,,テーマ関連ニュース,⚪ 情報,10,From land purchase to power: How data center projects move forward in central Alabama - WBMA,"Tue, 08 Sep 2026 02:44:32 GMT",https://news.google.com/rss/articles/CBMitgFBVV95cUxQQVp5czA3VlBXbjV0VnVyVGVYb1lPSlpJUlJZa24xWWhQeWswRkF2c0ZlMW0yRHJKRkduTkJnV2R3QU8tWlozLXZTYVpjR0YwV1ZxbjhLYl95WTFLeDZ0d0lteHNEX3BKWVkzeXBtNjJjUHJYVjhPa2xzZjJ2OEVmLThJZ3ZtR2dQNURzSlpCTF8tVGRuQktVOXVjSl9OTE5pQjFNNnJYSVkwdVkyWU9SdTRwYkpHZw?oc=5
2026-09-09,AIデータセンター,,テーマ関連ニュース,⚪ 情報,10,Oklahoma law aims to shield ratepayers from data center power costs - oklahoman.com,"Tue, 08 Sep 2026 10:15:00 GMT",https://news.google.com/rss/articles/CBMi5gFBVV95cUxNSHp3WEZURUxtSFdHQmp1aC1FMUxaOC1yemI5ODJxR0RXMjZJTnlsWlVNRTZiOU5LUUszWFQzRkJZV01FQTZCT0tsOE9aU1lXdmc3WXVGbUtxUUlWejV0Snc0RmRlMGpkN3pINWNFTWRaVUtyQ003UXUzR1dqb0o4VEdIaXMtNHJtUXFMNGNpSVBkc0xiNEdFV01xdGNFZmQwbV9nOS1xMzA3b1hhUFFsbTNPcDE2RTByTVhqMV8yVXRpaTBWQ1hGR3E2UEViUUJFcVVoZHRjRlJuOHRjRzliXzkwY205UQ?oc=5
2026-09-09,AIデータセンター,,テーマ関連ニュース,⚪ 情報,10,"Enid natives announce local data center, power generation project - Enidnews.com","Tue, 08 Sep 2026 15:00:00 GMT",https://news.google.com/rss/articles/CBMi6wFBVV95cUxQeFZMWHNSRnBDZmd2WnU2QnotYTEyc0phdWoyYlVTVV9wdnRlYXVTaHJlUFdvOVU5NGhIZC1fejZBNWlYNHNiSHVBNUJUSnQtMzVQM2hXbzlVeGFwM0Vzb2lwZmpvOFdQNDFuczhJWFJ5Q000dzRVMlVHNklscE1vOGtJODVkTkdQUnNBXy1LVnJEczNvV2R0cWpyUXlQaFNocjlfSGJSUzR3VmN1Nlk0bUpfaTBlaklSYTlvbVlfVlVZcDU4WmFIb3dUM0VyWmNFRzNIT3hUY2c0b0xOMWRKOUJPMldNSGpIUEFV?oc=5
2026-09-09,AIデータセンター,,テーマ関連ニュース,⚪ 情報,10,Bloom Energy Delivered Power to an Oracle Data Center in 55 Days. Here's Why That Number Matters More Than the Revenue Beat. - The Motley Fool,"Wed, 09 Sep 2026 10:45:00 GMT",https://news.google.com/rss/articles/CBMimAFBVV95cUxQUk42WUNIZG1GUTdIWHhNcUtGVUl4M2Y2dkdrX1paYUxHdlJxME4zX2FYOFV1ZjFTckVNU290OTdKNFRDSFViNEE4U3RNRlRBdndaUEhpeUpWMms1NjV4Z2M4dDhXbDlMMjR0a3ZVa3RycHJSa19JNW0zQm5pT0pBekZlUjBKcUczRnJSOC1qMXpncmJQQ01sRw?oc=5
2026-09-09,AIデータセンター,,テーマ関連ニュース,⚪ 情報,10,Americans Oppose AI Data Centers in Their Area - Gallup News,"Wed, 13 May 2026 07:00:00 GMT",https://news.google.com/rss/articles/CBMigAFBVV95cUxQYlh0ZlJWVy1sRFlGRE5aMEVsbF9Oa045T1VUWk9NZDJLcjFwT2tfMFJxaXZkTWFBdUJtWEYtcVE1aElzQldvTkFFaTNOSTd1QWJuSGRMSVhXVGpzVmNWWEI4RENPY0xFYTBvY3REcE9oTko0X1lQNklweGRZcUZ3WQ?oc=5
2026-09-09,AIデータセンター,,テーマ関連ニュース,⚪ 情報,10,Are GenCos a solve for the data center power problem? - latitudemedia.com,"Wed, 09 Sep 2026 19:38:39 GMT",https://news.google.com/rss/articles/CBMikgFBVV95cUxNV1dHRTB6SVB6cW9hMHBhNG0taUlrenFlQ2d4b0FGYlJzWnZPV0FqM2NEVUJUX0xCRDNlY1ZmMWRTSXZabEtkR2t3R2czODZUSElnTFAtd2ltRXdJcmZ3S3VNNkRldUM0YmtPakQyOGN0cFhPRTY3TV83S3J3X0VCNUNSZV9pTTlSblNEMTFpWjgtQQ?oc=5
2026-09-09,AIデータセンター,,テーマ関連ニュース,⚪ 情報,10,Questionable data center forecasts are driving up Ohio power bills - Canary Media,"Wed, 09 Sep 2026 07:30:00 GMT",https://news.google.com/rss/articles/CBMiowFBVV95cUxQWC1fdmJnSk9ZemJSS1Badkh2amczOXplak91RXVSTWFEbWIwWmtUTU9aeS1saTFXT1hYQ0ZLZ2F3U0FVZU9wUU5sMGRMU1FlSGs2c0FJLUdWLWhnU19OSXZRWWNUcW9Kd2xuRzJyZnFUMnozeDlsTW1oaGw4Zjl5eHlaYm9LM0hmU1Z5c3JrYlBaenpBQ2FfNldRUVNRcnRxLUVj?oc=5
2026-09-09,AIデータセンター,,テーマ関連ニュース,⚪ 情報,10,Power Availability Now Determines Where Data Centers Get Built - Data Center Knowledge,"Wed, 09 Sep 2026 09:01:42 GMT",https://news.google.com/rss/articles/CBMiwwFBVV95cUxPcjJLby1Oc0RMSkdJNWhuQU4ybV8yMkI1YWtOdVNlbTN2S09YbVFCT3hvQXlqUUhUNk11TGhXOVFtclVicXRtclh6MzQtdnhuaERnaG9zTlhqQTk5LWVnZ050ZDBTSXVMTWZ3UUxPcE9qQ3hkWWFsQjVtS2tFTl9EdzNXajFBWU1VZFRVdHhFU0xjLTB2OS0weWV3WDRTMmY2Y2hFeHI2eENwWXM5V3pMX2NRZnFvUnBveXVNY3hhYnBXLWs?oc=5
2026-09-09,AIデータセンター,,テーマ関連ニュース,⚪ 情報,10,Data Centers Are Driving Pollution And Power Demand. EVs Can Help. - Forbes,"Wed, 09 Sep 2026 11:00:00 GMT",https://news.google.com/rss/articles/CBMizAFBVV95cUxQWnR4a281c3E0WTBFR0RlODlHZk85VFhpVGpCYmlJM2pBUVpXNjZvLW5yQXJUX1Q4UUlaU0UzcjNhYWJkUVNnNVAxYW9kU2Rubm9nUE0zaV9EM3JkaElDdzItc0RTd2dDQWxuTElKMUV2WGV2dW5MbW1HOUlFZDlCWExMUkxQSzh3bEpMcjhEN21wQ2N5YmN4cWhyb0hITk9ZdWpwQlFUSVZQMG9oRGp0dk5BR0VGZW53VDFDTk95ZVc0c3ZyTms0NklGMEE?oc=5
2026-09-09,AIデータセンター,,テーマ関連ニュース,⚪ 情報,10,How Johnson Controls Helps Data Centers Reuse Energy - National Association of Manufacturers - NAM,"Wed, 09 Sep 2026 20:58:51 GMT",https://news.google.com/rss/articles/CBMieEFVX3lxTFBWeV9YM0pGSmp0U2lhUnVqSFJrU1pIZExtSmY1THlodGh4bzRHVDZXWU1WbFdkeVEzV0ZCR0JOQ2NZMUJ5UnIxaXpEa2htbDBpYUhWNWRWdnNqejlnMVlzMlVvU09QWU81LWVaS3dSVjRLbjRFbUtmUg?oc=5
2026-09-09,AIデータセンター,,テーマ関連ニュース,⚪ 情報,10,The data center backlash comes for SpaceXAI’s Colossus - Scientific American,"Wed, 09 Sep 2026 10:00:00 GMT",https://news.google.com/rss/articles/CBMipwFBVV95cUxNZmNNZ3dBTmt6cjZtVUU1T1ZJUFpmeURJUXFoTWJPajBqeXI2dlpQa2JRR09rQTgzWEFiLTNXQnQtVmxMSVBTS0ZwT3VhRTlhbWhhUmtxZ3YwWk8tYnkyNGlWcWlPak1PbV8wUzRnTnpFcFQ0ZDNhbFlxdVNlMmFQb1BjcHJSTV9wY2QzRW9RczhDNV9lN0hsa3lqM2FSTkR4bWl1SVVsOA?oc=5
2026-09-09,AIデータセンター,,テーマ関連ニュース,⚪ 情報,10,"To Change Data Centers, Flip the Narrative on Sustainability - Tech Policy Press","Wed, 09 Sep 2026 16:55:59 GMT",https://news.google.com/rss/articles/CBMikwFBVV95cUxOeWt4TW1TZ3BkYXZUSXlQMTdMNDlveF9kNkNVcjlhUk9QLVJXMV80WkJFcUhIcWtFUGNpSmZfSFB6MnVBb1dicDc4UXFMZ0xJYkpQUmxoYnB1MDg5VnFFMmVGMzcxV0JYdWpSdDVGUXNZVmdwcWktb0VWSVVJUjhlN0trazhHRXNpVV9ENjlHTzl1QmM?oc=5
2026-09-09,AIデータセンター,,テーマ関連ニュース,⚪ 情報,10,Virginia Congressman proposes national data center plan requiring data centers to pay for their own energy use - WUSA9,"Wed, 09 Sep 2026 15:53:00 GMT",https://news.google.com/rss/articles/CBMi4wFBVV95cUxOVFBZa2JaS0N2Sm9PT2xqTVMzYlotSnRpQzNKU3JIbGMzWGZKaEJIQUJFQlFraDhDZE5WcFFpVG4wUTBvamdYVURfX1Nnd1h6UUtTLWNhUUpwYU83RlhNN3p5YUtVTHIxQ2VGOXdvQWZxMW51RzZIc0JqQm5ucjh1anRUR2MteTl2bk9aUmNLVk1KZDhaZ1M2VVlQWDdGb0pjODE1X0U2OGVkYzhhbGs2RHpmekU1akFjbkNQQS1rMXo1U282SXBWNWxSRmpSRVpITDYwNGZadUtaV1E1UmJmY20xTQ?oc=5
2026-09-09,AIデータセンター,,テーマ関連ニュース,⚪ 情報,10,Enid developers promise local control over massive data center project. Not everyone is convinced - KOCO,"Wed, 09 Sep 2026 16:25:00 GMT",https://news.google.com/rss/articles/CBMif0FVX3lxTE94Mm9sTWVaNi1xTkV3SW54aGktSG9zR0lYZ3BBTmJmNXB1TlJfcU5ZaFBjNkFkcFZxZ2FHdDVsYUhhUEhGTW5XZFIwQkhpMHpWMm05Zzc0MGZPR2xidkNoRU9ZcUVfeHdsWVhQaG9wQTVyWGdOY01vUEJpRTE1RUU?oc=5
2026-09-09,AIデータセンター,,テーマ関連ニュース,⚪ 情報,10,Next-Gen Data Center Cooling Could Be Powered By Its Own Heat - Here's How - bgr.com,"Wed, 09 Sep 2026 18:17:00 GMT",https://news.google.com/rss/articles/CBMiiAFBVV95cUxOQk9Cb2Q0akJWd0ZyM3plLVBXenRUY1pXUVBDR1gxVEkyandDYnlhWDM2YXdlbFhMSXVzVkdOVUZLbU1VdkJ2T0E0dDdwdzRyRWtwY09LN2REMk92X1FxVG93V0ZqUnFPRDkyR2wxcFpjMlRFdE9lWDFLWWc2YXVxS1VHd2VsRXl2?oc=5
2026-09-09,AIデータセンター,,テーマ関連ニュース,⚪ 情報,10,Here are the terms you need to follow the data center debate - The Morning Call,"Wed, 09 Sep 2026 11:01:56 GMT",https://news.google.com/rss/articles/CBMirgFBVV95cUxQMzVmX21oeUI4ZmNwNW03Rml5RDFCZ3Q0eG5CU3hqcnV1WEdZTl9aRThodjd2SWpZeTBJQWMxQUFnRmdkYlpVOUJJc05yX09yT3pnVzR0Y1l1cVpRMUZhc0pyWWQxUnhRSTc2bGxyT0d3ZUl3T0R6czQ3by1kSGdDc3Mtc3pCQVpPX0dJMUwxejZjNU1zU2t3eUl0b3ZOYnFRcnN3WWcwbVNGTXJtdFE?oc=5
2026-09-09,AIデータセンター,,テーマ関連ニュース,⚪ 情報,10,Beyond WUE: Assessing Data Center Water Resilience - Data Center Knowledge,"Wed, 09 Sep 2026 14:28:27 GMT",https://news.google.com/rss/articles/CBMimAFBVV95cUxOTWJCT3V0WjNySFJuTW05aG5scmhqaGxuVTY3emdXa1BPb2dlQWdZeWpvZC1lcm5uWHNpaGhkWnRXRGQ2UUF4b25MX0lpWjJBMGQ2TDhEbHQzWkx6UUQ1SWQwVktoaTRiTnJlMUVKV0dhc3VvWlNtWnpXbnp0SllDUkV4X01uODNxQ1QxekFrZ1JqSllPRy1xbQ?oc=5
2026-09-09,AIデータセンター,,テーマ関連ニュース,⚪ 情報,10,Water required: Why data centers use so much water in Southern Nevada - ktnv.com,"Wed, 09 Sep 2026 18:31:07 GMT",https://news.google.com/rss/articles/CBMivAFBVV95cUxNbzNWNnVUVEtMVW9DUnZhckhHLXZPeWlxR0d2MXdNTzFaZlVXZkN1QXUzYUkwc2Z0UUZDZzlwTkQ5SjlfN2V4clM2Vm9xbUsxd05nQXJlT2dpdHlIa20yZllRb0stSVI2YUNMVFZhN3VJZkFlTkVYU3NvSWtoS0kxTnVxRlRvVmhOeXp0YngyVzdCRjU0M25DS3hrRFZVbEx2aktMYnNrVkpsLXpfYW9vUktaNkdMdk1mUUNDMg?oc=5
2026-09-09,AIデータセンター,,テーマ関連ニュース,⚪ 情報,10,America’s Data Center Boom Puts New Pressure on Local Water Resources - NC State University,"Thu, 03 Sep 2026 21:51:52 GMT",https://news.google.com/rss/articles/CBMidkFVX3lxTE5VV2pKcE03Y2lickNTdUh5M2Vha3dna3N4SGZpT2t4VUE5ZG5XeklrazliV0luRnFQbV9nTXBkSEREWENxM2pEYlhlb2NBLVRoUHZ1QmVBQ1BSMGEyZjlZclQ3YzFyU0R4N1Y0SWsyNWtHRjdlWFE?oc=5
2026-09-09,AIデータセンター,,テーマ関連ニュース,⚪ 情報,10,Why data center cooling is now business-critical - Data Center Dynamics,"Sun, 06 Sep 2026 14:04:53 GMT",https://news.google.com/rss/articles/CBMinAFBVV95cUxPT3ZfaWtwUmRQZjRvd25YZ1lOOEltUGhQZHEyYlZaUmFHdzBTLXJDOXpnLTlxMmJjOHdQeXZpRURtRV9EblpkZ01zX3ppMDBVTzBmamxLczMweGlwVUVYY2tRcTkzRnhSYV9xNm45UldHZkJZdV9jV1lhOFcxdjBEeGtHUUtLN09tWFFqVzYzbE15eERkVVF6ZnFBa1o?oc=5
2026-09-09,AIデータセンター,,テーマ関連ニュース,⚪ 情報,10,How AI Is Reshaping Data Center Cooling - Facilitiesnet,"Mon, 07 Sep 2026 04:05:46 GMT",https://news.google.com/rss/articles/CBMinAFBVV95cUxOMjBLUE1Cb2tJeHctWl9Ya1d6S3JiZ0lxSzlGWjhiTlRTU2VMZFhYUTVVUE1GX3Z6endOVGttd291NDNmZ1Mybk8wM1otTUFkZlVUQW9PUFQzUlB6RXI4d1N4MDhkdUpWcDhMNndLek1Vd05WRXpMdk5ORDQ4c21JSEVOLU1QNmF3dzlITllzWDgxUzhUNWtZNkQ0WFM?oc=5
2026-09-09,AIデータセンター,,テーマ関連ニュース,⚪ 情報,10,Trinity Biotech (NASDAQ: TRIB) tests AI data center liquid cooling in new U.S. pilot deal - Stock Titan,"Wed, 09 Sep 2026 12:35:42 GMT",https://news.google.com/rss/articles/CBMitgFBVV95cUxPTXc0VFVJSWcyT1FmNnJBaUl2akdrRFVobk1acFBod281bHNUSkViOHpkMjVJc1ptUHZzQ1JqUVZsR3BUWC1HMTVQbGhkdHZTczVTZzBxOGN6MnZEeU43Mmk0NEtuOU1hbDluN09PVTNHaEJMbXNRVHhDeGhkSkVvUmhZQkNSNXZIbkJVSUQ1LUgxdUMxaGIzNUROLU1yT21lUElpWjBYcVgzREwtenQ4WHl0UnZ6UQ?oc=5
2026-09-09,AIデータセンター,,テーマ関連ニュース,⚪ 情報,10,"As AI data centers expand, new cooling chemicals raise PFAS concerns - WRAL","Tue, 25 Aug 2026 07:00:00 GMT",https://news.google.com/rss/articles/CBMisgFBVV95cUxQVDJ4XzE4UUE5SFdnVDdyTGtyZk83aFNsVHlySS1uME9abVc4YkpDekhDenpHdk9WWXkyd1NkRFpYeDJqVXVud2NyWUQ5V1pJWjE4cDNLVkwyTjBlTXNLVDh1eEVKSTdCRDBhUDZ3SlZXMTVOZzdBVEROVzVUQkswSldIZ3lrQkVpOU1fMGNYdTI5N1ViWW9MempudEFsVklJRFdYY0FYXzg3Mm5wdkNOaUJR?oc=5
2026-09-09,AIデータセンター,,テーマ関連ニュース,⚪ 情報,10,"Data Center Thermal Management Market by Solution, Component, Data Center Type, End-use Industry, Technology, Type of Cooling, and Region - Global Forecast to 2032 - Yahoo Finance UK","Tue, 08 Sep 2026 14:50:00 GMT",https://news.google.com/rss/articles/CBMijwFBVV95cUxQc0RDSTBJc3RXZkJiT0YzSmRGZkpQUEE1a2JpTXlWY3BuYW5yLUJiaTZHdTUxaVpXSHJjdjBYNlNVQWM1aHE4WVlROHJDek5KQ1Utb1JTUkRmUTRqSE1HSkNUalh3OWxoWFZ6MnRDSl9BNXc2b1dOUzhjdUNfaFhrYnlwX1BLMjN5SUtxWFBRYw?oc=5
2026-09-09,AIデータセンター,,テーマ関連ニュース,⚪ 情報,10,SLB to Buy Data Center Cooling Firm Kelvion for $4.1 Billion - WSJ,"Mon, 31 Aug 2026 07:00:00 GMT",https://news.google.com/rss/articles/CBMirAFBVV95cUxNZjNkLVlhWFJPVjVsX3VGb2VwSDQ2UmVmenhCQjU5cktza09NenIwYjdPYklvZU4tdkNDRkhNMnBIbjRSbnh2THdJQ3VNNkZlc3BtUzRxOG1fVDNjN18wMTJsT2pMMlVncHFxMldZRW4yQTBxal9NbHpJNWIzbGkyRDBwNGhKem1LMm1hekdjWVl5S3N4TDdkS0ROSV9SaUtwT3dQQW41TkVOaGxJ?oc=5
2026-09-09,AIデータセンター,,テーマ関連ニュース,⚪ 情報,10,Grundfos pins China as key market for data center cooling amid AI boom - China Daily Global Edition,"Wed, 09 Sep 2026 01:27:14 GMT",https://news.google.com/rss/articles/CBMiggFBVV95cUxNWDlkaTE0MWtuazVfUm40b2Fuc2Z5azVSalhWblo0X3JSZlVHc0ZYWDZ5ZEJmMzhpMUtoejhLRHotQmtILWh2bUZUWGlyaC1ycHRldHNRZU02TEE4QXpOWnQwSjY5aHU4anEtQkhEeHI4UWJoRUxpTVZvYUZrN1lsVS1R?oc=5
2026-09-09,AIデータセンター,,テーマ関連ニュース,⚪ 情報,10,"A data center in Denmark gives away heat that data centers often waste. It runs water from the city's heating network through its cooling units and into heat pumps that raise it enough to fill the radiators of 11,000 homes - ScienceBlog.com","Mon, 07 Sep 2026 18:03:22 GMT",https://news.google.com/rss/articles/CBMisAJBVV95cUxNYUEwbmRjMkpkZzAxcnM0U0JCb2dRQVFQWDZpYUNUU0ZLZmtqM3NYTTZDeFlXYzZwam9uX1JUUHhuSnlMekQyYzREM3cwNjJmdGQ3RGV0Wl8wUFJtaWRzR2hJbWpLQ09xUXRmRE5HM3ZOZUJQTlc0NV9fTjVfRGVmWVhOZk91N1ltSFVyYm5Qb1YxNFhDMW14R0NnMlNvSkJBMEgtOWJFOGpUNjQtSVVvRDBITmpibS1GcnhFYWQwQTVRX2J5bGFwdHlVVU9mMVZMQjIwTHVXbi1FellaUUtKZzE3bU41ZDNaN2p0MW1lVmE3NXBoZUdOQjFUYVNlWkVpeF9RTWphZ0lFbUtCdVlJY2UzV1ExM1BzSF9wSnpKRG96cUtET3pWRWhEaFBqcjhx?oc=5
2026-09-09,AIデータセンター,,テーマ関連ニュース,⚪ 情報,10,"Data Center PUE: liquid cooling cut 10%, the ratio moved 3% - Data Center Dynamics","Wed, 09 Sep 2026 14:07:57 GMT",https://news.google.com/rss/articles/CBMiqgFBVV95cUxQeDM0S1VjR0NYMC1hRHJ4NUtSNFpQeHFwcnFJWFRscGFZcDhTMlJRcXNfSE91Qm1kcm5pdDZKSlIydEJuZmluaVJhNDlDYnFfdUozT0doU29OZ1dTb3FsZTFJc1Y4bW5HejhWTEJGdEs2OTJUVVJhemVSaDFQU25EZGs4NWhhNEpBQkt2cmZ1eEFtbTRsUHZFZlBPbmEwVUcwYnlsTVg0YUgyZw?oc=5
2026-09-09,AIデータセンター,,テーマ関連ニュース,⚪ 情報,10,The Rise of Flexible Hybrid Cooling for AI Data Centers - Data Center Knowledge,"Mon, 07 Sep 2026 10:26:05 GMT",https://news.google.com/rss/articles/CBMiqgFBVV95cUxQYUZHa196NExPTkI1VXJfOVNjdUtlM3laU0lZR1lYakVfV2MzUzVnN29wZU44bjFscmt5OFhXT2JuYWVjckItZ2lHMW9qVGdPNE1UQjNpMDJnN1lCcVNTOWRGQlZ0YVMwRDRubnE2cnRTc1lJb2NLbGQ1eGV3ejBOanZ5UkxJYnFPYldJbkNHbkRwYWt6NE94NHhNVWZjSkY3NlBTdlFGVWIzdw?oc=5
2026-09-09,AIデータセンター,,テーマ関連ニュース,⚪ 情報,10,A paid pilot will test Trinity Biotech cooling fluids in AI data centers - Stock Titan,"Wed, 09 Sep 2026 12:30:00 GMT",https://news.google.com/rss/articles/CBMivwFBVV95cUxPZDhzd1FtekpMUjB6aW0wU1RnSEw4Y1JvLXJUQU5fLVZMWnlOMm5IRzRJVkVfSlp4ZzM4UFFNZjZpSjFxQ0JBX0JKWFdrQnZucEhXaTZuTktybWdZREtHa290ZFNDUGYwaThwOGx4eV9hdHlodzB6QjNfZi05SXVUd3pyWkd5Ml9GYk9waXY2OFVWdFVLNXlkUl9zMGw1RGRyU3I1UUpsRkxPN1ZqUFh3NEhKU3B6UjdWVWVzdTVEOA?oc=5
2026-09-09,AIデータセンター,,テーマ関連ニュース,⚪ 情報,10,Data centers in space: Four big obstacles and Elon Musk's ambitious timeline - CNBC,"Sun, 06 Sep 2026 23:55:41 GMT",https://news.google.com/rss/articles/CBMigAFBVV95cUxNaFhwWV9xV2lpYnZiUjhLQzVEZnJDLVlxZnVNYllzLThmbVRzVFBSVjFtU0NZQ04yelJmTXpzTllXajZrVHpfS0dkOHRyWTZkeUM4ZzJOdU8yanVZRzQySmxZd2R4ZkRsMnpXTkdmbjdKR1BGWUlGb05FMWp0NVNsbdIBhgFBVV95cUxNaWx0SVdkeTFxanhBOXpXeGsxQjNPdi03Z0ZvT0JweHpUVFpmQW5vVWtPQWtDM25fSW5fSkJvY3M2VUlDLXFvLVhFbUt6T3B6LUF4TDV0cUFQdzhiYmt5WmxEQk1XZVQ1Y1ZGZWtlM1FJUHhTcE4xbDl2MkFhV1EzaF9KNTFWQQ?oc=5
2026-09-09,光通信,,テーマ関連ニュース,⚪ 情報,10,Co-packaged optics for high-performance computing and artificial intelligence - Nature,"Wed, 19 Aug 2026 07:00:00 GMT",https://news.google.com/rss/articles/CBMiX0FVX3lxTE44eG5iRFQ2RVc1Z203TEg4c0QteWIzRzFTMTBSTEs0MXB0VUppU01tbWlhTGd2amlZYUhtYzRxaEJpZzBORHlXNW1PbEhiSm12eXlfTjB1NjgxWC13Mml3?oc=5
2026-09-09,光通信,,テーマ関連ニュース,⚪ 情報,10,Advancing Optical Interconnect to Meet the Demands of AI Computing with Near-Package Optics - The Fast Mode,"Wed, 09 Sep 2026 01:06:08 GMT",https://news.google.com/rss/articles/CBMi3wFBVV95cUxPeVFSc1Rid2tvNlNaNllKVjlPY01EU1QtcF9xd0NUVjR5bE8waG12UVBocE1oLTVWRFpickIxYlBBTGxOSmEzTnZXeU5BMzRGczhaWldzTWdpUjB3YjVMdTdwMzd5S3EwZWRCUUtSRXdMOXJNN2hEbjhsQ3lUeXlpTHZ6MXdkZ01Ya3cxcnZYZXR2Z1Mzc2x1SWplbDVIWjZVOV9tYWhObkxjRVUtMVF1dTJHR0N4SnUtVzNCS3pGUXpEVy1DZVNRTTVlVjVtZksyTkxmd3RhR01vUU5pd1lZ?oc=5
2026-09-09,光通信,,テーマ関連ニュース,⚪ 情報,10,"SK hynix’s technology roadmap for co-packaged optics features in ‘Nature Electronics,’ as AI competition shifts from chips to systems - SK hynix","Thu, 20 Aug 2026 07:00:00 GMT",https://news.google.com/rss/articles/CBMiZEFVX3lxTE1JQkVPNFB5aVdSRWoxN0p2NHdNQklDUEIwYjhIejhESzdKdldtQ0RZeG52OWxzdjB0Njk5c0xXTXMyclFNTW40c1cwb3FoTUV0X0REN28yR0ZFWlJkcjN0ZTBlN3M?oc=5
2026-09-09,光通信,,テーマ関連ニュース,⚪ 情報,10,Fiber Alignment Stages Market Growth to 2035 Driven by Co-Packaged Optics - News and Statistics - IndexBox,"Sun, 06 Sep 2026 18:51:19 GMT",https://news.google.com/rss/articles/CBMipAFBVV95cUxQT0JoU2loTF90RUhXSkwwVTdTSHh5TkFkYXE5MmZYU1I0SDUyZmN0akJXdGh6MXYzRS1IUUhSWEc1UkFQVDU4U3RobDdfdmpIalQwU05HbGdxZjBDTjVYdldpS1c5U2JIZG5zLXhtMm96dEVPZ0lzY1FCVndNWGdKcW5oWFQ0QXk2bUx2SEdYRFpick5OQzFJendiQk1kVXlZYm4tSw?oc=5
2026-09-09,光通信,,テーマ関連ニュース,⚪ 情報,10,Co-Packaged Optics Market Overview - Market Growth Reports,"Wed, 02 Sep 2026 07:00:00 GMT",https://news.google.com/rss/articles/CBMiiwFBVV95cUxPUXgyRnBZanN1NUQ1M2M3NFRPWEt2VVBBNWhmWDdzQW5vbFNSVmV3Q3FoTkw4RG1vQVgzc25NOHZFMC0xRjE0a0twaVlJbmExQ1dleWFUcDFoa0hjZTN0SHJXV2F1MXVqMkgyanltMWtJX3ZzTjM1UTc3SWkwdjJxdHlEaHFSS2V6eV84?oc=5
2026-09-09,光通信,,テーマ関連ニュース,⚪ 情報,10,"From Co-Packaged Optics to Nanolasers, Photonics Moves Inward - eetimes.com","Wed, 29 Jul 2026 07:00:00 GMT",https://news.google.com/rss/articles/CBMijgFBVV95cUxPdi03TklJZF9JNXhHZjc4MmdVZHpPVjM3YU5RNkQ4WnVuV1JsM3I0eEFCZ2VtMElkcUFhRjdVY1ROQ1Z5V0s1Vy16cWo0UVNtbUpzVnhZY3RMR1pmRlh5bzlRd1I0djY4V1h4UFpSM1FTSmZxVElOTUQ3NTVJQkdjU3dsSDZUNWFCTXVHQ0FR?oc=5
2026-09-09,光通信,,テーマ関連ニュース,⚪ 情報,10,Co-Packaged Optics: powering the next wave of AI infrastructures - yolegroup.com,"Tue, 07 Apr 2026 07:00:00 GMT",https://news.google.com/rss/articles/CBMipwFBVV95cUxOQVRFb2pCZzZoRk1rVndPb1Y3MUdSSmp3QmxqQzNuSTlOMFRsaXpOU0VVZ3ptQTZBODdPY1U0SHhaSU1oSzBoeFhzeV9CWVpvOWxJMnJteVJHUnZNWXpUdEhSWFdoSGNXY01laU9NQl9ZYWUzc2tocUc3azN1YzE2U0tmTFItbVVzb0M3UjdGUFFFWXJhV1lQeTFSTC0wUktVQ3NRQVhYTQ?oc=5
2026-09-09,光通信,,テーマ関連ニュース,⚪ 情報,10,Industry giants unite to define open co-packaged optics for next-gen AI infrastructure - SDxCentral,"Fri, 14 Aug 2026 07:00:00 GMT",https://news.google.com/rss/articles/CBMiuwFBVV95cUxQYVVMd0Y1MTRQc1ZuXzdpLW51azBCa0stcmlJQ2lRVHVVQXJ3UW10T1RqUk9pX2U1Rjg4bUp2QTNWd1hReDlWR0V1cmxzX0FiOVhBcVotcklSSThlTU1vNnZKQmlzdE1jU0lyVDZWSHV1X0tRNHNPTlM1N0lKTHlQNmplbXdfMlUzVkx5TGVKclk5eHBPaWpCZjRLT3QzaVZpVmdLZTdrTEJyLWRsd0lnY2h6TEhoa1VCdmRV?oc=5
2026-09-09,AIデータセンター,,テーマ関連ニュース,⚪ 情報,10,GlobalFoundries accelerates adoption of co-packaged optics for advanced AI data centers with SCALE optical module solution - GlobalFoundries,"Mon, 04 May 2026 07:00:00 GMT",https://news.google.com/rss/articles/CBMi8AFBVV95cUxNaEt0MTFsS2VVX0hZbXZxejlHVzlHdTNjZ3I2b1VUbUstQk83TVNZUXBSdW1MVXFnckotRFlIdVpZUWhsbEVRMXp5TE5pSzRUQ29iTUN3c2lVSllielR6cS1FQUdYbXUzUDF5bGNZRTRaaWlaRmN6Q1dyX0RpYnJmbDQyVVkwekZuWk1EcWxyYnNCOUF2VlVGYzNkVDNIckV3c1ozemFLR0dKOEw1WmRxT3pFc0psdm5WdnpoeUtUVWpRTzNnbXhDU0dFNnl0WEhGTjFvSHl4VmR3aFBoalFudDRjUk53aXUxRVZydGtweUQ?oc=5
2026-09-09,光通信,,テーマ関連ニュース,⚪ 情報,10,Co-Packaged Optics for Multi-Die Designs - Semiconductor Engineering,"Thu, 16 Jul 2026 07:00:00 GMT",https://news.google.com/rss/articles/CBMieEFVX3lxTFBHeklPcGNwQ0FvTjI2NnloQXZEWXVlT0RJVXVPcU1zYU1lMnhVODZLcHV3THNCUHhkOFNLajRacUUwRDZiTkJGb0RDWmFxZGFaaU9UWmdnM0JLV1d2bzdYMmRuc1ZLSk1rTFFvSEY4dUh4a3JpREVoRw?oc=5
2026-09-09,光通信,,テーマ関連ニュース,⚪ 情報,10,Kulicke & Soffa Advances AI Infrastructure Through Co-Packaged Optics (CPO) and Advanced Packaging Leadership - Yahoo Finance,"Tue, 01 Sep 2026 13:05:00 GMT",https://news.google.com/rss/articles/CBMipwFBVV95cUxNRVVwRGhCQ3dfZldxV0czS1NWN2dFNnVWV0RBdWFjZWhJWWFJalBiZVI4SzRidWtfRzVycUw3ZHlydmItbHVqdDMzTTZGelJxQTVKQ1FVYUI4bFVMRDJRV29LU0RXdGMySC1Idk12cFYyc2picDdQaTJJQXVibGdKRl9HY2poQ0xwMDdJR3k5bUNleEVyOW00UWMzV2tWUHNDTElwT3Rfbw?oc=5
2026-09-09,光通信,,テーマ関連ニュース,⚪ 情報,10,Is Tower Semiconductor (TSEM) Undervalued Or Fully Valued Following Its Silicon Photonics Ramp? - simplywall.st,"Wed, 09 Sep 2026 04:48:15 GMT",https://news.google.com/rss/articles/CBMi3AFBVV95cUxNaml4ZGJQWldnX1B4LTgwVHJPMDFPOHVTSFBJcUM5UU1UVXU0ck4xeGIxQUFRRzkyeEVxbEZsNFMwbjlOTTJtV0QzTk51a0xuZWRGeExZaG9HNEw5MlN5MXV5NTBaMjZBNVBYUWxoblphRkFRMVNDOW52cG9sa2JTbU9nUkZvMkc4T1ZPa1U2N2pHMk5hU0d2cjdSSExuV2czY3l3ejRoWjZmYkROZUVBZnBVUEdrUW1yWWJEU2VFYzlibVEycVJQRWUzQTUxSUxrbjFQNXJKekd3VWx30gHiAUFVX3lxTE53VWNRRDRGR1k2WkdEUnUyVmRxejd4VWlWZzk4QmhOSWpFWm12S2d1ZS1QVXBPYzZ2NWRHWS10NmljR2s4TW92OU1HTVpBalpsbkxmR1pOdG0td28zZ01fWFJwYWptclhqa1pPb2tFUGYySUFUMmF5bXozd0hYX0thdXBLOGZTa1c1cUFWYWVObkpvOFpqZHFKWldpMmFIdGNYaTRtbUVUR212UFVWSzMyUGFoSmtkMDhUNU1VZHVza3AtaUp3dWxfUTg3Y0pheFd6VUMwT2ZDT2tqMWhfeWMwTEE?oc=5
2026-09-09,光通信,,テーマ関連ニュース,⚪ 情報,10,TSMC COUPE Is Evolving: From a Silicon Photonics Engine to an Active Photonics Integration Platform - semivision,"Mon, 07 Sep 2026 03:26:44 GMT",https://news.google.com/rss/articles/CBMihAFBVV95cUxQU1dXVTZQRmFvN0ZnXzVRMHlsV0VtN09lTm1qT1pIeVpGdVJXYjc5Ylg0Y2tjLU82NTFZRTZTdkdSYUUzUmJpNWdEUTd0SnRMcktNZ1NVNWliSHFsY3RVbzVSTzJtb1kwOE5rdVhyZmVhbGFpb1RwMk5zZzFUeHlJYTA0NVM?oc=5
2026-09-09,光通信,,テーマ関連ニュース,⚪ 情報,10,Taiwan eyes silicon photonics as next big tech leap - Taipei Times,"Sun, 06 Sep 2026 16:00:00 GMT",https://news.google.com/rss/articles/CBMieEFVX3lxTE55ektzSXlzV3pJakY4U2NMVl9oS002c2dqbGJoNG5FcVQ5RzkyZ0FHSy1vcFNpSnYxOE5McVJaalJQdW5KbFhZdEVHdUNkN3p0d1N5TGpsQXY1TERGUmk5X28zZG54SlpKcUJzYWNwRWtzWmVTcmpiSg?oc=5
2026-09-09,光通信,,テーマ関連ニュース,⚪ 情報,10,Rolling-Enabled Nonplanar Heterogeneous Integration for Polarization-Diverse Nanolasers on Silicon Photonics - Wiley Online Library,"Sun, 06 Sep 2026 02:43:09 GMT",https://news.google.com/rss/articles/CBMiZEFVX3lxTFBiTDFDYjQ4ek53c2xYRGw5TFRGSWQ0ek80aFNXWTU0MHNVLTVhU18xeEQwVjJiX1puR2ZTUWFYcmVaWl9PRWRkTkYzWFU2eTNKQy1INmpqcy1kNDFDdE9UeG1yZzQ?oc=5
2026-09-09,光通信,,テーマ関連ニュース,⚪ 情報,10,[News] Samsung Reportedly Eyes In-House Silicon Photonics PIC Testing by End-2026 with TSMC-Qualified Tools - TrendForce,"Tue, 08 Sep 2026 04:15:56 GMT",https://news.google.com/rss/articles/CBMi6AFBVV95cUxNVHJLcjBNT3pRY0tmZVZKY24wbXI3dExGak52S1hXQlFaYkduVGpHc2lZWWpsWThNQ1o1dEZpYlR3SVJMenREQ1RrbDhmSkxCN2VVa3RrMDh6Vy1WRG1vOFFGSk1VUFFhbzlDNkhKWU9PbW1oZmZ3eHZ6dzRpMGdzMmtncmt5TldmZXBwMlh6cldDQ1dTc3hJN2puTHcxZFZCZlIta1NYQXI5SGI0bXdVbXhUX0t5cEI0NE5PRGRsY2NkOFJ5eF9XckV2WUEzVGNYcldGUnk3SWZ4dlJTSHNndFkwWDlSbWZW?oc=5
2026-09-09,光通信,,テーマ関連ニュース,⚪ 情報,10,"Msscorps Prices NT$500 Per Share Rights Issue to Raise NT$3 Billion, Targeting AI Chip and Silicon Photonics Testing Opportunities - finance.biggo.com","Wed, 09 Sep 2026 09:35:00 GMT",https://news.google.com/rss/articles/CBMidkFVX3lxTE03eXNqM3lueTdGdkpWcjZCc0puLUF0U1lKM0VHUklYUDVpR0dNZjM3R0NNSkpsNzhfUXZvbkpLUExpbXBaRl9QOGxUTWM1UXJPR09tNWpOc1ZSTTFZdUhvT1dSTFl4MjNlZlFLMlVOdEJHakVXUWc?oc=5
2026-09-09,AIデータセンター,,テーマ関連ニュース,⚪ 情報,10,How Silicon Photonics is Reducing the Cost of AI Data Centers - AZoOptics,"Thu, 27 Aug 2026 20:54:00 GMT",https://news.google.com/rss/articles/CBMiY0FVX3lxTE5JWEZHWEhTUWpHdk5ocGMweU5iUFdMcGhLQjdQR2FmRDJjQXdGM3h0b3BuWkEtOVFkX3IwT3dma1BENXRSdURIV1pNRVk2QkdZYjZUXzViUnd3WTVBT1FTcXdwMA?oc=5
2026-09-09,光通信,,テーマ関連ニュース,⚪ 情報,10,Taiwan Bets on Silicon Photonics to Power the Next AI Boom - ChemAnalyst,"Mon, 07 Sep 2026 14:17:45 GMT",https://news.google.com/rss/articles/CBMirgFBVV95cUxNWkxhbVNpNmtuOHFzYVE4UGw4S0Q3Ym1VN3JvV1RuUTNXYzNqZDJ0enVoT2U5OEhIZ3VWc1c4dlRtS0xfQ2xsWXg3RGtsZjJRYjNHY1dGLUVzTVNodWl3bWN0a25VUGw4NVZKcllVRE5YZ0JKSk9qNThaMDNoY1dISDR0Z0ZkaXNfblZvT3Y0a1BaZVZUVlptSEkwaDFXQ0ZzcnRScFQ1akYxckVrVmc?oc=5
2026-09-09,光通信,,テーマ関連ニュース,⚪ 情報,10,"Crealights Officially Included in Stock Connect, A New Capital Market Milestone for the AI Silicon Photonics Interconnect Pioneer - TradingView","Mon, 07 Sep 2026 06:15:00 GMT",https://news.google.com/rss/articles/CBMirAJBVV95cUxNOWZDUTRMZTRhVjRlVUU1NDJjOUZ1YlpzX0luanlYQ09FODZPa0M2QmE3WVUwWDhQTGFXWm5LYjhtaERSVU51eUJ5SjJ2UzFBdl9kaHV4bXdrRkswZUdDcm5jU21lczlkYy1kTGc1SjJiT29HeXVyWEtmcjlzSExQRkdsMkkzQVloX09FZUR1RkhpaEJSZTZubzNudzVRQ3BKTllXcFJlRnkySkdGYkR0YkF4dUN5Y3VrSVlSUVZTbm01eEdiZC1LOGxEY3c0T1dnMlFCMFlTX3Zma1V3Qkl5d28tWUI2bXRha3U3dVJSdTF3TzFGR2lPZGxoSWYzQ25BTmdDSXVlTmdyMFV0Rm1Xa1VKSVlGS2ZBWjM1NkNYWlRZMDVmb0lzT19UWmM?oc=5
2026-09-09,光通信,,テーマ関連ニュース,⚪ 情報,10,"Silicon photonics expected to dominate AI growth, TSMC vice president says - Taipei Times","Mon, 31 Aug 2026 16:00:00 GMT",https://news.google.com/rss/articles/CBMidkFVX3lxTFBoLXZObUlYVmFDTEtDaXdyalFCM2FBT0hteTRKbHozUTVoaDNTaGhEdTVDdkk2Y3FRRVNxQTFrTWhYM1pPX2kwZ0x2c2p1bVFFVUpNN21pSVNaVzNraHdtdHFvelVPV0dNdTFwNXJ5Y19TZkNZR3c?oc=5
2026-09-09,光通信,,テーマ関連ニュース,⚪ 情報,10,"China Silicon Photonics Market Size, Share,Trends, Growth Analysis Report, 2030 - MarketsandMarkets","Tue, 01 Sep 2026 21:26:21 GMT",https://news.google.com/rss/articles/CBMiigFBVV95cUxNMTRtWFNULW5nXzBUNkRHQ3ZhSnRtcFI0NGRpY0hwTVBpNHpRWkFlbVRIVXZrZUpTVEFwQ2U2bzI1SVg1WEo5LVlielBHLXprYU1Felh4Tkl2VHgwbkJzSWlVdnUwS0ZIdXdRT2MtS21PM3ZxekJITm5vZGZOOTdvdVZoNE1UMy1kcEE?oc=5
2026-09-09,光通信,,テーマ関連ニュース,⚪ 情報,10,"Optical I/O for AI Chips Market Size, Forecasts Report 2026-2035 - Global Market Insights Inc.","Sat, 29 Aug 2026 07:00:00 GMT",https://news.google.com/rss/articles/CBMigAFBVV95cUxNNVd2X3JOV3J5dmVQZmxiekxMVmRhUGQ0WkRtMzI5OHhSOVdwVnNzckVWYUxiLVdBRHN2YWU1LS1KaUhrZjRmeDFPSFVHYzhBS0N2T0ZOQUhXVDFXZjNnM0hndUFtQm5fTWNBRUYwakRoZkpvelJqZ01KOXlCZDQ3cA?oc=5
2026-09-09,光通信,,テーマ関連ニュース,⚪ 情報,10,Understanding In-Package Optical I/O Versus Co-Packaged Optics | Features | Mar 2024 - Photonics Spectra,"Sat, 27 Sep 2025 02:58:45 GMT",https://news.google.com/rss/articles/CBMijgFBVV95cUxNSnd4UU1tcHZCY3hMb2lJcHhTQm5sNGZ3UWJoNU9OOEVXSHN0ZFdJdDBVbUxiNFNNc2FkUXlCOW9iUmc2Rjl2YmI0WDBfdElPTHpiQlg4ckNpaFg3eldLb2QzRWNWRWYyTm92bFNvdm51NWxxam1FdEpLYmdtYmxlS0dDMEZhZU1BeGhjaDNR?oc=5
2026-09-09,光通信,,テーマ関連ニュース,⚪ 情報,10,"NVIDIA, Lightmatter, Optical I/O... Why Is Nobody Talking About SilTerra? - Moomoo","Fri, 05 Jun 2026 07:00:00 GMT",https://news.google.com/rss/articles/CBMisgFBVV95cUxNMUE0eEFUVkJoSFZkaUpWczBoZFo5R2xlZ2VZdkVhOGw1eFB2OG1TSVI2bVZVTW43YnJsdkJUVWQ3eTYydEJGM1ExSzZQTTFGZ0gyaF8yOUdtUzJiNUZWOW1KUmNnYmM5RENBeUFtOW10amtvOTE5elRkR096X1d4QzIwUHFaby1JYzhaSjFoNEVkUFdvRjBPaUsxUDFEQkpVR001RS1VQV80ZUR0ajZ6ZEJR?oc=5
2026-09-09,AIデータセンター,,テーマ関連ニュース,⚪ 情報,10,Industry insight: photonics to scale AI data centers - Nature,"Fri, 30 Jan 2026 08:00:00 GMT",https://news.google.com/rss/articles/CBMiX0FVX3lxTE1aSEZwNk1tM0FhUUo2RnotRWo1YXltYk5EYkRmbTBpcFZkd20xN1NhUk1ScXFMNDh4UWNCSWdvZ001eWZwSExPeHlSZFZKMUY0bWw0c2EweW9YdmZZa0Zj?oc=5
2026-09-09,光通信,,テーマ関連ニュース,⚪ 情報,10,InPHRED Advances VCSEL and LED Solutions for Optical I/O - embedded.com,"Mon, 20 Apr 2026 07:00:00 GMT",https://news.google.com/rss/articles/CBMiigFBVV95cUxNMUEzSHpOVS1uUWU2Y0x1VWY2Z3V2RklXS2xmRVlzQk9TdG9CWmRJaUhwenZ4QzRNWXJwVUlYZ0htNmVPSkZBZE1YLUhzMlMxbWlmSU5VOXF2enU4R190TVExSU1lNm44aVhJWGpRcTM3Ujg1VC1PNzBIQWxIVk1fZWFDR0RhUUEzQUE?oc=5
2026-09-09,光通信,,テーマ関連ニュース,⚪ 情報,10,Mojo Vision: $17.5 Million Raised To Advance Optical I/O For AI Infrastructure - Pulse 2.0,"Wed, 25 Mar 2026 07:00:00 GMT",https://news.google.com/rss/articles/CBMinAFBVV95cUxNTEs1SlhPcElSdUd2cTdib1Q5TUp0VFRfOEpiVE9pb0ozM3J3bnRjNVEwS1lCM2c3WFJnVV8teVBhdTlqYlFlRGlvLUtubmpaZExUaXQ2MWxOVXRqSk5ocjR3NHE4dUFVMWhvUm5zWUxybHJqQzR6SnZ5TTRQTWpMRlZFekN4b19lRnVPUUN4cTJsR3ZtV3dpMW9xajPSAaIBQVVfeXFMT2VGZGxTMFV3LVY2Z3o5cURLakdKaF9zWDF5czZUbkFvZlVoRjRvNktfS0laT0xyc0ttX25LLUhGSkFsZzBDY3d4MGR3NDh4X294QXVpMmtRQmFNTFlubWNXT0lYUDdua0RmQjBuNkpDZkVBODItN0dsYUlqYllCVUNqMmJBVnd4SlZGNmlSZFFfRDAyRmJVeUsxcU9IUWJIVGJB?oc=5
2026-09-09,AIデータセンター,,テーマ関連ニュース,⚪ 情報,10,Silicon Photonics Lights The Way To More Efficient Data Centers - Semiconductor Engineering,"Thu, 16 Apr 2026 07:00:00 GMT",https://news.google.com/rss/articles/CBMilwFBVV95cUxObl9UNXhlMDVzTVhtZ254Uk1hemRKYzFYQ19iSUE3YlhfdmZ2QUs3ZWFwMzc3TG1mdTEtTk9oeFozRjF5MnhBYzhKT2psYWlTRUdwOEtkTk93MVJYRWwzSlRCUy0tZWdkLVg4eXVOY1RBSGpFcHJHRVlhR2kzMWFmTWg0aVh6aktJQzhxdm9GWFRYaFlTR0pN?oc=5
2026-09-09,半導体,,テーマ関連ニュース,⚪ 情報,10,"Beyond Moore’s Law: The Rise of AI System Scaling ：SEMICON Taiwan 2026 — From Advanced Packaging and CPO to Memory, Test, and Thermal Innovation - semivision","Tue, 08 Sep 2026 12:57:54 GMT",https://news.google.com/rss/articles/CBMifkFVX3lxTE9RVG91OEk5NDROTnhSd0hhS1BPaEEtTUJhQVl3enczN09mdEhXdzNLUXRvNE9lMkJiQU5wTU5XRHNXVVhvUGlidGlRa25SQzQ5ZmVMbEdwUU5GOURkTUltQkplTWtHdzY3eWdvbGwwc1h4OUQzZ3ZmYW5QamhqUQ?oc=5
2026-09-09,光通信,,テーマ関連ニュース,⚪ 情報,10,Optical I/O for Next-Generation High-Performance and AI Computing - publishing.aip.org,"Mon, 03 Nov 2025 22:34:22 GMT",https://news.google.com/rss/articles/CBMizwFBVV95cUxPaXp2Sm9ueWV5YlRuQ2JRcVh4YnloNmZlVmRhV3JHTjNMWTNGY2dmWVpOVm5sWG9TSjdvM2Z4TVhYQlktQ2pseHRRSjFiZzBKd0tNOVRvV29Cbjl5TFVrMGNrWnRLVWVPY0VDVWpOTEJpOFpBYkVUMW96VjNPbGowWEloMkdoN3RUNDVxOS05b0NSc0tqd1JWNXI4LVRxMWdZb0Y2OE1fOG9kZlpfRWpIT1ZYRlpGXzBVQklsN0xUN2ZPYzN0N1R1TzZucmloUFU?oc=5
2026-09-09,光通信,,テーマ関連ニュース,⚪ 情報,10,Intel Demonstrates First Fully Integrated Optical I/O Chiplet - intel.com,"Wed, 26 Jun 2024 07:00:00 GMT",https://news.google.com/rss/articles/CBMirAFBVV95cUxOU19zcm9uclpYNEdWY1VINEtYdWw3R3JKczBxOVhCa1AxeTNSNjNSX2Y0MTl3NUtOaHhWX0pjNXhsbVplRGtIWnlVR1RoclFDLTFFV3FHQXRXQnJPdEpXQm9Bc2NhOVhXMEliRXo4S0N0UkNNWEJsbUV4V1VVcFBmdEN0WC1RTDBWczBna0EwaXdIM2liSzR1b0xlZnJCb3lIMjA0NE9SNDZocnlK?oc=5
2026-09-09,光通信,,テーマ関連ニュース,⚪ 情報,10,"Exclusive: Marvell says AI's copper wall is nearing, with custom silicon and optical I/O set to scale - digitimes","Mon, 08 Jun 2026 07:00:00 GMT",https://news.google.com/rss/articles/CBMijgFBVV95cUxORkNxZGdpa3cyUUg2aFFkcHRVUmNUWkQyU0NsbTNEVnhRbmxyUzZmVTdLVHl2SnJLWW5nMTRFNEw1ZVFuWmJXTUhSUWFxNTFpSmstVm4zVDNJVkpIYTBjbzJTX3ZwdnE1TmNsb0FQcjVpdXBOZWVwX2VaY3ExZGVEZXd4MThnSTBJdjhPcFJB?oc=5
2026-09-09,光通信,,テーマ関連ニュース,⚪ 情報,10,SemiVision Panel - From CoWoS to Optical I/O : Mapping the Future of AI Interconnects - semivision,"Thu, 12 Mar 2026 07:00:00 GMT",https://news.google.com/rss/articles/CBMihgFBVV95cUxNTmUxRmNRN0RxTm13YTFpWXpyR3dheTdnZ3FOd2pNVnJmMlhrVkNuTUhFTmNEZEVCSDNKMzNVazN1bVhoWVZCcXdXbWJpVERNOGpOamp1dVdzQmtSV2ZCTmJpNXR0aEl1dVgtTTg1UDhNRVRhclpMNC14SzRCNkxvM2ZBS1lhUQ?oc=5
2026-09-09,AIデータセンター,,テーマ関連ニュース,⚪ 情報,10,OFC 2026 Outlook: AI Data Center Optical Interconnect Trends from Pluggable Optics and LPO to CPO and MicroLED - semivision,"Mon, 09 Mar 2026 07:00:00 GMT",https://news.google.com/rss/articles/CBMihwFBVV95cUxPOUdOT3RLanhQcVFnQzJEal9hU1BvbWRNemppX0xkRHZmY1Q4bDFyZUk1MGdiQjhhSGgzVWYzb2lDQTNHbzlmMmRwelhKZVV6QlZNdXQ1QXZGYTJHN1o3UGl2V1JJejlZVVZCcTJvT3JDWnY5QmxNUWhPMWFXd2M0TmNLZEhla0k?oc=5
2026-09-09,AIデータセンター,,テーマ関連ニュース,⚪ 情報,10,Vuzix Ships High-Bandwidth Optical Interconnect Solution for AI Data Centers - PR Newswire,"Tue, 18 Aug 2026 07:00:00 GMT",https://news.google.com/rss/articles/CBMizAFBVV95cUxNSWNtZlQyZV90QW10dUtCeFBuNFdDcE9WVk5rdWg2Y3A4V2NBdkJadzRkWXkwZlZrWjREeDNsOHo4aGYtQ0hCWi11WmRjOWRuSkNBY0pHQVp6My1GU1F4N2hZdW1nNHBDWXNSN1NMT2tTQ0FidXdkckFnd3NQRUJsbFNtZDQ5cFV6cGJsN0Y4TTNjc051TmdBNTFOLUR1b1ZESXF3QUYyUTgwZHhMVlU4VFp6b2w0TkNIcVh6d1dDN3BIM2NialdjWGJVZ08?oc=5
2026-09-09,光通信,,テーマ関連ニュース,⚪ 情報,10,Citi: Optical Interconnects Are the 'Next HBM' — NPO Pulls Ahead with 2027 Market Entry - finance.biggo.com,"Wed, 09 Sep 2026 03:35:00 GMT",https://news.google.com/rss/articles/CBMidkFVX3lxTE1SV1FZS3RFQXdrOWVDeWNjdzZtd2FMOG5USjMyNC03UTF3VzlQWTFJSTAyQ2pBTXFhS3R3VndqVEwwenUwSF9iS05vT2ItVFBVSEZNRWlObXhRV3ltZk1MaXpBU1QzYVRyOGJuSjY5UnV0cUVNamc?oc=5
2026-09-09,光通信,,テーマ関連ニュース,⚪ 情報,10,Quintessent Raises $40 Million Series A and Begins Sampling First Product for AI Optical Interconnects - Business Wire,"Mon, 24 Aug 2026 07:00:00 GMT",https://news.google.com/rss/articles/CBMi8wFBVV95cUxQT0lBOWdxczBfa1A2cTl2UXl4RTFEUzBaMW83c2wtdk1PTXd2UXRGaGdhZGRvTGowYTViNnNhcVRfR2lfbEJSZmNaQTVRZjRFcTk0TUpENm1NTkVfaG12ejJGMXhFTld3XzJMLXYzTy1ENmNnRWFPZ04wZC04N2R4V2RxR2poVXpoeGU5dG13Qnp1U09FbFZDZkY2TDZrU1RMZFYyc0J5YU5ScXdCUEdveG9yZlpPdVNGZGpiUzhaS0k2a3NvYVNBVndzUS1FMUZXQ1dKemJoaXlmVDFxNFdyYkNlZzA2eTBzTmxxbWVuVWVBbG8?oc=5
2026-09-09,AIデータセンター,,テーマ関連ニュース,⚪ 情報,10,"AI data center optical interconnect market to hit $144 billion by 2030, an over ten-fold increase from 2024 figures, according to new projections — silicon photonics expected to account for nearly two-thirds of revenue, driven by co-packaged optics - Tom's Hardware","Mon, 17 Aug 2026 07:00:00 GMT",https://news.google.com/rss/articles/CBMiqgNBVV95cUxPVXphMGU4T09TU1NWZkR5RFlmN2U2Ylh3YjBzeW9HaXMyTDFTOFNSdFE3VU52VXZFVlNoZ3NMVVJzM0kyZjRQMk84cFAySU1uVk5vVVFCcDdkMVA5V2hHVGxXMEZVelI2bG1vYzFGRlBhd21iLVgzVG4ydFlvOUk3MHZmZzJqcnpjUnhLd0Q1TnFnLXlNbEJyaDFzNUhWazV5eFAxdUtQMXRxT3FWdWhPMkQzRjJSRGh1ZnlPNDJwREZIZGs0MnZRd1phQzRBUjJTMVBxU3Uybjk3RjdaM0ZJMS1pY1F6Skh3azdFUlZWM1dPQlBKX0kyTkRPeXM4TUdpQ1lZekphVGlIVDRsTmZfM2hJT3FaZW9yRU52TXlsZE5BZTZNc255V0tscERfYlN6RGh1X3Awb0pSVDZFekxDTTBPVGJZdXJna01RZEl2RVJMR1NlcUR1V2xIYzBuZURqbDZwMVVuN3Z1YVhsRGRIOUNfMDVTckVhcVZFY2VHbk9iRGVDWkZySHZic1ctUVYyT3hCUGUzVlZPanRxWC1LUl9STlNnOXBKZEE?oc=5
2026-09-09,光通信,,テーマ関連ニュース,⚪ 情報,10,[News] InP Shortage Emerges as AI Optical Interconnect Bottleneck - TrendForce,"Thu, 06 Aug 2026 07:00:00 GMT",https://news.google.com/rss/articles/CBMiqwFBVV95cUxNM1N5bU9ERTN5WkZSdUJpMm1oem1uMmREaGZYN2dSNzMzemNyc1NTbEg5SFlOSHpXODgtR1BnWnNPWXh2MUJYelJEMW1kY2xjNWM4UEdtQlhvWG5KNTFkeFVVZFNrNURRSlJwSmVDeUQxODRvZ0lJQ2FDeS1NUGhrZUVNWHdJakNHZVdyYWxnanRYN2NxajFWRHFUdVJDNFJBdlVxT2RKbnFlNGs?oc=5
2026-09-09,光通信,,テーマ関連ニュース,⚪ 情報,10,"Citi TMT Conference: NPO takes the lead, CPO bottleneck lies in testing, optical interconnects are the ""next HBM"" - Moomoo","Wed, 09 Sep 2026 03:03:11 GMT",https://news.google.com/rss/articles/CBMiogFBVV95cUxPcHdvZ2FpenpfN0ZpZDlmWmdOYXpmMm9USlBHYXlFQUF2c3d4eURvZWN1czhrN3ZnMF9mazZhNHhEZzFydW1qVW50NDFCNlJNZ0dQc2JlRkc0Y3A1bS1KejVfNnQzR1c1N0hjNXl3RHNRMHB2N2NmMFpadC04R3UwNmVKd25nVkVRWnFJQ3g1ejd5ajdENUlaNl9kSmcwRFFSVEE?oc=5
2026-09-09,光通信,,テーマ関連ニュース,⚪ 情報,10,Inside the Next Generation of Optical Interconnects - HPCwire,"Mon, 24 Aug 2026 07:00:00 GMT",https://news.google.com/rss/articles/CBMikAFBVV95cUxQRmkwdVVZeUIxM1EyaTdGdEhNUTBPTzZsRTd4MkVpQmJ2Q1paeUNaN1VRTHVrV00xZVJad3MwbExEOWt6OVNjZGV4SUp1RHE0d0lHWjdnNGNOVlB0cjlZZ3M0V1QyR3J1SC1odzJUWXpXYlpHdENibFE2cXV3T2VOckZuWGZFbGFQcUZmNG5XRXU?oc=5
2026-09-09,光通信,,テーマ関連ニュース,⚪ 情報,10,Huawei believes NPO is the optimal choice for the next generation of optical interconnects for AI computing - Developing Telecoms,"Mon, 07 Sep 2026 14:49:27 GMT",https://news.google.com/rss/articles/CBMiigJBVV95cUxOcUtRN3dMM2RxTmM2TlhXcnUxM0Q3RXlhVFlDeDQwbWZGejJlQUtON1BENDNCTW9HeGwyOXhYTGdyUmcyRS1NS09WRXZSbnBaN09HUEdoYXBYNS1QUXhPODY3X1F4YklpeXVrbGVGeXJUaGlCcFBFa3BlUzV4QzJVazdjQmdGallpd0lodFFFQktaNXd2MkdwcmxOc2tnWXdzMzlRN0RUOXdtWEQxR0VyX0tpQnhnUWo4VkFTdGlEbWRGOXloRzJmUTJfeGlrSWVZRDRMMThPWTVFVFpuR3BfR0liNzNZaXFISUpBZlVMSlBvS2NkRHEwUGR0TG9ta1ItX1haek9lSjdHUQ?oc=5
2026-09-09,光通信,,テーマ関連ニュース,⚪ 情報,10,Transfer-printed yellow and red InGaN micro-LEDs on diamond for ultra-low-power high-speed optical interconnects - Nature,"Wed, 17 Jun 2026 07:00:00 GMT",https://news.google.com/rss/articles/CBMiX0FVX3lxTE9Xd1djRTJnU2QwVmtybGRPaWJ1bjRnZXRvRWZHRHVqaFVOajNqbjVfNER6VlN4U0ltU0tHaEp1LW54QlEzeXJudnA5X29YT1otUmJSeUZJN19yRXN3YmNF?oc=5
2026-09-09,AIデータセンター,,テーマ関連ニュース,⚪ 情報,10,Island Roadhouse Data Centers Details Behind-the-Meter Atomic Design for a Low-Water AI Data Center Campus in Missouri - PR Newswire,"Wed, 09 Sep 2026 12:36:00 GMT",https://news.google.com/rss/articles/CBMihAJBVV95cUxPaFNtNXhUMFU2QTFhS1VIZFZSQ2Jla2c2ekpxbmQ4NXF4WUdONnNCOEY3QjJDZTlwaUxVRkxGamU0eGxXODF2WC0tSkxqU1VjQUlUMGx6cEgwU0JiajExTTMyVUJmNk1YV2FMN1ZPNV90bDVlR0ZublF5MlVOOG5iM2JEVmZqTGJiUFBFNWpnTW43SVJZUE9MX3AzYURZd05STlRYeF9UVG4yVmZ4QWtic2dSYUQxUkE4RDlYTXlwd0VHU1cyUzBaM2pSXy1oT0kzNEczeTdXalhOd3RudVJmaVphS1hueDNpQ3k0TnNUUkRfVGx3TGIzN3dNYnIyclFoYzhnYw?oc=5
2026-09-09,AIデータセンター,,テーマ関連ニュース,⚪ 情報,10,Nidec Unveils Liquid Cooling Solutions for High-Density Data Centers - Refindustry,"Tue, 08 Sep 2026 21:50:00 GMT",https://news.google.com/rss/articles/CBMinwFBVV95cUxPa3RFYkxuckpSNFJSc214bm96VXZnOTBOSUNmbWRoeTQ5QUJROEJaejhoeDM3S290QnVNVXBOOTFCODltOUhBTk5Va3pNOXk3RTdLZFNzcUhUZEs2UWR1VUY0eHNCcW13Q0F2TTNQWUNHWUxkVGZqb003YWlUUW9EakZFaDNJVTJiMEJLeWJfdld6V01Yb3hNM3ExWVdCUDg?oc=5
2026-09-09,AIデータセンター,,テーマ関連ニュース,⚪ 情報,10,"Data center water use in Texas: What's myth, what's reality - KVUE","Tue, 08 Sep 2026 23:45:00 GMT",https://news.google.com/rss/articles/CBMi1wFBVV95cUxNdVEwM0trd25mTUZGUmtZLXRpVHY0QnVjM25DRUlBRUpsTDRXNTdJbjQyaGVTUW1ScllxeF9OdTVWdjJmWlR2VjY4WURSQmlXWEFNOTIwOUZDUlE3QlRGUUtaSXRZdTFIWVVMWWdUeTBfc09ONmY2bmxqMkU4WEJlTXNnemtKSlh1akVpM09wRXBUOFp0SExIOGJ5SE03OU9vLWJhVHJuTUNSRGdrVWRERUxOZVVBM3NORVV3anY4eDVPZ1k1cFNnajBKa0tnRDdPcld2UEM5aw?oc=5
2026-09-09,AIデータセンター,,テーマ関連ニュース,⚪ 情報,10,"Power, cooling firms see gains from data center buildout - Finance & Commerce","Mon, 07 Sep 2026 20:49:43 GMT",https://news.google.com/rss/articles/CBMigwFBVV95cUxONW1CT1N3UER4OEE1a2NzajZJTmpSOXRrYlBBQnNTbHlCSnphbnhJaDRDNnVlbk5Pd3ZTQ1pnS192WUI5amhEakxZaDhENUJFS1FZWHpsdEl1SFFWaG9TbC1ScFo5VTIzYklwTEE2QldjSGFHN0pYcWJxWkZaVXVEREp5bw?oc=5
2026-09-09,AIデータセンター,,テーマ関連ニュース,⚪ 情報,10,Stäubli Enables Next-Generation AI Data Centers With Integrated Power and Liquid Cooling Connectivity - Yahoo Finance,"Thu, 03 Sep 2026 14:23:00 GMT",https://news.google.com/rss/articles/CBMimwFBVV95cUxQU2U5N0dxazJTeEdoWkVWRlpjYmxPUWxJc0hBdkVTSng3STNhRTBpcldMV09yYTJuM1pFYXg0d3FwU091TkdBT1ZmdEJod2FaaHhjd3h5Rm9IUEQ5cENFOXh4LWFQZlo1dW9ZMXBBSmduR0hkTmZyLTREcUs0VHY2X1lzdkk2R0FKV1BNWUxJb0s1M3BOejgyVzVWOA?oc=5
2026-09-09,AIデータセンター,,テーマ関連ニュース,⚪ 情報,10,"Liquid Cooling Options: RDHx, Direct-to-Chip, Immersion - Data Center Knowledge","Tue, 25 Aug 2026 07:00:00 GMT",https://news.google.com/rss/articles/CBMinAFBVV95cUxPdUdyRll0WWZXMDhjLVF6dVFTMmdCaU5ZN1VNejdwWDV4MXE4MTgydFhHZ0xwYWVET1ZrWDZEbnZDSnM5eHA0amI0b1lMZTJuX0hfUTNDRHJpNDVTWEdwVTc3SEdyMmZodVlTOUFjTzQ1cV9MQ3BMcnFuWllaRWFqUGNfZDdxNUVqX2g3Smc0d0t4WmlNU0k0OU03eTg?oc=5
2026-09-09,AIデータセンター,,テーマ関連ニュース,⚪ 情報,10,Liquid cooling enters the mainstream in data centers - JLL,"Tue, 01 Sep 2026 07:00:00 GMT",https://news.google.com/rss/articles/CBMikAFBVV95cUxNQ2hYbWUya0RLUTNSMVY4eGh5eFVDV2hFaTdKMkdseWppS1JXVlhOSkpxWFhHV2dud19PbXhlamVkU2NJQzFrNmtRQzZENTQ2SVRWS0ZfWnUxWWJEbmVWNXBoOTAyYWNnb0YxSVkzcEVlRFZ2Q3ptc1RzRkR3YzZpQXd2TEFrODc2X2NzNFdydnQ?oc=5
2026-09-09,AIデータセンター,,テーマ関連ニュース,⚪ 情報,10,Immersion cooling vendor Ferveret is thinking inside the box - Data Center Dynamics,"Thu, 03 Sep 2026 16:02:39 GMT",https://news.google.com/rss/articles/CBMiowFBVV95cUxQSEI1aXpCRVhLZk5pM0VibFlDM1ZCbU1Selh2MFBPSjFldUx6VGFzdHY3YldmR1RNSjNmUUdYVEI5REp1X1VTMU1SM21jdElqemVVMXNYcnE2YkV4MlZ6YXUzaVdEMmdwTi1wWkJIUm50MHpGUEdoS1I2TFFxTWJuQUxsLVFGV0gtU2wwUS1CYjNBWXVreVFiTVM0dzR0STI5Z3RF?oc=5
2026-09-09,冷却・熱管理,,テーマ関連ニュース,⚪ 情報,10,"Northeast Securities: The Era of High-Power Heat Dissipation Begins, Immersion Liquid Cooling Media Breeds New Opportunities - Moomoo","Mon, 07 Sep 2026 06:49:09 GMT",https://news.google.com/rss/articles/CBMirAFBVV95cUxPN3o5LV9uOU9RT1RDdHNhZ2UyYWJtdEFlODNpbV9FNGczWWpQY01wOFU1R05CaDBhd1BBMzNlRG1HRmN6OGxaNHg3VFlmY244b2R5cFVVYjUzTnVEN3g4aF9yMzV0R3NmTUdoWURsOHJHNUtHZzZKbF80WTVrNmp4MlBvLV9OblI3R2gzRUFTclZBcF9sYnhJOXBack8weEtNSVQwdFkwSjBvNDhw?oc=5
2026-09-09,冷却・熱管理,,テーマ関連ニュース,⚪ 情報,10,"Immersion Cooling Market Size, Share, Trends, Report, 2034 - Fortune Business Insights","Mon, 17 Aug 2026 07:00:00 GMT",https://news.google.com/rss/articles/CBMie0FVX3lxTE5LWjFQMG5rdVhyRi02dVNQek1lWjNPbW5qNkhtMWIxbzNPSHFyZ0p0N2s3RGlTS2RTWGJ4RE00OFgtRlJsR3hlMDdINmg3cTY1WTlhaUJBcGFRa0F4dHBhNmR3MTJPVGpaOXI3ZWE5Y2xUUkdZeDlQRzZBNA?oc=5
2026-09-09,AIデータセンター,,テーマ関連ニュース,⚪ 情報,10,What FMs need to know about data center immersion cooling fluid selection - Facilities Dive,"Mon, 06 Apr 2026 07:00:00 GMT",https://news.google.com/rss/articles/CBMiuAFBVV95cUxNVFVsT0dFTXZRYWRHT1VBOXgtc3lxQ0RpTXFCTmJuYkRHYy1VdnBvRkxCZ0VjMDNNMWJFS3ZLUUs1SnJUMDU5WDFJZ3N2N2ZtYTdLNlZUTnFUTGx6S1R4TlNpalllNWFwVWJ3RGp2ejhneTVyYzBSOVlZSmhDOHR4Rk9KY2Ywdm5QVWgyZWNDZ1JvWThibXV0eXJISXBaOW1FSGtlUlp1OG96Q1R1R0RfZkdmaEFqRHg0?oc=5
2026-09-09,冷却・熱管理,,テーマ関連ニュース,⚪ 情報,10,New marine battery uses immersion cooling to prevent fire spread - Interesting Engineering,"Wed, 02 Sep 2026 23:20:00 GMT",https://news.google.com/rss/articles/CBMimgFBVV95cUxPSlJtdm8wQVk0b0xYUE5MLXlqRmEyN2pSVFhsOVRERmFWZjdtckNaUUNwZk8tRkZ5d1RLVEUwYjB0UC1BNTlVa2xtS1JDbUI3dXEwa0xJR2pnZU13ZUZ5OEhIc1RtZUFkdkh2Y1p1a2h3cjl4d0lpOElqUlpteGU2NW53RUFzN0tUWUJJYjJvR3hqYzN4UEVZUFFR?oc=5
2026-09-09,冷却・熱管理,,テーマ関連ニュース,⚪ 情報,10,Beat the Heat Clips | Cold Water Immersion Cooling Technique - College of Medicine – Phoenix,"Thu, 30 Jul 2026 07:00:00 GMT",https://news.google.com/rss/articles/CBMipAFBVV95cUxQaVpSeEgxUFVfNzRuREs3eWZuT3hrRnM0bGJ0T191NjJfMXZaS293Z1NESURSNmRqVG9CVWV5cnJLRTRCYlRyNG5sdFRNek1xRFA3VV9UYjA2RS1jcm5haS00bDAtTHdtb0J3SG1kRHpoaUZWYnJGOTVSZ2FJcXNzYk5NdXhBQXhfRDlVcEdwTHZ6OHR3UjBwbnI4WHZuM1E0bjlWNg?oc=5
2026-09-09,冷却・熱管理,,テーマ関連ニュース,⚪ 情報,10,Enhancing battery safety under fast charging conditions through spray-based immersion cooling - EurekAlert!,"Tue, 14 Jul 2026 07:00:00 GMT",https://news.google.com/rss/articles/CBMiXEFVX3lxTFBBdVkzT1FsVGZPV2FzZkxNM2FrQmtfX2xuQlhVdkhxU3FRYmJ5Mm5HTXhsT0RNcHlrdDRaZGNjRml0VjUtbzhLVWNJa1FJVUlmb010Nll0b0ZhM1RH?oc=5
2026-09-09,AIデータセンター,,テーマ関連ニュース,⚪ 情報,10,"Immersion Cooling Market to Reach USD 4,917.0 Million by 2033 as AI Data Centers Adoption Accelerated - Yahoo Finance","Tue, 10 Mar 2026 07:00:00 GMT",https://news.google.com/rss/articles/CBMihwFBVV95cUxOMHZ0T1VzYWJfWVNwQzFHRlBqaVBuZElVTDZ2XzAzcHplSmNjM3dWVkpjdlhpanBVMm9SZFphbHR6Z2cwS2ZXV0loeDdQVUpNZ3JSbUhSWnFRU3RTMVAzWDdXRXJtZkRwa0JiY3BIRjVPQVpvcWQtQkdiUDhSZUdFWTJKeE1MY28?oc=5
2026-09-09,AIデータセンター,,テーマ関連ニュース,⚪ 情報,10,Direct-to-Chip vs. Immersion: Choosing the Right Liquid Cooled AI Data Center Architecture - community.nasscom.in,"Mon, 07 Sep 2026 10:28:37 GMT",https://news.google.com/rss/articles/CBMivgFBVV95cUxPamxobDVfMVlwU004eHRVVGc2WmJiOC14cGNxNEdHeVF4MmoyUnRrUDgwb3p3RlE5VHN2VXBITF8xX0RnYm1LNXBfM2ltbEl2V3R4cnBaRTE2T25makZFYzlJNld2U0dyMnFHVjZoN01HMTNSdV9IODdzRVRXc1QxRk1ySGpkVUxaZ2I3SlFiX3g3ZlJLcTN5N0RkaUxEQmw1ME5YSVJuWDVMYXZVaWxHUVFPRkI3QnVhQzk1TXBR?oc=5
2026-09-09,AIデータセンター,,テーマ関連ニュース,⚪ 情報,10,Transitioning to Immersion Cooling: Ensure Success with High Performance Infrastructure - Data Center Frontier,"Fri, 30 Jan 2026 08:00:00 GMT",https://news.google.com/rss/articles/CBMi4gFBVV95cUxPaUp6c2ZqR1pXazl0dVJOeDNmYVpYZHFUMDJOV0VNQlhNQzJydGk3cXU5ZlNDdC1rV1F2QlVrMUZLdHBISWpiblMza3VOUEh1dDJXbHl3TmotOXBHREl6X0M0UW1SSV9neHR6eHp2RXhpMXhKVXBRLW4xXzBvckc4bTF1NlEtbjhRdVNISnJXSFNNVmlFb0dKcHBrZWJhWW9MRlJ5QmdHa1RyNkZyTlBpQ2dEVDZSamRZbU1ET1hURU81ZkVRZTlvSjV1Z2UtekhjbG9ja0l4TV9TcncwTEo1ZEZ3?oc=5
2026-09-09,冷却・熱管理,,テーマ関連ニュース,⚪ 情報,10,EticaAG contends that immersion cooling is the next evolution of BESS cooling systems - Energy-Storage.News,"Mon, 27 Apr 2026 07:00:00 GMT",https://news.google.com/rss/articles/CBMiugFBVV95cUxOQW1Wd0p1WXRfd0g2N1hMZ1o3aDRDNTdkS0R4ejA4WlVWNXJBSWZXSnpHcDNOLU1VVzFqVGlTTmt3M2YxZzJ1QXBNTlQ5NEtnZlZXUmtpOFRIRVNOajBfX3VTXzVzaUFJRFoyMi1sVV9uQ29XaENXU29TeGxaaXUwU0NUSUk4WV9EZ1NxRGNseUVDMzU5czB2QXN1Z1hfOVdwekNJbm1mVWlIZ2dhSzZqTDZneENrR1EzNnc?oc=5
2026-09-09,AIデータセンター,,テーマ関連ニュース,⚪ 情報,10,Infinium Launches Infinium Edge™ Platform for High-Density AI Data Center Immersion Cooling - PR Newswire,"Thu, 15 Jan 2026 08:00:00 GMT",https://news.google.com/rss/articles/CBMi3wFBVV95cUxNdnA4UHBvSUhnaWY5ZlVtaE9UbXlRTGpPSGVSUWJrWk0yOVNhX1BKeWZaa1c4eklMSEQ0SERwbHc0dksyMmNWYlA5QWhjUXkxUUhqV0o2b0FaWmN6R2JzQ2hxSEdpRE11UTRVSDh5bXYxYnZFMnVQZ3ZPY0ZSWE9KRXZrNFpBWnlOTTRpSDV4UTlDYXB3X3htcE1VV2dBY21OYXVuVEM0eUlDSTNmUXUyWl9uYmVIQVVxTVdlbzFqLW9rbWRwbnZkel9zSDRlWW45ZEp5R2prbDUzM1ZLZDRj?oc=5
2026-09-09,AIデータセンター,,テーマ関連ニュース,⚪ 情報,10,The Liquid Cooling Revolution is Here - Data Center Richness | Substack,"Thu, 30 Apr 2026 07:00:00 GMT",https://news.google.com/rss/articles/CBMif0FVX3lxTE1CaXA0MDNwZGhvZW5TcWl0dmh4UXc5RFZUblZrRWZuX1p1RENpQklTaWJGa1psU0xoZXEyajlnVXkxWWZFZHI3VnlPQUNkdGJOMUhMTjBhTjVLbFBTMXJBV1hnT3ZtYnYtNVpYa3RNUTF1ZWloR2Frc25xVlh3UW8?oc=5
2026-09-09,AIデータセンター,,テーマ関連ニュース,⚪ 情報,10,Malaysia to launch palm oil-based immersion cooling fluid for data centers - Data Center Dynamics,"Fri, 14 Aug 2026 07:00:00 GMT",https://news.google.com/rss/articles/CBMiugFBVV95cUxNM3VzekJIMTB5X3F6cnVZcGp2VkVaRXlRMlV6Zm9tRmRZSmxRVUhIcWQ3UGxhcDNPZk1keC02V0NJQnU2V21zQkVZTmU3ZzluZUVINzBveXZKSDhpY0RDZC1zSmRmMnZRVndCTE1ZSEFEMzU2QmFQWWd1bXEydkxUR01RLVBwRkRCRGlLSEsxb3ZTZC1WZUx3TDkyV09vc0JYLXJ4RFZUMkZEaXJNMl9UcGZKRzhtdTFxaGc?oc=5
2026-09-09,AIデータセンター,,テーマ関連ニュース,⚪ 情報,10,Castrol signs MoU to bring immersion cooling to Japan - Data Center Dynamics,"Mon, 27 Jul 2026 07:00:00 GMT",https://news.google.com/rss/articles/CBMingFBVV95cUxOb1I5ZzQ3RW9GSWtKNkpDTEdJWWlCdjJnNjJsdDhaY244NVlNWGMxb1JKZm5UcURzYnRmR09CZEVLM0sxZl9OYTJ0UWY4akFhaXRLc1FmWUlVUmFIemhGVFZiVmRHeXdJWUl6X1NUOS10Y1h2WGp6YW42NHpJNTNLcXlwWUxxYUVZREVmRWlEN3hCRGxHT0FFOHlNVjkxdw?oc=5
2026-09-09,AIデータセンター,,テーマ関連ニュース,⚪ 情報,10,Immersion cooling and IT reliability: What do the numbers say? - Data Center Dynamics,"Tue, 13 Jan 2026 08:00:00 GMT",https://news.google.com/rss/articles/CBMirAFBVV95cUxQb0tLVTJnUmhIRFFySU1peTIzVEVCMGRHOWtUdlJkMzRwNncwU3MzUVNmbEJ3eHFuLW00NUlhZFVQTEtKM2VUUVlGWHk0bEtZaHBHNXk4WEM1RDNFQlhXQ0V4bTA1SkVtcHVHaG1mckZoVDdXQjV4WWJrNERiZ1lMRWNCS1MzUUFrRU9IUzVCQjJyQWZMS0xVeWZQYjQyT1JlMUpMa0dxTDh2emtM?oc=5
2026-09-09,AIデータセンター,,テーマ関連ニュース,⚪ 情報,10,Korea's S-Oil and GST team up on immersion cooling system - Data Center Dynamics,"Thu, 14 May 2026 07:00:00 GMT",https://news.google.com/rss/articles/CBMiogFBVV95cUxQcDEtNk9TdkVsN1NiS0h4bUN0RktHUl95Sk9JUERUZ28zSHBsaWJYUXFEbG43OHFsN2ZCbFprSTU2OFJWMVphMzRuR3dsMVd5RldQQWxoby1nZ0VDN19CMEVJWkpSN2JpaFpnNTZuMWQ0VEROYkdVTjJuX2R1dU5FczNkcnFxa2NocGppRzUtOGM3YkJLTkJuTkI1aUtRV1hXOUE?oc=5
2026-09-09,AIデータセンター,,テーマ関連ニュース,⚪ 情報,10,"Trane makes data center reference kits available in Autodesk Revit, Forma platforms - Facilities Dive","Tue, 08 Sep 2026 16:28:12 GMT",https://news.google.com/rss/articles/CBMiuwFBVV95cUxNRlVIRWRubjFqdVRxUXhrRThNeUVJOUxNenA3bW95UVd4YTQxU282S1VmQ1MtM2hESXUzdVE1OHNPa2tMWHRUM2JidWFQZmt2d3hQQlQ1ekVsN3pPem9LTzFDRVFJSFJ1MXpUWkt1WWRsSTVidlpZa1hWNnU0N3ZxWm5rb21od0NzY1FzemxTeE9idUpmNkYyTk4zdUlXU09idmR5dXd2RTdkcHlmdzRITXllTzNFNkF6SFFJ?oc=5
2026-09-09,冷却・熱管理,,テーマ関連ニュース,⚪ 情報,10,Cooling Down from High Power Demand with Thermal Management - IDTechEx,"Thu, 03 Sep 2026 17:46:46 GMT",https://news.google.com/rss/articles/CBMirwFBVV95cUxOWWdMQW1kOGtLaTFvNzVqTHFJWW85UUh6Vnh6aWhzMDRNeF9QWG5Dd3VzSEgyX3dlMk93aTl4N0huVEtZRHU3RVQ3VTdaTnp5dFFDLUcwVzY5dExDVFNOVTNNR251YlJaNXpjSmUzTl94VWdrRjAyMmFzWXY2SWdpZ1lycjVqVVhScnU1ZU53UGNPZlZfZXNBTnpaM0QxbG9lZGxWS3JCMHFIeUp4QVZn?oc=5
2026-09-09,AIデータセンター,,テーマ関連ニュース,⚪ 情報,10,Data Center Thermal Management Market worth $32.38 billion by 2032 - Exclusive Report by MarketsandMarkets™ - PR Newswire,"Thu, 06 Aug 2026 07:00:00 GMT",https://news.google.com/rss/articles/CBMi8wFBVV95cUxPVDhMUUhXV2xBMTk5U0FGcmtmTHVsYzVTVUVwQzZ2eTBpMzNCV0E0cmJfSjZPdU95MEk5NjZwOUQzZF9lVldNQWwzOF9oSzJwMFBaZW9CRm45allXOGNaejhIT3JIN1ZwcnVSajBReGdhU21QazFsSjlfMXlGSlhxRFNEdWhRNXoteWFfdHYzMXRaV2Y3UExZLVBPMEd2NHZnTDhCWW51WExERTZkbUh0X2NqSU55MUJYM0dKYlk1VVIyYzVNeWZOY3M5Rm1CS2N4cXA5ckFzVlhiNmQxWUgtRmVxc1haZlRsWXhsaWJ0LWdobFU?oc=5
2026-09-09,AIデータセンター,,テーマ関連ニュース,⚪ 情報,10,Data Center Liquid Cooling Market Size to Achieve USD 40.25 Billion with 21.0% CAGR by 2035 - EIN News,"Fri, 04 Sep 2026 13:53:00 GMT",https://news.google.com/rss/articles/CBMizAFBVV95cUxOZXZLZFNYXzc5OVVmejNCOFZ4SUxHY29Jd0xHZElPNGMzOFZ6RW9BYmxndG40Tkk2M1JQOExITDBQNmpkV2hOb0dCa29kaHVkcGJ0VlpuejZIYUZLeHcwNjRZSlFMOVl5UDlYT2kxdWdpRThmemJuU1c5VFA2dWQwRFlkcXF1TUFUMzN4c1hCVTNVNWY0ckFSWWlfem5kbV9aMWxuN0pxTDJ1QkJtcTdDdVQ0VjExSkF0TWRyYW1LRkJQRVdQNUFuQnpzMmc?oc=5
2026-09-09,AIデータセンター,,テーマ関連ニュース,⚪ 情報,10,Data Center Thermal Management Market Report 2026-2031 [300 Pages & 250 Tables] - MarketsandMarkets,"Wed, 27 May 2026 12:49:16 GMT",https://news.google.com/rss/articles/CBMiogFBVV95cUxOUFdqSGpFckJTSUdmSkk1dEU1V3Fhd2o0bFBBZ0ZhTDVyMmJfb3hBYlREQWllX1R6dHZjLXBDNUNPbDZNdktKbWVKVWdJSzdGTDJVbTZFQzcycFpqOUVHRFFpTmpMS3ZsQ2tzdzMxQWh6OWJud2ozYXFSX1NpTW9STFZtc0d5blBYR1UwZzJVdnJzbWo4a084SEpFTVRnU25mcUE?oc=5
2026-09-09,AIデータセンター,,テーマ関連ニュース,⚪ 情報,10,Why cooling is now a strategic design function for AI data centers - Johnson Controls,"Fri, 28 Aug 2026 07:00:00 GMT",https://news.google.com/rss/articles/CBMi0AFBVV95cUxQdVFfcGc0T19GVFltaUUtMjFzQ2RENGxrSmVtSllsTmdRVXppZG8zT21mODkyMTdVN3FiSlg0RWpRR3NDWUtYaGNmR0tzTEd2UjVKRm9jdjM1QmswZ1YtX09UWHVCT2NuaHBCcHNmT1V3M2xVZzBpdlVBTzBXSVE1dDg2Q1Y3NnlHMnRVNzllX0FCSkN1cThFeUo1LTdzNWM4eVAzVVN5U05EZkgwdUhuNlFoUWZPSEYtRTRwYnNBcUtJLS1jOHN1S2ZuUFg2OFBP?oc=5
2026-09-09,冷却・熱管理,,テーマ関連ニュース,⚪ 情報,10,Valeo and Calyos Revolutionize Thermal Management of Chips - Valeo,"Tue, 09 Jun 2026 07:00:00 GMT",https://news.google.com/rss/articles/CBMi_gFBVV95cUxPc0J4VlVuN1VBTUZMZTl4eFJIV01kWkdvRnV4YjBLNUxIOTBGRHNmcTgyZTY5aFBhU2pMN2ZOX1V1RkRQd2FzeExSTTJ4b2p3OUt0dWkxclhza240MVFKa3lzallzQ19PWF9aOEh2dXpZbU5Ea25JSlhKcWt5eC15Q0tydWpreGdHZVJlemZCcHB0SUJnYjJ6bWtHN2Jxdy1pWmZKXzlwejJiejdWT1lhdUZYVHlXWTdtM3h1cUlJalpMQ1F6SmdZSWt3RE9MUk1iRS0wTDJTMW9hWVVrTXZtVlA2eGdEcXFid0QwU250NUs1Y2RVZ0xjMGdGN0lyUQ?oc=5
2026-09-09,AIデータセンター,,テーマ関連ニュース,⚪ 情報,10,Stäubli Enables Next-Generation AI Data Centers With Integrated Power and Liquid Cooling Connectivity - Morningstar,"Thu, 03 Sep 2026 14:23:00 GMT",https://news.google.com/rss/articles/CBMi8wFBVV95cUxNdExVNHZvdGJLc3BSQmh0NUdSQndCWEZJNWc3bl9kQlZLazBhdnNwMDZCLXpnSUxITG5zc2J1YThHaHl6UElkZko2M29jbXk4R2JhMUh3VDdZSk5fQWV3M2ZrdnU5Ukw3WHktLXU4Rm5EZlJwU3R4RmR2VHN1azVkRzZYOERwd05SalRtSm1uV0UwcmVyYzJZRW1Ea2NEQ1ZVRndpRFl0VWlNRXVzSDFBWUNRVllqdFBnejYtOWJMRU5MMnhaQlJCX3lDdHRTRm9PdllxR05tR1Bfa3VESGF1LWxLVDJTRUVzU1dLcS1IUmJqV0U?oc=5
2026-09-09,AIデータセンター,,テーマ関連ニュース,⚪ 情報,10,SLB’s $4.1B Kelvion Deal Expands AI Data Center Push - Data Center Knowledge,"Mon, 31 Aug 2026 07:00:00 GMT",https://news.google.com/rss/articles/CBMiqwFBVV95cUxNSmx1NWExZ0xadkR5UFJIbzJhenJ2Q3FNc0FaZVRZclo1SkVaMXRoQlJtQ0liWTd3OUNyZVRlcjVIRHJWMnFDQVFXbG1wMkNVUzZqNDF4cVpJNWxqU2UwUnAxakJ2Zl9Kb09kSXNmWTdfWmdYLVIyS1dnRlM4enA4NnN4eUpLeG9tOFY3bS12bnhQTDZtOW5EOG9iMkc5UmJOVnpTUDFNNmhjZG8?oc=5
2026-09-09,AIデータセンター,,テーマ関連ニュース,⚪ 情報,10,Trane and Eaton tout integrated designs for AI data center power and cooling systems - Data Center Dynamics,"Wed, 19 Aug 2026 07:00:00 GMT",https://news.google.com/rss/articles/CBMixwFBVV95cUxOS0pjVUFTQS1feXd0N3JVN0JTaDlqbXZ3Z0doaG1YRXZ6RlRvd3RUTXlWc3RaejJWaTlsM3BIUDBLZTdDbVNNWVNSVTlJdmlYUnY2UHo3YWtkWXJKVWtKV0RuWnk4Q1dSc01SOWcxYVZZMm91S05lNHduVTU2R2YzSmRybzYzOUt2ZElqaWR0c0h0UUNkNzRmTXBfd2RiLUpIaGZzLTRVeWlIcGI5dXpsTmkyYVl0QWw3V2xCSmd4QlRBZFcwU28w?oc=5
2026-09-09,AIデータセンター,,テーマ関連ニュース,⚪ 情報,10,Thermal management becoming inseparable from data center operations: Trane executive - Facilities Dive,"Tue, 12 May 2026 07:00:00 GMT",https://news.google.com/rss/articles/CBMiuAFBVV95cUxQWkFvN3NnRTQxU1VSUDNtd2FqNm5hLV9kWEpGcjJlZFpKOTUzdVVucVdpYXVId3A2RTFuaGhfWVRTbzJpWTNOWXlxTTA0NFJGNkZHX2gtcFlqem9fcFIyYllVbnJGaDV5RzBEb1AxOFU2ZWphb3lka3VINGhUbXktWU5fME90Qy1sZGQtTWUtZ3NJNGxnMHdSalNESFIxUTYxcmpEQkhuNmZWVFNHZndRSjE4RUlsS3VF?oc=5
2026-09-09,AIデータセンター,,テーマ関連ニュース,⚪ 情報,10,"SLB to Acquire Kelvion, Expanding its Role Across Data Center Infrastructure - SLB","Mon, 31 Aug 2026 07:00:00 GMT",https://news.google.com/rss/articles/CBMibEFVX3lxTE5rVW9iUk4xd0pRWnc5RzhkZWV3VEQ2ell5S2JLajBmMzhfdERfVzRwR2lhTjIyajYyOW5iN1RvSzRSYkRKNF9fbnp4YXZJUHpfRkFZMUlNTDZkWDg3OWZuSU8yWU85cy1xR19BMw?oc=5
2026-09-09,AIデータセンター,,テーマ関連ニュース,⚪ 情報,10,Part 1: Driving Data Center Efficiency: How Alfa Laval Turns Heat Into Opportunity - Natural Refrigerants,"Wed, 22 Jul 2026 07:00:00 GMT",https://news.google.com/rss/articles/CBMiugFBVV95cUxNNW1KLVJtV1RBclg5S0RKeHNZZ0xhQWNBV1ZxdloyU2kwX3NEYV9IQ1RrNDMzVFFxUFYwY0x1a3BsWjJZbm0weklWOUtlZDQ2bkd5QUgyQm56MzJZVkoyRENHZWVuRGd3NXJYZ3g5S201dHBLLURqVWhxTWxUd1g5WkNkZEo5WGctUnQ0TEtwbVJhYWV5Rk95blRBLTJRX1VBQ1BTNHh3NHVIUTc0UElFSjNyR2pEODEtRUE?oc=5
2026-09-09,AIデータセンター,,テーマ関連ニュース,⚪ 情報,10,Data Center Heat Exchangers Market Report 2026-2032 [300 Pages & 250 Tables] - MarketsandMarkets,"Fri, 26 Jun 2026 09:34:28 GMT",https://news.google.com/rss/articles/CBMinwFBVV95cUxPYXVGVnZVOVNPMXZpai1YM25fWUFCTUpBSk1DV0ZSd1g5TjNkUlR5Q0Mtb2FJSjN3OVl4ODN0RHZkMHB0N2REMWlHTmNKeHFFcHdON2VlcmNtTzd4WmQxaDU0TnVSMXBrQWN3ZWVSTkJhQVBmd0VnTmRVSnBRM0xyYmx4SUd1M2JXaTJhNklyUGw5Mms3RDhTTDNVeldpX28?oc=5
2026-09-09,AIデータセンター,,テーマ関連ニュース,⚪ 情報,10,Data Center Heat Exchanger Market Size | Growth Report 2035 - Global Market Insights Inc.,"Mon, 23 Feb 2026 06:13:23 GMT",https://news.google.com/rss/articles/CBMihAFBVV95cUxNVkJDUjBfbFhNYlR6UjJhaG5YdTdLaFFaU0xELXhtZUY2MW83R19mRTNFVW9MYWx2ZE04ZUgzWnpTci1DdHp0OHBNS2IxT2dzMUhiMm8zaXpfd0ZqMENPSF9yYndxQmk0enVYTEF0NjdCUkdQeUtZN2o5QzJZUlpHQW1Hbk8?oc=5
2026-09-09,AIデータセンター,,テーマ関連ニュース,⚪ 情報,10,"Tech Explainer: Data Center Cooling - Air, Evaporative, Liquid, and Hybrid Approaches - Data Center Frontier","Mon, 20 Jul 2026 07:00:00 GMT",https://news.google.com/rss/articles/CBMi1gFBVV95cUxOTFhIWFhxcWs2MXJ3WmlaeUh1Ry0zV3pQX2R5NkZRRzB3cS1paGZ1T2ZpVUhxcGlLcTNUb0Y4MDRIU2VVeXdFbUxJSmhKS19oVWdFaXk5U251Unk5dlJSTzBtVHFUSGRCREtESDYxeWRsT2hwcWlKdjZpQS02eGxYVEVsckthNDNOYlFqcU5BaGpDWXRzUW1HV0RzTkNXcFp5UG9JX0RxMDFiTExGUi1pbEJOSVQ0SFVOS1VUNlNENkNyWXNGaEhoTHplRnlEUVRha1luS1pB?oc=5
2026-09-09,AIデータセンター,,テーマ関連ニュース,⚪ 情報,10,SLB Pays $3.4 Billion for Kelvion to Solve AI Data Centers' Cooling Problem - Startup Fortune,"Mon, 31 Aug 2026 12:05:26 GMT",https://news.google.com/rss/articles/CBMiogFBVV95cUxNNlZaNktvZ1ZTTkJLanZFU2pyTVRabVhfVW9QdXMwNU9yUTJFSVhhQ09KUERHOC1FOUdsaklLUXRNZjhlNm5zekFDdGFaZFRkSXBhbGlhYV94WXJRQW1RbU1lMDZPYjN5X1pzeUVUMVg3Q0NfMjZLdUNFY3BLRlRIYnZKM0hoTktBbXFKbVhLNHQyZy12SG9Td2RRQUhiQUd6UHc?oc=5
2026-09-09,AIデータセンター,,テーマ関連ニュース,⚪ 情報,10,"Data Center Heat Exchangers Market to Reach USD 14.40 Billion by 2032, Growing at a CAGR of 11.1% — MarketsandMarkets™ - Yahoo Finance","Fri, 14 Aug 2026 07:00:00 GMT",https://news.google.com/rss/articles/CBMimwFBVV95cUxQT19YVVA4SzB0ZnI3b1dtZDJkcUZ0NEkxY0h0MTR6Z1kzLXFJMTJKZDl6eGdVTHFibWpCVFV4TmFnVEE0aVJaTEtqOVgtclJMcXdvOEE4SllXR05wTVZtOFdhU1IyUnppQ0hOcmtIREFRU2Y2Z1lHMndhMUszRGNmN3VCUk1IWTFCbVM5SFdTUU5zSTBMcDVDY3NQNA?oc=5
2026-09-09,AIデータセンター,,テーマ関連ニュース,⚪ 情報,10,$15 Million Wieland Expansion Adds Data Center Cooling Capacity - Refindustry,"Fri, 28 Aug 2026 11:30:00 GMT",https://news.google.com/rss/articles/CBMilwFBVV95cUxPbThuQzN3UUVMN18zaFZzdGxzbDd0bXBJbGdRcFRzZ0dxQnBjTUpNNDd2UGhSVm1pajBiWDlxSkpQMS1RSVQtTjVURVExby1vU1p3UVlVQzFDajNBUi1RMTMtVHk2VGpabVY4X25qTVFhRS1KTXZpRDBOSnB2U1JMZjRsZ0ZUVzE0ZTJ0VzZ2NXhnSWo2YnBN?oc=5
2026-09-09,AIデータセンター,,テーマ関連ニュース,⚪ 情報,10,Startup’s nuclear-inspired cooling system could make data centers more sustainable - MIT News,"Wed, 10 Jun 2026 07:00:00 GMT",https://news.google.com/rss/articles/CBMisgFBVV95cUxPU1A4OU82OWZFREZqSFdqYnQ2cW5jd3ZJM1pydkctdEI2TV9PaU03bU42cEFXbzJ2MDYyelA3cmtQRkh5N0JidHlibjVBVkJOckxoQXEtQnFNYml6R25jSV9PeXJRMDFFZW44bnBYMkoxX2pYRFRXcURCWGVtci05VXY0alp2OVRfLWFiNUN2VFZiS1ZoU1A5NHFoR2hISHhLRjRRejZyMkZPdHRqY0RjTWlB?oc=5
2026-09-09,AIデータセンター,,テーマ関連ニュース,⚪ 情報,10,Data Center Heat Exchangers Market worth $14.40 billion by 2032 - Exclusive Report by MarketsandMarkets™ - PR Newswire,"Thu, 02 Jul 2026 07:00:00 GMT",https://news.google.com/rss/articles/CBMi7wFBVV95cUxQbkNuWXhqemhzOE1EZXd0TGRwekpFT3VVc1B2dVBwY24tcFdwQXo0R0FObXExYndiZk9LWlRjS0F2TVF3X2d3ZFpCdVN1R05SXzUzZzhVOEo2Y3hkUjRzck1zMzUwMHp4d0VHZlU3LTd4YnhWcjJGTlJVdW5jbHdiSzc5QVlNdWEydHdhYUg4TWJkUkNld0dWMGIzbnFIdzRUZHBsVlQzVVlEaVVuRWFCQUt4bENkMFJ3TVVUdFVtYjZ1WGktRmZ4MFlXbnU5SlYtMnUxYnRydzRGYWh1YmVwT0ljUVZ6aktsUkx1cnd1OA?oc=5
2026-09-09,冷却・熱管理,,テーマ関連ニュース,⚪ 情報,10,Supermicro Expands End-to-End DCBBS Liquid Cooling Portfolio with Rear Door Heat Exchangers for High-Density AI and HPC Infrastructure - Supermicro,"Wed, 15 Jul 2026 07:00:00 GMT",https://news.google.com/rss/articles/CBMixgFBVV95cUxPT3NKMktyaElCQW1QNnlKSlZ2bjZCRzl1UlF5VUx3TkpRLUtmRXppM1lzUDBoSWtRc3UtbEFmQmdRbGl1MndROWprRHk3WTdIdmtPWlV4QUdYcjR5bXY1R1Q0MGtlSF9ZQ1pFQXJrb083OTlhZkktTnA3ckZPY0dPLVpyNW1Uek5VcWZHNlBheEJRa01Xbk93S3NuNWpjSlZPY1RYYlhld0VYZW1RcjJpQVptVk5XRzk1TlU0MXFSNjEtVFRPSGc?oc=5
2026-09-09,AIデータセンター,,テーマ関連ニュース,⚪ 情報,10,SLB Acquires Data Center Cooling Solutions Provider Kelvion from Apollo for $4 Billion - ESG Today,"Mon, 31 Aug 2026 17:00:08 GMT",https://news.google.com/rss/articles/CBMisAFBVV95cUxQUnFGcE5fbGFscVh0c3B2QlJEWk5XYmVrSnp1VVZtZzVsSkZEdGpZMEdWdzZTMzQxUmQycWZYVUU1SDBMYVVWeDViUG4xdVBMTjEzbDZQcUMtUEgwZmVUaFF0bkNRcUJTLUpVaE9lTHIxV21GWE5JMTJFbmkwUUE0YlptNVcxaVAzTndEd3cxMDI2cXQ3WGFRQnJCNHprTjk0blBEZW5CUjhMdzhIV0JTQQ?oc=5
2026-09-09,AIデータセンター,,テーマ関連ニュース,⚪ 情報,10,Part 2: Driving Data Center Efficiency: How Alfa Laval Turns Heat Into Opportunity - Natural Refrigerants,"Tue, 04 Aug 2026 07:00:00 GMT",https://news.google.com/rss/articles/CBMiugFBVV95cUxNN2twNWQ0cTc1Y09vQ3pVT1NtU21LNGdlbW1XX2tZXzRqeDhxNFB3QUxaN0FVM1pabW1lREdLOVlJODJQczQ4Z0xtZC1mVDBUQzZXZ1p2MVVNTW50ZE00WFdUMUVOUllYN0p5bmR3QnpiZG43MU9kQjhlUDdXNGRkQVJ2c1BidmFPc0JqUUVzUG9QdmlreE1HdXNYaWZrYmI1MGZub18xNlNwSXl6Qld4ekFXRXQ2VmllT3c?oc=5
2026-09-09,AIデータセンター,,テーマ関連ニュース,⚪ 情報,10,AWS in-row heat exchanger to reduce water use by 9% over evaporative air-cooled data centers - Data Center Dynamics,"Thu, 02 Jul 2026 07:00:00 GMT",https://news.google.com/rss/articles/CBMi0AFBVV95cUxNRVhsbVFSX1pHc2M0RDRFNS15cUo2aDZUaU1JbWpiMURUenRpWE5aQ250SGllSDlKdDExdDVzejhMRlM3SjBwQVZ0dzF0LTcyLTlKVnVhWmExNkFMUVBvNm9JUE9qd1BxeGY1eHJHbno0RmxNTTlqVVcyT2habzhYanRVMlBtNzZUcHVoalRhWHJiaWFabFRrUU5TZzFYX3Focm8yNEV3UlhUbWNZQlBnZEw2dlhfZ2ZYMjJUX1ZfSTdKblphbnZXOU8tM3MxTzM3?oc=5
2026-09-09,AIデータセンター,,テーマ関連ニュース,⚪ 情報,10,Part 1: SWEP Brazed Plate Heat Exchangers Turn Data Center Waste Heat Into Energy - Natural Refrigerants,"Thu, 02 Apr 2026 07:00:00 GMT",https://news.google.com/rss/articles/CBMiugFBVV95cUxOb19ZRDQxNnV1OEVJVTNmZlFzeTEwcnVIbmNTeDM0QVd1ZGN5UG1LZ29iQnhIV1VVbGRrNWQ1eURrMGJSaElNS3FhaHR5Y2hiVEhfRFhaSXZabmZDMVlYQlhONTVaMWFHaTc3RFF6bDRCeWdjUkQydF94UE0yT2pRT0p3Zm1lWVNjeUNPR3JvdXJKSjVLb01CM3BqbktIYXl0QjZrZ1hQYkwzZ1QxRUZTOFBBWG5YdEN3dlE?oc=5
2026-09-09,AIデータセンター,,テーマ関連ニュース,⚪ 情報,10,"TVA to launch new data center rates to protect homeowners’ electric bills, local city responds - WAFF","Wed, 09 Sep 2026 16:19:00 GMT",https://news.google.com/rss/articles/CBMiuwFBVV95cUxNOER1UE9pT3BrUVd6Y0RpTHRJanFGSDZqZmxGeGdaSTljMUVvcWJLbndCRVVDZ1haRzZKTnpWWXFQNFU0UWhYTUlnZ0ZSeTBnSWdtSGtqWkk3WEpnT3RfRy1zWTN4WGNTeWJpNUR3TUY0c0tNajN4NkFhbmlsRDBkNGhGVzF4N1pGd2toMzU3T2ZHQW01ZlFzOXBHbGpNX2NneVJJTTdPTktaVXBtLWlnWUFlZmFCZlFGMExR0gHPAUFVX3lxTFB2V1laZEJoTmY4RlRUZnVvZUw4WGE1U1FrTklxQlNiSEltVnJiSkV5a0tUX1ZJNm1kTTVyRTRXMEZSQWtDcGVreDdfN0lEOUtleHFSRWhod2liZDdlU0pYamI1YVk0bGI1RWUzNGNTeF9VTE5JLWFIZ0tsaTZBaVBMeVNaUEtjSV9IZFNPeVZSc2FSOG81WHZwVnpfSXA1NVdueXhFQ3N4c214OGw5dWR5XzFSMzhmZ3c2S0ZSdUVScDBPU0wtSjNKSlQ4MTZ1MA?oc=5
2026-09-09,AIデータセンター,,テーマ関連ニュース,⚪ 情報,10,Inside the effort to make data centers pay their share of electricity costs - Straight Arrow,"Wed, 09 Sep 2026 10:30:00 GMT",https://news.google.com/rss/articles/CBMimwFBVV95cUxQNzN5Z2xuLUdvSHVPWDM2dDhfLWozcE8ySTRXMFBvRDFGWTZySUtRdHNZVmVGRXZtMHg5T2VTcmtES0N3MGtPU0VKcEYxSUc2OTc0SjJyR09kNU5yVW0yYjFJMW5HVDhjc3Q0NG93Wl9rRGo4aWMxMTlZQTA0N3dSbkxCVmx3OFZJSEhqRUhESkNhZXVxSEVZZnEyZw?oc=5
2026-09-09,AIデータセンター,,テーマ関連ニュース,⚪ 情報,10,Ribera says EU data centers should build their own clean energy supply - politico.eu,"Wed, 09 Sep 2026 05:00:00 GMT",https://news.google.com/rss/articles/CBMikwFBVV95cUxNWkp0QW1uUGZSMnRjOTk2aXZ6ZEItZk5kd2NEQThKVXduSnlYaHV4cXNSRGdqbjZpS25MaXhvNlIzR3pwWUttXzZ1OHVQRjJwendDN1g2YzZUU3ZJek9JUGFhc3o3MWMtTm8tdkloODlBMWtaallhaEpGVzkyTnBZcDlaeFdGWnE2SERPUnZia2ZCbE0?oc=5
2026-09-09,AIデータセンター,,テーマ関連ニュース,⚪ 情報,10,Data Center Boom Triggers Homeowner Fears Over Skyrocketing Electric Costs - Realtor.com,"Wed, 09 Sep 2026 14:00:00 GMT",https://news.google.com/rss/articles/CBMirwFBVV95cUxNYTZ6OS1JTWFwOG9QazJ2TnFxeEZnc2V6TXBQOEVCTHQwaW82UVA1eUdDM0hRaUVPZS12R2x1OXNSWEhLd1FkOUlMNEEwMllCOVprWTZ1YmM0UFc1TGJGZEh1aEhITUZYSlpuT0RTZlFOM1JXQ21NQXcxN3pSMzBIcEs3dXlmTzdBY2Jzb2Z1dzNldXYyQ05xdDVMUkxwSGpvekFXU0JURGRrRGx1X3Nr?oc=5
2026-09-09,AIデータセンター,,テーマ関連ニュース,⚪ 情報,10,World’s first 22.9kV solid-state transformer developed to electrify US data centers - Interesting Engineering,"Tue, 08 Sep 2026 00:08:00 GMT",https://news.google.com/rss/articles/CBMijgFBVV95cUxOU0xaQmoxelJpMmFYV1AtY0JLUm9wOUdGQUlHVkhBcGNmeUc2ajBMMEJjVkEwcndUUDhBM0pRWWlmV0tIbkZvajFVZk42cEFEOW50U2VLZEwyb1dXaloxSTBBWWRkZEozX245QzNZeGdmSGM0UFltR2hkN2llSmIzdHhOdTVIYnNBcEthTEpn?oc=5
2026-09-09,AIデータセンター,,テーマ関連ニュース,⚪ 情報,10,The Hidden Data Center Water Risk That Deserves More Attention - Forbes,"Wed, 09 Sep 2026 13:18:20 GMT",https://news.google.com/rss/articles/CBMitgFBVV95cUxPY3lPQ242ckNJQkNJWlZTYU9ESkltaDM2TVdkeldZWk9hTk9Zc09iamRTNDc2ek1zeUt5WEZXVnhQX0ZEdkdOejJkV0dfWnNOY2VlTm5RVFhlNDNvMG5idjdWOVZzQzUxUnduU1lMeUVMWVN6OVNxM0Jrb29yWHphTWJsZkV6VzZHWDhzXzMtQzY5N1pXZjBSMWJWeUQ4SnhzbnlXdVVWNG54bjB5bS1QaEgyekROUQ?oc=5
2026-09-09,AIデータセンター,,テーマ関連ニュース,⚪ 情報,10,Congressional Authority to Regulate Data Centers - Legis1,"Wed, 09 Sep 2026 19:44:49 GMT",https://news.google.com/rss/articles/CBMifkFVX3lxTFBlUC1uWHlWUWFpampHU1lablVHbTAxTW14Qm1lZ2JvSkRsOEhZVGdXMmJSa1RkVExJbmpYUklDbk9IV0pGWDRlNVBNNmRTV3hOVWE4Ni1KNjlReDU4anNlNV9sWWlDeVlYV2IyQkVSOXRVQ012ZWZPYjg1OHAyUQ?oc=5
2026-09-09,AIデータセンター,,テーマ関連ニュース,⚪ 情報,10,"States roll back AI data center tax breaks for Amazon, Meta, Google - qz.com","Wed, 09 Sep 2026 12:35:48 GMT",https://news.google.com/rss/articles/CBMiiwFBVV95cUxPX1Z2azNiQVJBMnRJMkVJMEJRSDljYkVlYlFhX01jaW0yRGpiWnJ5Y0d1bnZsRTJodTJVeTdTcWxVX0J0MWh1aG84R1Nwd2IzOTl1dGVFc3pfa2hraUtFRldfWjVMRThTRnpnYVRKdlJKVEtCM19QTVNkOXJNSDNDUUVhY0pualJRY2NR?oc=5
2026-09-09,AIデータセンター,,テーマ関連ニュース,⚪ 情報,10,Data center backlash isn't about water. It's about billionaires. | Opinion - USA Today,"Wed, 09 Sep 2026 09:08:00 GMT",https://news.google.com/rss/articles/CBMiqwFBVV95cUxQTEFXejFJcDZsRDd4S2UzSWJ6UENtZVN2aWU3NDRodjkzRDJPaFNsejVpcEdyWU5xck8xMG9CaEFPTlY0QUxqdWFmRWZnV2VlLXd6Z2RCVnFrMnNOMXJMSy1XRXE1ZF9Hd1dLUmpTd211ekZQVG0zeFJRUzdYYU5uZ3U1TEp0cm1GbzNDQ2tqWHRweUZSTFFRbkRxUndOTDh4aE5jQVd6VldzcTQ?oc=5
2026-09-09,AIデータセンター,,テーマ関連ニュース,⚪ 情報,10,Bloom Energy Delivered Power to an Oracle Data Center in 55 Days. Here's Why That Number Matters More Than the Revenue Beat. - Yahoo Finance,"Wed, 09 Sep 2026 10:05:00 GMT",https://news.google.com/rss/articles/CBMilwFBVV95cUxNdWNBdVJ4ZGw4QkZmblRHZ0x3T3ZyeHNyd3pHaEdwaFd6aVhzNHlzaFlLZ215dEdCMHh5SzdxM1h2YW84dUlEd2FFLUhhUFg1TWtXRWk4ZXFseHNQZUpDVGJsMFZ3SXZlclZyc25sWXFUZC03RUlWd2ttaVBHbTNOeHFGcDNFVnN0RUVCN1RqNFVtbXNZQmRZ?oc=5
2026-09-09,AIデータセンター,,テーマ関連ニュース,⚪ 情報,10,‘Ghost Demand’ Prompts Texas to Halt New Data Center Grid Connections - HPCwire,"Wed, 09 Sep 2026 19:39:44 GMT",https://news.google.com/rss/articles/CBMirwFBVV95cUxOM2k0eGxuTlhXa3dtZ2xERWFDUUpmLUlUSWQzVEJMaWV2U1p3MnRfSFVBVkxzNkJ4SUpGMFVObHhzN3ROZExFSDVNY2p0ZlRqVWtvTjRyMF91LUthUS1hOUU4MUc2ZUV3X0F4Um9yWk5jLTdkSUFoblU0bTlUSzlYRkZsNzAwY1ZfNEJJbTd6d2VXdWxPdDBuNkpvdVdoSmRrX2QxTUljcE82clQxVGgw?oc=5
2026-09-09,AIデータセンター,,テーマ関連ニュース,⚪ 情報,10,National security expert warns of power grid vulnerability due to strain from data centers - NBC4 Washington,"Tue, 01 Sep 2026 07:00:00 GMT",https://news.google.com/rss/articles/CBMi7wFBVV95cUxPSGZBTUdIc2k2cGZ2enBvUHQxRlM2OUxRWnpGNzZ3VUNGcGZ2cnlPb0VOaUptV3FGTXBqMTVjOW91eWRpanJSeEJpODd4cElWQ3AwaVF4dmFuaVVQWHpzTWNJZWRjLWZiblRUa1NENHN2VDBQVWtydHZrb09wVjFEbmdnUmZPRzlaNFR2Qlp5Tm1mSDYxX3BFWnE3YlE2U3h0MDU0aWM3anNnb19TYVRsRGJiYzdBbFI4VkdqbzB5TktoUm9aS254V0t2YkdPV3FqN294OW1SaVN6SUxObGdoUUVURDhsMkxMcXAyVkFYQdIB9wFBVV95cUxOVFlCUHFySFRFT1FMMVRqeDVXNWNEUE4tbmVKanpSQ1lJTWlrUWVQSDBpY1BqbkNKS0l6UGZtU3V5VWFkYVZoZVFrWWNOa1ZHeC05Y0Nrak9nbXBQdUl4WlM4MTNMb3BwYnpVZm1leGJRR0xIYU5FZXRqOVE0dGtDRUJGdFVJVnRxQWNqS1RTNzREUTJJeWtNX0hNOWZhcVpwVGx6QzYzRGJQdFFxRE85UC1YUTFOR2d0NU9KQzVVZVhIX3h2RDVHbHpaaktON0JsTGlFUWJVbWdmMVY4R1ZfelVBUHdNWWZxREFoLUtRWUZ5REFGdl9r?oc=5
2026-09-09,AIデータセンター,,テーマ関連ニュース,⚪ 情報,10,‘The Evergreen’: Data centers are everywhere - Oregon Public Broadcasting - OPB,"Mon, 07 Sep 2026 13:11:19 GMT",https://news.google.com/rss/articles/CBMifkFVX3lxTE1yOEhWRTFIVVRtZXdVNW15aWt4X1ZPVFVvcWlhYnktWmI1U0dPQ3otSnRHM3dxUXJOM3BEMnF4VnZNSkVCTGhQZFdFTF9CN0V5TFVoZ3YxU0lvWnpaaFlzNExuV2pCT2gzNE5lMUFmXzB1cEhZaU5VTDNQSlJFQQ?oc=5
2026-09-09,AIデータセンター,,テーマ関連ニュース,⚪ 情報,10,"Power grid auction falls short of meeting 2028-29 energy needs, organizing group cites data centers - The Richmonder","Sun, 06 Sep 2026 17:22:48 GMT",https://news.google.com/rss/articles/CBMixAFBVV95cUxPRTdjcjVFSWc1SUZxTUxkT2pkTnlrcWUtR2MyVlRPNElWcTdaWHpRMDlOY3ZaRlZrQXNubnFtRC1QT2ZMUUh2WjhYSDZ3R2J6TXBqN2s0TEpqQmkxYU11N1VTWFdIeGlyVTZCWXplOWUxWU1wSXlOSDRCUTBMXzJJV3RTa2FWeTNGTHVZc1JwZHV2R3dSTmVfd1hGZHJkLVM3ajhxRWJpOG1lVDJXbnBYY3RUYjJKZnJKRU44bVNCT0N4RG0y?oc=5
2026-09-09,AIデータセンター,,テーマ関連ニュース,⚪ 情報,10,AES Tech Wants Data Centers to Lean Less on Your Power Grid - Ubergizmo,"Mon, 07 Sep 2026 15:50:00 GMT",https://news.google.com/rss/articles/CBMimgFBVV95cUxQb0FoZHluaklmM0pzbVVxMUNvQVd6cjA2UVdCRWVoQnZGcEZXNEsxOVU5el9OMS1KMHBiZHVxRXo0SG5ncDc5NUtPdWNweENlQmpnbGtYYktxTmIyNW11U3NrTDNtNzBWRVNxSXhfNW1MNGF2R2RhdDZMVDNUM1lCOTQ5SU5Qcnd1eDREX0JKbVFMVzlXY2xZVjF3?oc=5
2026-09-09,AIデータセンター,,テーマ関連ニュース,⚪ 情報,10,Nevada Approves 155-Mile Power Line Project to Meet Data Center Electricity Needs - 102.7 Coyote Country,"Wed, 09 Sep 2026 14:23:51 GMT",https://news.google.com/rss/articles/CBMivgFBVV95cUxNNm5wemRtdjFxeFh4R1h4NzRmYW1Pc1d5NU96YVVGQzZPR1k0VDFkM25RM1BDQk8tNGtMTGl1dmY4aU5uNTNzUnlHVWdHTWNETHhsS2NiRkFPRGk0SW1fWWdrYzVWLTN1SXdQZVZxeHVKWnNsR0h4SjBGRDZ3VlpEY3dlTXQxbjY4M2Z5OWR5dk54WEpQTGNVWkJfNDRwN1BqclJoVTV6Z1dRRzJ5R1JfWFZTSHRVT2poMVJEQ3lB?oc=5
2026-09-09,AIデータセンター,,テーマ関連ニュース,⚪ 情報,10,The UK Power Grid Has a Phantom Data Center Problem - wired.com,"Thu, 27 Aug 2026 07:00:00 GMT",https://news.google.com/rss/articles/CBMieEFVX3lxTFB2TXpLZnVkWWtwY2NJSkIyWEdJYVNBVmpoTHEzTHBlbGdUeVZ1OFVnV01iaDdVN19VSHRqT3ZKVllOa0RpTnJNdURIenQxTVcxb29XazhELU91YlZIX1V1dmlIZ21YVTI5QUt6NUtFaF83cVdyUHBjVQ?oc=5
2026-09-09,AIデータセンター,,テーマ関連ニュース,⚪ 情報,10,NRG’s $3.2B Texas Data Center Power Project Clears ERCOT Hurdle - Hart Energy,"Wed, 09 Sep 2026 19:41:00 GMT",https://news.google.com/rss/articles/CBMilgFBVV95cUxQTWIwWFBBSDAtM1p1b0g3blRsVHg4eXZQWHlIYWpjSGRTZ24yVGFDbE51eTJ2emRhUm14QjAtT0hINUREXzFvUFg5cEs0X2NsZG83OEdPcDdwNXJtcmdYMzJCTThXbTJjMzZUZnBndURuNnBSNjZCeVlERDNvX0kzRUNvalpLUHp4cG9LRy1tZkdWa0VMMGc?oc=5
2026-09-09,AIデータセンター,,テーマ関連ニュース,⚪ 情報,10,DIMAAG and Toshiba Collaborate on SCiB™ - Based Energy Storage for the ZettaWatt™ Power Platform for AI Data Centers - PR Newswire,"Wed, 09 Sep 2026 16:00:00 GMT",https://news.google.com/rss/articles/CBMi_wFBVV95cUxON0JiSDNyVFNvUWMtcWR5QlV3WjMyZ3RTQ1BhcWlPcmFyMmQ4SV92eXFnQ2hqTlVpOUFDa2MxWlJyNVg5dkIwV192eHhQZEFlMEtFNnJNQ1VUSFExMlNQYkpmLXFTeEgxOThQX21vYXY3UUhZUkZXakdmOFpDc2hNOVBTbFBRQ281b0FvdjAxdXNHaWN3akk3X1NJWEpLWVFBYjltUk1Wb3FGakxmTmVLdVRLQzNLamRFeVhsMXV2OUEtX3RVMV9yVVRiTUxMZVVfSHBSS3Z6azlndmZ2b2RyOGFMaWFKZDVPdlgwRjZaWVJ3OHlVQUVVTmUyM2hkYzg?oc=5
2026-09-09,AIデータセンター,,テーマ関連ニュース,⚪ 情報,10,Automakers target data center energy storage market - neworleanscitybusiness.com,"Tue, 08 Sep 2026 20:51:50 GMT",https://news.google.com/rss/articles/CBMikwFBVV95cUxPdnk1UTlldXdiUG00XzdfWGVxSElJT2xMU3ZpZ255SllNUmRWWWR5dERfMHFyQkZuT1dWVXo3eDVxRVJHS0UyV1lodjl5Y2dKT1I4Uk9kdVB4WEJfXzY4SWlPblBUbjFKUld1dm5QQURJQ3pMWDU5eDZEUERIU0Y0LWFnZVpJcC1XY1hPcVFWaFpWSDg?oc=5
2026-09-09,AIデータセンター,,テーマ関連ニュース,⚪ 情報,10,Sterling City Council approves temporary ban on data center applications - WQAD,"Wed, 09 Sep 2026 01:08:00 GMT",https://news.google.com/rss/articles/CBMi_AFBVV95cUxPbkl2RURHVlhqbGNpOC1rTEZ3YnAxRnNYUVZJNi1ZMTJyOHJmTjlmOW5tSmlGU09zeFlzVE9YWndjODZrTzV3VTd1NVcxLVR5NnFuZTlpQkRFcmF4aDlFdW5OR2ROZF93MWZYOTR6UEpId0xDMUt2OXFjeDdLQllfS2cxSFpsMmhBY1hYVlh5aS1SdHFTazRzM2hsckxpaFF2aXdRaXJqejhVVDRPX0ZOb05MMDRvUEJQMGdoZVNvRkdBR3V6eHljY0l5X3oxQk9zWVFPS3M5QzFJN0JWQUVkdkdkQzJUM2Z5OTBBRDFxY0M3RTBjSnNyX1FHZTE?oc=5
2026-09-09,電力・蓄電,,テーマ関連ニュース,⚪ 情報,10,"XL Batteries Enters into a Memorandum of Understanding with ENEOS Holdings, Inc. to Advance Long-Duration Energy Storage - Business Wire","Wed, 09 Sep 2026 12:30:00 GMT",https://news.google.com/rss/articles/CBMihwJBVV95cUxPell0THE3UllOdDNMdHh1MzVObDA3V3laVS11Q1d1cTVSdUxXamdmZFVacTRyZGl2V1Fpem90SkFZX3VFWjgxSTgydEdGNHpta29xQ0hNNVp6eE4yeTFEXzRnVXp1cnd2bmtXNkx0YnQ4NmpNeVpLRUNWLWNOTWRqS0pRM1dmWnVHUXJTeVJnLXdMVFBRVjQ5TF9mTUE4cGxDQksweHVVWUxkWEtoWmthcGNlUmFSUGlSQ2JjcnRCRk1pbTl2ZlpjNkNLR3ZRcl80VXoyaXZRVmZ4MTFaRjIxVHZOWVp5bkZsYTJ2U0xqUzduanlmSGk5dE1MMWt3YkJRQlVNa3JZWQ?oc=5
2026-09-09,AIデータセンター,,テーマ関連ニュース,⚪ 情報,10,Dickinson Township prepares data center regulations before project is proposed - fox43.com,"Wed, 09 Sep 2026 02:29:00 GMT",https://news.google.com/rss/articles/CBMi9wFBVV95cUxOY2pKTnV0aUROMW8xSEhmbmZIbjN2Mm0tc1ZRbHFDTmtfcC0tYkNPSG5HS0ctb3N5ek5sQ1JSZjlycnNPMklwLWs2SEhkUjBrSkc4VlFwVVVnSWZrMnRhYk9ya1JLTWYzS3BLNkhRLTV4aVRpdHpFMWdiM01xbFQzVmtRZDFfa0FHSk93WnJJcGE5ZnRDcU1FeTc1Z2FYR2p0Sjl1eGstN24xbzdGd1VjYWRkNFdQSzExR3RXQW8ySjJlYzBWZkd6NTJNS3U5NjZtRVczLUNMMFpjM3hqMVJlZ19BUTFPNEtMNnVad05nOXJuN1Z0YVln?oc=5
2026-09-09,AIデータセンター,,テーマ関連ニュース,⚪ 情報,10,The evolution of data center energy: storage and orchestration - latitudemedia.com,"Wed, 02 Sep 2026 03:27:38 GMT",https://news.google.com/rss/articles/CBMioAFBVV95cUxNRGVHeU5IQ01GaFowaWEzY09kY3BPU1dDMjIzZmpleXNxVk96ZEdPNlc3cmRuQjNxVW9GOEQxNHlvQTVuM3NranctUF9qbDBfVkt6Ulp1a1Fvc3ZxdkVTZDVyUEhOQXVQNmtacWZkNFhvUDhDemV6eHNvTkY5RnpYZzJQQUVSY2l3V3hRWWI1YU5hcWZZTGxVOV9rNjlBYXI4?oc=5
2026-09-09,AIデータセンター,,テーマ関連ニュース,⚪ 情報,10,Battery Storage for Data Centers and Safer with Solid State Batteries - IDTechEx,"Sun, 06 Sep 2026 22:48:28 GMT",https://news.google.com/rss/articles/CBMivAFBVV95cUxNUm5GVnRUbGw0eFpoWnFSdV84SzUwX2owRWJ2OHVyRjFua0xnZUxRQlBjSDhkeU5jSmktelliTm9qRkRNSkN0VHptaXNvMmowbmhkQnRRZ3JwcU1oSk9uRTRfUllfZnNoZGkwNWw5REZZZGpaMGl2b1ZNSW1ic3M3TnFKc2QxM1k2V0hyaUVrRWxDb2Vpa1RJSlFrbmNKZnBqaml4WUxsdTR2VkZRWW1MRVJPSUxkeUo5dXBVdQ?oc=5
2026-09-09,AIデータセンター,,テーマ関連ニュース,⚪ 情報,10,Enphase Energy Builds IQ Solid-State Transformer Modules in Texas for AI Data Centers - iGrow News,"Wed, 09 Sep 2026 09:18:07 GMT",https://news.google.com/rss/articles/CBMiXkFVX3lxTE0xbjJGcURRTzVSd3JJbi15TUtiZWNabmFuOWpET3pONGw3MUNTRkJnOXRjeF9UWEtzSldVaWo4bFdmVWo1U3EwM2J1WVJIT29iRWgyeWFoZFVhcG40WUE?oc=5
2026-09-09,電力・蓄電,,テーマ関連ニュース,⚪ 情報,10,West Virginia solar project to pair lithium BESS with zinc long-duration energy storage - Solar Power World,"Tue, 08 Sep 2026 19:03:03 GMT",https://news.google.com/rss/articles/CBMizwFBVV95cUxPcEdsOGlUR2FYaXp2LVdqMUNfSVpncF9hNEZlQ2NOa3JNLVdpN3drWUJKRXlTdHJpazRNVU9tbVg3bm5jYnpYYVRBZTlNdzdzUmNQREo2RjJSaGlteGVYTE9BTHZlUFNUeV8tNkFwZEpHejV6MW4wM1c5TlM4ejdGV25vV2ZiVTkwQnU1TlB6UWkyWHNkUlVRNWZjRTJ3M016enY5aHBuekZzYTBzY2tSMGJyLUlUYWlrQ2I0SFlHeWRmOTRRQmQzMW5BRm0xM1E?oc=5
2026-09-09,AIデータセンター,,テーマ関連ニュース,⚪ 情報,10,"Not-for-profit utilities turn to energy storage as data centers drive cost, reliability concerns - Utility Dive","Tue, 09 Jun 2026 07:00:00 GMT",https://news.google.com/rss/articles/CBMitgFBVV95cUxPTkhmbVFObWJHU0pPY2wtRGp5M3I1b2pDTkY5TllVbFJJbDl6b1FUMTdGb04ybUFDSXVMbXB6dlVzZ3VqZmNsdjROckdNS1BUN2pwN0JNWFFUZzByeERyV0lvS05kRGFWczhoOUktUGhWbnlveWczU1dmRnhTZWszUXJ5a0J2WDN2Rm5fVGtzVk0tSzR3NTBVZlltUm02SGN5b0RqU0h5dkswRC0xMlhQc3M0WmhTUQ?oc=5
2026-09-09,AIデータセンター,,テーマ関連ニュース,⚪ 情報,10,Americase International Regulatory Expert Contributes to OCP Guidance on Data Center Energy Storage Safety - PR Newswire,"Tue, 08 Sep 2026 18:04:00 GMT",https://news.google.com/rss/articles/CBMi9AFBVV95cUxNSTdpTnJ6RTYtaUZiOGNidmZwazMzMWxsTER4UDROWHA2YnVDb0JSVHhVa3RHRDYybFFBRXBRQ0ZlekJlU1lFQnQ2NGJkVXVxVzlOdXVzX2NTT2ZadHUyeng5RUI2dUNYNFJXX1dVWHlaSDRSdnVfTm9HMktpZl9JNHRHWllmU1RYWTNrd2hoTElxbEhDeTlmY0dxZU14MG9iTU8xbjhoR2N5ZmZXZkNNTFNtbi16STFhc21qZGtETjlWckNaUTdlWGw1eFowX05abkpBc2gtWWp5R1dmakxWbTF6c29rN2VoU1N1NHZ5eExKa3hk?oc=5
2026-09-09,AIデータセンター,,テーマ関連ニュース,⚪ 情報,10,"City Pauses New Data Center and Battery Storage Approvals - City of West Chicago, Illinois","Wed, 05 Aug 2026 07:00:00 GMT",https://news.google.com/rss/articles/CBMikAFBVV95cUxOUlVsVVd5dzhJc0tsVlJVQWdnMFVzUFVlOElfMktwMUhXekxkcDdOYTJ6U3FJOEIzVE1INm92X3ZHcG0wWWZQVXRzaDdkM1VnNXJfQUdoODBwOGNTZFV3cGh3M2YyMnhDLXNZbUx0a09xenZTRlZyNXV2UlRNaFhFRExNSmgtQVpiLUFZOTFJOXQ?oc=5
2026-09-09,AIデータセンター,,テーマ関連ニュース,⚪ 情報,10,Startup Teragen Energy bets on fuel cells for data centers - newsroom.haas.berkeley.edu,"Wed, 09 Sep 2026 17:29:32 GMT",https://news.google.com/rss/articles/CBMimgFBVV95cUxNN01HeTRQU1lNM2J3cDkzbkZzbV81a1R3UHlmUXBSMVJWeHh2dzlDZlVwZUNqS3Z3R2oyc0gzX3lxRGVBTUNyQzJEN0ZPcGxHU2trVzc5TGVWdmhBWDNBTUFiUVRqeXZYLWI2a3N1ampRWXNxOGM5clI5Wl9WR0ZLSEhVVVdRLUZmTG40MXBVbmZNOXJNT0NfbzZn?oc=5
2026-09-09,AIデータセンター,,テーマ関連ニュース,⚪ 情報,10,FuelCell Energy reinstated with Buy rating at Craig-Hallum on emerging data center opportunity - Seeking Alpha,"Wed, 09 Sep 2026 19:34:14 GMT",https://news.google.com/rss/articles/CBMivAFBVV95cUxQcXlaUkFUMzBZWkRFaGVaVTZWWkhjUHMtRFkzM01yMk5PU1M4LUVHZWJSUkczdEpiUG9ndmxRSTJMWmhYeUVKdEpjbGxqWGNQTHdMSlI3Sm84WVFkeDBHWlhkUnNSQWplRDYzdlRydjV4aC1WU20zTG5mUlRXeFhXUjZnVzFIMlp0dTJuZXlFeGY0VFhzMDJzcUxVVlZUS1pMQTU2ajFMZWJyUTNFYkM1LTN1cUVMeVZGcGMxeA?oc=5
2026-09-09,AIデータセンター,,テーマ関連ニュース,⚪ 情報,10,Doosan Fuel Cell Enters U.S. AI Data Center Market - Fuel Cells Works,"Sat, 05 Sep 2026 07:00:00 GMT",https://news.google.com/rss/articles/CBMiugFBVV95cUxPcnJnQWNnbzVCS0xYY2tZeEZTYjZUcm9xRjVmdVBZRFo3a2dDQUlTRlFwVXdiVDNKXzlDT1E5dk4yU0ROU3Z3emQ3c0JOSFRfaFRwWS1uTmplMHVkV3luQnd2dGh4MHJ0a3NBREdGNnI2UGFPVE1KMkhkLXVmMVQtblBHVzNvdklfUzNCTV9Fc2FvLWpJV2o0cUNnbndLbnhIdGoyb3lXUmp0UTVqcFAxM3UxUzB1Wm5Ia3c?oc=5
2026-09-09,AIデータセンター,,テーマ関連ニュース,⚪ 情報,10,Why data center companies Equinix and Oracle are buying fuel cells - Trellis Group,"Tue, 04 Aug 2026 07:00:00 GMT",https://news.google.com/rss/articles/CBMikAFBVV95cUxQRUxjOXp0ZDc3LWNfY21Bb1I5RWtrR2luYUJJRWZfRzNkcFRpQmlBTHFfYWQ3eW9NamFtQTBxbEVCY3oybTctVGktQm9BZU04T0ttdzhNWHRvdklaUXpuN21OeFBQQTZvQkFlSFVYSmtDMzZINlZfbDJYVGtZYVBjR0tVVVo4Ym0xYV9penowNno?oc=5
2026-09-09,AIデータセンター,,テーマ関連ニュース,⚪ 情報,10,Vineland data center makes case for on-site power generation during 6-hour hearing - WHYY,"Thu, 06 Aug 2026 07:00:00 GMT",https://news.google.com/rss/articles/CBMifEFVX3lxTE1IclZnWGNJZE9VRVhORzBqUm1HNU52Mm93Wm8xUndveVF0OFQyXzVLOURGT3dMd3ZiSFktVzdRTTZFaVVQZXpXMEFBcHRwZFpfRU1GeHlmSTBhRDlkc214T21OSjFDWVVBVG9FTS1aUmFiWDNKQ3hfMko2NlA?oc=5
2026-09-09,AIデータセンター,,テーマ関連ニュース,⚪ 情報,10,Giant Data Center In New Mexico Will Be Powered By Fuel Cells - CleanTechnica,"Sat, 30 May 2026 07:00:00 GMT",https://news.google.com/rss/articles/CBMioAFBVV95cUxNT3JvY1hlTTB3T2M2Q3drWkVxM2pUU3U1SkhUb09iYjhNdE0yVU1xSk9ZXy1TSWdybXIyVWstMF95NDBwN1phYnFmUTZfNG5GTmppaXB6ZEpIRjN6ZFJlaWE0SHI0Tm1qWGZfZUxRdmVvSlhCVVZHZ1ZpbGhWYnA3Z0FOUDVsNWVFYkhyLXBLXzd2Q09vUHNicXdSWjZwN2dB?oc=5
2026-09-09,AIデータセンター,,テーマ関連ニュース,⚪ 情報,10,Big Tech Can Build Data Centers People Won’t Hate - WSJ,"Fri, 04 Sep 2026 12:00:00 GMT",https://news.google.com/rss/articles/CBMickFVX3lxTE1JcHNLb2RFM05GeEg5RWVkajQ1Q1VnTkZ6Y2syZWtqdEtRNVJkcldRZXZ1UFlGcWVpemVJZHBOVlRDS2FSZWxXa0lPUUhxVEJFRFR3TXhCaHFlWFZuLTBENVM5MUMxZnEzVVZGR04zdDRaUQ?oc=5
2026-09-09,電力・蓄電,,テーマ関連ニュース,⚪ 情報,10,Bloom Energy Added to S&P 500 Index on September 21 - Fuel Cells Works,"Tue, 08 Sep 2026 15:47:00 GMT",https://news.google.com/rss/articles/CBMiiAFBVV95cUxNWWZZRmNhM2xjbmRnZEgwU2xwVzI2T2xXbzlSQ1NQSk5KeWpyZ0dHbkRfeEJDNUFXRmpsUVM1TGE4TElIUVlITnU3dGtOTm1DbGxNQTVjX05IQmhuOHFBWWFaVXVZbVo2ZzhvWUJ4cXFja1NSdGNzUmJBaHZkZUNoSEo0Qjk1ZUVK?oc=5
2026-09-09,AIデータセンター,,テーマ関連ニュース,⚪ 情報,10,Vineland planning board approves 2nd phase of 300-megawatt data center plan - WHYY,"Tue, 18 Aug 2026 07:00:00 GMT",https://news.google.com/rss/articles/CBMiggFBVV95cUxQV3QtLTlyU29oNEpqcWJESk5VZ21CNlkzWnhGM1o4MFRfWmNwNjlGWDBFMWZzNzJOOG9hYnRsck1ubVRrLVFNNnFQMl9DMUU4UGY5dzBGMGs5ZVdJNTJPWHVPTi1kSGtUYkd2d0NaUnplU3JfVm5XeVhYaVBBUkxoZVd3?oc=5
2026-09-09,半導体,,テーマ関連ニュース,⚪ 情報,10,Amkor Expands Advanced Packaging: Can Its $12B Arizona Bet Pay Off? - TradingView,"Wed, 09 Sep 2026 16:32:00 GMT",https://news.google.com/rss/articles/CBMivAFBVV95cUxPUy1aUVI4aXIxQ2Fsd0hkZ0tsdmZwM29UbTdKbTJZWnlpWUVOdUU1cUFPSmxOTURXb1BIOWc3eEkwS2F0MzUwVDhUbFd0TWNQX0hKS3JDN0Vxb0Zhc3JYcjZqV3M1bGd4LXhfVlg2UFNENjQ3WktHQno5LVlqMjAtazFQa1hhZVc4ZndTb1AzcDBjaTdSUFFoNVFkUXh0cmZ6RjBiQkVIQk1hVFN4VTdYdmFtbElQMGNxeEw4Zw?oc=5
2026-09-09,半導体,,テーマ関連ニュース,⚪ 情報,10,"Top Advanced Packaging Companies, 8.6% CAGR to 2034 - Fortune Business Insights","Tue, 08 Sep 2026 03:05:50 GMT",https://news.google.com/rss/articles/CBMiiwFBVV95cUxNMU1tSEdDeHZiZWNXaW1zdUlFaHpNXzJma1lGWjlNdDhVc2N4cHRvajFmcnRBMjdpcHJNWGlSMjlwNldZNFA1Yk0yMG1lVHZkLWNaZ2duVkw1Y3lac2l1TzlibjFEVFJRRVdfdVhETUFLUnk2RExwaUFRUXJIR3NZYzZWdEFSem1mTlkw?oc=5
2026-09-09,半導体,,テーマ関連ニュース,⚪ 情報,10,Samsung Electronics Opens Advanced Packaging Hub in Yokohama - 조선일보,"Tue, 08 Sep 2026 08:53:12 GMT",https://news.google.com/rss/articles/CBMiiAFBVV95cUxQVFkzTWthWnhOd3EwS1NjVFdHRm9uNGxOSy1FdkJQalJwSzZWNFpGTU5VUkMwVjU5SXJvY09uM2dQVHhPSk9pbWR2c1drTXRjMTZGRWk5WXhqV2hLVGxwU2Jmc29jdFduSU5NV21ncDM5RU9ZRWIxNERERkpzT29mSzlvNm0waXlE?oc=5
2026-09-09,半導体,,テーマ関連ニュース,⚪ 情報,10,TSMC expands Kaohsiung operations with new advanced packaging verification facility - New Electronics,"Mon, 07 Sep 2026 08:09:18 GMT",https://news.google.com/rss/articles/CBMiyAFBVV95cUxOdjdKSDY4N1MwbWVhRXJpLXJKZHBWem5kMWp6dnNvZmRGNjdYN3dFR1c3RVBSRzlkYVVXanY4aDFSSmluRjNFOUtEZTlUT05wemhrLXMzTlBXcHJrUXF5a3haMXZVek5zV2EyeHV5RktrcXJWVm01clItZ3huTmstWUMwbVJDd0p2WEh0WVhFYXJqVGhnVUx2NG1RaUppSVhGSFI1YjItRU5BTUh6czhBNlhPRmNMNm1yZllyQ1VmV0VNSEJxem1lMQ?oc=5
2026-09-09,半導体,,テーマ関連ニュース,⚪ 情報,10,Samsung Electronics Launches Advanced Packaging Lab in Yokohama - 조선일보,"Tue, 08 Sep 2026 15:38:22 GMT",https://news.google.com/rss/articles/CBMiiAFBVV95cUxNUW40LUxTWEpCaGk1bkVSSURDRXNiVE9neWFvRFpnZnhaa1QtR0dCcUVNWjVaWWppcW50dXFWMVdEWlE0NEdPWHNTRHRaT29HVC1peFpMV25KYzJlZUZnOVVNV0gwWWFuY0ZsOWtWdnVKdnFzUFdodlRTQWk0SHVqMU9IcFg3MGg5?oc=5
2026-09-09,半導体,,テーマ関連ニュース,⚪ 情報,10,Advanced Packaging and the Shift to System-Level Semiconductor Innovation - Samsung Semiconductor,"Tue, 02 Jun 2026 01:35:02 GMT",https://news.google.com/rss/articles/CBMiygFBVV95cUxNNk1NTnF1OWN3cFhxQkRIOWUxWnB4OUFwd0VsRFdtTk95RVB6QTlOZVRVUUdzNHQ3Ukd0Z2JGV3Izbm8tMVBUNFJaWEs0dDdVTHpxcHhkcFlIYm5KUU51VzZaSW5CTDV2MXJrTWxWTDRrTHlsQTNUVk5RTEtvZmFFYmZmSVZ4SzVPVHZjNVZINzJKV09TdXdkZF9xaXpGUFBjSnJGTW1iQzNwNEhHeEc0OTV2T0QzRElmTFRRd1I1N1ZLNHZCZnU1TkZ3?oc=5
2026-09-09,半導体,,テーマ関連ニュース,⚪ 情報,10,"FORM: Advanced packaging and chiplet adoption are fueling growth, with margin gains and capacity expansion underway - TradingView","Wed, 09 Sep 2026 20:31:49 GMT",https://news.google.com/rss/articles/CBMipwJBVV95cUxQMkVzN0RhRWphdVA4VUJxbDlMX29qRkRsRDJDdFJOUFZFb0p2WHJwTTY1d2pPNWoxeDNfcFMyaXVCTnRTZ3FDSFhkZXpzYWc3Y3RKbHNHY1RaczU4R19xWGxwS2VHc0VxWkdQbXUxSWdZdnJOdEZqRUhCTENXX21ZS3RzQVRqc2Y1RWNwWFR2X2JRbE5YSUhPZF96OVR3ZFhqMERyOGFBNUVGQnVTZVVUTWI3aDJadWtkanNlMDNhVmJaM3YwTWZaNEFrdXI2VTZKSGlROU9DYmd3UDl1WXAxeEUzWUY0eDZSSmt5eFlrY01taTduNW5FQXAySGNyYWg4QU41TVFaLWlsUWphZTQ5N3dnaG4xRGZMREJhVUw0dTZMNm0wdVNr?oc=5
2026-09-09,半導体,,テーマ関連ニュース,⚪ 情報,10,Photonics Forces A Chiplet Rethink - Semiconductor Engineering,"Mon, 31 Aug 2026 07:00:00 GMT",https://news.google.com/rss/articles/CBMicEFVX3lxTE5UV3BXVFB1X2VIS0NFZXZEMU9wQ250dU1zdFljdGFBaFNQbzdvRkNnbzBEOTJCTnlVNUpFLTQ3eG5vQ2JDNkp3YTV3LXJjNXktRGJMYTlReUdKdWhfWWRhektCQW80Z2h4ajRRdHVNcjk?oc=5
2026-09-09,半導体,,テーマ関連ニュース,⚪ 情報,10,AMD to Bring UCIe Chiplet Connectivity to Versal RF Adaptive SoCs - All About Circuits,"Thu, 03 Sep 2026 07:00:00 GMT",https://news.google.com/rss/articles/CBMipwFBVV95cUxPZ2FlU0w4WGhCZFlUZWRPM251WWMxWnowM1lFcXU2Qk1nZmxRamhDSDI5SjNBUGZlQVZMTy1ZaE5CbU9WNVo3ZVBad29hWnplcEZaTHRaV0FDQXBhR2VPVUJDXzM4OU1abW50WU9uOFBlSWZIYUFIcVJFajA0c0RXUmhXdHQ1ZFA2TDV1QVBPQWFhRkRpZEJhaDFyT0V6OGg0T0V3UWw2bw?oc=5
2026-09-09,半導体,,テーマ関連ニュース,⚪ 情報,10,"Insight: Automotive Chiplets, How Soon and Why? - TechInsights","Tue, 08 Sep 2026 17:29:42 GMT",https://news.google.com/rss/articles/CBMihAFBVV95cUxNeFRhMjhlc1NTZEdLdTZnUVJHRF9yclFjSTdiVHFrdXlQdTQwcjJNZE9Tdi01WnJWb09DYWFmYm9ldUhzbFUxbTR2VWptRVRQUEtLZWhQOWFRNTFmSVQtODAxazRHSzhNbm5lUzR5SW1QRnk3TEJQVHVlQ09fdXVWdUE4azE?oc=5
2026-09-09,半導体,,テーマ関連ニュース,⚪ 情報,10,TYLsemi Raises $43 Million to Launch First Full-Stack Chiplet Platform for Custom AI Silicon - PR Newswire,"Tue, 14 Jul 2026 07:00:00 GMT",https://news.google.com/rss/articles/CBMi4AFBVV95cUxPaEkwcDJQLUNGTkN0aXhvV1FaU0Zlb2JFcjZKRmVuUVZLTjNzR3RZNlVsWWtHTDZjMmZHSkh2bVRPbUVYNTVIZS1helI3QzM0eDdfUjZ5QUhSY0YyNE1CWml0elJqLUNMQ04ycDM4N2xvM3NPUU53QjItdmhhT2xVdnptbGs4cktIMTktSFNDVXJMUnZMOWJvM0REWTdLQWJKUjFfekN0c2ZfUEtXeWdkVFp6dmU3UC1EaUlqQ2E5S0VkeFRDUkFwMmFaaWN3eHdCN2pTTl9felFWZG5DZUtEMA?oc=5
2026-09-09,半導体,,テーマ関連ニュース,⚪ 情報,10,How Intel's Pentium D Exposed A Chiplet Challenge That's Still Relevant Today - HotHardware,"Thu, 20 Aug 2026 16:00:00 GMT",https://news.google.com/rss/articles/CBMib0FVX3lxTE12NFl5c1J4cUVBOExkSmQtWFNWeG9OZVN0NnNPNFlraWpFVlI0SzFEV0tmSzZadUhtQno5SWxmMkFLeW9QY0UyclBUVTdwaTNydWM4NWVxVnlSQTFPTkRscHZmcnlpcndLUjlGdjE2bw?oc=5
2026-09-09,半導体,,テーマ関連ニュース,⚪ 情報,10,China Develops Its First 3.5D “Infinity Chiplet” & 3D DRAM Tech As It Tackles External HBM Constraints Through Domestic AI Supply Chain - Wccftech,"Wed, 15 Jul 2026 07:00:00 GMT",https://news.google.com/rss/articles/CBMisgFBVV95cUxPTEc0MEpQbGtkc1d0M3BKczlWcFoyZ21TaVlsZ1ZybHRwZV9uaFNScWtoYmw2dXNzYml2M245OE9QRlpBeGZmMWoxdHV2VG9ZbHpPUUJ3VDd1OG9ULUdLd2RoWHZ5bzBvUHNuRG5kS2RNeHVSYmx2UzBGOW9DaWFMc2MxME1jMkhCS0owQnVQbXp6Z0dNMHdLV256WkJKUV9oZkd6VVhnNjdnWW0tRThoQ0JB0gG3AUFVX3lxTE80MWJfeFVzMTN4TF8tanBZRG9SckV4bTRLSGlyejg3aGFlc0RzWEw3RlV5NjIxWXQzS2RTQzExZXkwczd2eWVXdktjc2YzT0NkbEZFcUJITGk3SzJTZ2lMUUwzTUpnY3lxZ1cyZXQ5blNfcnVTMWw5bDZJX3dvcmdBQVdYUkNkenI2YV9xTTlILWl4YzV3b0kyQVhaZG1GaFVvcnpnVkZCZ0dxVzFqQVZGSE1DODFsaw?oc=5
2026-09-09,半導体,,テーマ関連ニュース,⚪ 情報,10,TYLsemi De-Risks Chiplets With New Business Model - eetimes.com,"Wed, 15 Jul 2026 07:00:00 GMT",https://news.google.com/rss/articles/CBMigAFBVV95cUxQWHhpUDBwdkFqazJMdWFZYnBnS1phRnJpbmwwMkdmWTF0OXUxTWR1LWdhSi1lT3BMa2F6bmtuY0IyWlFnUkY5LTc2X002TFVwOWlDMml3YUV3X3JJUHFwMjBJLXNPZnFORG1jUDRUdFNTUEpPY00ySU1QRGxCQUdKcA?oc=5
2026-09-09,半導体,,テーマ関連ニュース,⚪ 情報,10,Samsung Foundry and Cadence: Accelerating Chiplet Solutions for Physical AI - Samsung Semiconductor,"Tue, 14 Apr 2026 20:44:01 GMT",https://news.google.com/rss/articles/CBMiywFBVV95cUxPeHdJM2dlRVdqdEc0TlRMeGRRSEtiSEFXTjAzZEdLNzhGTktTaEdrQ1J6STBxbVcxZnJ3SmpDS2lSaU9yN2pBc0ZqOUZOT0IwMnpSOTdxbkwzU25pV1VxSjFqeU5OYWIzVzA2bng0VTVwbU1FSWtmalJZOVhSRExpN0lTSlBDTnJRYTgxMi16OGNNVDNVTjA3SUhHT2cxZE9HSGNBUUpwWGhrTXFRS2VXN0hsb05BYlhKWTN2RmdZOW5sS1RHdFF1R2VpSQ?oc=5
2026-09-09,半導体,,テーマ関連ニュース,⚪ 情報,10,Athos Silicon Ceases Operations: Automotive Functional Safety Chiplet Startup Winds Down - News and Statistics - IndexBox,"Wed, 02 Sep 2026 18:34:00 GMT",https://news.google.com/rss/articles/CBMiqgFBVV95cUxQWURtSmptSDh2OEZGNkZJYWZ0ZlFzMldOcWF3bVV5ODJOMGZ3em9DQ2xOQmVPd2ozSUl3anhRUDF4SkhVZDI2OU5RZ2pOMWxaUTFGSlhaQXFabFJyRWRLV1pmUWxqMjZsOWR2UHpTNFRreGhmYkRXSTVyc081VmNNc1JSN1FVNElqLUZMN093YUI3b0phMkUycl9WdE5NSDFIS0xiRTJtTTByQQ?oc=5
2026-09-09,半導体,,テーマ関連ニュース,⚪ 情報,10,"FORM: Advanced packaging and photonics drive growth, with Texas capacity doubling by 2027 - TradingView","Wed, 09 Sep 2026 19:39:20 GMT",https://news.google.com/rss/articles/CBMihAJBVV95cUxQcER0eDZLdU5MblpmczhTanVKeEJNSk9wb3lZS2EwdThIWEJ3N0ViVTRJR1hHTVFZeUdjUkFCcDVNVFdkYXhYU2E3dW5PT3ZOOFFsUDMwRTNmbTJLczU2S2g2bm1RWktHTEluQ19YY2x1MDdpeUtjMjJvcWM4VnV3Rk1INVRlc2VxQ2pBUmUxXzBrVHdMZlBDZXNuaUFxWVU4NkcxT1otYWttS3VKOTVyel8yV0JNU29RRjBlRVBiOW1hNFZLRm9BdFh4ZURoa0paOWJuUF81d0VlWjRVb2dmdzltVnF5ZFc1V1pPZVFhZGpnMUJSM1lKVklUbGNvYUJGMTg2Mg?oc=5
2026-09-09,半導体,,テーマ関連ニュース,⚪ 情報,10,Chiplet Fundamentals For Engineers: eBook - Semiconductor Engineering,"Mon, 02 Feb 2026 08:00:00 GMT",https://news.google.com/rss/articles/CBMieEFVX3lxTFBveUZHU283X2hsREFqYjRxcllyTUliRzgybVVycXlsTUI1a0EyWDN6cm04eGVHUnd6d1gzTmJwd0Z4LWphNU1INi02VnI0LWVrbGhnVS1naDd6MWFWd0s4Vm94cFlXWmNXS00tT1BOQTg0NTF5QkNNUQ?oc=5
2026-09-09,半導体,,テーマ関連ニュース,⚪ 情報,10,Chiplets 2026: Where Are We Today? - Semiconductor Engineering,"Tue, 24 Feb 2026 08:00:00 GMT",https://news.google.com/rss/articles/CBMibkFVX3lxTE9HTjZOMEluYktnRmlkc2R2bEREZmJIS3lnT0M1MEROQmtZQ0x5X093eUZQYjQzVWJDMUY0bXRIeUFYTUExY0V0clRmb092ZkRjbHBsZmExX3Z6d1hzNU1PUFRKamNrZzlCSU1GU2ZR?oc=5
2026-09-09,半導体,,テーマ関連ニュース,⚪ 情報,10,Chiplet Interconnect IP Market Size 2036 - Fact.MR,"Wed, 19 Aug 2026 19:05:19 GMT",https://news.google.com/rss/articles/CBMibEFVX3lxTE5mWVlGZjc5YUc0eDlaTWlsaEpEQ1BSdU82NnFSRTc4dHptMzl4cmpraE02b0xhOG94a1hVZms4RFp6QkhpX3hnZ2MxWE1Ob0xGMVpHMFNzNDM0NzROSGFUMTJHNEpBakF5eUFkag?oc=5
2026-09-09,半導体,,テーマ関連ニュース,⚪ 情報,10,Swapping Out Chiplets: I/Os Vs. Compute - Semiconductor Engineering,"Thu, 28 May 2026 07:00:00 GMT",https://news.google.com/rss/articles/CBMidEFVX3lxTE9nUWFxQ09FM1BuNW5Jd3NSbHE4VDRQSkxhcG5tSXlNeTZ1bmZsejV0bFBGTVlhRlM3SEc1TUNDNGVhMk84ZVQ2VnZwTm1nRUR5bXRIOXVjWFNoYVU4MmFRd0c1cWRqdVJfeVZsRmYxZ0dkQV9T?oc=5
2026-09-09,半導体,,テーマ関連ニュース,⚪ 情報,10,"CXMT Faces HBM Memory Chip Shock As Yields Sink To 25% With Close To 80 Out Of 100 HBM3 Chips Failing Final Tests, Says Report - Wccftech","Wed, 09 Sep 2026 06:21:19 GMT",https://news.google.com/rss/articles/CBMi3wFBVV95cUxNODh2eEQ3Nm5FXzNJa005VU0tMzZRZ09ocnM4TTF5dlh4czhCVm80N1d2NkNLbE5YaUswVGNMaTEtdDRSODIyWkRzc0owdHNLcC1obDdmU1pRUjFvQ3ZxTGNmbnhBZlllY1FOZkc4dExWLVFycF92TVlaV1BOcFBfVTJkZTNJWU1XRVl0WGNKUTQ3dk1OaE52TVJFSFhHUDBQNmhmRzJqT3FNN1Bzemk5Rnk2eEFid0lQUTdtUXByVXZpRmVLZDh3T0RZa3JFa1B0WDhzdGxhZFUzN05sNXJn0gHkAUFVX3lxTFBTZEdsdTFITkU2YmRxZkNxZXRCdDBzOTNHQ21ZVUlNWGdEaVZPVTJac0xDTkEtSU1wYXlmRGRlZlp3WUFNYmF2MHg5TFZjZE5KeVlIV2swb1h0QzZQX1MzcGpIT2M0MmVpaW9oUXVWc2hMaUY0NlZXTjV1TGhXaDMtbDRSQ3M3UWRuQ0tWalNJOXh4cTNKWktOWXhYb0tvVzhUd0FfSmlOUHhKUGM5NjlyZXRQODBtalJRam5reXlndXpFZGxLUVl1SkFTWmxMTndlakJvc0RGb1Y2ZWJwWlJsOFZmTw?oc=5
2026-09-09,半導体,,テーマ関連ニュース,⚪ 情報,10,"CXMT Reportedly Struggles With HBM3E, Yields Are Only 25% - TechPowerUp","Wed, 09 Sep 2026 18:39:45 GMT",https://news.google.com/rss/articles/CBMilAFBVV95cUxNV0JzbUNRRHN6LTd2MkEybXUzaUhCVUR5UnBTOGxOa0VHMm50RldGM21TVVdFZVNROElhbEV4T3FLendWWlRwRVZQd1pYelJMZFA2ZHZPTy0weVVIVThXa3BOMU50NVpYQnBJNk1WRXNZUVJhcDI2Sm8tSE5lWGg0ejF5LVJYTFdrYzFPa2s5Nk81eDR30gGaAUFVX3lxTE85SjNqNWlQd0tKeEtOUzRUM1Q0LWNzR0lvUnFPdFktWnItMVZDSTJKYS1VZVZ1VlFCRDVGNWJjd29aTm1UMWs4ZHc4dEVQMWZjMHdHUnotSjVtZmNTV2c4dkFZejFGSFNaTnloWDR2UGdaU0g3Qm84XzVlOVBCd2VVbTEyWjdXZk5ZQ2QyVkRzb2FyUUx0Y2NPWXc?oc=5
2026-09-09,半導体,,テーマ関連ニュース,⚪ 情報,10,Report: Samsung’s 4nm lines run at full tilt as HBM4 chips eat up to 50% of foundry output - Wccftech,"Mon, 07 Sep 2026 15:37:19 GMT",https://news.google.com/rss/articles/CBMirgFBVV95cUxQSHY1VHJVdUd4TERybEZONS1xZHlhTDhIY2hkbE50VWF2ZTgxNk54ZEwzZl8wU3ZXZmVLVFpSeWJ5alNRRnJpQm14b1lNQ09RbUhxZmVEZm5oU2I4RlJiUHpZT1RvTGdWQ3JqLVdaLTNyUTJFZjE3Y1lRbXI0ZVZvQmUxVnczZEE4SzRHN0Nld1NuaFhzanFVd2FxVXkwSkN6bm1oTk5JeUJsSG9qRXfSAbMBQVVfeXFMTVNRY0tjRnI2Q1NpRTM1ZFZKZ0ZycTMwOElLbFZWLWdwNm1nN0VVdVp4bDdKa1dvSnRPWDFzODFwQVFzOTF3alh4UHJIVTNIVS1aTVYxbC1FY1BOTkZhZktSbUlzSWYxZ01rZFNuSy1lRkxRN0hic2pmSnoyc1Jzb3NOTXFKQVB3eGRfZThHVzRyTXZuLXlaX1htdUZpY0FZaWhVWVJ1ZVFXRWlMcUVFRUhObGs?oc=5
2026-09-09,半導体,,テーマ関連ニュース,⚪ 情報,10,Hot Chips 2026: Samsung reveals a three-phase HBM roadmap that puts logic and compute inside memory — zHBM ultimately stacks DRAM directly on top of the processor - Tom's Hardware,"Tue, 01 Sep 2026 07:00:00 GMT",https://news.google.com/rss/articles/CBMivgJBVV95cUxOMEVZWHRkVm45Q19lY0x0S2ZLRzhqTkdaOExrUmRvSTRvNTNhV3NveFBScTktYW42RnUyQjI1RFdDY25hQUVCZWxjNDZrSThKTzV0WWdKTEtzaEM0dGRTcHM2enh0cTlRN09RXzBTOWdqOVYxVkZaRE53UTNfOG5yQkJUSU8zSzN0a3JxNV9xLVZ4Y3o2WUszMzlOOExpbm9nMl9HckRia05UQl9WNzBQQWJBVV94RW12UE9EbzNlQnhwVUQ5TVlZRHRrWF9rVXpIV2J6eWpvSmhsWVUySVFmVzZmMEdIR3E0V1RiZnRFUmxaT1BmWkpEd0NldkJhczVmVmx0WWhlY0w2T3YxbnZ5NzdnZ0VuV21UWjZtSFd2VVRGcFBxdEZuUWdzTG9ieTkxdXRDTU5HaUR4a1RvdFE?oc=5
2026-09-09,半導体,,テーマ関連ニュース,⚪ 情報,10,NVIDIA NVLink Fusion Expands With NVHBM Custom High-Bandwidth Memory - NVIDIA Blog,"Wed, 26 Aug 2026 07:00:00 GMT",https://news.google.com/rss/articles/CBMihgFBVV95cUxPM1pRSmtuWGd4ZW1YWTJOc3RUUWxNRmp6T0RCMmEwMGNNWDZCaWk0djVHTnkyUW5fZEZ5Q3VGalc0ZHhTYlBWYUt2V0RwcXlIMXJOWXVuOGxwdnFDb0ZDZDdKNlcxWGFsMXZmZGZBdjBJMjZNVjhNN3AxQTNxcFl4TVA4M1duZw?oc=5
2026-09-09,半導体,,テーマ関連ニュース,⚪ 情報,10,"Samsung Locks 70% of Memory Capacity Into 2031 Deals – Long-Term HBM Deals Run 5x Cheaper Than Spot, as AI Demand Chokes the DRAM Market - Wccftech","Mon, 31 Aug 2026 07:00:00 GMT",https://news.google.com/rss/articles/CBMi6gFBVV95cUxNWUxYYWVIQzZGdm14dzlmOHhidUhDLTVTaWlVZk1FX0p0MUpiVXVXdFR6R2ZqYk5uT2hUUnpPelk3ZzhkZnBmazZtWFlPTzYxTzZ4eks1alZIRmtQekNHdGRYUFk5ZmpubEJiUHVuR210QkZpWGlDd1UxNDUteENzZnRibUttOGczMkVTZE5HaUpuUU9lWDhhQzE1OXQwdEgxcXhtaWJEaEEtdmZ3a3J6ME5obncxYzVtSk5uVWF2U1dMM3l4cXdacEZnRjdLVHFHNl8yZ3dDYW5ZdXRaRTcxNnBTdURNUVNKZGfSAe8BQVVfeXFMTkpRektEMk1SOUJHX2JUelF1TmtmeXlDb0hlSkZfV1A4VmRVMjBTMHVfM05vQmRyejNicjItTVQyU29tLVZTV3UwYXpwRDNsWmYzNk90Zmw2OTVOMkVYWUtlRW1NTkVnY0VTUm1LeGh1UnNWdXFEbmwtajBhLTV2cm9KRHp5dXQzUlZTbU5FVnZuNXJWX0JlZzBXV182SnJwVmREV2Z3QlNDaTJ4UFpzbUVPajVHUEFvbV9SYTJha3BOVnAyWTBSR2xxdFVCNks4SXFrc0R2VEpONzdmX2hDWW11NDVUQzZYOHZWdktBWkk?oc=5
2026-09-09,半導体,,テーマ関連ニュース,⚪ 情報,10,"Intel, Softbank Announce Z-Angle Memory to Compete with HBM - TechInsights","Wed, 09 Sep 2026 14:37:27 GMT",https://news.google.com/rss/articles/CBMijAFBVV95cUxNZjIzUVVqN010RW1pb0ZPaUkwMFd5YTBfMV9UM1AzQ0NTN0dZZmpDbkNwTkhGVFpUWk5Mb0ZyRXhMbjNNc2Y1Vkxaa1lyUGFMeWRMVHU4NFVMMmNycVRNdWJOUFk4MFl0akw1ckFYd2ZjREVkaGdCS1hXYmp5N1BuRW9iUG91OXlQSzFFOA?oc=5
2026-09-09,半導体,,テーマ関連ニュース,⚪ 情報,10,Nvidia and Meta Are Hungry for HBM. SK Hynix Is on the Menu — These ETFs Could Cash In - Benzinga,"Wed, 09 Sep 2026 19:11:39 GMT",https://news.google.com/rss/articles/CBMi1wFBVV95cUxNZGR5dDVoX3VqbS15VU95MU5USlk2cDgyQlJTR1lzczJyaFd4WW9kdVU1Um9MRV9za0g3RGJ3Tk14X3E3MlNYdHBjNGwxRENnVklIN04wTkh4RlB4YWNEWmZFV2h3eERFN1A4TDRVNmkwYkhTTFJxUFlFcjdOTnAwWF9TN3lDX0RqdFZfcUo0OW9YdmQ0eUlrUy1qR2hLVXdWRTFwRjN0T0dkUHNhUDNON0E0RTBXU3duaU15U2ZBcFkzTXY1amozRkxqUGxia25nS1lUYjZlMA?oc=5
2026-09-09,半導体,,テーマ関連ニュース,⚪ 情報,10,"Samsung turns to Japan for packaging edge, narrows HBM gap with SK Hynix - digitimes","Wed, 09 Sep 2026 07:46:21 GMT",https://news.google.com/rss/articles/CBMilgFBVV95cUxNLUtJdmhMbEdkX3drVDg2cFMtRHVoRE9ITVE4aEloT1lhMzBoU2lYaThTXzY5b3d2MFQ5Vmo2blVxZkVwUWZ5LTN1bFBRUm03ME5xN2NsTHRlRVY0M25URkp2ZFNZRzZ2ZE4tajJ5VkFyNGN6TTY3c0syeE1JVjdFTWNCdVlJdHp1bzJmTld2V3RiVW9ENWc?oc=5
2026-09-09,半導体,,テーマ関連ニュース,⚪ 情報,10,Hudbay Minerals (TSX:HBM) Rebounds As Copper World And Arizona Sonoran Progress Put Value In Focus - simplywall.st,"Wed, 09 Sep 2026 14:53:13 GMT",https://news.google.com/rss/articles/CBMi0wFBVV95cUxPOVR6ZUd3aDY2MEtUMVpVWkZiUGNKSFR6YWxGSUJPXy1LdFRxalRrd1dGcjh1N1A5aEprd3Z1MjRwV01fSnQ5XzdLdDEtLVZRWERGX3ozWHg2UXFwelZhVHo5QmxxREVTenJlTGQ3TUhNN3hXTlFwSUxOTDQ2QlF1VmVsa08ybHNQUjNvRTB6dzBwYkdXbzNNQ0ZDdVpfMnZhUWdvbWlZdnlxMTJEbm5JM1V0anN0SWdPQl8xRk1ZZWdnX1QzNm9GN0lRVVNISEhTbnBF0gHYAUFVX3lxTE1KS1hJT1pUZ3BVR2E0X1p4eWpxNV9rRUJPQWozV1ktRFNZUU4xYk1pWmlrMUtNZ1Y3V2g5aTZDaUpReTA1MUdsYUlvUy02MGMzcWNtRnpHYUZpQlhFZVRfT29OVDVkZnFoOHVEaHpMU3g4SmRhejd1V3RheElqQU9zRzktVzBTeGJKSFpTYzdfMGcwR0tZWlhGOUdxdVFtSmFqc2RZWTc5X2VaRHdDc010SVRtc2dHQ2ZGaWk1MWxDMWRhWHlCVlhXUVpOOG55Si1GbWt1QVBnSQ?oc=5
2026-09-09,半導体,,テーマ関連ニュース,⚪ 情報,10,"Hot Chips 2026: HBM Base Die Evolves from a Memory Interface into a Computing Engine — Samsung Unveils a Three-Phase Roadmap Toward Custom HBM, aHBM, and zHBM - semivision","Sun, 06 Sep 2026 01:00:08 GMT",https://news.google.com/rss/articles/CBMiggFBVV95cUxNUkNpbDZ6SFZ1ZlZRQXUzMjU3TmtpMWg4N2xnWTRBSHJ1Z2xtdW9BZWpLUE1xVGdNTlNYaXlqX0VteE56Y2VjbXNzNV9zRlNBTHBJa1VzbUJiVVE1OVhLaTUxMFhHMUZuM0NVSl9tTHY2VzBRNVpsTk1WUG5ZUk1uM253?oc=5
2026-09-09,半導体,,テーマ関連ニュース,⚪ 情報,10,Dell’s Monster Quarter Just Confirmed Micron’s Biggest Opportunity Is Not Just HBM - Barchart.com,"Sat, 05 Sep 2026 14:00:02 GMT",https://news.google.com/rss/articles/CBMiwgFBVV95cUxPckVOVlZIS3dPZzdIQ3BGX3pCelhjVnFlX0ozcElLYVdGem5xOE1pMnJlZUEtZGVMY2VkSmw2SXVlUF9SRVd2Uk5sVUJQV1FTbHNVaDk0MzY3V0RQbWk4eElvZzllandsSUJRN0NmTUQzNlQ0d1pxaFI1cGlmRGVWblFwZElFd0d2Y2FqcVJGdjBod3BpNkRDMjk1UTYzU2NmdEJ5dTNFNGlaUU1vb0hMV0lHTWJaYzhOci1MSE5qenVIZw?oc=5
2026-09-09,半導体,,テーマ関連ニュース,⚪ 情報,10,"SK Hynix Moves Beyond HBM to HBF in Full-Stack AI Memory Push, Racing Against Nvidia - finance.biggo.com","Wed, 09 Sep 2026 01:36:00 GMT",https://news.google.com/rss/articles/CBMidkFVX3lxTFB2cE1mVXpoRXhvNHJtMnhYRnZicEVCRkxvb3VXelhhMUdacmxCMUl6ZHdUVC14WHVYbjc0enhTVGJ2dnMweUg5UF9QWC1QRm9JRFNVNE0yZ2dTbmV1ZE5fSmp4eEFNOEpVcmIxTW1nRGMyY19jT0E?oc=5
2026-09-09,半導体,,テーマ関連ニュース,⚪ 情報,10,Infineon and Skeleton to collaborate on AI power - Compound Semiconductor,"Wed, 02 Sep 2026 10:39:44 GMT",https://news.google.com/rss/articles/CBMingFBVV95cUxQYWNmdHV4ZWg2eE1vQmVod2NPR2JQSWxvcFYtSUVMekxUVjNGcTlwZnlDWHJUb1VyQW90cWc5ZGZtUzJLbElhbDBVN3BnZ0JSdmtfb29vWlFsZzNjaDhHOVN4TzlSSzRoOHlCNUVma0ZzdnNudEdvSlhDRm9hc0gzd2FlQnVOMkZQbkNZNEJNN2VOQ3JrM2dwcjNaRlBhZw?oc=5
2026-09-09,半導体,,テーマ関連ニュース,⚪ 情報,10,Compound semiconductors enter a new growth phrase powered by AI & electrification - yolegroup.com,"Mon, 23 Feb 2026 08:00:00 GMT",https://news.google.com/rss/articles/CBMivAFBVV95cUxNVTBxd3NnaGNDYUhfWDc2SVdWd19mWEFNTmNVXzJJa3NybzBoRG9pN2tQbDZPbzBpMzBWcU95X0otSy1YYlBBcGgwWTRUY1ZOY2RyNGtGTlNMZGNZVGJmU3BfdVBfRUE2WlBvRXBoYUY1bUdqTEFGOGlMcTFoaS1mdHNaTkVETnlnS2hBbnpzTEkwdkc1OW4tbnlzQkkwTDBlR3UwYlVSMHJjbjBCX1U2WmRjMjJvVTNkLVEtaw?oc=5
2026-09-09,AIデータセンター,,テーマ関連ニュース,⚪ 情報,10,"Visual Photonics Epitaxy: Compound semiconductor leader with robust growth, targeting 5G, AI, and data center markets - TradingView","Wed, 02 Sep 2026 07:39:01 GMT",https://news.google.com/rss/articles/CBMiogJBVV95cUxPWW5YaWFMQTJ3dUhpRFVhbUFaYWZ1VnotQ0U3Q1hQOGRGWjBKcUtHNjlNTEszVFF5VE9lbWRDN0xfY1FiQkl5MVpHV0M0YlBlVmcwQVk4RXNlRUxKSFlFWGlHeUtzNHNJbldTWlZGQ01oNXhHR3JaZ0tma0tLV2ppQUVQUldTN0pWaGQyQWZQTDFmcG9jX2htUDdEOHBmaEhpeC1CX2xaWk1KeTY5VDRjWkdNU055WURsYjY1bEttZTA3YURydW5JVXF4QlZza25weEdtLWxRRXBncUNBTjVBc2JXVk5Nc3RTa2pTWFRWcnpMcXl6d2F2aEt1bEJHcTZCMXlsazJXR0pPMGNfbVZ5dEplaVNiWUw4RzJ0aWI5bWhNQQ?oc=5
2026-09-09,半導体,,テーマ関連ニュース,⚪ 情報,10,Infinitesima enters next growth phase - Compound Semiconductor,"Thu, 20 Aug 2026 07:00:00 GMT",https://news.google.com/rss/articles/CBMijwFBVV95cUxQOXc1LWd4ZVppTmJ0VnF3cmQtN09pM3VGcGpSbU5jNENReENUQ0F3eDA1dWZwVlJHN2xLOERpb3pVOERuVUNNNVVXbTVSMjlHMUZhc3pRYWlRMi1XVDZEd0VUY2l0d3I0OEFsS3RoU2VLQXpSTnAzb2k4ZkZvcndCbUx3OWZDQzJFOTZnM2ZBNA?oc=5
2026-09-09,半導体,,テーマ関連ニュース,⚪ 情報,10,From charging to AI: power GaN’s next chapter - Compound Semiconductor,"Thu, 20 Aug 2026 14:28:13 GMT",https://news.google.com/rss/articles/CBMiowFBVV95cUxOQ3BKN1YwTE5FVWk2ZmFlNjlCV2I2SXUwQ0RuSU50dnBhQll0ZkpYcXViQnktWllLREhkOFpIX3VtalZRZXpId2haUGZNNWpTamFrRXF3cktOV1FOc0xvdXlDQkZzOWVhUmstUU14MnVLSUxMQWpfZk92ZEJWaXVDYmtYOUV4NER2THE2MmhJdjB5OXVpa2hCYXlMRUJCVnN3bDlj?oc=5
2026-09-09,半導体,,テーマ関連ニュース,⚪ 情報,10,Semiconductors: 'The oil of our generation' - Compound Semiconductor,"Mon, 10 Aug 2026 07:00:00 GMT",https://news.google.com/rss/articles/CBMinAFBVV95cUxPU0NRdVdXclhsdmhTOU9iLUNXcHc2Nko1Z0wwcUxpVnFBQ3lSS0M5LVlFaFhfQTBRaDQzM095UFdaRHdOT0hrR0VTMUtWZHgtRWVzVk1jZHdnLVlyREFSY1k2aklYN18xU1h3OGw2a0lKMENGU1dkLTZhOEFrRkdod0FkZTFXZ3NaXzNkejNkSWgyUlFreGNnYlhVcFk?oc=5
2026-09-09,半導体,,テーマ関連ニュース,⚪ 情報,10,The quiet war beneath our electronic chips - Compound Semiconductor,"Wed, 12 Aug 2026 16:03:27 GMT",https://news.google.com/rss/articles/CBMilgFBVV95cUxPU1pTTGNHV19uTnBNYkNVQWpiTng3anpxZW1ZSVc4TFV1T18zdzR4NUFSSFJqVHZfc3U3NThTT2tHamlzYW1WXzlKTFFTT1FzbFdmdy1XbHhvSjAtWE1CSVk3MGtDb2RVaWh3QTh1LWJON1pqWHQ3UlRtVFFhWkdLdVEySlFpUmJCd0piSE9RMG1sakhnMnc?oc=5
2026-09-09,半導体,,テーマ関連ニュース,⚪ 情報,10,Strengthening the world’s first CS cluster - Compound Semiconductor,"Fri, 22 May 2026 07:00:00 GMT",https://news.google.com/rss/articles/CBMioAFBVV95cUxQdzd4UGxQSnBaN3JrUl9UdjlkQThkd1gzcE9WVEFuQ2Q2dEdHWFF6cEhHbW5fOGloQkdKZWh1ZV9la2Vsam83bXpBbjBMSzFWN1JWOExkZlBjM0Z6V1Y1anJtTnFNOXNsZWRVTW04Ym9zX1pPaFY0NndKU1Y1bm5YYmlnUmZmOWJNU2xnZERMbWpNYzkwNjZKNXN5ODd4VzZ5?oc=5
2026-09-09,半導体,,テーマ関連ニュース,⚪ 情報,10,Space Forge to use Texas A&M University System - Compound Semiconductor,"Mon, 17 Aug 2026 07:00:00 GMT",https://news.google.com/rss/articles/CBMingFBVV95cUxPTms2X2ZUWlVyYmtUV2cyakl5TGZxTVJ3LVlUZ3NfMGs3eHF1TGlfQzByZk1NUWs3alF5Qkp6U3lpLW51YlIyYlZ6QWthd2U5YlpzS2dzYl9NQkhVdnV2Mi1IZ2dJTzZLMGRvUHhyTmdQY0dIQlF2eHQxeklvdjFZZXZHb3IwVWJEZzJuclN0dERSSXJ0a0lEbmJyYktQUQ?oc=5
2026-09-09,半導体,,テーマ関連ニュース,⚪ 情報,10,Get ready for CS International: 20 - 22 April 2026 - Compound Semiconductor,"Mon, 23 Mar 2026 07:00:00 GMT",https://news.google.com/rss/articles/CBMinwFBVV95cUxQZ3F2ZWZvRkdIN2pfOEhVU2ZPUjY5VlpUcjVXS25hQW92bFRRbm9JdklDV2VBNjN3Rk9XSUFnVzJVLTRZV0FHUHl3ZEtGTzRtZ1VfejktekN1S1B6M1RCbUQ5ZEx2R3ZKanVQZEZjYzdPWnJKVTBuOVhJT1ZLUzcyNmdEMWNOU1lubkwxWlpYQ3VRRlJRY1AyTWh1VGNtMzA?oc=5
2026-09-09,半導体,,テーマ関連ニュース,⚪ 情報,10,UK CS Catapult to become 'Semiconductor' Catapult - Compound Semiconductor,"Mon, 08 Jun 2026 07:00:00 GMT",https://news.google.com/rss/articles/CBMif0FVX3lxTFBGTzRxYkFEcUZUMlF0TVNFV0M3ZUVZOGk2QjN5dzVDN3QxOHlFMGNLd3dXNldIRV9CTGF2QlRRLUFfZlpXUkZjQWpHVDBDcndVTDdFREdqNWxuR0V0QVhEU1NlZFlCNjF3VWZMMHE5QWtZWUk1TmFPU1dXY1VDckk?oc=5
2026-09-09,半導体,,テーマ関連ニュース,⚪ 情報,10,Joint US-Taiwan initiative to scale the future of SiC - Compound Semiconductor,"Wed, 03 Jun 2026 07:00:00 GMT",https://news.google.com/rss/articles/CBMipAFBVV95cUxQdDBtNUZPQklWNEh1al9mNUVrdWdUbkZjWWF0ai1qa3RtZHVXeUlVZTZqWUl3NkpQQ2Z2djdMR0Ywb0dGWGxpSk8yaVhtY1NVYmx5RDdrYnN6OHhjUzhGaVVUWnM1cDlVNkFnSHd5al9mRzF0TThXY3FGd21iNXhORzFZdEY0VXVGUW9TbnNPNGdOS21oMWoySUI4QU55WVNTcTNkNA?oc=5
2026-09-09,半導体,,テーマ関連ニュース,⚪ 情報,10,UltraRAM: A viable solution for post-silicon memory? - Compound Semiconductor,"Wed, 11 Mar 2026 07:00:00 GMT",https://news.google.com/rss/articles/CBMioAFBVV95cUxPNW9rR1RtRkE2WDhvOWVsWTNCS0JXZThLdm03aUw1SFBjbi1XQ3JmT2poSWJPMTdOS3RIbFcxeFBCd2p1YmluNG91LWx3UG1zOGJSeVFmWTR1QmxhdjV6YjFqWUFJVUhnMEY2dnZoMl9IeVpEb0ZfSS1rNlBGN3RkSUNxTlZnc1QtVkthTFZtcjZwSXp0dzBUaWVtRzJ6Sm9u?oc=5
2026-09-09,半導体,,テーマ関連ニュース,⚪ 情報,10,Cyient launches India’s first GaN power IC family - Compound Semiconductor,"Mon, 11 May 2026 07:00:00 GMT",https://news.google.com/rss/articles/CBMiqgFBVV95cUxOYzJ0eC1ES2RtdmxZVXFhdk8tVWFtTDdLSm9qS0tGZ1pVT000YnlON0dnVjJmYUVwbTlYQ21fR1RkY3JrdG1nUkNRRm5YTXk2V0dleHQwZjY5TUVHWlhJbFNaWjV5TEZRT0Zyazk3N1I5X0YwUVBXVUVxTWQwMV9JbVl0ZTBteEp4SXJfLTBXSGxTOXRMSlZ5dUFoTWVCLXVBRWs4Q1NzdzBsQQ?oc=5
2026-09-09,半導体,,テーマ関連ニュース,⚪ 情報,10,Compound semis enter new growth phase - Compound Semiconductor,"Mon, 23 Feb 2026 08:00:00 GMT",https://news.google.com/rss/articles/CBMikAFBVV95cUxOMVJ2TUVTTFdFRmxkU0xzT1VsbU8xQjZ4b0prb245OGM1Y3lEbVU4Wm81d0FLekFBa0dCcXdmZjRPVWgyeElYQmMxNDYwSTN5dFA3NWJxc2ZLVGlrRnNkSHlGS0JndElONktvb2RBN21pWExLS3NVdGlFSzM3emF1LUREa2xldUtaQW1mOEF4OXU?oc=5
2026-09-09,半導体,,テーマ関連ニュース,⚪ 情報,10,GaN foundries aligning efforts around system-level solutions - Electronics360,"Fri, 04 Sep 2026 12:14:02 GMT",https://news.google.com/rss/articles/CBMisgFBVV95cUxPLVlGRWdJdlkzbmpaMUx2QkpzYzdlSm9UUk9RajhFV0pkOERrUEdpcUR6OW5EU3NzUkFpTFZ1OFB3M2trSE9mMlNySFBGMFVxZXRodTlwS3M4bVh4eXY5LUI1QmQ1dklKMmFwRm1EZWJ0UnR6UHZNYlBYY045V3R2Z1hRS0w1R184V2ktRmN5bk1QNG41UjE4RVRzbEJteWhDVVhsZzBGdHBQbG9WZHI2X1Jn?oc=5
2026-09-09,半導体,,テーマ関連ニュース,⚪ 情報,10,"NbAlN: A New Polar Wurtzite Nitride Semiconductor Containing Niobium —Enhancing the interface electron density in GaN-based heterostructures, expanding polarization material and device design— - t.u-tokyo.ac.jp","Mon, 07 Sep 2026 02:52:39 GMT",https://news.google.com/rss/articles/CBMiY0FVX3lxTE5ZNVVuQ0d2UFFOY2JNNlMzanlNS05RLUloaE5iMVFKSlNiN1FMMG9TemdKb3JfRHVMT1VZZzVpUG53V3Z5N0pEWkwwbGFadVdWVGVKaEc3VnE4WkZSU2JfeVlVNA?oc=5
2026-09-09,半導体,,テーマ関連ニュース,⚪ 情報,10,V-GaN Tech Hub Opens New Test and Characterization Facility to Accelerate Microelectronics from Lab to Fab - University of Vermont,"Fri, 24 Jul 2026 07:00:00 GMT",https://news.google.com/rss/articles/CBMiuAFBVV95cUxOSXlLSnU5MTNuX1hOdEVTd3hmRVBQTXV3clV2eERSSGh3Ry1WcUFScVJjZmd2eEsxY1lrMzltUDA5TzZmc3JjeU5rRkk4SXpYUkRCbjczQ2NLRmlWVkRIM3FzTnJYTzE1N0V2UXROM2xxZE9oQldxd0pKT3ktclpmbENTZDU2VjdwMjJUYmpBUXpFS1BuZHVsREIyRHlfYjlxZlFtODBCdjU0WnozWUNmcXpOQWI0OTVW?oc=5
2026-09-09,AIデータセンター,,テーマ関連ニュース,⚪ 情報,10,"Power GaN device market growing at 35% CAGR to $3.5bn in 2031, driven by data centers, EVs and industrial systems - Semiconductor Today","Thu, 20 Aug 2026 13:12:36 GMT",https://news.google.com/rss/articles/CBMifkFVX3lxTFBUZnotV3RrWURsYWcxeHlnQmc1NHJ3NXRCMDJtMVdRVkp0S09ubHpOZFpHdjRZX2tSSEctMUN2WlN4SFVWWnEyWVVvMzVwekdvSkZCNWxHOTQ5LVpRVDlEb3AyVzhhclZqX0ZjaWVCUUFNeFhOcFRHXzgtdTNlUQ?oc=5
2026-09-09,半導体,,テーマ関連ニュース,⚪ 情報,10,EPFL group redesigns GaN - Compound Semiconductor,"Wed, 02 Sep 2026 18:40:42 GMT",https://news.google.com/rss/articles/CBMifkFVX3lxTE1oTG81Rm9CR2ZCa3F2U2dGWE1PbE5OcHdnZHBaN2xzRDRxMEtkTl9BTmE2cFRBM1VUY1VwZjlFQ2xxOGVRV0NKcmd3cHpKTkRNUVU3OXN1cDRta0toZTNDUTQ3WXFVV2M0OU1nOWRkQmFla1Y5dnF6OVJYM2c1QQ?oc=5
2026-09-09,半導体,,テーマ関連ニュース,⚪ 情報,10,The U.S. Should Fix Its GaN Problem - by Aqib Zakaria - ChinaTalk | Jordan Schneider,"Mon, 20 Apr 2026 07:00:00 GMT",https://news.google.com/rss/articles/CBMiYkFVX3lxTE9XYTNHYlY0NEg4clBKdXVNSUVlNEs5SU1JdVZSU2t2X2J6M2hEbUtzN3JYUmdmUTQ1cWJ2M1duQ2Q4d05kMkhaRUhWUGg0TXlzQXdpOHIzWGFRd1A1V0w2bGVR?oc=5
2026-09-09,半導体,,テーマ関連ニュース,⚪ 情報,10,"DB HiTek Completes Reliability Qualification for 8-Inch 1,200 V SiC MOSFET Process - PR Newswire","Wed, 09 Sep 2026 13:00:00 GMT",https://news.google.com/rss/articles/CBMi1AFBVV95cUxQdnZEeU96QlJ1Z2lqOTZMeTdzTnN1dFhqMFlER3laclkyaW90N0l1X3hRSnJuRDZpRUVTa3RwYUh4RGVZNGZBYTBNdHJIcE1NSVlLZFJEeWlFNFZuenBUUTdMeTN5YUMzbV9sS2FpcUVIN2NWRUYxQnMwNFlBYktGQWpma3RQQkxxYmNGLUlWb0ljWm5LQ3ZnWVhVLUpTTkxEaDU1blRvcWZMd213X0JHYnBsa2U3dFk0ZkxNMnQwdFdiWFFJczNMWWx2SXJPd0xhQkJTUA?oc=5
2026-09-09,半導体,,テーマ関連ニュース,⚪ 情報,10,DB HiTek builds world's first 8-inch SiC foundry process line - 헤럴드경제,"Wed, 09 Sep 2026 01:01:09 GMT",https://news.google.com/rss/articles/CBMiV0FVX3lxTE5LQVRGTXJzS0ZmTjhyaWdGSHZaVmJSSTRNeUNqZXVqUDBDdjd6aGU4Z3c2UjVLaHZjLXBrZF81VHBycDZaQ2I5NHVoNUNwdklFU3o1VEZMSQ?oc=5
2026-09-09,半導体,,テーマ関連ニュース,⚪ 情報,10,"Silicon Carbide (SiC) Devices Market Size, Share | Trends [2034] - Fortune Business Insights","Mon, 17 Aug 2026 07:00:00 GMT",https://news.google.com/rss/articles/CBMiiAFBVV95cUxNMkN2ektsV04xck9hR0hzaG9ZWmhzZFFWUmZwTWozNGNSZy1sejFwRWh0ZS1NdVlZLU1pR2ducWRIanFuZjV3Z184dUU1TE1IOEd2RmxJaWhqSHQzSTQySS16NEhDeU5vZEhzT29fNGVJWEVvZHFpSTZmZXhBUkQ5WktENmpWTENT?oc=5
2026-09-09,半導体,,テーマ関連ニュース,⚪ 情報,10,Power SiC enters the AI age - yolegroup.com,"Mon, 15 Jun 2026 07:00:00 GMT",https://news.google.com/rss/articles/CBMid0FVX3lxTE5lR25KZzd6QjF5NE1tY0xOT2t1MnVCdFdTbVhxaVB3Q09kNHYzOHVrX2FkLVVmNFZHbzBxRkFHSUlfbVJXYzR0eEl6dUdZS2tfcjUxODNqdnI5X3BhRUtQTEVuSlRWSDRMSnJndmJnUFBRMWlnYWlJ?oc=5
2026-09-09,半導体,,テーマ関連ニュース,⚪ 情報,10,Fuji Keizai sees China SiC semiconductor market at 970.2 billion yen - International Business Times,"Tue, 04 Aug 2026 07:00:00 GMT",https://news.google.com/rss/articles/CBMimgFBVV95cUxOZ09YNFFKNHRtZ3RXMEhlVGpEV1RyYjVRV0drcGlWblVjMFFiMUh0Z3VYdjNydEh6bGpKSHlRY01mS2pXVUdMM2ExWkJBZUZvNURWd0l6UG9UaFprMDdsWWpHYmdHam1QMDRrSU1FaWNJcnVFZkwtS1RJMnN4RnFOMHgzanQtc1NNTE1Ic2RaaWstTEc5eU1PQnRB?oc=5
2026-09-09,半導体,,テーマ関連ニュース,⚪ 情報,10,"China Silicon Carbide (SiC) Market Size, Share,Trends, Growth Analysis Report, 2030 - MarketsandMarkets","Tue, 21 Jul 2026 14:10:12 GMT",https://news.google.com/rss/articles/CBMioAFBVV95cUxPN21Ba2dERG1aZ2VfN1M5bDY3ak5yOFJMcGk3RWhzajdXcnF3M2g1OWQyN1lnZHBqUGROZy02Yy1vZDFpS3RQSEpMeTZhZWI3Q0p1eFRndXA4Y1FBZEVxc3NBTThLR3ZNcG1LNXNJRFhzdmg3VEdyRU9EYjRReEtLUDFoaDNTbENMV1dmUEIwTjdIdFl6NXgxQ0g2OXNnSW8y?oc=5
2026-09-09,半導体,,テーマ関連ニュース,⚪ 情報,10,What Navitas Semiconductor (NVTS)'s SiC Licensing Deal With Magnachip Means For Shareholders - Yahoo Finance,"Fri, 24 Jul 2026 07:00:00 GMT",https://news.google.com/rss/articles/CBMiqAFBVV95cUxOMHpPcGx3VGhKQVVKSmp6X2dGal9obnVueFdaV1Rnb3FJVEpibWl4QU1XeWNSVjh2UXBFdkgycUxadnVrRXpUTG5UeTl6SG9RMzBmRk54OFNmcTBTaG9penZ4Y0dLUzRJblR2R201VXZpaTVkRTZlS2R4enBkNFdncUxKcHR3ZlVuV3NlUTRXSXR2VEd2bGdMajVKem8ybjZfVzgxdElyM1E?oc=5
2026-09-09,半導体,,テーマ関連ニュース,⚪ 情報,10,EYEQ Lab reveals 200mm SiC wafer - Compound Semiconductor,"Tue, 28 Jul 2026 07:00:00 GMT",https://news.google.com/rss/articles/CBMiiAFBVV95cUxNbVAxUWp3N3BJQ2JXS3VhWlRvSlhVRl80QnU1Y0pHVjlkbU5uWGRHU3VxVlNaaEdBOV9HUDZ3b0pwWDRKNVdVX014ZU5hRTNtSzg2RXE1a3lUSEE4UWx0SmRjX2tJTHU0U1RTd3IzcTJKMXBiZlJPWFZZS0ZmT3QxNHhkVnN5WV94?oc=5
2026-09-09,半導体,,テーマ関連ニュース,⚪ 情報,10,"Navitas Semiconductor (NVTS) Signs SiC Deal, Is It Still 17% Undervalued? - Yahoo Finance","Thu, 23 Jul 2026 07:00:00 GMT",https://news.google.com/rss/articles/CBMiowFBVV95cUxPX05vdEtsQnhTaWl1ZThlaVBQX2FTT0N1cWlaU19aZHlZeTVqNGxfOHgzUnVQRnh6SlJxMlFYZnJLNzRaa2VyUnpoUkJRZ2x4RTJtM2ZJUkZodzM3dkZDTDVEZ253Q3doNHNPelcxZmxDWk53cWM5VXFlc0lJVVczX3l0X0JTclZ2elRlT0tFbDdVcGlFZFU4Q240UDdBcGE1WUJz?oc=5
2026-09-09,半導体,,テーマ関連ニュース,⚪ 情報,10,Coherent samples high thermal conductivity 300mm SiC substrates - Compound Semiconductor,"Tue, 18 Aug 2026 07:00:00 GMT",https://news.google.com/rss/articles/CBMisgFBVV95cUxPNDZ5OXQxaXZXX3R6Tm5TUjgzdWZpaU1vN3NobWgzZko5RXN2ZHJPcnphTGpXOEtrR2dpd2RjS09ndGRlMlZjSlFyR00xR2lpblY1QUhRZ25yZXdXUVZSRUJEajJSM05mb0t4MjVfV1V2RnRBVEtKV1d0OEVFY2dzMGtTR211MC1QTmpZYjhPWGdLVHowUGdpcG1LVmZiem5zam5ib05BRUtUdkVYekVNdnNn?oc=5
2026-09-09,AIデータセンター,,テーマ関連ニュース,⚪ 情報,10,Cowboy Space leases a huge facility in the Seattle area to produce hardware for orbital data centers - geekwire.com,"Sat, 05 Sep 2026 20:37:19 GMT",https://news.google.com/rss/articles/CBMieEFVX3lxTFBxcE9wNnFZZFU4dlhYX0V0Uy0wbWZiQXpjZHBPX1pmRmdtVHpLSTF6ZFM5dzdtaXltcUxOMUF3Vld6TEZyMGtEX3hDZTBFaklaZ3lpRFNVUzhNUTF5VTBBZlYzY3UzdU1aVnlMRWtQYmw1Mm5Ua0dqcw?oc=5
2026-09-09,AIデータセンター,,テーマ関連ニュース,⚪ 情報,10,Elon Musk wants to put data centers in space. Should we let him? - vox.com,"Thu, 03 Sep 2026 14:00:00 GMT",https://news.google.com/rss/articles/CBMid0FVX3lxTE55U1ozMnhrMWhiX09IR1FSaDNzb0hQVGxMMW0yaExUQ1JObDJRbTVRQ2RCMnl3d0EyQTVkYmxMQlcyNE9sX2oybXFtSXFDMEVESjRieHEzNHhTVXJzaE9kUnNuZG0zRHUtY2I5OFItMno4TkVaRzMw?oc=5
2026-09-09,AIデータセンター,,テーマ関連ニュース,⚪ 情報,10,Elon Musk’s Space Data Center Bet Faces a Reality Check — Experts Says It Could Be a ‘Next-Decade Event’ - Yahoo Finance,"Tue, 08 Sep 2026 23:30:23 GMT",https://news.google.com/rss/articles/CBMilgFBVV95cUxNUV9nRDAyX1ppdkZfVW9hX2ZaVkNCN1dtZmpDUjNvMDJ4d2FOaDJ6MFVSV3FxWUk4OW9pVkplM09pclRnOG1nTlU5MXVhdktDeGsxaFpLdXdObGstVnVDbmlwQzBSYk9sdWpId1VHNDBianIwREdPcXBISjhFTVRScFZSVDhiTjd2WTJuMFZSWjFMR2E2Z3c?oc=5
2026-09-09,AIデータセンター,,テーマ関連ニュース,⚪ 情報,10,"Eclipse Space Unveils Satellite Platforms for Customer-Owned D2D, Broadband, and Orbital Data Center Constellations - Business Wire","Wed, 09 Sep 2026 11:00:00 GMT",https://news.google.com/rss/articles/CBMi_wFBVV95cUxPaEdBS0xtZlBSMmktVGV0SDhPS1ZoQk5ZLW5CNEVHS3FwUzNjSzluYjl3bndteFV5ckFMRDhjN2JGdUd3b2FBYWY5TENfOXYxQ0o0NG5SNGl3MWtzS3ctYjl2amJVeXJseVktZHJhVFFBa0VlLWVhWEd5LXN4VjkwZHpiRTR0VmhHUnZWa2MxT01jcUlQeWNIVVIzZmpmbFBlMnAyeDE0UWkwMXc1M0JmOEdHbW5ySHlmS1k0TGROTWtBa1VNR2pUTHNCZ0RDRkhycFZsb0czdkFkS0wxYXNraEltYXRaVVBUbUpsUlNvTkR2ZWl6SC1McEIxMHdKUE0?oc=5
2026-09-09,AIデータセンター,,テーマ関連ニュース,⚪ 情報,10,Jared Isaacman’s support for Musk’s space data centers did not occur in a vacuum - The Hill,"Tue, 08 Sep 2026 15:42:00 GMT",https://news.google.com/rss/articles/CBMiiAFBVV95cUxQVFhBMnh6NzBiSHNGOWE0bGNaeHRzb2JSNV9HanQySktPYzlweWszT09BNHZiMk1heDhHdi1VMXpCeWdETnhEYzU0Rm9RbzFkcHdsUEdiMmhYNF9Xd29mWlBfaWw3MHJ4NW56OGUtbGZUSXJkdnZ5RDlqaloybkJQN1RFLTd1THhy0gGOAUFVX3lxTE12VFlmb1pmdDBzdGI3Njg1SXFCT2tqeFpvTkc1U1RRclVrZFMtSDEyMXZBSV80RzhLZ01BdF9RczR1UFFPa3FUNjRYRm9SZ0N6Vk53MHIxX1lkMTFYQzdIX1VVZkJoeThSR0JKWVpRS0xXaWRBX2RMMHV1eVBPMEo1Zm8yS19EVUdCZ2NNeUE?oc=5
2026-09-09,AIデータセンター,,テーマ関連ニュース,⚪ 情報,10,"AI in Space: AI Data Centers in Space Promise More Power But Raise Legal, Security and Environmental Risks - AI Insider","Tue, 08 Sep 2026 13:00:59 GMT",https://news.google.com/rss/articles/CBMi2gFBVV95cUxQU1ZlQzlpMFVNeXRuYTBEWTJtTWdlM1prRDUwLWJqSEVsMGdsaS1uMmNiUUFtQ09rb2FkalhXSFc3RGZ2MDFGWEMzbTQxd2Rma3huU1ZnOHh5eWdldm1fRExDOVlwS0NBTFVMVjVQeC0ycXozWnF6SEh5VDJkWG9KWVdEcHdjdnlELTNGOXJ4NVNDSGoydHh3bnVmc01jQW1uRHVKQVhxZ0ZrSDBYdUhCeE9fZlJPdjBmZDJ5YkdtRzg0Tk1HdU1nTmFLTVZob0FKS3pZSm5oYXZ0dw?oc=5
2026-09-09,AIデータセンター,,テーマ関連ニュース,⚪ 情報,10,Elon Musk’s Space Data Center Bet Faces a Reality Check — Experts Says It Could Be a ‘Next-Decade Event’ - Benzinga,"Tue, 08 Sep 2026 07:56:11 GMT",https://news.google.com/rss/articles/CBMi5wFBVV95cUxPSHJ0LUNkaE5yUEFjWGY1Mm1haUxwVk9xZ0dMZFhQN2QzU0NOWFJLM256SWIyVVpPbFZSRVM3N0s4TTRFTTVWMzZILWI0T2dhSWd1MkxBaVdXOEl1Z19mU0NSZ3pHLUhFWnZsTU1SZlRKTEw5NFdkVHlpMmpfYUV4Z0taR2xKZUJ1Nzlwa1VjckhpVko4ZHQ1RVNtZFNrT0JUaVBPYzRLWC1LcXRUcEI4OTRNYlVKVHk3RG1WOXY5U05ZVnROMG1Gam5NR3RVaXo5R2I4bnJmanFaTHVpWG1Ba0psWjBRSWc?oc=5
2026-09-09,AIデータセンター,,テーマ関連ニュース,⚪ 情報,10,"Space Based Data Center Market Size, Share | Fotrecast [2034] - Fortune Business Insights","Mon, 17 Aug 2026 07:00:00 GMT",https://news.google.com/rss/articles/CBMigwFBVV95cUxQOWhfWEV5d1NuYkRJNVV5bHNFM2hGVnM2aDMtVWQyZlZ5MGE3eVVmd3czQWppeS1sejluaVpWQXExV0RzMUhKV0lQS21pTVlWZmczS1pubTZodEpMa1d2SENtUnFYNFpHNFNWanFrQzFMWVZKOEpUY0ZwWVh3QktnSGNtbw?oc=5
2026-09-09,AIデータセンター,,テーマ関連ニュース,⚪ 情報,10,"Musk Moves Up SpaceX (SPCX)’s Orbital Data Center Timeline, Again - Yahoo Finance","Sun, 06 Sep 2026 20:41:03 GMT",https://news.google.com/rss/articles/CBMimgFBVV95cUxNS3V6WjZhMVdqTV9SVnNyOVpON0d2UC1RRzB6WENzYjFXVWhkenpscGtDdkx6UlU4ZVhmLVl6d2RWeVM2eVdxYW52R3RzWWlLSVlxTkdkd2pFTXBtazRnTGlOc25YMGYweXlCbUJsQ0NLd1ZCM3hZMDk2NWFMZ1dxNzktMHhocU1FY1hrSF9zb2VYLTJuTGJwaXpn?oc=5
2026-09-09,AIデータセンター,,テーマ関連ニュース,⚪ 情報,10,"Cloudnium Now Accepting Colocation Deployments at Tempe, Arizona Data Center - WINK News","Wed, 09 Sep 2026 11:08:23 GMT",https://news.google.com/rss/articles/CBMi_gFBVV95cUxQNm9mdFlCYzJUb2x5M214SmZWbjlwcVg0RG5Ba1hkNWxIRHB2TkNvbm5UdVo4Qy1wYVNNVkhQeFVnV1pNN0FqcGZQeEZ3UnFTcU1hTGQ4N0lUbTNrZHdiWkxST3ZXYUMzZkZfNzNRenE3RGdPMUpWWjFYdjBlekxQQ2dmQWJPUmlxS3U2M2U5VjZZR3RXNDllb2JtbU9aYzk0ZzBKaHFYcW9zcHNDUG9sbDUxSmcxaEwwcWtNSlhGZUI4dko0YkRwLUlONFdDSGZUeThoM21oWUtIQkxodnYyaDV3RW9uMDNxYWJLeVR1TTBqaXRFaEN2cThSeE1NUQ?oc=5
2026-09-09,AIデータセンター,,テーマ関連ニュース,⚪ 情報,10,The Space-based Data Center Hype Machine Is Already in Orbit - IEEE Spectrum,"Wed, 01 Jul 2026 07:00:00 GMT",https://news.google.com/rss/articles/CBMiX0FVX3lxTE8zdHR5cGpadzFtZzNRSi1FeWRBc21UcTVYYmJhcTVYZW9TenA3b1pmcmpGN050UzlJQTQ3bzlZZ3ptVWZpUC01Q0lQbi1WWVFocC1aS3pSbHpfeDdIZmI4?oc=5
2026-09-09,AIデータセンター,,テーマ関連ニュース,⚪ 情報,10,Data centers in space could be a new frontier for insurers — if they can price the risk - CNBC,"Fri, 14 Aug 2026 07:00:00 GMT",https://news.google.com/rss/articles/CBMimwFBVV95cUxPanlzbTkxbHVrT0dsb05kNnhrZVNzOFNNc0JKTm9xZ1BUWUpWQkEyWmRUcGhLdXNFbHM1X0U1NnoxbU91UGo1Xy1DQzdCR2ZmYVd4UXpaYkwtNTMtNWJmd2FYTUtNTW5mYWZJV0VlWlQwWnE1S3VzZEdIZFBFRDlmS3JjMkdYa3ZTRUdTd0kzWWRQTkxsbWJZa04zVdIBoAFBVV95cUxOX2ViSzFsb0JfakozR1hrcUlCNGV5bHdXWlFPSmJ5NHFHQXQtQmo1T3ZmTUpCN0YzLUcxMXoyR2doTnRNczg4VkFNSnc4aTdQN0djdDRhbC1MazBJYzc2dHo5ZzBKbFR3MXYzMUNVLURsY1IwRTNOM2F3UnFYZHZLUUR2a0lyX3draEVraHFGcXQ0WDBGWU81ZGxlOUJ0djRO?oc=5
2026-09-09,AIデータセンター,,テーマ関連ニュース,⚪ 情報,10,Silicon Valley data centers hit 4% vacancy - The Business Journals,"Tue, 08 Sep 2026 22:58:00 GMT",https://news.google.com/rss/articles/CBMinwFBVV95cUxOQ25oMmJBelVERlNzaW9IX1ZOR095b3BUdTRDbUFIWTRFUzJTaHZmdTcwZHdkYTAybzdfVlY4ckE4dDBPX1I2eXBsZTR3NmJRWEFNWDVmY0diczBQUDVCbEVSVlZ3MEF1RTNJU3QydzJ0UVJzYm9EWXN5Sy1CQlBvSmNjYW1KNEFZSExWSVVMZkJuSl9iSUJyRm4ySm0yRXc?oc=5
2026-09-09,AIデータセンター,,テーマ関連ニュース,⚪ 情報,10,NASA administrator suggests putting data centers in space - The Hill,"Wed, 26 Aug 2026 07:00:00 GMT",https://news.google.com/rss/articles/CBMikAFBVV95cUxPbHZ3azJ1dDkxYkhqZndPeUZJYVZYTFRaMXBwVGg5a1YtZU1WaEJiSE9LMnN2cUE1VjNTcWtDdmFQbnJlbW14VkNoQ1hnTVBrTG5rNzgtLV9wSHUxNFhYN0RzRmo0cFlXemxuM2c3Vkl1cjRBdi1nNHVrQjJJYTRxTDBlV2pQdzJYSFBvU1dVckXSAZYBQVVfeXFMTWR5NTR1N0JJYjFsb25qVGZmOWxydDRlMVhqOGJQWUM2NHJIUXNSb3ZnNy1mTl9YOVRoMlBsS0tzQ0dtWTgxVHFFREVFZnhIcFlhcDNPUmI4TmdRTlJ2Z3BYcVBUUmtraDJrNkNucEEyb2hFaENPQVdBN2hQSW9Vak1XenFnUU1KQS1GS21taElDOVhjTFpn?oc=5
2026-09-09,AIデータセンター,,テーマ関連ニュース,⚪ 情報,10,Starcloud raises $250M to support the creation of data center satellite network in league with Nvidia - geekwire.com,"Fri, 21 Aug 2026 07:00:00 GMT",https://news.google.com/rss/articles/CBMiigFBVV95cUxNYXlsbjJ6YVQ1TU1fQWd3WmRyMlBWenVTRXdaaGg4Mkx1bnVKUmlVcVpwYXRwcnE1ZEdtRmJxLUxyUWhSMFkzeFBxMjd3T0x1YzRBd0prWEVyOXJJR0kxX0JvbV85MjVpMVNTQkVoQWcwWF9TS1BEdW81WFItd2NyTnFCck1KQ003ZVE?oc=5
2026-09-09,AIデータセンター,,テーマ関連ニュース,⚪ 情報,10,Elon Musk is about to launch an Nvidia data center into orbit — and he's betting everything on its chips - Yahoo Finance,"Thu, 27 Aug 2026 07:00:00 GMT",https://news.google.com/rss/articles/CBMilwFBVV95cUxPTTRRaC1RQ1dJNTkxRUVHNW8wNi1DTkd2TnZGU0EtQ2tybW4tbWVtcWVNX19qR3ZOd1I2RGZrZENoQlJSQU9ZYnYwSFJrUlBVdW1CMEZWZkJXMmdVNXNhVjVLWC1BdUpWNGFKQUotRTQzN3psVFZQZllDd0dnYm13X2RqbWVJQ3B4d0FuaGdJbFBNZ1VrQ1Fv?oc=5
2026-09-09,AIデータセンター,,テーマ関連ニュース,⚪ 情報,10,Data Centers In Space? Startup Raises $250 Million - Newsweek,"Wed, 26 Aug 2026 07:00:00 GMT",https://news.google.com/rss/articles/CBMihgFBVV95cUxQcE1CNHlRTWRZMzdIWk4wNEVNZWdZcFA3VXdwazJvWkdhQ3dFbURNU1dfWWNhdmFhcGQ2azBieWhHdHc0emxFc0k1UW5tTGNsN09yUm5QYWFTMnRfTlJISmNQLTYxMV9yMkJXUHBZTjZFRU9RRmRQeXhweTAybzNpaHNBZ2FXZw?oc=5
2026-09-09,AIデータセンター,,テーマ関連ニュース,⚪ 情報,10,Houston Healthcare Faces Data Center Delays - Bisnow,"Tue, 08 Sep 2026 19:15:02 GMT",https://news.google.com/rss/articles/CBMisAFBVV95cUxNZXR0UldUSlY2VHBWSUhuM2ZrcHVhZjRBRmxKNE9nTW1ucFpNRDBUT1NTVTF4emp4Q1pHZi1aSG1CZUY4NWFUQU9sYmZ0NVg2U0UtZmpzclV3SnpnbXlVRmxOQ2F3WWFhdWlSMXR2SERyRlZFRms1RDRjUkNoZG9RZXNld1drSmgwM25SNEt5TGVqVmJJZTQ3Q3dDMU82OFN2MnZvMXYwTnZVRmcyVnU2Mw?oc=5
2026-09-09,AIデータセンター,,テーマ関連ニュース,⚪ 情報,10,"Space-Based Data Centers: More Than Hype, but Not a Revolution - Boston Consulting Group","Thu, 27 Aug 2026 07:00:00 GMT",https://news.google.com/rss/articles/CBMigAFBVV95cUxQRGlIZU9laXhmTGNyTWxHRUdtT3V3VEhVTnNGRFh1cnBzaGdYMzdNcHJ3bExPVFdRLVNLOEhBS0ZHbDBDeDU3VUJOSVgwSEFXYUtkQzkwNVdYZHItNm9lRERxMkt1UVppVWRCQ19iQ1R4dEVDOGEwd0dHZlE3c0JHMA?oc=5
2026-09-09,AIデータセンター,,テーマ関連ニュース,⚪ 情報,10,News | Former Costco warehouse to make rockets to put data centers in orbit - CoStar,"Wed, 09 Sep 2026 01:43:50 GMT",https://news.google.com/rss/articles/CBMipAFBVV95cUxNMktZZTBGTVRZV2RkeGsyNHJ6VU5WZTJaNlZHMGZRV0JKQU1XRFhhWjJXWGExRW43dVV1NzJKZEl3YW42cjF6enR5RDdFTXpPNVNkalI2cldPVTdrcGRJZzYxaWU3aEw3dnpKRkxXaEpwWGhtQUk4LW5yekJ0NnE4ZkJ5Vm15aUpnWUJGSjhQRmtfZ0lrYURZVnlEaWdCT19icmV3cQ?oc=5
2026-09-09,AIデータセンター,,テーマ関連ニュース,⚪ 情報,10,"With Nvidia on board, SpaceX orbital data centers to hit 'significant scale' in 2028 - Light Reading","Tue, 25 Aug 2026 07:00:00 GMT",https://news.google.com/rss/articles/CBMivAFBVV95cUxPV2E2NlVRdXNUczZLR1FEZ3Fid2NSa3hfeW1LaEtieDZNNV8yVENwQ3pJY1I5VzEtUWxScEpma1FXWEpjUEliYldEc0ktVVhoRUYtNTlSNzFMNlNNYkZCak5Sc3pvclhqWVhOZ2tsWUdkeXVDY0RZM1Q0OU01YlJJUTh1Zkh1SzFzZlR0YWxlX2J5MnR2RFJfZVBTVXJ1SmNzcFFDRW44bWtWVnVYRS16cV9zNnJ1SjNfMUxXRg?oc=5
2026-09-09,AIデータセンター,,テーマ関連ニュース,⚪ 情報,10,Orbital data centers could outshine the Milky Way - Scientific American,"Thu, 20 Aug 2026 07:00:00 GMT",https://news.google.com/rss/articles/CBMipAFBVV95cUxNSDZLdUV4UVNVakNZN0hTZEoycjM3VlV4YlhwbXVVUVZsMzQ0NU45eGtwNWZVZWhjQUd3VVBTcTE5SDZELW00dTRsVml4UTVjV2VIVUVRLW9nY1M3NnJIRjBjM3lDZEZpcldqMl9keFlWWlllVDFEWFktckVHZWtmdXhEY1dWMkFPSGROa25HRlZwSkI0S0NrdHB4Q0ZPTWxsM1N0Ng?oc=5
2026-09-09,AIデータセンター,,テーマ関連ニュース,⚪ 情報,10,Musk Sees SpaceX’s Orbital Data Center Launch Near End of 2027 - Bloomberg,"Mon, 24 Aug 2026 07:00:00 GMT",https://news.google.com/rss/articles/CBMiswFBVV95cUxNenFaRnNzODc0bFNvdzRhU0xrNko5Z0JQc01JYW11T2JId2pFclg0OUVwMmJQdXBqSHRIcUV2aTQxekI4TC1FV0VpVnB4a09oMzdRTUcxREJvdXNxZVNSSnliX29ndnhvbDFiMEIwUkt1M09vNnUzLXNlazhNb041RGR2ejFrLXIxWkZwY1BQdXNkRlpMbllWcXVMd09YSDZIWEc0WGFnaDFVZkV6UFNfZXJPSQ?oc=5
2026-09-09,AIデータセンター,,テーマ関連ニュース,⚪ 情報,10,Orbital Data Centers Could Put National Environmental Policy Act to the Test in Space - Morgan Lewis,"Tue, 25 Aug 2026 07:00:00 GMT",https://news.google.com/rss/articles/CBMixAFBVV95cUxOOHRRRlFwZ3NyVkUwaF9KNXRNR0lwYVRsTF9id19fajJidmEtbkdzQnk5bWdMb0M5YXROYkhTSk1lVFZIT0xvVVpoQVRBSkV3RXBvanNCLXpsMllNbHlhSVZPeEVtX0JuZkhKVTk1ejVnWFFxMzJwWnlISldtQjE2WUhSSDN4WW1ZdW45ZFpKNmZsWVpfMlpvN0VwdzJTNktDTnlBNFk4WG1oYmJ5c0FLUmJGUzdEeFJKdHJLX09ZVzNwQ0hI?oc=5
2026-09-09,AIデータセンター,,テーマ関連ニュース,⚪ 情報,10,Orbital data centers’ feasibility gap is a governance risk - Brookings,"Thu, 25 Jun 2026 07:00:00 GMT",https://news.google.com/rss/articles/CBMimAFBVV95cUxNQVNmaWY3LUVPR1JmRzc2Q3g1cnVONHVBMFF5THhRZGllYWtVbERwUV9ncTdxN0I3Z0l4RjZsemFqaEdZYXhrb1dpbmFCUnp6N2VqaTZpR3lNSmFRVmtWRFUzVlQ2Yjk2X3QtLWhEemhnazNYUUNoSlR0eFZDNVJsdGx3aUFLaWJSdUJCb2cyQ0xjeHpEdldTRA?oc=5
2026-09-09,AIデータセンター,,テーマ関連ニュース,⚪ 情報,10,"For Orbital Data Centers, NEPA Could Be the Next Frontier - Morgan Lewis","Mon, 31 Aug 2026 18:57:14 GMT",https://news.google.com/rss/articles/CBMitAFBVV95cUxNcjVYMGItQU9QUW95aW1SN1F4TFVvQks4bFNYb3R2cktVcHJyMEx3UTdaVnFBYmh4SWR0UDM3UGlUQlpHcVl6aFYtcHhfLUEzZEJpUEdDOTFndk5idk9ZcUlCVTVCUldWTGZWTW1PTS1ZS0FuTm9iczZwRWFwOEwya0daUXBnQ21KVzRVdDdhTlpHUkZELTBVQzU0OEJDWVVaVFFFbklwRjBoNEdldlFWZ2pKUG4?oc=5
2026-09-09,AIデータセンター,,テーマ関連ニュース,⚪ 情報,10,Redditors Are Skeptical of SpaceX’s Orbital Data Centers. Are They Right? - Yahoo Finance,"Tue, 25 Aug 2026 07:00:00 GMT",https://news.google.com/rss/articles/CBMipgFBVV95cUxNRTZ2Zms5Rng5T25KaTZGajhLRE9ldkx0RzNOMnI1TGZHUkNzMDBZSkZpdEdWLW1kWGMxazNTTXplYnhwWklURF9NZWh0XzhtR3RDWGhUdGxKVlZ0RFR6NlJVaFduUVVpUG52bjE5SWxrN2VvSWpqTmJtdnV4V2hEWS1zTUlBOGYwX29kbFk4UTVDdmVORkUwQ1A0TXBnTjRfbEE1MFBR?oc=5
2026-09-09,半導体,,テーマ関連ニュース,⚪ 情報,10,‘It seems crazy’: SpaceX’s orbital data centre bet tests physics and finance - Financial Times,"Tue, 25 Aug 2026 07:00:00 GMT",https://news.google.com/rss/articles/CBMihAFBVV95cUxNV0pkWlg0RGdXUVBmREJuZ1lQVnVsV3l4SnFvblBMQWtLMXR0czRNVmZYV2ZoYkVJTUNOUzdUVHl0b0JiLWhMeDZfYkJ2elRjcGE4UVJmdGFoVkJKU2pYZ1MzdEhDSkc3RFZyaWd1NFpiUjlORGd6X1IwbGF0TndmSFBnSEg?oc=5
2026-09-09,宇宙,,テーマ関連ニュース,⚪ 情報,10,"Blue Origin Plans 51,600-Satellite Computing Constellation - Aviation Week","Fri, 20 Mar 2026 07:00:00 GMT",https://news.google.com/rss/articles/CBMioAFBVV95cUxPSGVON2RkZGJJSnFGSlBvZ1pzTG40dUpvVzl6YW1va2dwVm9sZUMwcndhdksxSDU5N0hrRHRDWmwtX2J4aU52WXI2dFVjUE14RjRUVWtPOEZhM2J3b1NkaWFIRlU4Z0ZpaFU1dDFnR0VQRUp6amlDcUhINFJ4aERPT2JLUjZUS0lqd3lKM2NGbG1FUEI5UGhESV9NZnZLNU9X?oc=5
2026-09-09,AIデータセンター,,テーマ関連ニュース,⚪ 情報,10,"AI Computing Race Heats Up in Orbit: NAYUTA SPACE Unveils 10,000-Satellite Constellation as SpaceX Builds Gigafactory for Orbital Data Centers - finance.biggo.com","Tue, 07 Jul 2026 07:00:00 GMT",https://news.google.com/rss/articles/CBMidkFVX3lxTE9aWURvdFRSNXNUNERJeUxwenpZZnRNVVVkeE9vQnZaT2lYOF9DQXcwRFVIWDdpRER5bW04eFgyR1BabVFLd0pxaGZ1MGdRSVJ3NDZ0ZFpaZ2k0MVlnMlp6QmVvNElHZlpLZ2lHaElMSFU5SVJWckE?oc=5
2026-09-09,AIデータセンター,,テーマ関連ニュース,⚪ 情報,10,"ESA Installs Quantum Computer in Data Center, but Satellite Advantage Is Decades Out - Tech Times","Fri, 17 Jul 2026 07:00:00 GMT",https://news.google.com/rss/articles/CBMixwFBVV95cUxNUWdQNE1BQ3lCTU9QVndmSzMzQ2RTNExsUy1xcm05UHBvX052UGgtbEtFbURmeGVwRDVDajBoOVhialZ6aWxldGlhRi1kSlhtUnd4dlBISElFeWEtZ2JuM01BanlJN0NsVFJ4M2lDUmF5NzJCb0hIQ25JMXJMdlVlVk41ZFR4NUdyVmdzSXVNbUxyaHp4XzloUThQbnBaRnNLUmtXMU1seVhFMDY4Z3FYUTBsalhhMV9SLUJWTTJ6QkpCMWtZdERN?oc=5
2026-09-09,宇宙,,テーマ関連ニュース,⚪ 情報,10,New subsea standard provides protocol for free-space optical communications - Engineer Live,"Mon, 07 Sep 2026 13:39:09 GMT",https://news.google.com/rss/articles/CBMiowFBVV95cUxPUUJ6aVN0WTloOEhyQWZmSmszYmE4VHkyZ0VXazVmUFpOZVhSS3J5TGhoMXY1Y2pBRzJwLWV3emxOazdLczVuME9aakJHSDdyNUkybnhaUmJmTHJ6M0p1b0pIYi1FODM4RUZuNGdDeW1aVmVFamtwZ2FEQ3lBQmhUVDJQX3hMeEY4RXlfeVp2UEQ0RGxhdi1qaTJRek1Wa2hYS25z?oc=5
2026-09-09,半導体,,テーマ関連ニュース,⚪ 情報,10,Free-space optical communications at 4 Gbit/s data rate with a terahertz laser | Communications Physics - Nature,"Wed, 04 Feb 2026 08:00:00 GMT",https://news.google.com/rss/articles/CBMiX0FVX3lxTFByTjBPZ0dZUkRjNENjUVhOOTQybFRtQnQ0WmpPdllOV29Zdm9Mc0p0SHQ2U3N1VzhzczZ3a19hMS1xelIwZVg5YWdQTUdHejJMbTF0QnM0NVlHMFlLQU5r?oc=5
2026-09-09,宇宙,,テーマ関連ニュース,⚪ 情報,10,PI’s Fast Steering Mirrors (FSMs) Enable Free-Space Optical Communication - AZoNano,"Wed, 15 Jul 2026 07:00:00 GMT",https://news.google.com/rss/articles/CBMiWkFVX3lxTE1mcFdpaXdGSzNvNDA0dXVaRXhFeEY0T2dkUFJQdXFRVUxoYnU5bTlnX0pWejRSa2hFbGVEQURQMWh6MzNjbW9KaWxaMEtDN1RBdTB5QjF5S1R2QQ?oc=5
2026-09-09,宇宙,,テーマ関連ニュース,⚪ 情報,10,Vector Photonics demos free-space optical communication using PCSEL outside of a lab - Semiconductor Today,"Thu, 09 Apr 2026 07:00:00 GMT",https://news.google.com/rss/articles/CBMijgFBVV95cUxQLUZYQVl3bFlsalJ2ZUZpaVhabEpUOHRvLVRCaEJrdDFnOU1JM2J3OGR0dEhDSGNqZ0FreklZYU92YjNLNzgybEh6cHJaRWJDNzhnZVBwUmEzOEt0OGFjczdxM2NRbTRKZmZPbUg0RHY4ZlQtRFdqWFBLbXhma19QdDRhazNTMjE2a1BnT0lR?oc=5
2026-09-09,宇宙,,テーマ関連ニュース,⚪ 情報,10,Why Is the Free Space Optical Communication Market Transforming Space Connectivity - MarketsandMarkets,"Mon, 09 Mar 2026 07:00:00 GMT",https://news.google.com/rss/articles/CBMijgFBVV95cUxNekNoSVY2RExudFlVT2I5U3RsMFRDb0FYOFJPdk5odERZVzA2NFo2NzJ0bmtJSnRQQzBCWE1VbjRtV1FrM19Wdm1hTTlBYWJLMVlad2RTZ3dGVUptYWE0N3BFNlFjTl8wTDZyVjRpR19tcUdfR2lybE1XS1hIcHRNNW9ZMnhYZzF6aGk0dVBR?oc=5
2026-09-09,宇宙,,テーマ関連ニュース,⚪ 情報,10,"NTT, MBRYONICS sign space optical communications MoU - International Business Times","Fri, 05 Jun 2026 07:00:00 GMT",https://news.google.com/rss/articles/CBMiiAFBVV95cUxNcGtCQlVoZVhIUVhNR3NobGhxcWljLTN2ZGYwa2c3MlZlX1NHZnhhcGFtcVVHdWJ2WWxZNkZ3RXhLTS03TnpUbkRZMXhJVjhSZVF0UmVpWmJGeW9GM0ZiQ3FZMXMwd1lCN25hbHdYOFk2Z3lwRUh3NmlvZDgwczNLN2lfVTV4VUp3?oc=5
2026-09-09,宇宙,,テーマ関連ニュース,⚪ 情報,10,Robust high-capacity free-space optical communication using OAM-based structured light and intelligent adaptive signal processing - Nature,"Thu, 26 Feb 2026 08:00:00 GMT",https://news.google.com/rss/articles/CBMiX0FVX3lxTE54V3A4b3FHMkp2Rjc3RXpYVUx4R2R5bEVnTVdDMmNUOUxiSDNHMGlWVEpieEJTZ2RtS0xLa0ZxOEhKRVJxT0hOaHpsQ0pjalRfdXU2UWlpQVF3a0dSVHdF?oc=5
2026-09-09,宇宙,,テーマ関連ニュース,⚪ 情報,10,Partial coherence and multi-channel vortices enhance high-security free-space optical communication - Nature,"Tue, 09 Dec 2025 08:00:00 GMT",https://news.google.com/rss/articles/CBMiX0FVX3lxTE1zYjNLdUpTMjBKekxGeHdxU1ktTzlXbGFzZEYxcUg4UTJ1RGRZUVRkX1U2djg5dElLVlRDVk9idWJ5dkd1MzFMd2hTa3Bxd19oNUVILTU0Sm9ySlVHQ1BV?oc=5
2026-09-09,AIデータセンター,,テーマ関連ニュース,⚪ 情報,10,Muon Space to integrate SpaceX Starlink optical intersatellite laser links - Data Center Dynamics,"Fri, 24 Oct 2025 07:00:00 GMT",https://news.google.com/rss/articles/CBMiugFBVV95cUxPSDVLYURPRXFmckJoMUpOOXFlWU52eTZHWmt2dmFsaVpWSEFLQzBJV0RMQUxZRHF2emNvc1pudl9Bbm1zX25QQkFfVVlMZlJLdW5fN1BYZXE5NlR6cVNGa2d6aFNnNnROT1NRSVNfazgtSFpHZi1sTkZrOTZSd1hMaF9sd0wxazVaMnZPQkZJSDQ3bnV3SGJkZGsyckJGeXlYYUltNVRSMHV4UFNubEVndFRHR2JqZnlaTnc?oc=5
2026-09-09,AIデータセンター,,テーマ関連ニュース,⚪ 情報,10,The “Physics Wall”: Orbiting Data Centers Face a Massive Cooling Challenge - satnews.com,"Tue, 17 Mar 2026 07:00:00 GMT",https://news.google.com/rss/articles/CBMipgFBVV95cUxNV2FjZHhsTkpsUmhhUUNxWUFsVXdZeTlSSmhMWl9TX2pXVGpidjdxQlRqMTBzQ0RaRkpvSVlrV0VLVmptaHZXRGxiTW1Tb25qTjhQRVlDQWd1N2lSYkJUbWdSN2hyY0swOEhscHVlblJMczVGQ2R3ZkhwbjZiSno1M2xjYTdRLUlsazF1cjZwVmNUQnpVeGkxUEwya2F4a1VlQzdZMXN3?oc=5
2026-09-09,AIデータセンター,,テーマ関連ニュース,⚪ 情報,10,Are we really going to build data centers in space? - Spiceworks,"Wed, 24 Jun 2026 07:00:00 GMT",https://news.google.com/rss/articles/CBMiiAFBVV95cUxPQ3lxR2NvUVpkZE8ydkEyUXNZWkdpakh5cDJiOUN0VEg1aWx1QnM4NVNuV0ZpcXZFVHhYNC05THBDdGFfV1BQUXpPR1pXSDBTUFBObWg2OUxqLW00cl9lRFg0VDhSNnF0bGVTR0Y0dkR5R29mQlZYaWIwaTllRUxwb01hV2loaXZk?oc=5
2026-09-09,AIデータセンター,,テーマ関連ニュース,⚪ 情報,10,Heat Radiators for AI Data Centers in Space Will Be a Huge Advantage and Not a Huge Problem - NextBigFuture.com,"Wed, 01 Apr 2026 07:00:00 GMT",https://news.google.com/rss/articles/CBMizwFBVV95cUxQal9tNlR2dXVHWndNcWptbExaNDJGQXhKYmg4MHpobVlnNzQ2RGtNNFlVQ09pNE9fdGtpSmV1QzJKVEhhbUcyalR1Q2NtdUhBdVk5ZnJSUDU4aURpZW1xV1ZsaGZnWThOQ09GZ1JsVFdtZjN4VFVVWDByd0dEZ1JWOEhJUFU5NUp5S2cxVHRTRm1OcGtMVG1NaHI4MXd0R2UycEJ3ZlplNGtfWEdlQ2pySkliTVJLcUUwdTk2dTN3YzVJT2VxT0JSNS13VzJuX1k?oc=5
2026-09-09,AIデータセンター,,テーマ関連ニュース,⚪ 情報,10,"SpaceX's Orbiting Data Centers Will Use Liquid Cooling, But Don't Expect Water - PCMag","Tue, 09 Jun 2026 07:00:00 GMT",https://news.google.com/rss/articles/CBMipAFBVV95cUxObWdoSDI2N0FRM0hKMkp6RUQwc21NaWhieXRfOXB6SE9iaUw0eG1oZlloNWtxemdnMndsYThONjU4VG1UcXRZZ3ZCeWJ1VV9IaXpHZmJFbThzcGQ5aE0wdmR0VVcxTXNiUzdDVHNPTWdHTFRDUW1DS3ZSMGZQSTYyTFlCN1pLLUh5aVE2ZGo0S253WTVXcTIxbVVBY1BieTJvWkVYZQ?oc=5
2026-09-09,AIデータセンター,,テーマ関連ニュース,⚪ 情報,10,Phantom Space buys thermal specialist to support orbital data center push - SpaceNews,"Thu, 02 Apr 2026 07:00:00 GMT",https://news.google.com/rss/articles/CBMinAFBVV95cUxQZUhfNlpuOE5qa3VhMTRpbnM4WWZIMi0xUHhFdF9QS1JCaThRMWRzb1ZfeExFSzBjTGppMjFydmpma2NoOGRLRHUxazRVUjdnWTZ4R08wNmUwQTQ4QWpVVzJiWEV2RlJIdzRpeUpLaFpOZFBTQ0hnR1pDajRzTlBBUjc5TGJhZHpiTVpJMnpCUTNLQ1o0Z21DZ01pb0s?oc=5
2026-09-09,AIデータセンター,,テーマ関連ニュース,⚪ 情報,10,Phantom Space acquires Utah thermal tech firm to speed orbital data center - The Business Journals,"Mon, 06 Apr 2026 07:00:00 GMT",https://news.google.com/rss/articles/CBMipAFBVV95cUxPaWR1Qkk0RG9GVV9QaFhDY2J4RXZPQ1l1Q2Fhakp3eGR1RG9Kd0IxSmdpYkd4VkRRZUNycE4xYlhhM2lCel8zLU50cWFab0lfYVp4bWJ1TnI3c2RlMFg2Yms0NGF1eGZNWmRTbXU5eTM2cUZvZDFJSHBBSmxYb09jbDNWeDk3cXFsejI1RklpY2ZOSW9SUW5Xanh0T3dOdjdYSllfcg?oc=5
2026-09-09,宇宙熱管理,,テーマ関連ニュース,⚪ 情報,10,Review of the VO2 smart material applications with emphasis on its use for spacecraft thermal control - Frontiers,"Thu, 15 Dec 2022 08:00:00 GMT",https://news.google.com/rss/articles/CBMikAFBVV95cUxPNUJma05Mc1pzbTJDV042djFNeWstQUotN2NFYjZGT1FPajJzQ2VHNGZpUHRlS0FPZXpOcWF0Q0swc0FFQmhYQ1dtMnFsMVZqNF9WQks2OEQ2dTJaaEl0Skt5RFpKX0tnV1FZankyWFlVQVd4eXQyajE0WWdwRHlKSFFBNldYNVRBamgxLWcxOFM?oc=5
2026-09-09,宇宙熱管理,,テーマ関連ニュース,⚪ 情報,10,VO2-based switchable radiator for spacecraft thermal control - Scientific Reports - Nature,"Mon, 05 Aug 2019 07:00:00 GMT",https://news.google.com/rss/articles/CBMiX0FVX3lxTE9lWlkteWd5YWVQNDVBZXhLMi16allmSXhncHFvZTdyT2tpLW5TZzdGcXFMckZTejBNOXl6cXF1SV9iRXJvZEFpUEx0Z25rTm9xeG5MWF9xTmFHa21faUQw?oc=5
2026-09-09,AIデータセンター,,テーマ関連ニュース,⚪ 情報,10,Top Strategies to Cool Down a Space Data Center - 36 Kr,"Wed, 04 Feb 2026 08:00:00 GMT",https://news.google.com/rss/articles/CBMiU0FVX3lxTE8yUWdNaGtPZzIwMEZpcWhNNkZLanRBQmxQZzBkd1JhVDJGdkMtc3g4MWJ4QjZXZlVmTzkwS1c5OGdrLUt2QkN3STA4bGNtMDVBVWtN?oc=5
2026-09-09,AIデータセンター,,テーマ関連ニュース,⚪ 情報,10,Overview Energy to provide space-based solar power for Meta data centers - SpaceNews,"Mon, 27 Apr 2026 07:00:00 GMT",https://news.google.com/rss/articles/CBMimwFBVV95cUxQNG1TWWNxdGJfZEJ2WTNraDJMYTZGeE5zcEE3clB5LUxPZG1DeTNxZDRoMUk0MTljSnUwUkpwZTFYN2lMeXR2NXFDNXJEN0dGQWJ0N1ZjTHh2c2lXVWlZdFp5VVJaSmVlS3gtYmhBSXBwcWdRSUVSejV3WFFGQ3k1a05TczNJVGhzV2NNUHVRMGdzbGZqbTNST2tSUQ?oc=5
2026-09-09,電力・蓄電,,テーマ関連ニュース,⚪ 情報,10,"Powering AI, Strengthening the Grid: Innovation in Space Solar Energy and Long-Duration Storage - meta.com","Mon, 27 Apr 2026 07:00:00 GMT",https://news.google.com/rss/articles/CBMitAFBVV95cUxOWjZBYmRkOEJESnpnQ2RjSGd4TmxuUkRMWk1NRWZTZkVhbnZjOEgyNmJqQTVraXNVWlhiWnlWT1Jmd2FFVWVyWHI4R1J2OFJfVTdjRXZicFo0QjJxNlVBTFRZYUxLcHJCQm9hZmZId0w5ZU90eHdvVXNkcjc2VzBraHZtT29iNU9kU2VabmI1bHlSTUQ1b0JkVTBocmdMZHZQWTgxTXROQWlmUW1pcW1IQ0RLd0LSAboBQVVfeXFMT29fNG5EYjFiMTZkTk5LTWJ0TXRRMUM1YjlyRC0ySzB3TUJENU1zZXF6dFhQVy1ySVJSbVFUV2kxZW5BakNfbWw4SXcwZ2N3NlZkQlNoamwzeUpjODMtWm5HOHdXV3pYc2c1a1BtbEJ6YWQyQ25KUWhTcVVYMmlUTWtjQjlYMEphdVhtZ0xXOGNzTEZGOW5DNk81a1J1dENTOGJ0LVVjWkI1ZWZPMDVqejdVSVJKelR0ejZR?oc=5
2026-09-09,宇宙太陽光・発電,,テーマ関連ニュース,⚪ 情報,10,Space Solar Power Is Coming Home to the Energy Industry - POWER Magazine,"Thu, 09 Jul 2026 07:00:00 GMT",https://news.google.com/rss/articles/CBMiiAFBVV95cUxQSXZTY3ZJTEJYZ28wS1kzM2Vhb2l3UEhIZjFNVXVmbEpFb0NLMlpiNGFJcXVOYXdrY250bnpkbENLWXZ2cG5pT3FYRmNEbTAxOXIyVHVBT0ptbXQ1OHBnRnRYWXNpRTg4NTU5cGpOc3VVTWdWZzBoSXZSOEk1NUNBWDBHdmFkZzJ4?oc=5
2026-09-09,宇宙太陽光・発電,,テーマ関連ニュース,⚪ 情報,10,Meta Secures Overview Energy Space Solar Power Capacity - Payload Space,"Mon, 27 Apr 2026 11:29:46 GMT",https://news.google.com/rss/articles/CBMiiAFBVV95cUxOQkk1X3dGeGRNYm5qRE9PU2owVHNLaG0yRkpMMUhyMHg2QzlxWTkyQzktejJSUzloUUR1X0Y1U24wTHNnYURwQnpUTzVOaW9uWFRwX2pOZ0tRUGFDcHB2T0hGRWVnTWZqX3dtcmRkMkRDRzJIYkpacWFYVmhSOUZoMU5pZTdieDlV?oc=5
2026-09-09,宇宙太陽光・発電,,テーマ関連ニュース,⚪ 情報,10,China Progress Report: Space Solar Power Station - Inside Outer Space,"Wed, 10 Jun 2026 07:00:00 GMT",https://news.google.com/rss/articles/CBMigwFBVV95cUxQcFJWWDB4cTROOURPc1JvRTZMbGs2Vlh1SWN0RU1aYVRTUE5BeTByaFNwbTlqSHd6MWRxREVycTdoTUZjclZSNW9mVmw5eWllZTgwR21TcnNFM2g1eGdmazMwQTNaVDRNWmF4cTNaZmlHeTBLTWJWN0ZLTVlsbEJnMWRZUQ?oc=5
2026-09-09,AIデータセンター,,テーマ関連ニュース,⚪ 情報,10,Rocket Lab Introduces Advanced Silicon Solar Arrays To Power Space-Based Data Centers - Rocket Lab,"Thu, 26 Feb 2026 22:58:54 GMT",https://news.google.com/rss/articles/CBMivAFBVV95cUxQMm1Edlh2ODJJbGt1bmhWa2tIcnJYRllySlZYOW50UUxNRE9wdWFENTJnRmdzdU4zTTVMVHhwNEd0bTZ3alFvZ0tZLTJGVHBkQVRQZEFNNXJTQnNoYUJLRThyaG0tUTFsbnhrVmpKNi16SWRxOHdXOVdGdEFKVHhUb0FfRTVSYS16RTZGTzM1WEpBOFlDaFlKLUU0T21BZjhRRUpjZDNrdEYzZXAyN05HZHZKVmVjYUlDUnV5cw?oc=5
2026-09-09,宇宙太陽光・発電,,テーマ関連ニュース,⚪ 情報,10,Exclusive: Starpath Unveils New Ultra-Thin Space Solar Panels - Payload Space,"Mon, 02 Mar 2026 13:56:51 GMT",https://news.google.com/rss/articles/CBMijwFBVV95cUxQRHF0UU5TQ194TE1YRkF1U0pGMlh2bXo4djl3aGRIQXNrWVVOa09ZaExQSGNyLU94R242UEpBQmxvWG1JaUl1akJJYm5JMlp1eXgyUXowQ21KcVpEWmpZNDFjOGstVkFrY0M0dUJSSE5JS3RIdklOM29GcDhQSWRjYnN2bmRUNVJYaHN4em0wbw?oc=5
2026-09-09,宇宙太陽光・発電,,テーマ関連ニュース,⚪ 情報,10,CMEI to invest $12m in space energy generation - Innovation News Network,"Tue, 01 Sep 2026 07:00:00 GMT",https://news.google.com/rss/articles/CBMilAFBVV95cUxPQ1JoLUdyVVJoZ2J2WXdQaHZNalNXZHhkZkxRZXRNenZCeWd0d2Nxc0o2SVQwQkJ0bnZjbEpmUWZ2TzZvckpDSjNXN2dsWlpoeGxwNW9BOEtkSHhIcEV6RkhuMWxlVkx3bUtCb2JlMDhpR0cyVS1XZ29PcDdQWkdKdThieU9HbkdjNXVEcGxEdC1PWURG?oc=5
2026-09-09,電力・蓄電,,テーマ関連ニュース,⚪ 情報,10,From Smart Textiles to Space Energy Storage: GRAPHERGIA at Graphene Week 2026 - Graphene Flagship,"Mon, 07 Sep 2026 13:27:03 GMT",https://news.google.com/rss/articles/CBMivgFBVV95cUxNV2dHNFFPYkgxQmZMVzNqZWlqS2xPWmp1d2FMXzg2bTNxR0hhVWV6N1VETmZsZlBFY3QwSWpPY0JFMndZU0NvYmR5bWhRc253WVowWWx0OXpVOUgtbGdWUG9aeFM2WGRCcHhCU3AzQ2gzdzZSWUlQRVdkdlRGN2EwV1lldU9pekw1NmJwdnB6RFQwTGpLLTdlUDNEb1JpNEVUSjNDMmZtY0tBTUIxaTBacWwzRVpONUVxNFRkc1Nn?oc=5
2026-09-09,宇宙太陽光・発電,,テーマ関連ニュース,⚪ 情報,10,What’s the Best Way to Monetize Space Energy? - SpaceNews,"Mon, 15 Jun 2026 07:00:00 GMT",https://news.google.com/rss/articles/CBMidEFVX3lxTE5DVmNFRkNxME80QXFvNFl2UGt3UWhRd3dSQ2w3MUMwVVR6UUNCeW5pVm5Rbll4VVViWW0xS0ZZRWwzV3NReDZmTVdHYmFVOXJpWVMtSFpLbXFlQU1EWUZwMTcxTGZvaEQ3TmxkcHhQeU9yVmhn?oc=5
2026-09-09,宇宙太陽光・発電,,テーマ関連ニュース,⚪ 情報,10,"Nuclear microreactors move towards operational capability for military, space energy solutions - spaceconnectonline.com.au","Thu, 03 Sep 2026 17:54:41 GMT",https://news.google.com/rss/articles/CBMi3gFBVV95cUxQbXI0WTU4UGNEc05jN3hfMW9iam5hR0g2bGktMFZXc2R1VXRyU3dqQW1uMElOenVHMXVIYzZXWUx6M20zQ1JOdFhfMGVLVUVqSTJRY1Axem4xWWpQRjVfel9xYWdkSzRoWEZiVkFXa21VZk9Oc3duTGk5TXNUeklqc0piaVZuQ0Q4MlV0U0c1RHIxRHFZSGVCWkNqUkNWcVhNQUpRVEVrVWtoWjJYOHNWT3dBSEZkcU1HZmRwOHl2dTZYUExqZjdzZ0V6TXNVMFoyOTdRWkxlWEQ1QjZhS1E?oc=5
2026-09-09,その他,,テーマ関連ニュース,⚪ 情報,0,Google to Invest €13 Billion in AI Infrastructure in Finland - Bloomberg,"Wed, 09 Sep 2026 11:13:52 GMT",https://news.google.com/rss/articles/CBMitAFBVV95cUxPUnRWOHhfSHVOanRzam11TkE1MkFfZWhyLTBaOERZYmZjNFlNOHR0S1B4NnVPMnpVWjB1UkpXQldDWUE1VUU1aUwxWFNpMERibV9GQk9vZW52UHMwdVdKMDl1QzlQdDRIcmdxUm9WcXJCZ3RDSHQtY3pwd2pXR2tlejQxUzRMTll6X2FoRk02MG82TjF5cHo4bGpmNFNDMmI4RlFjV1RiTjdhci1MR2JoOUliTV8?oc=5
2026-09-09,その他,,テーマ関連ニュース,⚪ 情報,0,AI datacentres pose growing threat to electricity systems worldwide - UN News,"Tue, 08 Sep 2026 19:47:52 GMT",https://news.google.com/rss/articles/CBMiV0FVX3lxTE1yRUVaUGl1V2FjZ05rZkN1VGZmajdjbjhxVVplX0hzMkNXWDFqeTU0QTNobVN5OFNvUVJuUTFRZEpwQUp1dW9HOTNuNUU4ZW5rbGJpVTFJZw?oc=5
2026-09-09,その他,,テーマ関連ニュース,⚪ 情報,0,Sensata webinar targets data centre power and cooling - eeNews Europe,"Wed, 09 Sep 2026 12:03:20 GMT",https://news.google.com/rss/articles/CBMif0FVX3lxTE9WQXpzdnZsQXdveXNEd0ZoZVl3TnBySDh5cjByZ2w4NWxhWlZZU1VITU1CT2h0QW4xLUNhTW1tdExva0xoR1h1Z01pYTZWY182bTUwT3Z5WWFEZmZLX1E5VjlMOXlfU0pSc1JmMF85Q2VyRHp3MWs0QkVidE1UeDg?oc=5
2026-09-09,その他,,テーマ関連ニュース,⚪ 情報,0,Not just Nvidia: these power and cooling firms are riding the trillion-dollar data centre boom - Reuters,"Tue, 01 Sep 2026 07:00:00 GMT",https://news.google.com/rss/articles/CBMizAFBVV95cUxQamJMNVI1ZThlMnNnbFl2Tl81SXd2ckc1eGF1aS1uOU11RHFSTjh1a29pOUV6cV9VR2QtS0liSlU4YlBBbWxVQ0ZTMDlLRnlad0p0cGtXY0ozWkl2MURsM0lOdktDSFRMN1pDLUh6TEplLWtJSFY1T3hmRVVMeG1jNGc1bFVhZ2V3YTdLZ0VKRlZQWks4SXVyb09uRmJ5YllpNTdKVVFfZXk5VEg4Mmw1UTFja0hFYjZDZjFfXzhFd3pBWmxvcnljT055Zl8?oc=5
2026-09-09,その他,,テーマ関連ニュース,⚪ 情報,0,Coherent Stock Rose 7% in a Day. Here’s What the September 21 PhotonLink Launch Could Mean for the Stock - TIKR.com,"Wed, 09 Sep 2026 16:00:28 GMT",https://news.google.com/rss/articles/CBMixgFBVV95cUxOX3lmbmU0eGY5UVlJSm51NUg2N3BISkF3VzRjNUI0WFctSDd1aWVfSTZFZ2Ffbk52bTh1eWFMajE2LUQtSmhkX1hLSHpzTno3QjlpWnE5M1lwUHBUN05oZmx6eE11X3dWQ1ZhZGV3SkVqVm52U1NZWVhQQkxFXy11d25RRzZCZFBpU0xYaWN6bWJTTC1hdmVHX0UwV0RJSU5PTEU0YVJsVFNQcGRyUUFybzFTNFpsU1NGNFI3TjNPa1hFNHlNX1E?oc=5
2026-09-09,その他,,テーマ関連ニュース,⚪ 情報,0,LITE's Laser Growth Accelerates: Can It Challenge AVGO & AAOI? - TradingView,"Wed, 09 Sep 2026 16:42:00 GMT",https://news.google.com/rss/articles/CBMitAFBVV95cUxQa2N5Sy1xVzZKQ2pOT0p5M0pJMnhCdUVJOU1MLTF6czROVVdXWm5ETkc5eGpMcGZNYm9abXBrVkFJZFA5ZUl6VFFPVDVFUE9oZlpfSnROUktrLUNWLXZYR3NKdVVNMGZ5SzhHRHZMZmZmWkVZQ29Pc3V6ank5Sk9HVEVQQTV2LTlqZUhoTklGRGJiM3lvWEN5UlVZWEpoM1JvNE9HVTY5ZUNuZjRsQ0VBTVI4U3k?oc=5
2026-09-09,その他,,テーマ関連ニュース,⚪ 情報,0,"Co‑Packaged Optics Market Size, Share | Growth Report [2034] - Fortune Business Insights","Mon, 24 Aug 2026 07:00:00 GMT",https://news.google.com/rss/articles/CBMifEFVX3lxTE5lYWJ4WkhMcmNuendJWTNVNDc4NmplN1NPdnJhX1lyTldEb3lkZTZuS2xmOTVvdlN3TTJPR3hKbXNDeGNCVzV2cmpURWEwM3QxaVRCNkFRbTZneDktU3FDU1FjMDVTLVVub3k5NkJIZEFWdzBlbkRhN0hKcWE?oc=5
2026-09-09,その他,,テーマ関連ニュース,⚪ 情報,0,"Crealights, GlobalFoundries expand 6.4T photonics work - TNGlobal","Wed, 09 Sep 2026 02:05:03 GMT",https://news.google.com/rss/articles/CBMingFBVV95cUxQR3J5a2dRNTlGQld2TjlHb0dhYThNVVNPWHA3WTVBckxHWTNVbDQ0MEJ3MmtmS1pDLW1kVzN5S0NVTnRXNUQ0eTVZWmxkeVNOSE9SZUU0NTA0a3Z5SEt1QWFTdVlScmxrMDNJckJVSUpfTkhKU05Ia1hKZVo3YWlLM20yalFRaFRfeHRtV0RYSHlaa3hmbEdZWjFORG5Pdw?oc=5
2026-09-09,その他,,テーマ関連ニュース,⚪ 情報,0,Near-Package Optics and the Evolution of Optical Connectivity - Credo | We Connect,"Fri, 19 Jun 2026 04:10:57 GMT",https://news.google.com/rss/articles/CBMiXEFVX3lxTE4tMzJjU09JVWVYRnZtRm93M1ZiLVdaVWZzTkZnel9hUksyVWFOYldmN01vUjNPbVZHMThtMlJGdGVlSWxvLVJGYnVOaTRoUzlIdGlfN3M4aFBKQnZX?oc=5
2026-09-09,その他,,テーマ関連ニュース,⚪ 情報,0,Samsung Adopts TSMC-Validated Photonics Test Platform - thelec.net,"Mon, 07 Sep 2026 14:24:06 GMT",https://news.google.com/rss/articles/CBMiZ0FVX3lxTE5lbVZpMEJYbkN3UmZKV3FOTlV1RHdraVN0NjB6V0ZySUVNTkQzSzdoQ2xjb3J0MV9KSlBsMXI4UFJHZ3ZtZGNWTnNIUERENi04MkwwNUZEVmR4b29ZWGdIQnBxLUR5X28?oc=5
2026-09-09,その他,,テーマ関連ニュース,⚪ 情報,0,Semtech Sets Bar for 224G Optical Connectivity - FinancialContent,"Wed, 09 Sep 2026 00:00:00 GMT",https://news.google.com/rss/articles/CBMiswFBVV95cUxNNE9pNUE2YUJCMVgxMzgzMnF5MjkzTEpfa3I5UmdaMUQ0Y24wQVdUWFVZM2tmdGtiS1M5enNwRk5aRXR5V29HTVlacmxmR2RSTDQwWnRMZEMwMGwtU1M1d3gxVWdsaXhXWEpPazNiblQ0c2VMY0RMb0llZXc5STZRUTZSejBQRmttbnNGbW5kdDdZbGxkNTNuRmtrRXc5S0Nlc3ZGUjNMaUtLWG1DRVowV0RvYw?oc=5
2026-09-09,その他,,テーマ関連ニュース,⚪ 情報,0,"Embedded Photonics Chips Market Size, Share and Growth 2034 - Fortune Business Insights","Mon, 07 Sep 2026 11:37:18 GMT",https://news.google.com/rss/articles/CBMihAFBVV95cUxOU3BNbmpLNkwzYnNXelhGU0ozQU9WQ24wNWgxMmhNRW9wUnZFZUUxOWdzWkZvSklYSzZCaDJZY1JpMU5xeGNEeUJ1UW5kaUxTcjVaOGNkQ2tkSEZONVlsWFg1c3NTNjlKWUZHaXdKd2tLLTg4cEZDZFNPOEwyXzJjWWNpbzg?oc=5
2026-09-09,その他,,テーマ関連ニュース,⚪ 情報,0,"Fabrication platform could enable flexible, transparent next-generation photonic chips - MIT News","Thu, 03 Sep 2026 15:45:00 GMT",https://news.google.com/rss/articles/CBMitwFBVV95cUxQd1BvTE51QUVrQ2E3aS1fVkpWQnlxN01GZUdZbzVmX2d5VHpSV1B0bjhkLVdCS2U4NnZWS1dMcmFkcTQ0V013dXpUS21KS2hFOTVIMENocy01YnpTTDBaM2RZdU5Mb3NQMERUX3hQMUdpSjF1dzJqZEtTME15X2FvUXVEM1RLSVRJMW1FTXNWZ0t0Z3V5Tk1iTDI4T05FSjBPTGFxbkROYnczd3JMV1RNczNhYVhuOVk?oc=5
2026-09-09,その他,,テーマ関連ニュース,⚪ 情報,0,MIT scientists crack the code for flexible wafer-scale photonics - SDxCentral,"Mon, 07 Sep 2026 12:42:46 GMT",https://news.google.com/rss/articles/CBMingFBVV95cUxNYTRDNHRCNDlCWGIxVkJQSVI4cXRCOGFXanhxcVRiRWVSUmU5WnI2ejRvbW9Sa0w4UDJxUUNubmFQbmpZdVhzQTcyVWdGRmgzeXFEeW1vLXo5dVgyNmctaE9XeXo3WmRJY2lXU0JfamFoX2hnMElDUTNqQkxkZjlqLWFiQm9FWnlubHhYVDNWZnAxQUFodGVicmZ4U1JaZw?oc=5
2026-09-09,その他,,テーマ関連ニュース,⚪ 情報,0,"MIT Scientists Pioneer Flexible, Transparent Chips that can Withstand Many Bends - CXOToday.com","Wed, 09 Sep 2026 03:29:40 GMT",https://news.google.com/rss/articles/CBMirwFBVV95cUxOODNXczRjOHV3WGFGOVlSdWVMN0g2VDJhcWI5SVdTVXJFNS1Gb3MybHQwSjg3Zlk4SUFsMlFQTW5sYXJReEZqRFNSb0tOMXVZYnlJNFZhVEpwWjNvNXc2YlRSSlFjbFhkNUFiTGZ6NmRjUVBpMmIxbFVNZTlzM3ZrS2FkWTFNQXNvWDN6LTE1eXF1UzQtc2VvSnd1eVBKYlBBSWczSlVFa28weW9tODF3?oc=5
2026-09-09,その他,,テーマ関連ニュース,⚪ 情報,0,Tunable Nonlinear Optics Advance Quantum and Integrated Photonics | Technology News | Sep 2026 - Photonics Spectra,"Fri, 04 Sep 2026 07:00:00 GMT",https://news.google.com/rss/articles/CBMijwFBVV95cUxPeVRwMzBVWDlrWGppT2hXMThQX2V6SXllaGhEWXFNb0hfSGdsa0hoWmVyd25fRDBiYlhDODFuZUl2cW1lNlZsZVg0aHhnSTFkd0FYT0ZnRjQ4MmFwRWozTDNhbmNCVGt3QWFhY1dBSU1PZURzV0U0X2xoeUJ3NzYzLWdQaTg2d21RWjIzN0xNZw?oc=5
2026-09-09,その他,,テーマ関連ニュース,⚪ 情報,0,"AI Networking Arms Race Heats Up: 800G Today, 1.6T Tomorrow - semivision","Wed, 04 Mar 2026 08:00:00 GMT",https://news.google.com/rss/articles/CBMifkFVX3lxTFA0SGotWmE3T1Y1Q04tMEM0cXRCU1E0TnBCUWpldjZvbWVxczc3WHFGbU9SeWNsWW1ha0cyekRBR1h2WGZ3N0NUUU4tLURPYVRMdG02WHdJNHFfOFZiczExRlNZcDk0bGpRY2NPTlRJZWkwdmFxRXRHZjFuSkJFQQ?oc=5
2026-09-09,その他,,テーマ関連ニュース,⚪ 情報,0,TSMC COUPE × Metalens: Building the Key Optical Architecture for NVIDIA’s Next-Generation AI Interconnect - semivision,"Fri, 28 Nov 2025 08:00:00 GMT",https://news.google.com/rss/articles/CBMifkFVX3lxTE1pTHFsdEtHQ0ljMVNVWWN2WjJDbkF4Zk1oTjRFUXBiWjZmUF9jMEJ1QnEzbThEbDEwQWM1RW1raXgtMWhVdWZ0bXlYWFJuWjNyTHJRT2ExY2pVbTRqVTJMblRjNUQybGxlUTRvYV9VSlU0VVpQVXVwVk9HNFVoQQ?oc=5
2026-09-09,その他,,テーマ関連ニュース,⚪ 情報,0,Celero raises USD 275 mln after validating 2nm coherent DSP for AI interconnects - Telecompaper,"Wed, 09 Sep 2026 07:35:44 GMT",https://news.google.com/rss/articles/CBMiwAFBVV95cUxOZjdSemduQTgwcWlNZGswVGNnUnhVQVJhU2lkV2xtZGh6UzZETTZwUFduemNPeFkxR2lNUXdBLUlYREtxX20wbEV5ekhWbmFKZWs4LVZjZllvcHk1UTVZS2h2UHhyR090SHBDTVB6VWRJXzZ1UTZnMktaS3FhYjRUN1RFT2ZHbWpMd2NlTE5MOVlkazFnbDRPN2hYTV80VWhJdUdyNGh5c3JsSGlWa3d2U0xpX01tV29abVNIaTh0dHc?oc=5
2026-09-09,その他,,テーマ関連ニュース,⚪ 情報,0,"With AMZN on board, is QCOM's AI second S-curve locked in? - Longbridge","Wed, 09 Sep 2026 11:48:45 GMT",https://news.google.com/rss/articles/CBMiW0FVX3lxTFA4SlMxLVRxejJ0cGl6cHdsZF9DSVVGdmo3bnp5VkQ2SEU4VS1ibmNnSkFQcllkdTJJLVFmZ0I0SU9XUTMtWnBDdFJxcDJ2ZGFNM0ZIbUFXODNkTEE?oc=5
2026-09-09,その他,,テーマ関連ニュース,⚪ 情報,0,FS Expands AI Optical Connectivity Portfolio Across Scale-Out and Scale-Across Architectures - Business Wire,"Tue, 08 Sep 2026 13:00:00 GMT",https://news.google.com/rss/articles/CBMi4wFBVV95cUxNN01Va0FBWFZINkRSb0M2YXY5T3VQUVBJeXlRMmF6THdyb3lPemJkZDUyQ0s5Z3djWlZsU3ZnYXp4Y1h4X2tWNm1iaVF4WDc4RjJMLWNSYy03ZktIUW9NbFI5MlpXMnl0SWpNYVNQNHVOaGV5ZkI5aEQyTFBPQ1FjNEN2RlhnekVtZ3ZHMU1oalRCTHNlU1E3dllhX1ZaU2w0d2R3eHlDS1dtTnd1YXBSTnJnTzlCNlpRMTNJM05SQUJfa3A1ZnJIMHhibXZOMTZyTEhsYS1oVDNwdjY2VkpTUmtkUQ?oc=5
2026-09-09,その他,,テーマ関連ニュース,⚪ 情報,0,What Formula One Engineering Can Teach Us About AI Infrastructure - HPCwire,"Tue, 08 Sep 2026 15:45:40 GMT",https://news.google.com/rss/articles/CBMiswFBVV95cUxNRFlLRlRTWWpLUWc1MU5zNDRoS2pNNjB1ZE85QzhtOVF4SDBiazNCNzRDd2ViM2tmNGF2VFZyREU2TnFzdlBZWWRUbnZvc0x6OWtLSXEtdUdNelZ1TjBkMmhoU041VnRYLS0tdFdtOUgxZWxST1FxMkV3dlJneUNlNDIyVWp3S0p6SUQyNFNzVzZLY1lZelJRSkJaMl96RjB2Ml9iamxfOXZiUXd5M1BtVXNLWQ?oc=5
2026-09-09,その他,,テーマ関連ニュース,⚪ 情報,0,‘World’s first’ spray-immersion system cuts battery coolant volume by 85% - Interesting Engineering,"Wed, 15 Jul 2026 07:00:00 GMT",https://news.google.com/rss/articles/CBMilwFBVV95cUxPQk1oOU5jcTctaUVUbDg3WDRxOEMxN2d1V1haRFo0bEZCQWNKWnFOc2UxVWNQRUdkMnFqN3EyOTRiLV9ta2t4ZE5IQjhoeGlLMnNGVG5mMExmSUhBZGtqSXFreHM5SzdnMDVFRmZFelVIU1BZZGpoYmtYa2pnaWw0b1R6cjlMZDRtMVZlcmE5aDJnWjRqSTY4?oc=5
2026-09-09,その他,,テーマ関連ニュース,⚪ 情報,0,Recover Lost Cooling Capacity with Goodway - Data Centre Magazine,"Tue, 08 Sep 2026 07:36:47 GMT",https://news.google.com/rss/articles/CBMihAFBVV95cUxQVWFadEs5WXJ6bDNOcU1Jay1JN0lCcWtZcU9waUxWQUp2UWFVU2oxSlljczVrdzlSc3ZKc1lnM3dNWE9laW1EelNZdUFLeTBCNzFLTUhaWW1kajBoWWE0aUhBX1JtczVlR1c1c1ZPN2w2LW1wRmhsVENWZVFzU05rQ0NnU2E?oc=5
2026-09-09,その他,,テーマ関連ニュース,⚪ 情報,0,There’s a better way to cool data centres that cuts their huge thirst for water - The Conversation,"Wed, 19 Aug 2026 07:00:00 GMT",https://news.google.com/rss/articles/CBMiswFBVV95cUxPdHEteVZkUDdBS1NndERsZ3dIY2NQSFNjNWVtWl9CbVU3M2MzcXNMUTJveFRHQUt0WWJ6ZmppeW1xUURrNmJTZERCOUZfSW5iUFJhZlNDdFl2NENLWTRzN2Z5QnRMc0VOUE00WUlhckFhcldfa0lwd0tRbTBOWVZrajZBYkNkVjlOTkE3SGwxZlpnZXAxRzJtWHlOV0lHaDlkXzIzYkNBUU9sdVU2dTM4cVZ0Zw?oc=5
2026-09-09,その他,,テーマ関連ニュース,⚪ 情報,0,Is There a ‘Data-Center Effect’ on Real Estate? - National Association of REALTORS®,"Wed, 09 Sep 2026 14:01:00 GMT",https://news.google.com/rss/articles/CBMilAFBVV95cUxQSXFyWE90WWVLNHN5TUZCSkRtaUl2U3QyYlBYTGJMN2l3U2RUODVmSEVJYk1EUmVoV0JjUWxDQmFJcnVCdjZtSVQycTlGai1nY01LZUlCVTNPVDItdm5jZTJaTFlJQXZNTjdWT2l1YjZnLTBsZ29jbnZ4elp3dEZUUHlxUGFpVXJCNnY5T1ZVLWoxUm1u?oc=5
2026-09-09,その他,,テーマ関連ニュース,⚪ 情報,0,On the way to an Israeli AI crisis: Avi Simhon’s unusual warning - The Jerusalem Post,"Wed, 09 Sep 2026 08:25:00 GMT",https://news.google.com/rss/articles/CBMijwFBVV95cUxPM1FBY2ZYeGpIWkNVcGJNSnhpdVpkQW9yYXI2MTFqZEg0amhZZEpKaXd2RE1hemtTcjJBY1pDckFpMTV2VXlabUQyV1A1ZURsZUpka2lnWkdJeG1jd1pyVFhpMnJfY3RZNXRRVE5VcHpqYXptSkJJc29CbF9sTDNMT25xUjlkRmxzSmtSVDNWWQ?oc=5
2026-09-09,その他,,テーマ関連ニュース,⚪ 情報,0,BPE Enters UK Data Centre Market with OPT Services - ET Datacenters,"Wed, 09 Sep 2026 10:25:03 GMT",https://news.google.com/rss/articles/CBMikgJBVV95cUxQQVVoTmJlWk1JUm1sMlRYdXpxUFJHOTdDVzZ3bGFzRFI5M05acm5jNFJkOTZ6T0pNbjNwSHZBWDJmbUE1aU5oODdZa2lWNS13bU5LNTFuT2lEVW5BMjlHeFl1bkFBYllieEVCYjBYWkpoakxaOWhCTENvOHhOUm5IbU40NFhReEhHQ1VHeFF6RVpfcm82cUszcE1hc0EtbnZTdUFUSndSOFFxNGZxRkJjd0hJcjgwVThWakRjWXVQeUJCM1VlSTdfc0xkZWJ3V3RvZXBHTFhqTDdUTnc1bkpTQU5SSXlZYjNPUTVETTNCeHhldF9zTWFwZ1hSeml5ZzZaZXluYkNzVXlRbW53UFU0VGpn0gHgAUFVX3lxTE5ZYjVIaWtQZ1U2ZXZ6dTU1TkNIYnV5QlhZQVZDR0VZUHQ3M0FxNHY1dXNjRUZyWjZGQ3E4WFFEbWx3VGtFeFU4X01SNXdIOXBjTk1CRFNoREs1ZkdTZm5maDY0ZVpRa3dZZEN3ZVZFd2k4UGRpWjFDZmVxa09OclJnZDdEV1k3VVo1MzNXWV9BTUFId0ZVQkE0VkYwT2hCMnQzejQ3a2JVSXpYbmlRdzNVdGFtT2hBUHRuWTRQRXpFX0NCTVRCTm5QZkFYWm9nUHB3U0FFc054ZkVldkQ3QTdQ?oc=5
2026-09-09,その他,,テーマ関連ニュース,⚪ 情報,0,How the AI boom has impacted US battery storage so far - latitudemedia.com,"Tue, 01 Sep 2026 21:53:25 GMT",https://news.google.com/rss/articles/CBMilAFBVV95cUxOSlpuZzZSOU4zRmZKNWtycTh1Nk52MGI1SzJOZ2pOUnlRaklYUVVaNGhfbk5KS2tFdUVaTVdpeVIwbG5rdzB2a2JoVHZDZVNyc09qZ1ExRXZpeVotU3ZsbWRiQmp0VjE5M2U5VTd2YUxNRXZBN3kxM2lTb01XcFVYajdxc25KZFNTRTkzN2haT3NDazg0?oc=5
2026-09-09,その他,,テーマ関連ニュース,⚪ 情報,0,FCEL Q3 Loss Wider Than Expected on Fit Energy Charges - TradingView,"Wed, 09 Sep 2026 12:55:00 GMT",https://news.google.com/rss/articles/CBMirwFBVV95cUxPMER6VUJsa04xSWp0NEpEd2tSWF83WHFCdzl6cmtIT0VUaVdsV0ZBeFdVVTdlYjFhRXJCVTNCb3doaG0xR0JGZHM3TjYtM19SMUR3OHhJODduRlYzY0JERW1GUW5OenVkZ0lfd3VyWURMb2VkYXVoLWw2MVhXc1RxTWx0Um9TVU0xSkwzZ1RIYmtaclU0czlud0Iza0UyR1NIVGs2bVBBQWt0ZEwwaXhF?oc=5
2026-09-09,その他,,テーマ関連ニュース,⚪ 情報,0,The Semiconductor Equipment Boom Shifts From China to Korea and Taiwan - Dr. Robert Castellano's Semiconductor Deep Dive Newsletter,"Wed, 09 Sep 2026 21:26:11 GMT",https://news.google.com/rss/articles/CBMif0FVX3lxTE1Nbi11V2c1cWhDaTdFYzNocGV2NFBwYmtfSTl0d0h5MWFiWHhNbmxTclAzNURnTHpMbG9idW51dWI2dFNaU3kyQks3UElhMWtpWU55emVDMFhCZk1nakhZRi1wTURFVDR1RHJ3MlRTOHlmbFo3UkFRTmJSVVotQUE?oc=5
2026-09-09,その他,,テーマ関連ニュース,⚪ 情報,0,Synopsys and A*STAR IME Join Forces to Accelerate Innovation for Advanced Semiconductor Packaging - Bisinfotech,"Wed, 09 Sep 2026 05:36:39 GMT",https://news.google.com/rss/articles/CBMixAFBVV95cUxQUmZCUnRILWNlRnMwLU5kNVFBMlRnSkZ3X2pIbUg5R05Db2x3QjNEUnRpckVDTzdrbm1JUlQyQmgzb01fYjlqQld5T1o0MEswbmlBTE5GaHlRVHY1QTVTb3ZraTlWWWdVZWZQTzRVdWQ3SjFLOER4TTZjTDNPY2lxM3B4YU5TNjMyNlFidWxDWlZMSHRpVm1lWWdLNWI0SkdZQ1MxTmhUZk9EVDc5cklnWkNBSW5fSzl6bWVZNTZ5enZ6RmRq?oc=5
2026-09-09,その他,,テーマ関連ニュース,⚪ 情報,0,KPCA Takes Students to Taiwan for Advanced Semiconductor Packaging Training - thelec.net,"Tue, 08 Sep 2026 10:41:45 GMT",https://news.google.com/rss/articles/CBMiZ0FVX3lxTE1ubEdlbnBtaEg2T0VhaWNiMUtrWHNLemJpdVRQOWppOHAzTDAtWm4wZUR2NXJVZ2txX19tX2UtaUNpUWgyRTlSd3NFdDdWTTM1aEp5cmNweElhRm1LQkdOWG9RMkl3ZDQ?oc=5
2026-09-09,その他,,テーマ関連ニュース,⚪ 情報,0,A roughly $12B expansion to package chips is planned in Arizona. Construction is anticipated to begin late 2027. - Stock Titan,"Tue, 08 Sep 2026 21:00:00 GMT",https://news.google.com/rss/articles/CBMiwAFBVV95cUxQcnhUdThMUHgyQVFFbURpcl8xSndlNGZiU2pzUE1DZlVoSVhGZFg0MVVoZzFZYVJtVE5sZVdBcFZjSmhIVnNhZmJrQmNFbmtxQnAyNVd4S3NYU2xnSkliUkhRN2pkNXJFX1AzLVI0ZWpGYVJBVEcyTDIwOTNacGNrVk50ZzV4V3ZJcmgycWpRLW5teXNrQ0lUSnU0VThzYmhyMU02ZTZjX1JmTFRxNWZjVEJWdXJQQnV0NFBXZ0lLdXE?oc=5
2026-09-09,その他,,テーマ関連ニュース,⚪ 情報,0,"Synopsys, Singapore's A*STAR to cooperate in advanced chip packaging, AI simulation - TNGlobal","Wed, 09 Sep 2026 04:18:35 GMT",https://news.google.com/rss/articles/CBMitgFBVV95cUxPN09JNDU0bXM4U1lKS2FsMWx6Y1F1ZkU1ZEQ4eG1uRlVMSVZTMVhfRF9ERXdPZF9heUY5cDBBQjlFWEZmRWRadW92NXhIMkZ6OVFieDhmeS1MY3RqN0RTc3JrMmk4TTcwUHdoOTFIVzIyMjQzMXE0M2tSMUN0NjhwbXNsN3BGMEpldkxMeER5NGQ3b3lwbTZrMzdNVmxWaVpLNThtZ2lTYkotVExqbnVmTUlleHE0UQ?oc=5
2026-09-09,その他,,テーマ関連ニュース,⚪ 情報,0,Synopsys & ASTAR Join Forces to Advance Next-Gen Chip Packaging - asiabusinessoutlook.com,"Wed, 09 Sep 2026 00:07:08 GMT",https://news.google.com/rss/articles/CBMivgFBVV95cUxPM1VVVXBiX0FmNUtMVEZ6akJ1XzN6X3ZHQm95T2o4YVhSR3c1MkwtdG1lOEdDZjBxd2JxWEpPOHFDZnBvLUpzLWdDQ1Uta0k4RUxQbTdBQmYxZXNMOTE1dWZkdnZtMXlaUGlqajgtckZ3SlZmdjNvcHJmRzJUQlQ0SFJKLWpOVGNubG1lbkhSSnJ3Z3pPaUw0TWJvd0M4MW5xaUJkWFZQTV9YdzA0cVdmcVFzai14VFJRZVBLZ2pB?oc=5
2026-09-09,その他,,テーマ関連ニュース,⚪ 情報,0,"Advanced Substrate Packages Market Size, Share & Forecast 2036 - Fact.MR","Tue, 08 Sep 2026 05:02:34 GMT",https://news.google.com/rss/articles/CBMickFVX3lxTE82amRpUTF6bUtCOE5Wa1B3ZTBHY2RFN1RIanltV3lndENvTmxJeXRyT2loSUpEVFBWdmtObkNzNF9Ucl9uQjVOT2RvaXBURWZtd1pGYXhXRGhSQU9idnhtREtueTB2MnBveGs3cVlUa0ZjZw?oc=5
2026-09-09,その他,,テーマ関連ニュース,⚪ 情報,0,"Heterogeneous IC Suites Market Size, Share & Forecast 2036 - Fact.MR","Wed, 09 Sep 2026 06:52:34 GMT",https://news.google.com/rss/articles/CBMibEFVX3lxTFBaTjJJM21LOC1URlhfXzdicy0zN2FzUU41MVg0Zzd6ZXI2X2tiWms4NEtGREVoaDJqTHZxUnBTbUxGYVBJLTJMU2ZtbjNGX3dVbzU1RE5xbHA1bll6ZGh5TVVEZ2ZsWUNSLW5Xbg?oc=5
2026-09-09,その他,,テーマ関連ニュース,⚪ 情報,0,"Heterogeneous Chip Tools Market Size, Share & Forecast 2036 - Fact.MR","Tue, 08 Sep 2026 06:12:34 GMT",https://news.google.com/rss/articles/CBMibkFVX3lxTE1xTVczXzNVYmdZQ0I3THR5bGFtMWt5eEY2aE1sQXkwcElNem92MmhZQ252bmJqUmsxd0xOblo5dVhMSHZjWWkxWXRENXQ4eDlBci1QRHdKcWo2SVhjUGxiQ2ZFVFBzaFlmZUhsaDRB?oc=5
2026-09-09,その他,,テーマ関連ニュース,⚪ 情報,0,What’s New in UCIe 3.0? - Electronic Design,"Wed, 02 Sep 2026 14:04:26 GMT",https://news.google.com/rss/articles/CBMipgFBVV95cUxNNGtsazFYcm1jaDdMSTZrUzFhbUl0aXlxY3NDOUstM1NheXlTSGNmMDBJNjRLNlQxS0dGMms5VnZaV24zRTVWQWlnOEVTNjM3ZGJRRThUaElQN2pKcmRCN09ZRVFlaHo3amZOdGlTUUV0Z0U5N0lhYnNpcm9ZQVRLNmt3OW1jQjJyTmVGLWVLRnVJZ040ZmR3T2x4WG9Oek1td1RyZEJ3?oc=5
2026-09-09,その他,,テーマ関連ニュース,⚪ 情報,0,SK hynix Vs. Micron: 'This Time Is Different' (NASDAQ:SKHY) - Seeking Alpha,"Tue, 08 Sep 2026 18:32:58 GMT",https://news.google.com/rss/articles/CBMiigFBVV95cUxNbjZOeDJCYktjSmwtLVRlTHNxc1JaQVAwUmIwX253ZTBpb1hhVF9vbnZMdXBaTWFpeXhpdlVBSEV3NEtPdW9Yd09OQ2FiUzN0Z281MVZSODV2dEhLY3BKSzlleW0zdkJjLWR6ZDRYcmFGaFZNVGlLckFQaDNEbWFhZlJjMnFSN1NHVEE?oc=5
2026-09-09,その他,,テーマ関連ニュース,⚪ 情報,0,Micron: Left In The Dirt As Peers Continue To Outperform It (NASDAQ:MU) - Seeking Alpha,"Tue, 08 Sep 2026 22:21:44 GMT",https://news.google.com/rss/articles/CBMioAFBVV95cUxPeWFmMkxwYTJTbGhEcVRaNFJHbk4xRTMwem1WR1JvN1VLeF9CMWlrTGVsbkVPZzJrX19jWXBWUC02aUVDQ2xWeU90TGF2VnBmMzczYllVZlNBbWkwNEdINXVOUEhTeGtkcDZkakxiTXlvODRBcUpXeHlCNC1XcEZIRkhhRFNuWUk5bHVFU25UT29pb2VpeHpzbUd6aXhpZzNV?oc=5
2026-09-09,その他,,テーマ関連ニュース,⚪ 情報,0,A 12.5% voting block lines up at Chemomab (NASDAQ: CMMB). Who’s behind it? - Stock Titan,"Wed, 09 Sep 2026 20:00:57 GMT",https://news.google.com/rss/articles/CBMiywFBVV95cUxORFllVUc4OXpubEVHNHNrT3c2ZkxYYlRmRmZqZkdBa1R6cDdnMlFDbXpCcklmc1Q2MENuQ2FDUFdUUEl1LUdtWFp4cFV3b1pRcDVycTAyTUVIWmNrRnNVSGN1b3BRU29VSmhzUzVZczZ0LUtJN2dzeC1aeHB4NHppcWZlZjE1WTVOZDB0djZhckx3d3djZVpGTlRMeVZmZkh2YXRCc1kteTRhZ0Y2U3VBcURLcDdacV9VbmlVRWtmWlp2OUMxeW9yc2dwVQ?oc=5
2026-09-09,その他,,テーマ関連ニュース,⚪ 情報,0,"SK Hynix Could Rally 88% More, And Micron Investors Are Paying Attention - TradingView","Wed, 09 Sep 2026 16:21:19 GMT",https://news.google.com/rss/articles/CBMiyAFBVV95cUxQM3hKZ1RYV3V0MUc4cGJjRFBYWDVHMkVwUHZEODY3MjFhcWhDWWdUNlBmUzFUTmsxVDdUeXpfWDRIMTBlOTZuTVJZTkhpeHpkRmVodTVXaVVIS0ltVk43OHdSNVJKT0lOSWZzYmpSSTNLZU54c2NZRnNCeWxVeVdVS2xCT1hvaWE2bGZOZ2d0VWpmb3lKM0lMT1d6RTNRYXVOX3hJeE42X2V3bUNobncyMmZ3ZjVmeUVmUlp3MnZwOGxlak9Lbmg3bg?oc=5
2026-09-09,その他,,テーマ関連ニュース,⚪ 情報,0,"SK hynix: The Bigger They Are, The Harder They Fall (NASDAQ:SKHY) - Seeking Alpha","Wed, 09 Sep 2026 21:31:23 GMT",https://news.google.com/rss/articles/CBMilAFBVV95cUxQbHFPM0NSQjVveHltM3U1c3NjWjJwVjlELWdidGVieWtDYUlMRzhoWGFSZ3kxUV9QVThzYzQ3VVdKQjZSdUVQZmZfQkNDN2xYNmhjZ2xSdnJqOWpPY2Z6TVFhcnhRRXpJX0FzckVXeDZFVVJGcUlxcEhmOHBKR054aDZaWDdIWFZsUk5uWUlDN0Z6Zjda?oc=5
2026-09-09,その他,,テーマ関連ニュース,⚪ 情報,0,"Electronics - Semiconductor, Revolution, Technology - Britannica","Sat, 05 Sep 2026 05:00:00 GMT",https://news.google.com/rss/articles/CBMihAFBVV95cUxPTDJOR0U1S0NTQzZDTl9SMGI0VlU1MDJRQ3pIOG5CQl81ekdnOFZ6WWQ2VFhnV2N1RXRkYUZob2RuekNMQlN6cGozaVcwLTJBZTFpMmNqTllMRGlRWEw2TkpmYUJ1cHZFVDl6ZGp5Tl9ZS2U1VTRGYXd3c1VfZDJEeWRjdl8?oc=5
2026-09-09,その他,,テーマ関連ニュース,⚪ 情報,0,Belgium arrest over semiconductor espionage claims raises stakes over key tech - World IP Review,"Wed, 09 Sep 2026 16:20:54 GMT",https://news.google.com/rss/articles/CBMitgFBVV95cUxPbEtOQkJsdXpQQzBBaUtTLUk4Qm0xRm5CNlV3TlI3UGkyc1FRMUxDanZnc2dTeE9PbVJRbV82V3F0Q09Fa1Ywb3NBTGx6bk9ua2RhOTRPemU0dGVuWFRTVDFuZzRWd1EzYWdLS3ppUDJwbDFDaUZyZm1abENjdF9CY2lMS0o2Y29CUnJFcGFNSkhPdUxZQlJrMGU1MG1wMXptNGNBRkRudWY3LWQ3RjdSM3VDaWZPQQ?oc=5
2026-09-09,その他,,テーマ関連ニュース,⚪ 情報,0,New nitride semiconductor expands material options for more powerful electronics - Phys.org,"Mon, 07 Sep 2026 19:00:06 GMT",https://news.google.com/rss/articles/CBMiigFBVV95cUxNcjVVLWVzamU4a24tVHRoWFpiTE5OeGNaQktFSTllQTVIRTFGSHczMnZJWnJrdzAtSHJYSGl1elMzQlNJaG8waXE3RkR1bTF5SGpSS3l3MDA1emlGYmZSS0NuMUw0LVFwNmFhdFRhaWNZWUhjanV2SjduYUJZTUE5Q0lvQWtoWnEySGc?oc=5
2026-09-09,その他,,テーマ関連ニュース,⚪ 情報,0,New low-resistance contacts pave way for improved gallium nitride semiconductor devices - Tech Xplore,"Mon, 24 Aug 2026 19:00:01 GMT",https://news.google.com/rss/articles/CBMiiAFBVV95cUxQQnN5bmZFLU1vVmFmd0E4VnAtR21vSG9pMDlsYUNqVnF2azZSQUgxQkRxUVd2ZXhKNlhXS0g2NzVsZHVraWxrZEIzNm5Uai1WM2MxZ0NrNEhPOXg4dXNlUzZRUVNOc1REVWVlRVczeHlWZm5pekEtUnNEN3RkOTA5Zkp6VDBOUEg4?oc=5
2026-09-09,その他,,テーマ関連ニュース,⚪ 情報,0,Semiconductor and Quantum Computing Advances: September 2026 - IndexBox,"Fri, 04 Sep 2026 10:52:00 GMT",https://news.google.com/rss/articles/CBMikwFBVV95cUxPdXVaNy1OVVlfU2twLUI3TVlQZWhhVTN2RTZQTkF5Z0pydmN6NWZEWmF1NTJxcXVieGNacGlReHRPVzMzU2Y3OVAySk9HazlFVW9BMXRicmRwVENSdDlxZEVxZmV0MFV1NFV1cDhraERJOVBNdWszSTRmdGFWZDA5UFNTOTJXbWtMM0dyWWtfa1hGY3M?oc=5
2026-09-09,その他,,テーマ関連ニュース,⚪ 情報,0,"Silicon Carbide Breakers Market Size, Share & Forecast 2036 - Fact.MR","Tue, 08 Sep 2026 10:02:34 GMT",https://news.google.com/rss/articles/CBMibkFVX3lxTE5GWnFfXzMxSkF6anRnVXZpNmZkSm0ydEpha3dpbEZ1NmNkaHlPMHdjQmE3d1dhaXZ2dVJwcnRVTlBKR1phcVpINGVQdmJwemU2Z19rRWJkcy1hcW9HV1RzcWNEU2tfQ0Z2ZEhWbGpR?oc=5
2026-09-09,その他,,テーマ関連ニュース,⚪ 情報,0,Tema's MLCC & PowerSemi ETF (PSOX) | Invest in the Power Behind AI - Tema ETFs,"Wed, 26 Aug 2026 01:08:31 GMT",https://news.google.com/rss/articles/CBMiPkFVX3lxTE5jZkdfbUxOdm1zY0lLRzVfWE44ODlhS0UxZXVESTBlaXFMWGpnUy00aXdZMktwc2FYVWRNbGlR?oc=5
2026-09-09,その他,,テーマ関連ニュース,⚪ 情報,0,Infineon supplying silicon carbide power semiconductors to Fox ESS - Semiconductor Today,"Wed, 26 Aug 2026 18:27:46 GMT",https://news.google.com/rss/articles/CBMigwFBVV95cUxPRjR2S2tIT2dXMjNaZTVtQmNZRFRfdjRpbTlxbGtTWFNfVVhIZ01TOGxRV3hrRWRLaGtYdFNRVlFDNG9zY0FLQU5hNnB2VlRXSms3UjdGRkVadUxuOGsteUZCTG55WVFxV21Yd2t4aW5qa0lzZ1MtODBkbERzb0NnSnRfUQ?oc=5
2026-09-09,その他,,テーマ関連ニュース,⚪ 情報,0,Semiconductor room-temperature maser - Nature,"Sat, 25 Jul 2026 07:00:00 GMT",https://news.google.com/rss/articles/CBMiX0FVX3lxTE92RTYwaFJBRXVzWTBSVFNXb1lKdkpuZnNfZkpxUmJfUTZKTDNpRWZOWVd4TWhKWGdqOHlsSDExRXF0cXFkTHZHOFJVclVRazBnUzJOOFJpeVNNZUliLTY4?oc=5
2026-09-09,その他,,テーマ関連ニュース,⚪ 情報,0,Orbital data-center startup signs Puget Sound area's largest industrial lease of 2026 - The Business Journals,"Wed, 09 Sep 2026 06:50:00 GMT",https://news.google.com/rss/articles/CBMiqAFBVV95cUxNMlR3NlRUSDkwRzVyUGhpb3RHMGt1SDJmdzRQTTM0dzVUOEFZekRlV0wzb1lOTXV3NDlfWDN5SExsQV9LdGw1NmlzS1R2Vkt1anJhUTF6N2k4djltdGFHenhyQkJEejh4anJZYnN6Ykx2S0FTVWRiR2IwOVFjSU1memJZNDIxZTBFZThnb3E2V2xEcTNLR1NTM1M3NnZSX2dDLVh4UFZOR0I?oc=5
2026-09-09,その他,,テーマ関連ニュース,⚪ 情報,0,"New Eclipse Satellite Platforms Target D2D, Broadband, and Computing - Via Satellite","Wed, 09 Sep 2026 19:25:33 GMT",https://news.google.com/rss/articles/CBMivwFBVV95cUxOazVCSXItSm1fRWF6R1ZBTFZKQlJOLXBUZXNTbDJMSzUwVmwzeE1mRjV3TXZwcU9RLUVkS3V5QVhvOHBpNGJsSXRKalR1N1dGTDZVTl9HelhTaFI5cHlPSERwZGxHcVFQSXF2WVZzbTJ6UHJxejRoakVRNkZJZ1lrVFUwcVlpVlJPdGdjRTdkbEJDeGphZkMyeUFtaVA3VTR0Q2cwYW03WUpiSlBjMGdxRHE0MDBaQTlRTl9hQjZRdw?oc=5
2026-09-09,その他,,テーマ関連ニュース,⚪ 情報,0,US-China space race expands from Moon landings to LEO satellite constellations and orbital computing - digitimes,"Mon, 07 Sep 2026 23:47:31 GMT",https://news.google.com/rss/articles/CBMimAFBVV95cUxNRllOZjg5eExKZUpadVdJdFRjd1VXR3R1SWRtX0JhczNfMUpwenl0TEVYc2Z6M1djWjhJbzhfSE5EOVNIOHB4aVU5RUtTWTc3SnNIb090Qm9rNVhWX2xQekpsWlpORlhObXNBakhmX05ROEFwWGp1SkZPa1lldl9ULW91bzc3V0M1WE9NSHgyai1kaHpGbng2aQ?oc=5
2026-09-09,その他,,テーマ関連ニュース,⚪ 情報,0,A high-performance onboard computing architecture for autonomous satellite mission planning - Nature,"Sat, 21 Feb 2026 08:00:00 GMT",https://news.google.com/rss/articles/CBMiX0FVX3lxTE1xc3hJaENKcXQwVDc3RE1tREZnc1R4RlJEcDV0VHBFb0NyMGN1a0s1Nl9kemV3QTQzLTJBbVF2cjZwaFgzZUYzYS1QZVBFTU1xanJJMG9lbENBSXZnYXBr?oc=5
2026-09-09,その他,,テーマ関連ニュース,⚪ 情報,0,"Starcloud’s path to 88,000 computing satellites - SpaceNews","Wed, 27 May 2026 07:00:00 GMT",https://news.google.com/rss/articles/CBMid0FVX3lxTE5iNkU1d2lGbXNzdnZBYmd5NllGU3lLZlA5RDFCWFF0Mmdrd2tzS1JaQWVYNVBHZndXc215ZVNmWW9zbDk4WVBsNncwOTlmVkVjcDI2NWRZUjFURTYyZll0MWhrdXR1dzZjR3ptNG5FSU05Q0t5Q0FF?oc=5
2026-09-09,その他,,テーマ関連ニュース,⚪ 情報,0,China targets new space-based computing network to process data born in orbit - South China Morning Post,"Fri, 24 Jul 2026 07:00:00 GMT",https://news.google.com/rss/articles/CBMixgFBVV95cUxOVk01WlRxaC1IWVZoV0R6UXA2Z1BGRjNLd25qWlR2QVdlUHUxTGIwNHNPc3Vlek1mZkhZSDJxaVBGM3N0R3NzZlB3OHpiMlZMRlF1Ym1VSnpKTmVoSjBXNUx1SXEwaldjdTFWTzN5MjdJR1ZEUG4zenE0MjBNWktpT1RWR0FlQ2NuNVRDU0IwX3V2b1o0NEJtejhXYzRfalNScm9zWVpfZ0VxVU1Yb1dhSkVYZlVoVHFTcFlaUTc0WDZDa3ZieUHSAcYBQVVfeXFMTlNHNHdwa0dqbXFjZm81ZTJ3Qjd1T2ZsM1Q3eld6OTNXaXZmZFZiMUpPZ2V4TEZaRkFXRGFmOGh3aE9fN2FjMkphSldvWWQyODhjV3d1RjBYS2pLdklLVnp0MWNJRjhjWWZkN0pCbmNXMUR1UUFwMHNubFFkZzg5NnFCSEVKQ0VROVVXOWhsMWRDMVl5UzRmUEVtTm5Pc3R2VlFkR3g4Tk8ycnU5VlZmOWplZnhMbmdKcWhUNzdPOGlKRFptbkh3?oc=5
2026-09-09,その他,,テーマ関連ニュース,⚪ 情報,0,China Completes In-Orbit Testing of “Three-Body” AI Computing Constellation - satnews.com,"Mon, 16 Feb 2026 08:00:00 GMT",https://news.google.com/rss/articles/CBMiqAFBVV95cUxOa0JGMGl3Z0lrVGl0NGkwb1hTUFpWcnJ6OUxyVkhRVVlFZGx1X05hWGtpVUtpeEJLY2NJdHY0WXhSU1dBczA5TWdpLUdIckoxRHByYXJkMTdibk1zV3oyX0VHaGotejBoTkdHSUVuOE54REZrWGNhZTN6WldhM0YxSlRKcWhqVFoyZEtuVFg5bERpM3h1bVRUYURuUVpXbkVpSTVVSElZb0k?oc=5
2026-09-09,その他,,テーマ関連ニュース,⚪ 情報,0,"Memory chips cut power 59-fold, may make satellites 2,000 lb lighter - Interesting Engineering","Mon, 03 Aug 2026 07:00:00 GMT",https://news.google.com/rss/articles/CBMilwFBVV95cUxOazJWMVJhcmlldE9IZVh6MElfOWt3VEhDeGhhS0JyY0phRno2Q2UxOTJ4Z1dyc0x4U3lnMEtyaERKUGx2S3hsZFFpa3AzaTlHSm1XaERoVGhvUjJ0Y0xmX1Z3M1hvSjNmNkFsUkRhWXV0ZjB6MjgzQ0Z1T3lXdGFyTFVTRVVZc3ZzX3ZhaEhoR19OdVlXMkNj?oc=5
2026-09-09,その他,,テーマ関連ニュース,⚪ 情報,0,Space computing power networks: a new frontier for satellite technologies - EurekAlert!,"Tue, 30 Dec 2025 08:00:00 GMT",https://news.google.com/rss/articles/CBMiXEFVX3lxTE9xd3RNMUlEaVJXU0N1WE4xdjh2cklkT3JDckk3TVBBMzVzWUdyWG8wakRQZ3RNc2dqbGIzSXlYZW9RMFh3ankyUXN0OUNrbWhpZFBUd3lMLUJtOWRD?oc=5
2026-09-09,その他,,テーマ関連ニュース,⚪ 情報,0,SpaceX Just Unveiled Their First ‘AI Satellite’ — and It’s Absolutely Massive - 24/7 Wall St.,"Wed, 10 Jun 2026 07:00:00 GMT",https://news.google.com/rss/articles/CBMitwFBVV95cUxOWGM5WmlqR2d5cU5LNlZZbkRweU03WjE3X0d5NGZ0OW5zZGJ2S1cxNno3djVrV1h5ZVVVR2d4MjlZZGxfT21nV2xRREdXSHkxRmZrWHZEc1NocTdTUlcwUmRnbWNmajhGdTZJM1ZudXcxYUtTcG0tOFB2eU1KWko5a2p6VFJLeTNOZmFtVkNPcjZCUm5vZ0c3Y0RaZlJJdHdaSXVkVEpMMlNadGZDX2FxbnFsR3JBeEk?oc=5
2026-09-09,その他,,テーマ関連ニュース,⚪ 情報,0,"Ahead of SpaceX IPO, Musk says AI satellites will use mostly existing technology - Reuters","Mon, 08 Jun 2026 07:00:00 GMT",https://news.google.com/rss/articles/CBMi0AFBVV95cUxNTU5kZTNKTkVQc2hvTGVhMVJsSXEzc05aTHVPNUY4R2VfaTNzU3B1bzRrUUUxYUZxX0wtaTMzb3BXZEpRcHcyOHVGVjRZY3dmazJ6bmpaSGxTU1dPMnpPM3VCcnhjWVY4dXVqam1XMWJsdW9GbFVwOE1rUWhuMXgxSGczTERwLS12alZTaU82eXV5N0JmZERmdEJhX3ZiOE1jRzNYTnJaQy1xMFB5UHF4bldEc2lfcFNzVDQ3ODd4N0Y4N0xEYUpVamlIYk1wbEJm?oc=5
2026-09-09,その他,,テーマ関連ニュース,⚪ 情報,0,"From cloud computing to space, Chinese scientist pursues new frontier for AI - news.cgtn.com","Wed, 05 Aug 2026 07:00:00 GMT",https://news.google.com/rss/articles/CBMitAFBVV95cUxQaVBYbjBMdWM5ZVpQcVN1WE1KSnNfMnFmVEFsSXJHNW90UmlDc3EtRXFuOUUyV3RrTkJOOUxoRDNENVRNaU1LM09qTURGcDdxcmtXOFloTi01QUtjQTlRR3lTdVMzZ2d3ZUR0dmRjSVVLOXFSTUNJV3NWbTh1cU5EQXYwWGxsQ0lGZkhyTjhnT2FjcjB6TGkxMzJDc2JJU1BGaHZ3QS1DbmlKVVZyV0RFdlhRSEc?oc=5
2026-09-09,その他,,テーマ関連ニュース,⚪ 情報,0,"Sophia Space Raises $7M, Selects Apex Space Bus for Orbital Compute Demo - Via Satellite","Tue, 23 Jun 2026 07:00:00 GMT",https://news.google.com/rss/articles/CBMiwgFBVV95cUxPbjBoZmZ5QlRucDZTbWc4ckhPQUZqa2p2VVBtcWZqVzZYdkhEQmRjeHRHdXU2Y3BadVUwVWY5YjB0c0VjR3lkUDh5bkMzLXFmQllTZzdMUk1OQ0tWV2YwZnFxaUs5NjUwTk9ONkc4MzZEVzMyUVRObHNORWRtS2JybHA0TjBTaG1CRHV1VEwxZGk4MWxMb21OZncweURyazZTd0hIVDF6UFZ0R0pMckwzRzRfbG1jc052bHNZbVhSdkRXQQ?oc=5
2026-09-09,その他,,テーマ関連ニュース,⚪ 情報,0,Nvidia Launches New Chips for Space Missions - Via Satellite,"Tue, 17 Mar 2026 07:00:00 GMT",https://news.google.com/rss/articles/CBMinwFBVV95cUxPRlVueGV0V3VBSnFsc1g0VUhEUG9IWVIySU5oZmZCNUgxMWtrZFExdjJKT3hUcG9HTTdEOHBKQzlfV0I3MlhyNVF2X3EyNXpsZnV4YjU3S1pON002akZDczh2ZWtzbXRmd3dxQlBlVkJheFlCT0tqRTVDRzBsekNTd21POGpFdTM4MndTNzRGT1JsZkRHRWhmSUM0Y01qeW8?oc=5
2026-09-09,その他,,テーマ関連ニュース,⚪ 情報,0,Oledcomm and the invisible optical communications ecosystem - AeroMorning.com,"Mon, 07 Sep 2026 18:47:02 GMT",https://news.google.com/rss/articles/CBMikAFBVV95cUxNV1lIam1mR3o1NzRURmhMZFo0SEV1QzNYTW5pNnZyekhySTZtREJGaGxibnQ5bXgxQkV2Mm9YNGFSWXoyQ3M3TFB5MWpqanIxQkQzUTBWdW5oTFJmWkp2eDFSa2QyUktVWUNhZ0hWVktIWGZkNTFvREhLU1J3a2x4aFNpOG1fYno3TWdEUmFxY3Q?oc=5
2026-09-09,その他,,テーマ関連ニュース,⚪ 情報,0,Laser Ground Stations Slash Costs for Moon and Mars Data - IEEE Spectrum,"Wed, 13 May 2026 07:00:00 GMT",https://news.google.com/rss/articles/CBMidEFVX3lxTE54OUozcTVMaF9ZTlJ4WC1MQ1dTRFhiZlNvLTlzaUNBcDBPNFMzSjRURE1lRmpiQkRBalFQc1JEWDBWUmpUa1lTRUhRVXhGNkQ0VVpoS1VlVEZiZDdEbGg2TmhobGc0TWlqTVRCYWZyYWQyTkot?oc=5
2026-09-09,その他,,テーマ関連ニュース,⚪ 情報,0,IonQ’s Skyloom Optical Communications Terminals Reach 84 On-Orbit Installations Following Latest Launch - IonQ,"Mon, 24 Aug 2026 07:00:00 GMT",https://news.google.com/rss/articles/CBMixwFBVV95cUxOVVRFTHlfQ21mdjRvN3ljZl9kNVpHMko2U1hwb21tZmZoZjh3cFo0U2t2SlZWajg3NVFwcVQyb1lHV0Ffa294WkxBN2JPWTZaTlN5Si1xX2ZfVTc1ZmlvaElUNWF3ZGtwQXgtMU1EeHZDcWFjVlFYRHkyMFZ3NWhVbnFfRy1abWRQSi1ZcEVUWjA0c2NEQS1paTlyTjdRNTVrTFNYTHFsRndWam0wcEJUSHNEZzVDcnVhNFNIcXNqaHJHU3R0amNF?oc=5
2026-09-09,その他,,テーマ関連ニュース,⚪ 情報,0,New free-space optical link adds a wireless component to the nation's longest quantum network - Phys.org,"Mon, 24 Aug 2026 07:00:00 GMT",https://news.google.com/rss/articles/CBMidkFVX3lxTE4zTFFXQklEdDNfVTBaM1pqOURMTkZaSVFqMmx6SFRVZXlwOWxfdEMwQkgtamd5ZVFsZVczWWcwRlN5cUFMWGFpRjBpV0Y3bzJZMVRpZ19aeVRFeE1meVItVzk5Y0Rpcmh0UHZwMktsWWkyYmFlNXc?oc=5
2026-09-09,その他,,テーマ関連ニュース,⚪ 情報,0,SDA Issues Request for Information for Future Space-To-Air Optical Communication Terminals - sda.mil,"Wed, 28 Jan 2026 08:00:00 GMT",https://news.google.com/rss/articles/CBMisAFBVV95cUxObFdzYUlEVXhVcm1pYTRJaFRVT1N1VjUxYUgzZ2RGXzJQMVBFMmVwZEVzSVhteTZTWW5yZU1MeF9VbUc3dzl6WkhjYUhENDhSSmpQZmpQWjF0SnNkeThDbEtKVGlHTS1ENzNSa1h4VnNpWlBfakpNek1SaVZpYU02MjJpUVpUXzAwWW5QOFBjb3dxeWxTTXVwVWZNR2FIdE1Cb2NMclJTMm5yczluenhaaQ?oc=5
2026-09-09,その他,,テーマ関連ニュース,⚪ 情報,0,Optical terminals still a bottleneck in Pentagon’s proliferated constellation - SpaceNews,"Thu, 02 Apr 2026 07:00:00 GMT",https://news.google.com/rss/articles/CBMioAFBVV95cUxOcUdFOW9yNDhia3hrUmtiUFhVdHBmZXpPZUFHeTRNTW9PcWRnQ0JsYnptU0N4MFRfaU9GQTlxUl9rREpvdmYwMk1iR1ZyQnpIOFpoN2FySUNjSzBaNHYzMG1oZ2RCZ0RtVEVmR1R5RnJvMUl0MTRTM2RabnhlLVRHUlpLNDQ2S0xmbnpaa2hvZ0dRVm41eXBGWWVidzQ4MGxD?oc=5
2026-09-09,その他,,テーマ関連ニュース,⚪ 情報,0,IonQ Subsidiary Skyloom Reaches 84 On-Orbit Optical Terminals Supporting SDA Constellation - Quantum Computing Report,"Mon, 24 Aug 2026 07:00:00 GMT",https://news.google.com/rss/articles/CBMixAFBVV95cUxOUFl5UzlrQ0F3MTB1Wmo3THczVTBXQkhCbFJBeER3bzVUei1jeDlmSk9WRE1uWGpaY0FETTRHNUwzdmxQazJEUGFwYm8ybk5aQ0tUVVZuRGVmSldFUUVSYkEybV9McGt3N1VyTi03Tk5FbkJVX0FOb1dYeUt1NWhyc1EzMjJ3bmpRVGtGN0VzVzJOc3VVOTJBVWd2X3JxRGdubzh5RlVlRlRndzlOT0ljdmJrZEI4VzAtTnlaSlVnalZkQVVX0gHKAUFVX3lxTE5UZnEzaFAxbVIyX2M3bGk5WFgyMnI3OTEzNjl3MjJTTDJGNGxiNGx2TmRad2h3Z1JGbHlGWmlhdjlNQlVDRm9LeTJMemxNWU1fb0lVMFlEY0otZmN1RDVsMEFDQjR5Z2kyalJRelBudUZqYW5kNkN2a2dLenl5cHF0SFVLdVdlRnZJWHEzZE9iTnRRbE9LdUU5QUh1elJUb1JhZWd4VVdVS1dGbFVfWGxGejByTlpmVE8walRSWFBzaG42OFZXWVp3ZEE?oc=5
2026-09-09,その他,,テーマ関連ニュース,⚪ 情報,0,General Atomics Selected for Phase 3 of US Space Force Enterprise Space Terminal Program Following Successful Laser Crosslink Verification - General Atomics,"Mon, 27 Apr 2026 07:00:00 GMT",https://news.google.com/rss/articles/CBMi3AFBVV95cUxOeGNIdE9FeGhDR2FVVzN1TmRYUE92d0R1WFI5RmJ0RVZLQ2VXNWkta3dTSkdaWndPdTNoZUwxZXhSenplTzhrdjBva2RyTUphWUNSekVnZmdEVVY2cTJ0clZ1Wks0bVV5V1V4Tnc2ZE1GeFM2cFRDMXpDaDYwQ1BMcF9wUGV6dTh4N2RiSEl5S2lWOGpuNThLeHMwWEJtN01MOEsxVTQtNDJ4dW1naFZBV3NwM0FRUlZPU1VkWFo0TkJVZWhJdUw4b3N5WmJyMG4yVkZlZmxMNEdDcUNZ?oc=5
2026-09-09,その他,,テーマ関連ニュース,⚪ 情報,0,Taara Brings Fiber-Optic Speeds to Open-Air Laser Links​ - IEEE Spectrum,"Wed, 04 Mar 2026 08:00:00 GMT",https://news.google.com/rss/articles/CBMiZkFVX3lxTE5uX3ZjYjZOSWNZU1VNUjU1RTh2UndqbkJZNWFfTl9YVlhZSWtvMFRnYkN2YjF1OGRnSFRmSndYYWN1NDQtTnlmcTF0U3hZel9VZFFJalBPSjRGc3FtaWpaVXZkckE3QQ?oc=5
2026-09-09,その他,,テーマ関連ニュース,⚪ 情報,0,Optimized weight spectrum method for interference signal separation in FSO communication - Nature,"Tue, 28 Apr 2026 07:00:00 GMT",https://news.google.com/rss/articles/CBMiX0FVX3lxTE5ycUFKek9lWkZPOS1Kc0RfZVJxcktzR0V3OVMySDJtR0VOT3ZiaWZpenByNXFtQkJLVk9tenZmN1F0QnFEY0tyMVduUGp0aUxGMTJ6NXo0WGpnT0owZkVr?oc=5
2026-09-09,その他,,テーマ関連ニュース,⚪ 情報,0,Astrogate Labs to Put India's First Indigenous Optical Inter-Satellite Link in Orbit - Yahoo! Finance Canada,"Tue, 08 Sep 2026 03:30:00 GMT",https://news.google.com/rss/articles/CBMihwFBVV95cUxNMDdzTXR2Vy1KeDhzY2ZZbTZ1Y2h0WjN1c3VmZ1dRSjFSaVJ4VE5EVEYxRG1YU3h5d3hqWUo1eHBUTVo5MUdMVGRtVWhwVUcxLVo5RTNNMlZhMDNCTHI2TV9Oc204SlRpdHY5S0ZuSVdObXNHNFN2VWgxcXF6LWwxUC0yeTR6bGs?oc=5
2026-09-09,その他,,テーマ関連ニュース,⚪ 情報,0,Laser communications push satellite networking beyond RF - Military Aerospace,"Wed, 15 Jul 2026 07:00:00 GMT",https://news.google.com/rss/articles/CBMiuwFBVV95cUxNTzBPd2x6SmZqeFU1cDZPa1lsWEwtZWJQTGY0TzlqVVo4Q0t4VDRPUy1oREFpVlhBQTJSR0dFcXhEUXVaTE53SnNmQUJjbTVsTy1DT19Xc2s5N29FalNZdlpFeFV4SmVlak5XN2pJZTU2cm01amhLTzBhWnFMbkNkdElCRXNPVWVOSktRMWVMbE1TRU5HOUJiZEFBdkQwLWJfMzhqTjFWRVh2WExWS1VjSnNvdkVVWjU3SmE0?oc=5
2026-09-09,その他,,テーマ関連ニュース,⚪ 情報,0,Optical Intersatellite Link (OISL) - KeepTrack,"Fri, 01 May 2026 07:00:00 GMT",https://news.google.com/rss/articles/CBMicEFVX3lxTE41ZHhrZ0s2Q1ZYYW5NTnNTeDJwRllSaW11QWhtMWFRQ2hFYzRqVU11bmpmaHQ4MmtLR1N5UXJ4dGJ1QnRYQ3dJZGV3RmNaOXZuQVVDQlJkS0ZSVzl4UThaeFgwWWNXTFRDX2VodENuQVk?oc=5
2026-09-09,その他,,テーマ関連ニュース,⚪ 情報,0,SDA hopes to bring satellite laser links into use within next 6 months - Breaking Defense,"Thu, 26 Mar 2026 07:00:00 GMT",https://news.google.com/rss/articles/CBMiqwFBVV95cUxOZFUxTmtpVjFDc0c0eTFYTEQtUlBwb0drVFJnMDZnU2wycHZXeXl5Vi14Qy1SU01wdHZYN19BMWhlSTI4SkRkWEc5Z0RjaF9wRFI2MUhSS3RESk0zUE8yRkNQNDluRlhXUFFCRGhQbElKQkw0eUhkdF9PbTgyRXJlcmpCOWZDWnZ1VEVHV0thY3paN2llMUI1WEJpSnNKWFpNUGJpU3FLRXk1T2s?oc=5
2026-09-09,その他,,テーマ関連ニュース,⚪ 情報,0,Europe warned over space laser gap - Room The Space Journal of Asgardia,"Wed, 15 Jul 2026 07:00:00 GMT",https://news.google.com/rss/articles/CBMia0FVX3lxTFBjUzlFWG9ZLUQ1Znp3cEhRbGF5TnZLTEhXcUV6bU01UGRBTEZxTFF2RlhtSmNWVUQyb3FoM0ZmeFlJZ3d3VUR5d3Y0Qnc3NU0yaFZiX1ZVbGl4UGdoNzlkcVJyNmxhN1dkTHdj?oc=5
2026-09-09,その他,,テーマ関連ニュース,⚪ 情報,0,Astrogate Labs Develops India's First Indigenous Optical Inter-Satellite Link in Orbit (OISL) - Utkarsh Classes,"Tue, 08 Sep 2026 11:43:55 GMT",https://news.google.com/rss/articles/CBMi1wFBVV95cUxQZDlqYms5U1ZqamdkbEZhRzQ3b3A4bkNySVFPRnd5OFN5ZXphWmwxZ3hFM1hlZ0FoeXNvN3Etc05yUUYwTWZqSTltUFNIN2hvM2owZXRPVGh5SkhweUk3bHZGRTJ0WnRHNW5LOW9STnd3Y2VrMExhZmtiMFVEbjN2V0d0NktsMEFwWTRPcDZXLTRXUXZ6aS11Y21uS05ScEJjYklfWEszLTFQVExyVlROcVVjaWM2cS15MUdEeTRqd2lSV3JQZ2xnQ2V3bWVCTVltUTJ3SVdMYw?oc=5
2026-09-09,その他,,テーマ関連ニュース,⚪ 情報,0,Optical (laser) Satellite Communication Market worth $1.56 billion by 2030 - MarketsandMarkets,"Fri, 23 Jan 2026 08:00:00 GMT",https://news.google.com/rss/articles/CBMiiwFBVV95cUxNcm9JUzdZZWxaZDExckhraWlLU01FQVZ4YW1nX014OUhXMG9HRTNaRmdBTmZRcS1NNVY2M21scHhYbWpGVEoxQzJid1lxVm5Ibnl6bG16Q0hhN0FvR3B6RXVubV9aVDNlVUJ4RUY3YkNkelFtbEh4bnV6ZXhxT1RjYWpERXFyVndMLWl3?oc=5
2026-09-09,その他,,テーマ関連ニュース,⚪ 情報,0,Why Laser Communication is Taking Over Space - AZoOptics,"Tue, 13 Jan 2026 08:00:00 GMT",https://news.google.com/rss/articles/CBMiY0FVX3lxTE42ODdtQVRaaVZ4eldRb1Uxci14b2d2aXFHNncyNVFYV0hvNExHMkdXMWw4aWpNRGIwM3VMNl9nOU5sUFBZbVFrSDZFWTE0QUR4QTNfLU0yRURnUHdFU1F2N0E0UQ?oc=5
2026-09-09,その他,,テーマ関連ニュース,⚪ 情報,0,"First in-orbit test of ATLAS-1 laser terminals to bring affordable, high-bandwidth communication for small satellites - Satellite Evolution","Wed, 18 Feb 2026 08:00:00 GMT",https://news.google.com/rss/articles/CBMi1gFBVV95cUxQUlpoT3NDU2VWMlRSQmlqMnJZaFM5TFVGdHFnRjNsX3RGd1oyZzhHRk5VRGdmNHpuWS1DeFNoRnpseFFkaE5aU0MyUXJ2bUJzVWg0U0lsUlBlYUU1UTRNWEdvMnUyOVVibkF5azV4UXlsRWxZdEZISkw4LWZRN2hOUTFvZkVfWkxXTExFYjRJQWhxSmZfdWlnT3FUM2NTRkJ3LWVYc1BBUWpHdmVPSTA3TjV4Yi1NUi1qODJKNlVzOVIwZ0ZwaVZ4SkZ2eWRhNGJ4SGF1blhB?oc=5
2026-09-09,その他,,テーマ関連ニュース,⚪ 情報,0,[New Space Odyssey] LeOSPACE targets in-orbit laser inter-satellite link demo within 3 years - DongA Science,"Sat, 20 Jun 2026 07:00:00 GMT",https://news.google.com/rss/articles/CBMiVEFVX3lxTFB2WmNoSWdTSXZxU2tCbFVFVFhRUFBpcldEd0xfLWprRVpaVTRPOWg5MjVkUjlfa01PZHhWV3ZxODdPV2ZLamwwWHFScElDTWVUeDdIOQ?oc=5
2026-09-09,その他,,テーマ関連ニュース,⚪ 情報,0,How Space Plasma Can Bend the Laser of Gravitational Wave Detectors - eos.org,"Fri, 24 Apr 2026 07:00:00 GMT",https://news.google.com/rss/articles/CBMiowFBVV95cUxNaG9GUVo2RDlKbjZIVS1HN05Td0tsd3BTYUJkOGtzTkpkVTBqMVh0U3JqTUpoWWpaQVViTkJBMFozQ2FQRkN1MjR3RFJLUmhjRUhqNkVZakcwX2N5SmdZbGRGYWJXa1VCU0Rqa09xNGUyYnlwTVZnTDIxZUpaaFVqRm5jVG5uM1VldTUtZGx4YmV4MlFmc1R6MXRkRWp6QU1CT2tF?oc=5
2026-09-09,その他,,テーマ関連ニュース,⚪ 情報,0,High-capacity and secure inter-satellite optical wireless communication using 2D DPS-OCDMA - Nature,"Mon, 09 Feb 2026 08:00:00 GMT",https://news.google.com/rss/articles/CBMiX0FVX3lxTE1DT3d0SlRyTURfQjdhekJlNEdBUDF3U3E1WnFwenZYa1ZBUjJIazFfbnVabGRScGdxTHhyUTdkc3dHMGc3XzJ2RHNscWEzd0tpVG1LeG5UWjRpd29GRElV?oc=5
2026-09-09,その他,,テーマ関連ニュース,⚪ 情報,0,Reservoir computing-based signal compensation for laser inter-satellite communications | Scientific Reports - Nature,"Sat, 15 Feb 2025 08:00:00 GMT",https://news.google.com/rss/articles/CBMiX0FVX3lxTE8xZE1mcDRIeTJGeXItRGFKUG4yZzFMOVRMWC1qSzU5NXlnME04YVJRYVBJRWR6d3FBQTFGdVRNTU9vdnBwNVhCV0JBR1VXeWd0aHVjRmpBSVFicm95RGI0?oc=5
2026-09-09,その他,,テーマ関連ニュース,⚪ 情報,0,Firms Plan Laser Satellite Network to Cut Data Delays - Deccan Chronicle,"Tue, 30 Jun 2026 07:00:00 GMT",https://news.google.com/rss/articles/CBMiuwFBVV95cUxPZlh6NDF6ZlNjSVN1Z2ZjeTFSTFVnaWJnTURqNTJDMjVHR21nTmFiVzBDcHN2ZlMyYTgtZFRuQkpVRUxuZnFfNUxUbHVzYXRKQWFuMnlJaFBDcmdXZVdYVEpsdVR5cmFkV3c4bks1RjJ5LWJxZU5iTVJ1UUdNbU1mOVBhajVNOEN5U1lXWU5qNExTM2tOZ1RtNERPaFFJV1d3MzU2T19aT3ZJM1RCSDVfWkJLaVRuMHpvWE9N0gHAAUFVX3lxTFBGVTRpQnoxa3FWcXJ0cFNGWXdMcWdwMjRGLWd5MVJfN29ZYzBQMXB4OFZTTll6eFIwRjFvWTlkd2pJcmM1Zm5fSlNucDA3Y1N6dkJuUzh5VThZU1Q0dWlDOHdKR3U5TlBRbzRjLU1NeUo5LVZYQ2E0YnVtTFZCdnZKTEhvdGZTYzRMeXV2eVVtNVdGNkdnNTdUQlNWaGlBdVpQRXIzY3FNVjhCc3VvNmNJRFEyYkt0eW9xS2s3U2VNVQ?oc=5
2026-09-09,その他,,テーマ関連ニュース,⚪ 情報,0,The Real Cost Of Cooling GPUs In Space Might Shock You - IEEE Spectrum,"Thu, 11 Jun 2026 07:00:00 GMT",https://news.google.com/rss/articles/CBMiYEFVX3lxTFA0QnJCcEJMUHBMa1QxWWZUVUJweHFqbXFndEVJTnNGVDFXUFNpbkotblVEWHY4VTE1dTdTZGVqVlR5T0ozVE4xZGQ0cFd0LWwycmFaSVJvVzM0eW1YanhYNQ?oc=5
2026-09-09,その他,,テーマ関連ニュース,⚪ 情報,0,Modern Ikea Radiator Covers Space Heater Cover A Brown Rabbit With A Small Figure On Its Back's Head In Front Of Trees - Krepšinio žinios,"Mon, 31 Aug 2026 01:54:54 GMT",https://news.google.com/rss/articles/CBMiggFBVV95cUxNSktVMHFLQTQ5M0RsYWgzcjFyUjYxT28xLURWc0RZZjNESEY4Sl80bGc1cHZZMzV0Tnl6amhHazhlZ0hrd21GcGZfalE1a0FzUTdWaFZqMUdRUkRvaXBjYjNFMW1rVFJBZW5LSG5PNnk2Qmp0Q0lpLXFQRG1pOHQ1S0l3?oc=5
2026-09-09,その他,,テーマ関連ニュース,⚪ 情報,0,"A typical AI-focused data centre can consume as much electricity as 100,000 homes. Now companies want to put them in orbit, where carefully chosen satellites can see almost continuous sunlight and dump their waste heat into space through giant radiators i - Space Daily","Mon, 17 Aug 2026 07:00:00 GMT",https://news.google.com/rss/articles/CBMihAFBVV95cUxNQVk5RWFBNldjZ3BmbmN2azRGNjI1akp3SDlWRkFnVGhwWG5WOGNjOG1OaEZ0bndVcE9QejRNU1hicHdvNVpFcmE0UHBMSzliNVJBSkVzYmZmOGdHdFR5bzNld1RGelI2LUhjZzdhYzI1eVQ2bk1lSXZqWXlnS2NHZjh4WXc?oc=5
2026-09-09,その他,,テーマ関連ニュース,⚪ 情報,0,"The 6 Safest Space Heaters, Tested and Reviewed - Family Handyman","Thu, 23 Jul 2026 07:00:00 GMT",https://news.google.com/rss/articles/CBMiaEFVX3lxTE5JaUY3RGd4M25RS3lIS3g5Tmg2bllFODNQejZxWVBHZXZPRGNaNmpHUW10aVZRUmxPZnhkaS1wMXVlaHRqN1FYQUJyS2lfUmZaRmZMVzJvZ3Y2akVMWW1qa0xyeUt5LVlr?oc=5
2026-09-09,その他,,テーマ関連ニュース,⚪ 情報,0,A Spanish Nanomaterial Cools Surfaces 12.9°C – Using Outer Space as the Radiator - Gadget Review,"Thu, 20 Aug 2026 07:00:00 GMT",https://news.google.com/rss/articles/CBMiqgFBVV95cUxQQm1ZbE5wRWc0ZGh1R1FONEVCUzRjSXZFVDF6eVJBMDd0a1F1dEZ0enVTTzdWam4zTUJ5dnpYSkZwTkdUWTZjLWtoRTNpcldJa2lVS3JzZ0J5bFdmQ0dkenVENEpLUWRSRVZUYlcxMXcxWnc1TG9kdF8xbDl4YUcxa3BsVVcwN285Z01ta3k4U0tDc05iTTFFd0M1a01nX2dFTjZ3RmxkWmpxQQ?oc=5
2026-09-09,その他,,テーマ関連ニュース,⚪ 情報,0,Feeling a Chill? These Expert-Picked Space Heaters Can Keep You Warm - TODAY.com,"Fri, 23 Jan 2026 08:00:00 GMT",https://news.google.com/rss/articles/CBMiZ0FVX3lxTE5UWnBmcnFWN3JQWERTdUpudmhMOUVKSmFOSXBkdE1Bb3pUVnZobk1nSHBXSFYzMVBnb0VPQXFsSE43MWROdEROT2g0Qzc2eEVBM3VfeE9Na09hNWRXSkphLWFSMThxb3M?oc=5
2026-09-09,その他,,テーマ関連ニュース,⚪ 情報,0,Introduction to Space Datacenters and Orbital Compute - SemiAnalysis,"Wed, 03 Jun 2026 07:00:00 GMT",https://news.google.com/rss/articles/CBMiiAFBVV95cUxNVGNGNF9xb21jVzI1aS1uZU1iVF85ZEtFR3VzRFBVX1JCdGIwS3FkR1UzenNYTjVyM2J2dHFacGQ3UGNqTDQ4NmozMkVVZ3NsRkRFMldyYm9sUzBaRDRDNFRlLXZGU2xUV2xrX1lkbTJvdjY1T3Y4NTRacEY4TGg4ZVE2ZllPSGVp?oc=5
2026-09-09,その他,,テーマ関連ニュース,⚪ 情報,0,How to Not Burn Your House Down With a Space Heater | Reviews by Wirecutter - The New York Times,"Wed, 10 Dec 2025 08:00:00 GMT",https://news.google.com/rss/articles/CBMimwFBVV95cUxNcUFSZWJZVmU2bEtLMFczcjA0TjdIS0o4Qnk1Nlc4QVRHS0pCTU04NmE4YnNHVVZTb0F2X1Z6WVhkV0ZHUjZoQ3FfcUY5QUZ0YmZ1R0JQeEEyM1AxY3VaWmQ5Yk5wNFdZSmx1SXBqUkJxZEN5U3dyV3E0aVQyaGxFRXpzam9ROWdzZEZoVFpmTU1nNTJrYUNMLVl2bw?oc=5
2026-09-09,その他,,テーマ関連ニュース,⚪ 情報,0,Best Space Heaters For Large Rooms: 7 That Reliably Boost Warmth In The Chill - Forbes,"Mon, 02 Feb 2026 08:00:00 GMT",https://news.google.com/rss/articles/CBMimwFBVV95cUxPeVhPRjFYaU5XX1ZxOVlYaXBkWURqMnViMlJOQndnTjdDY2xlT05ORFlVaHBxWjJjb0dzQTg4ZzZLMEtVM0doSDhtUGpXb3UwODN0VE9nUzFvdHlzVnVpOVFXemFGRHEtbS03alpkQjVhU2FNd2t6TVRxalFsNFdBci1kaGZGYXBoampNRWkwRGZxdFE1MXFSdllMUQ?oc=5
2026-09-09,その他,,テーマ関連ニュース,⚪ 情報,0,These Space Heaters Will Arrive Before the Imminent Winter Freeze - architecturaldigest.com,"Fri, 23 Jan 2026 08:00:00 GMT",https://news.google.com/rss/articles/CBMidkFVX3lxTE9mOWlNYXJzUnV4Umpab2ZDcDg4WnRvYldXTlpGcXFWY2M3NGZkVkdUZWdSM2xjUGRianFZM3o3OGtCaUFtSkJvZzFNQnFKWWZZSzQ2VUt0MDRLSHgtUVRscEg1QkFsY1hBdTk3OHUzNU1LZWNQb1E?oc=5
2026-09-09,その他,,テーマ関連ニュース,⚪ 情報,0,"After a decade of testing and reporting on home-heating systems and a lifetime of dwelling in drafty old houses, our Wirecutter editor identified his favorite space heater. https://nyti.ms/4jy4xqW - facebook.com","Tue, 13 Jan 2026 08:00:00 GMT",https://news.google.com/rss/articles/CBMi0wFBVV95cUxNT1VjQktXcS0xdm85TkpwY2tTWVRPeGw4Q0VyZkh4cVRLTmxYTHFPOXlXYjdaYUpkVHl1TFVDaUJYMEgtaVhacWxUekY4QzRGTkhGb3BYZThPSWtDVGVRM2UweU5KOUlJUldMajlRbUZqSXF1cnpTRzRfc1FraFA1NFd3M0NIQU44bWxnSk5US1VKalAyMGF4SzVoTmNRVU9DTExNQzJFaGlzOVk1dFVTTXkyRVY1cXlEZzc4UDlCZm1tcjRnVnZST1JwZ1NJUnVvUkxN?oc=5
2026-09-09,その他,,テーマ関連ニュース,⚪ 情報,0,"Warm up with these space heater deals from Vornado, Shark, Dreo, and more that take up to $150 off - mashable.com","Wed, 31 Dec 2025 08:00:00 GMT",https://news.google.com/rss/articles/CBMiZEFVX3lxTE9EVUFEMHhxblVqSzdxSVVkU3dlQ2ZVc00wQUt1RzdKN1dQUXdCUE1hOHNtZkt4QlpvT2JKbG1jLTI2QmpPNlJXLWVNU0NIeUlzd1ZxRHlXUmVqMnBmR3RURFVnRGY?oc=5
2026-09-09,その他,,テーマ関連ニュース,⚪ 情報,0,Space heater safety: How to keep your home safe while staying warm - WALB,"Wed, 21 Jan 2026 08:00:00 GMT",https://news.google.com/rss/articles/CBMimwFBVV95cUxQbUNTdGxMczlxdmpWeGNpYWdTR2dtMl8xX1g4Ri0wWGc2U0pDMXByYW43c1BjRU5UaHdIcHVqU3FBbDE0U2dSQ3FCa3hOSFpHODBGVWNzcG1BdUtFcTV1bE5jV3gxSG5kRGlKeHNySEhjQThfYXpoWmQ2NUhiak5JdFNxalRCN0xocERxdW1lY1dET2xKU3hnd3FRONIBrwFBVV95cUxQN3FfSjFGT1R6bXpjQllGZGIwbldXWXRmckV6NlV2R0JIdFJJdXdrZG54QmthVW50cmhKUVpwREl4eDY3Xy05YXI3NmVXUHhWdEs1UlJxOVFLYmtZUnBGSTlGNWVxbWlWUlZfeGNkbGxwWExuTW1obE5LXzI3OVNsa21MVF8zMGtKQzZ3SXZIcGNqN1hCV3prZHZXNUNLQVY5NUFfcUJIemVqakw1QmNZ?oc=5
2026-09-09,その他,,テーマ関連ニュース,⚪ 情報,0,"Cooling a data centre on Earth can consume 10 to 30 per cent of its energy budget and millions of litres of water; in orbit, there is no air, no cooling towers, and no river to dump heat into — only vast radiator panels bleeding waste heat away as infrared light int - Space Daily","Sat, 04 Jul 2026 07:00:00 GMT",https://news.google.com/rss/articles/CBMiuAJBVV95cUxPOUpnOV8xeFYyR0tjazRZNkltUi1ZWmRlTmRIZk5fY05pdWI0aWM3Z2VpTkV4aURITUtrMTZpSnVzQUtUcy1OWjZqaEI5X3pIem9BOU9SSzBJSm1pZkZaLW5PQVVBZ1FDck4wRV8yTUdvZmVTbDltRUtlTHRnc0FXenBKaW92bkFXOURtTUUtRjNIa3RYTXhYQkJ4aVVHRk1maHpBSGw5NmRKV1ZCNzQ1cHZRT1ZQWkpHVHZJMkZoeVdoUnlxS3pvQ2hONkZxT1lrZEdQT0pXa0NJbEkybi1MT1VpWkpBa1BJUWN3QndfR3psVWVuYjFXbkJhZlcwNGY3b09GS2FrNThPZTVSaTJFMjZGR3dLSU1DeGVtWU1IYlo5VkFfZXJEZ1lwRWpldWVweTlwZzRuSV8?oc=5
2026-09-09,その他,,テーマ関連ニュース,⚪ 情報,0,SpaceX Has the Best Radiative Cooling Solution and It is Working - NextBigFuture.com,"Tue, 24 Feb 2026 08:00:00 GMT",https://news.google.com/rss/articles/CBMiqwFBVV95cUxNU3E3bkRTdUd2T0tXRFRfWFA3enotSUd2TUZBVFluYVQxNm4zMEg5b2xLR1dYY1lHMHZWRGoyeVRvNVVfdmZoMmZCbGxHYVJBNFpmV1BXVHdHRWRQRFVTTnN0R0Y2emh5YzZGcW14M2doLVA5Q2dQaGFGeXdYZVA2SDBlNnpXWjFyRFFnYk1ia1AyeDRKUFZSN0R1YUJLRkt6TUU0SXpyb1BFems?oc=5
2026-09-09,その他,,テーマ関連ニュース,⚪ 情報,0,Surviving Deep Space: A Look at the Orion Spacecraft - lockheedmartin.com,"Wed, 08 Apr 2026 07:00:00 GMT",https://news.google.com/rss/articles/CBMisgFBVV95cUxPVS1xYWZxMEtfdU44NWI5SUYzaWVKR2NJQTJmLTRxQkFhdEZyTFplUDYzMlBGNjVJdzY5WmU1NlRUTFZ0OHhzbzdITHJrSDlRbnVyTmlQNWtqVVk2MkZmNHM0RG85RlZkd0VvdzJVVDY3aDlZb2liV2I5dEhUUzJ0QUZXTC1MQ3liVzVUeHVFSkI5bDFTZE5CeGw3UVBxaEpuajdWSGVlZEE2WXZ0NEYydVR3?oc=5
2026-09-09,その他,,テーマ関連ニュース,⚪ 情報,0,Bi-layer photonic random meta-composite for cryogenic thermal control by ultra-broadband scattering matched reflectance - Nature,"Tue, 30 Jun 2026 07:00:00 GMT",https://news.google.com/rss/articles/CBMiX0FVX3lxTE1GMmVnY09aUWR0dWVWRU9hYk1BQXpoUHdPZGJqTGpCSVFzZUdEcm94Tndwc3dsYzBReUo4YUQ3ZFIxSWV1SF9jOVVxS2MybTBpYzlHX2RxZG9KOEpWb2Rn?oc=5
2026-09-09,その他,,テーマ関連ニュース,⚪ 情報,0,"Maxell, JAXA to Develop All-Solid-State Batteries for Spacecraft - International Business Times","Fri, 05 Jun 2026 07:00:00 GMT",https://news.google.com/rss/articles/CBMijwFBVV95cUxNM0hOaHlXSEhqVV9WYVpuZFRrTG84TUM1QzUzRmljWXJxZkRndFQ3XzR6RHBJY2w2WnM4X2JXbFdDc0ZxYkNsWGJlN2pvUjFkOHNMWFF1a2I5cGdCQW13R2VXN0EyV25XRlBmX2cwaFE5YXItbFV6a0F5Y2ExUFkxT2dwUFV2NGpSRklfRS1WNA?oc=5
2026-09-09,その他,,テーマ関連ニュース,⚪ 情報,0,"AFRL, industry launch revolutionary spacecraft technology - Oscillating Heat Pipes - wpafb.af.mil","Thu, 21 Oct 2021 07:00:00 GMT",https://news.google.com/rss/articles/CBMi2gFBVV95cUxQeWoxSXY5QWRMMnR4QTZrTUgwcHBIeXFESDVLazNmWFR4ay1RMm52NS1yYU5UWk1zR000Ukg3US1jWHhOS3d2SXFwSzdaSC1EWHY2b2I0cGdfaTV3dVJEZmtPczNTWUpFT2JUcV9hUnM2YjNGTXc2eXRTamRRMUFKZzVhbzF4dlpQYXhGb0FMcURjV2g0TEk5Z3p1MkpUVGpFblNzMzl6NzU1Z2JEbXFpRkJHaHRKQ1JoZnl3dENuVmVNbnU5TkU1RElQZWZUSUpQaVZLUTNZT1gwZw?oc=5
2026-09-09,その他,,テーマ関連ニュース,⚪ 情報,0,Space race heats up: Advanced electronics cooling systems for spacecraft - Phys.org,"Tue, 04 Jun 2024 07:00:00 GMT",https://news.google.com/rss/articles/CBMihwFBVV95cUxPdFJTMnBLSHh4R2twTk00THBCRnVnYkJYOGI0ZDJ2aXdQVEhZaW54MzM2LXA2Q0Z2NnVDZ0NNeVFnWjdOQlY1S2VDRXpsbDhiLS14a1dzTjVlbFFHMGJiWXJBSGV2RGk4V1lpeFowVS1pQ0dIaHdxTUJJS3NzYThJbXZ3OTd4Sjg?oc=5
2026-09-09,その他,,テーマ関連ニュース,⚪ 情報,0,Welsh university collaborates on groundbreaking space cooling project - Nation.Cymru,"Thu, 09 Oct 2025 07:00:00 GMT",https://news.google.com/rss/articles/CBMinAFBVV95cUxPYk0ya2ZRck5WdFlzd1h2SGs0R1RTSXgwcHRCTUhhc3FwcEVjVFdDNUNmdEtlbkp4YTItS1BIVHhrbHBOSDlxQkVvRmo2WTdfVnNLQnpGNUZYTVpKY3ZCUjhTZFktWUpuZ2RJQ1pkQXk4UFc1TjRZRTNLT3pyU0VMdm1fSmdjUVhocm5VRUsyd0NpOXZrcDF1eldKMmw?oc=5
2026-09-09,その他,,テーマ関連ニュース,⚪ 情報,0,"Cheaper launch has moved the spacecraft bottleneck. Mass is out, surface area is in. - SpaceNews","Fri, 14 Aug 2026 07:00:00 GMT",https://news.google.com/rss/articles/CBMipwFBVV95cUxPQXk4MGdWNDExV3RKSjNqbmU3UzExUlA3bTBLY251QmtjM1I1ZTBiUkFNNU5TbTRQUjRYQ3gwaGFrQjJIcE9SUUxMbUR5a0dGX2ZrZDIwdVo5YXNOSE1rV25JeDZROFU3bE82SkZxMVFVYzYxdVhHdkVoeVJSQnRDUHhkWDd5cXNZZnFJLXhtMHE2OTRfTmEwY3U3VUJ3SVFJVVhpOUpoRQ?oc=5
2026-09-09,その他,,テーマ関連ニュース,⚪ 情報,0,"Space Station captures, berths Cygnus XL ’S.S. Steven R. Nagel’ cargo spacecraft - Spaceflight Now","Mon, 13 Apr 2026 07:00:00 GMT",https://news.google.com/rss/articles/CBMiyAFBVV95cUxQMmNzUUJ3c0lvR2dLellVbi01c2M4MXJYZnhjYWRkc2VMTjBhYTV5MkRXbVpCc3ItZGx5MnhuZ20wamc1RGtlVW5FN1ljcVdfckU2aDkzQTNvMElyNnU4U0tlT1RXSktJZmpBV3FCZVdkVmdJUURlQnF5UGZMRFBUUy1jcHRiSjNiZWdISDJTVGl4RmQ5c0FWbWs3dlE1MnBxMlNablRDTG05Q1ZpY0hCeUlwa3h4VnhWd1kzYktfNG1XcEJnZU9zZw?oc=5
2026-09-09,その他,,テーマ関連ニュース,⚪ 情報,0,NASA’s Northrop Grumman CRS-24 Mission Overview - NASA (.gov),"Mon, 06 Apr 2026 07:00:00 GMT",https://news.google.com/rss/articles/CBMijgFBVV95cUxQcEJHZzVlVGRlaHh3YVJwTzViZlZDeEI1dVNIMl8xcE5DMXhoRi1CTkllSmRhbnZFd1luXzgxSjFHTDZDNF9fSS1JRGNZZklKd0c0Z3FYUkZudXg1RzhCUE5ZdTZZbklfUVhZV1FDUWxtUFBhMzNpeUlNM2hRa3NtS3h2ZkpFLTNhejl3WU53?oc=5
2026-09-09,その他,,テーマ関連ニュース,⚪ 情報,0,Orbital AI: SpaceX–NVIDIA’s Thermal Reality - debuglies.com,"Sat, 29 Aug 2026 07:00:00 GMT",https://news.google.com/rss/articles/CBMigAFBVV95cUxPem5YbXQ1VGVmWXY2Q0FqZF9oUGFEMGtseGlBUHJOYmpURl8wR0FUTGQydzNIT1NMd0Q3cHJvZjRtZUpNTHQ2ZTlCMXNKNnNiREgxVDBlVXlzX3M5SDBpa3pkbHJpVjFQaGlLa0txYW0yQmJfQXp0a3NKTzF6OENQdQ?oc=5
2026-09-09,その他,,テーマ関連ニュース,⚪ 情報,0,"NASA Tests a Spacecraft Thruster That Runs on Lithium Metal Vapor, Could Take Us to Mars - autoevolution","Sun, 03 May 2026 07:00:00 GMT",https://news.google.com/rss/articles/CBMizwFBVV95cUxQa0JZdkpURzE1RTRyUHdaakYtTDN4MEdvcjFJdFpCU09rYnJKbzVXMzdrMWNOZG9YX0lnNlFmQ3V0NEtkSVNuWlh2Snh2c0hnaUVxOWx0M0ZkVXd6MFNSM3JnYlV0Z1FNSy0zbTgyLUxDd0RRbXJWWkRVMW5HYjE1R1JpeWt2T3BFTTA0emhfaU12c3Y0S0FUcktkRDhfVkVjSmhRWmRqanRWQTh0MFVCVVVMRTFTcWZ6ekdWVHZERjJIeDJDZGVhVXdzRG9XLWM?oc=5
2026-09-09,その他,,テーマ関連ニュース,⚪ 情報,0,Orbital unveils ambitious plan for 100k-satellite constellation in push to accelerate AI computing in space - spaceconnectonline.com.au,"Wed, 01 Jul 2026 07:00:00 GMT",https://news.google.com/rss/articles/CBMi9wFBVV95cUxOc0JEbnlLb25BY0VhYWgxd1BPeE1HNjcybFo0MHVhYnR6U0FMc3poTEVOQ0M2Wksxa0g0bHBmTHVWRGIxNGhFcUtBYll3X2Y5eC1FSFc2blZQNmVBUE5MUWpxcE5DWm5wS0tBTUFQQjJnZ01wOGFOSzV3V2xDV0RKV2xWdm5IcHN4eWRiY05COTU2eV9XRTVuWEtoRWZhd2V0MVNLTDVXeF9JZnh0NDNpUlRfd1ZZLWhoUHlBWFItUjZITjdGR0JMN21FRENocHBxSDJtQmVlWXZJZWJHX2hSOHJ6WWxEWmU0YzJjWHJRbDNnU0YwX0lV?oc=5
2026-09-09,その他,,テーマ関連ニュース,⚪ 情報,0,"In 1995, NASA’s Galileo spacecraft sent a probe into Jupiter’s atmosphere that kept transmitting for just 58 minutes as it fell, returning the first direct readings from inside the giant planet before rising heat and pressure silenced it for good - Space Daily","Mon, 25 May 2026 07:00:00 GMT",https://news.google.com/rss/articles/CBMirwJBVV95cUxOUFVQVF9TSWwxNnc3THVHYmJDNHNiZ2RCeEd3VktvUHFMZWdLT2xkVi1tS0hCcC14WXd4bjVISmdSMmhfVDR2TGg5LXVYYXZDa2VLN1BkQ3Noc0hXRGI2UDRzMkxxS3AyRWRaT1FLVmdudEFSSHd6Vm14UzFDLUpRNlR4T0RfdEt4aHRRTzgwQUJHeUE4VENpT0ZwdEJYYjRzSFpFV01oTDYwWlZNVTlvUGptblhrRzZEZW1hRHpURDdBVlF5a19MdkFKVGxoZ00tNDVTYjY2eDRhek9XbjN6NkpGQi0xd082bVhXb2hoNFlwb0hwdEp6VmJUZUpDcS1STHFIeThlRUZROHVoMWJXajFac3oteU5DSms1NlNvcHdmZWZWUDhYTlNNX1A0Vms?oc=5
2026-09-09,その他,,テーマ関連ニュース,⚪ 情報,0,NASA selects Penn State engineering team to develop technology for spacecraft - The Pennsylvania State University,"Mon, 01 Jul 2024 07:00:00 GMT",https://news.google.com/rss/articles/CBMidEFVX3lxTE1yQ1pPcFl6LWVpakdQWHc3SGVDcTNRTU9pQTNpUW41cm4zR0ZGN2E5X29WWUZLWnJwWVE3cFJ2WkZLUC13b2VhQUFTa2UxOHpGam9VQkwxOG9HUU1oWEZaTkp3bVRWelhlV29XTFNHSWMxSTM2?oc=5
2026-09-09,その他,,テーマ関連ニュース,⚪ 情報,0,3D Systems’ DMP technology to be used for NASA-backed spacecraft cooling systems - 3dprintingindustry.com,"Thu, 05 Jun 2025 07:00:00 GMT",https://news.google.com/rss/articles/CBMiwAFBVV95cUxQUXhScWE3YlNCd1d4OW5FZGNndndBWEx0RFpuTnhwTnMyRmh3c2tDNzRLT2VJcWJxNWNBaW05OXFTU1FzTWR0MGktVEpXQ3VKbklhSXlkVTVobnN0bHpobTBfS24zMjdOVDJ2WUt2eGpXMVA5aHF2d3c3VDMtc0xMTGZfd1lYMUU3d2t2cmtDM25vWVZRVXFkNFFXWm1VSjJTZFZpWVRoYWxxNUNwcW5GdjEtNTE1dVJMU0szYUVVQUk?oc=5
2026-09-09,その他,,テーマ関連ニュース,⚪ 情報,0,Cornell leads subteams on $35M nuclear-powered spacecraft project - news.cornell.edu,"Wed, 16 Oct 2024 07:00:00 GMT",https://news.google.com/rss/articles/CBMipAFBVV95cUxOVzdWbXlxblplai1SbTFxNzFMdVB5MHZ3WkVhVEFmUndYYl9uSmtiVjZrZkxtam0yMkJwV2UtOXFESkhRUUhqUmhMTmRZY2tZX2xWTXBGdW9GZXhmVDYtU01GVGJ6T1B1a005cm5wampncGs5cW1tQkM3M1I0WHBPS3hzaDFyVDM0U2gxS0tFVENHN1RKSTVwQU1iQUkwNmdFYjE2cQ?oc=5
2026-09-09,その他,,テーマ関連ニュース,⚪ 情報,0,Demand growing for managing heat on increasingly intricate satellites - SpaceNews,"Mon, 20 Sep 2021 07:00:00 GMT",https://news.google.com/rss/articles/CBMilwFBVV95cUxQSFFpbm0wZDNEaU4wUlFzUjNUTW9UOTI5R0dhZGx6MUhIZU9mMWFsWll4MGdpOWFkb3QzdzlGSS01bkFqQkt3RUtxbkVJM1BZZmdXTzBmRVpHOEpod3dPUEFRZmY3RzRsVE9wWGNxMUNxc2lfQ3JZZnkzSzRvTkx1Tl9rcmp6cUxuMk5YOGY4VXdScU9BTng4?oc=5
2026-09-09,その他,,テーマ関連ニュース,⚪ 情報,0,The race for space solar - pv magazine USA,"Wed, 09 Sep 2026 11:29:29 GMT",https://news.google.com/rss/articles/CBMickFVX3lxTE5nZ3gxUjdsbW5FTGY4ekRQY1RYWHpUUjFRejBxTXI5b1BUSHMybUNpNTItQ05tM2pSTVJGZVAtVkZfbUota1JKSjNsVXBSSGpsQ08xaGJ1bWRVb2NRTEp1bm0xWXE3d1RjQ0VObGdSZEhkQQ?oc=5
2026-09-09,その他,,テーマ関連ニュース,⚪ 情報,0,"Elon Musk, space solar and eternal power - prospectmagazine.co.uk","Wed, 09 Sep 2026 15:56:15 GMT",https://news.google.com/rss/articles/CBMiqgFBVV95cUxPUHpnTmFna1QzS0VnYjl3YWxqSmRqZkJKVTgzVEtod3A4QWhuS3Nka2UwekZhX2FTTEMwbkUySUdocjJ2ZVBkYldBV0g2d0RaWHFKWUd3SjFJZkRTQXpRNExBUVZQdnBlWVQxckVra1l5UnB4dUNZdVhxSTFzemlob0pQRE5uUWoyVmVIQjBrUEg3aTJMRjY0d2E5S2gyVDRVMUhaQnA1UDFjUQ?oc=5
2026-09-09,その他,,テーマ関連ニュース,⚪ 情報,0,Rocket Lab shares rise after launch of germanium-free space solar cell - Yahoo Finance,"Wed, 09 Sep 2026 14:06:15 GMT",https://news.google.com/rss/articles/CBMilAFBVV95cUxORmhVNE9PZGtlTU4xUVNlTUNYV1cydndUT3EzdmRtaFZ1X2stOTVuMUhYanRYYkt5ZExRUlFabUdvZ21qQmtaZ1ViOGJfb3dZNERwTk04R0NjZ2taZ25SXy1zZGRKVWRpWHAxbzY2NEJMcm11NEVENU1UTkl5YXFUSzExc2pjc0lUdmthLTNhajZNd3dH?oc=5
2026-09-09,その他,,テーマ関連ニュース,⚪ 情報,0,Rocket Lab releases germanium-free solar cell for space applications - Renewables Now,"Wed, 09 Sep 2026 10:09:43 GMT",https://news.google.com/rss/articles/CBMirAFBVV95cUxNNXZzT2d6N3BuNUsyaHhhUEgyTkNGTUZuRjRvczVQSmt2NzBDWjRxQjdRU3o1YnJ4amE0VDFYX3lPVHJxdF9zbWdCUC10RjFlcnBTd0hOU0kwWks4bkgzdnBqYU9ieXRRbkFxbW1fM1BhelJtX3NTSGRjZHRab1ZUdUhMVE01OWRySnpmbFlVVVo2R05RZmFWbXRLZUczRXgzV0dFY1BGVkJGckgx?oc=5
2026-09-09,その他,,テーマ関連ニュース,⚪ 情報,0,Space-Based Solar Power Is On Its Way - Communications of the ACM,"Fri, 07 Aug 2026 07:00:00 GMT",https://news.google.com/rss/articles/CBMickFVX3lxTFBCaHE5RGxmcTRfTzZpb0d6NnZUOEVGU2hZWnA1ZENrOVhJbFp2ODNjaXBNanltSTVIVFhrMjJYTjhXNWU2UVd4TXpuZmhIQzJKYk9FdVdBTjJlQUZ5d1g1bFQtWGdQZGRFVUR4YWVEYnA0QQ?oc=5
2026-09-09,その他,,テーマ関連ニュース,⚪ 情報,0,Why Qcells is testing solar cells on the moon | Hanwha - Hanwha Group,"Mon, 07 Sep 2026 00:39:59 GMT",https://news.google.com/rss/articles/CBMiuAFBVV95cUxQWFc2RXFITnZXTjI2Rk1vRXVNOU5kYWRyVnNHTnBSdUZ3Rmt3T0EyRmJFLXNmM2pBajdjVXQ3dEVrU3JyLTQtdlFYb1pJcTdja0F3b284WTJjMFFVb190MTJnRmFpSEFKek5pNU5HcHVfbFZXekwwbE42Rmg4TExReHdEcnBZeWotSnl0VmMzRW9Ta0RZTG00OG00eGRaYmlTanVOWVk5RDkyYjQwTG5iWjNpNnptZzlv?oc=5
2026-09-09,その他,,テーマ関連ニュース,⚪ 情報,0,Space-Based Power: Why It’s Gonna Happen - nationalinterest.org,"Tue, 18 Aug 2026 11:02:01 GMT",https://news.google.com/rss/articles/CBMijgFBVV95cUxPMmFldmk0cUwyVnRuSFN5SUJ5d2NJQi1QNTV1c21XSUxzOXozV1BzVnJVRmc0M2RkUURselE2cHhuU0VHY212TjhGc0pVQzdJTEp2SHFTS2xpNERoVi1fOXgyNzhfU2ZhVThuTHVYQmlQcTRZMUVmazRjZTdkbks4UktKbVZESC1OV282dWdB?oc=5
2026-09-09,その他,,テーマ関連ニュース,⚪ 情報,0,UK commercial roof space could generate as much solar power as ‘20 Hinckley Cs’ - Construction Management Magazine,"Wed, 09 Sep 2026 14:56:55 GMT",https://news.google.com/rss/articles/CBMitgFBVV95cUxQNDVBZFZ2VGl3SUFNcVdVUE43TE1qajBmT1VkclRFQnhzT0c1U3dZbW1YNERkUEhqcGlaSXhPTWdaQV9ydGRqcGs4WllrTFVhQzRHNDBpMUM0YjdhNzVtdE1yVXBDUlR5Q3lRUzlacldRLXA5NGg0S0JxNGMwU0g1enVMenloeUpBNzhxMy11M05iRmRQNXctZUJDVkxFaHFKMGlIdTVEN1pZSmhZZWNxYUo5S09UZw?oc=5
2026-09-09,その他,,テーマ関連ニュース,⚪ 情報,0,"Why DoD, Silicon Valley now are betting on solar power beaming sats - Breaking Defense","Thu, 09 Jul 2026 07:00:00 GMT",https://news.google.com/rss/articles/CBMipgFBVV95cUxQcVJFLUlTbHlpdnZxT05qNWlVaTRZVC1MQ2lmQ3M3b1RyMU14M0F1ejk5WFRUbWVOVnZQMDZzT1ZnTkk3ZmQxMGoteGNKTS1pUEQzRkVhdFljUEdiT3RfZG56MWJsVGRWQzZFU3pMam5TT2VuSGJFS3VxN2tDbkVZVkhJdmFNY25HQUkzQ3R0QTNlaUhtWERpNk42U0ZpdFgyM0dsY3p3?oc=5
2026-09-09,その他,,テーマ関連ニュース,⚪ 情報,0,The Chinese scientists hoping to use a space solar plant to power the world - South China Morning Post,"Fri, 19 Jun 2026 07:00:00 GMT",https://news.google.com/rss/articles/CBMitgFBVV95cUxPd3d3MlBtaGVYaTBLWUpOMUZXYlVpUlVKN3J6MVM3c00zM2VDVnlrMXk3TklqSjc5T0l6RjJ3aVZhVEd5aklXbXpiUFlUbk5FZVZFOEZpSG1BVWo3eEdwc2taN191dmVkSjllTmR5bnZ3d0VyRW1HcU9mekFRUGVPQkkxaElxeXhSUUVOZ0R6RVBsMEhRdnVVZndQeVkwQzVuUzJ2ZkFSdjNJOU9aZGJxSWQ0VE1ZQdIBtgFBVV95cUxQUzFSeVJ0VkJSNklPUHN4U3pEZlR5RWVrczctX3hWa1UyUkpXMEVNNDBtRGRhRFNXZzJyV09XMll0X2FZOEFFNlQ2alAzdVRwbERUNnY3RUF4YTExN1VteUliRVJyemNfZHBtbnZmVnp2S1NFcjVlTVE4RHN0eW5ZUVVPVk9BZ2RpWFZ2dElnOWxGNzByYlNfejZiMWJqQkZka183d1NraUpPcFJKOXRrUTZLYjZPdw?oc=5
2026-09-09,その他,,テーマ関連ニュース,⚪ 情報,0,Meta makes a bid for space-based solar - latitudemedia.com,"Mon, 27 Apr 2026 07:00:00 GMT",https://news.google.com/rss/articles/CBMif0FVX3lxTE1OT0hETUdXenB0dXk5bmlSRzBzZDEyeWNFT2JoMlFtOGdNQzdUQ3pFZG5PMEFvUDlGY3BYcy10aVIxUmVqOWwyMDBSWk1hVFI2TEF0MFNUQWYtTXZ5M1drWlpFVXRqZjEzamlGZXdHSm9GbTl2a3phTzhuQTJVTms?oc=5
2026-09-09,その他,,テーマ関連ニュース,⚪ 情報,0,Rocket Lab Introduces New Solar Cell — Can RKLB Tackle Supply Chain Constraints In The Space Power Industry? - Stocktwits,"Tue, 08 Sep 2026 22:20:00 GMT",https://news.google.com/rss/articles/CBMi_gFBVV95cUxOUEExYURuSkZmV1ZFd2xkdXo1OTdnaUNPVXUwYnhjMVZlNC02VTFkLUpLQzdodVRiZXZMRXFEU2VmaGxsX3hMVXlGRHBBb3RoZE5BUjZHTGJ3Z3lrZmJtSXFuc2gwS3RoQ1l0N3g1YTBUYjl4TlRUZk80X1U3ZlhZaFBYbUlWSVVQMHdZTDRJVmg1WUoyNENCRm9WN0diMjdRanVSOFV4VC00cGRWWjN1MnRFbWN1bUlVM1B2Qm1fak5KcHJyNUZta1RvdW5uYjFEQURXQ3JSTXVteGVNOGRPTHlrdTVQX2xnU2xkUlczcDhudkhZLTJ3YmNnREZaQQ?oc=5
2026-09-09,その他,,テーマ関連ニュース,⚪ 情報,0,Have scientists found the secret to eternal power? - prospectmagazine.co.uk,"Sat, 22 Aug 2026 07:00:00 GMT",https://news.google.com/rss/articles/CBMiuwFBVV95cUxQbXctTWdKLXY5TGpIZFBBMzZJNnNVMUgzMFpsUzNKaC1scElKUHBtd0JRQXZYM2RoWlQxUnFfbzYwel9jN1dWbXhhTlg4UXoxTmF4Q0lhNUk3MC05RXdYZVZXbjgtLS13M0FWT2h6Z3pIc3NiZXRxVDhYN1JsZ1hoWmZIQk5ZTDY0MHFKc2JSSThtOTY3a0tzT0FfMWw0cnVYTlFZOTlSdmNzVTYtRDloS0g3SmFDNU4wenVB?oc=5
2026-09-09,その他,,テーマ関連ニュース,⚪ 情報,0,A new space solar cell cuts mass 40%. Rocket Lab drops germanium. - Stock Titan,"Tue, 08 Sep 2026 20:29:04 GMT",https://news.google.com/rss/articles/CBMivwFBVV95cUxQanlPWlRjMFpHMUpoblRoU3dOMkxKcEFKcUNPdlJjc3pNakJxQTlocURINmFwN2JoZHp3Y1JUeWZfV0pkU1dTMHN4Ql84c2YzclkxRy03UEFuRDJodnBMRU8xTWFuY2lGdngwWGdoNG1vazJWQU9RbW5ubTU5cC1rY0xwaUZaMVlFbjJVaHhnQ1JvRzQ2V0E2LU1QWWhlNlRvR1d4bG1SLXdUWGFvSVZOR0Y5ZVJ4MGNkeGlCQWlKdw?oc=5
2026-09-09,その他,,テーマ関連ニュース,⚪ 情報,0,"Rescue satellite gets close to NASA’s doomed telescope, even if it can’t save it - Los Angeles Times","Sun, 06 Sep 2026 21:42:17 GMT",https://news.google.com/rss/articles/CBMixAFBVV95cUxOczFaZGl6X0dodDZaODFjMDJFRGwzXzdEbGxkd1Y2ZGNaN2dKQ3Z5V0lLQWxOVmY0U2VRemRKUUY5ZHZfLVppZGh2cWFZYXFoaGhqQnAwUlFBRWExdEZiUG1JWHhsd3VmQWoxam1qYi1MbVhZTHpyQ2paelB1TzgwMlE1aWU4RUV4dW82TWlJR0hfVGVUcVhSRERqZXRyVlVWZ09UcEJJMHI2eUJXOWVlNTViQlNiMGtGTG5lS29zazR3WHNE?oc=5
2026-09-09,その他,,テーマ関連ニュース,⚪ 情報,0,Why we need space-based solar power (SBSP) - The World Economic Forum,"Wed, 08 Oct 2025 07:00:00 GMT",https://news.google.com/rss/articles/CBMilwFBVV95cUxNMkE4NzRIMjBYTnlYdGhNY3VCZEdLSjFwbHZadUN6d3B5R0s4ZGJ2aERFcXg3R1dQdkExUEE3dGU0ZHRhVEFaMWQzcGxuSF9hMW9Wc0RJQ0Vzb05SdzhBMXNndXpFMlExa2dWNHJEbmNIZ0JoemFtX1AzM3BrTG8wS0k0S1NFNzZQRGRuY18zZFF6TTNpVlJZ?oc=5
2026-09-09,その他,,テーマ関連ニュース,⚪ 情報,0,"More than a million German households have hung solar panels off their balcony railings and plugged them into a wall socket, and the law caps each at 800 watts — a fridge and a laptop — because in a country where 55 percent of households rent, the balco - Space Daily","Mon, 07 Sep 2026 00:49:01 GMT",https://news.google.com/rss/articles/CBMirwJBVV95cUxQaDFZSFN0am41TjB3cjVKTThONW9FdlNodlV1a1djVmNpNXdaUi03Y1g1TkV5UzNXaWNmTzNQV1J5OWhIblY3dXBzSUVtUlpLZ3hXYnZGWk56X2JiNFo0dEY0b1RmZlRaWlhrcWExcHk0YzlXNlBSLXdUNXpfTE9La1VZYkNpTHZpb1Z2VUlXQzlIR2ZPdjNiMzhMeDRDYTdWd3d3UG8tbmFVakpVZVFhbzhHZDVydXhSVTZmRGNFR01QaF96LXN5X0RDSnpzdzlfcnhLTWJCOXRuUnA3eTdWRnhrYlFhR0R2Z2w2bUxZZXJQZHBSZW1raG5Valh3aFI5SXRtWFZoR2hwSG9wSG5SWkVSazdpUVVMM0xhMXJDbUtNNVZ2cm4wVzNDUFFCZWc?oc=5
2026-09-09,その他,,テーマ関連ニュース,⚪ 情報,0,How NASA's new space telescope could help solve mysteries of dark energy and dark matter - PBS,"Mon, 31 Aug 2026 07:00:00 GMT",https://news.google.com/rss/articles/CBMivgFBVV95cUxOLWE1ZGtTRzlTRkhwQklWZzB0c2FSOGV0MEZrUHdoS1NIU3pWSmNtc2E0VVRPTUJrN2dEMU9fU2VxZVV6UUZxcW9FM19XSUkwUVNTd1JoVDU2RUJ5WnN4S2dHZ1B4S3ZCZzdzU3hvWkFYa0w1RFd0U2lsdWsycHJLdzJMUElGZDMwQi1NN1NwS1M5b0J0LWVyTUhtUkZsN255WjJzOEozVlByd3Y3Z2ZOeW1WeWQyS29Pa09Ma3Rn?oc=5
2026-09-09,その他,,テーマ関連ニュース,⚪ 情報,0,Emerging Tax Controversy Issues in the Energy Credit Space - McDermott Will & Schulte,"Wed, 02 Sep 2026 22:45:26 GMT",https://news.google.com/rss/articles/CBMimwFBVV95cUxPTTFHMnVOSzJFc2JoVW5GZU5rbjgwRGpKUEgyOE9SU3RlWE1ZZjhfRldVT2pCRlh0b1R4RVM4SVRNUVhMWUZ0YUFzQi04Ry1vRFFiTVhhelpUZU1iZEluNkVnNDhsODBYZlBpTEFOQXpsSHMyMGxSWEtXSVpuMUptRDB2R09peTdKNFdPd2hFcmRFc01aRFFSSVVXYw?oc=5
2026-09-09,その他,,テーマ関連ニュース,⚪ 情報,0,"NASA launches its powerful Roman telescope, studying dark matter and dark energy - Houston Public Media","Thu, 27 Aug 2026 07:00:00 GMT",https://news.google.com/rss/articles/CBMi9gFBVV95cUxQWHJ0VmZEZkJ0WGRxaEZVZzNzOW4tc3NVUm9uOGxmbGZhZ21iU01BemZneGtKTzRlejZ0RkhYb19VVlk3Vm1iaUNfZ0wyR1J6ZC1OVmNfNmVmaTFVX1BTdGYtUld3VnNYWWdvbFdCMUpOaWs5c2tqbzlyUGtHT0RYQ2JCMEt3RjQzQVhSVlhQM0l6T2toOU1vTjFCaEdiNXltb0tlMTk1bjg1NEpXbHR6cnZoYTJ3eURMZHIybURSbF95alprYmFpQWttY0dZcXE5OEFjeHlmcVBfbFhBMWVXRXljTmp6QW1hRWRqS2hKekFhUUFyMFHSAf4BQVVfeXFMTUpydVBoOWZTNm14Z1IweUR6d0MyOVU3dl93U3gzemx4NlZ3WUtvQUtQZmZfNG9WSFlfcWswZDdPUkVvbWZ1bUZlMnhpNHYyMWZ5SlNPRS0xcUtzS2FxdmRzeFNleWVnb1h3QnRCeERFR0pUWEJfSlZFYjZtLTVCOGhDYmtOUW1Zd2UzWmVYQXZpSV95bEpWUXRCU3BtZFlMcWRzNk90Vm9fSHIzTkw2NUFIRXlKTTNkTGJSZ1ZPNm9USTlPZ3preGlhMm5GMXdGbHpSOWFxdDdDZjZFTlJvbjZCOWtjajZjMnFSUU5jM3lIeXpHVXJld1pwcUNWNnc?oc=5
2026-09-09,その他,,テーマ関連ニュース,⚪ 情報,0,What is Space? - Department of Energy (.gov),"Tue, 25 Aug 2026 15:56:00 GMT",https://news.google.com/rss/articles/CBMiX0FVX3lxTFBRZjdtWUZmSXVOeGE4WXVnV01ZaG9ienJYRDZCWGo5LWFqbXVHX2JnMHU1TTdZSF9FX3lrNGgzc1d2UDg2cTlKQm4yV2paTEdsUGoyclUtc3BFSTd4QTJZ?oc=5
2026-09-09,その他,,テーマ関連ニュース,⚪ 情報,0,NASA’s newest space telescope is on a mission to solve the universe’s biggest mysteries - Scientific American,"Mon, 31 Aug 2026 07:00:00 GMT",https://news.google.com/rss/articles/CBMiyAFBVV95cUxNaERVUHBod0lUQm1jYmpVSWF0em5KamZralNQSzljelpQWWpFN1podGY0c1RXQUV3TXBpLW1zdXRUazhXWFlfbG44ZFZSbkNoRUNWbjFINGstdDVSS09VemZVMlJCX21NaUJhQkMwOUF3SmlZLWFWNmtJQ3dfd3YxQzdJY0pheWlVTzVPdzFjaVU1NGV4a25tMTRPTGdia2FxVkJMNWRRZTZFeEI0QTNTQmpaeklHQUQ1c0NiUkZvd1JsRGRMQmRaRg?oc=5
2026-09-09,その他,,テーマ関連ニュース,⚪ 情報,0,Space-Based Solar Power Faces Its Infrastructure Test - environmentenergyleader.com,"Wed, 19 Aug 2026 07:00:00 GMT",https://news.google.com/rss/articles/CBMirAFBVV95cUxPaWRLOGpEMmFpOURXZllOOUhSVFVadkhCamdsNG4xYmJuUTMwb3Vld3VxN1B4T3BseVNtS1NzR2wwUGRPTC03SGxjOFZtdmhrWDNyZk95dUhsRFRYTVQwbFZER0JCR1hUcEV1dDhIeHQ3WmJXaVJvQ05qc1RXUXZTc2VMSFZCdmJGR040azVCdTBmN1llU3Z2Z1pkTHpSMDNHQWZtV2VYMXpoUGxl?oc=5
2026-09-09,その他,,テーマ関連ニュース,⚪ 情報,0,'A glorious dawn launch': NASA's newest space telescope has left the Earth - NPR,"Sun, 30 Aug 2026 07:00:00 GMT",https://news.google.com/rss/articles/CBMilAFBVV95cUxQY3ZQa3UxTWJvMHdUZHdrb3FsRDdPa1FXUnZITEppOVJINWs0OHZzdHNDRWtKM1RMbDM2Vm03M1ZUeV84RVRCVnhuYzdvaUxoMTZndjU3bGhGUnF4bGh5Q0NtY09lUnZzVUtRUzlfbjhnYy15YU4wempWNnZrOXBLMXptQm9GdEk4ckhpeTFwUkR6a1d0?oc=5
2026-09-09,その他,,テーマ関連ニュース,⚪ 情報,0,"Roman Space Telescope set to explore dark matter, energy: Space Beat - Florida Today","Thu, 27 Aug 2026 07:00:00 GMT",https://news.google.com/rss/articles/CBMi1wFBVV95cUxPd29fYWxLZ3g4Ni1Ya2RZWUctQTdNTHA1NTJ2bUx3MUFkQzBiTWlPTm95cDA4cUNJd1lLeDVmSUZDMFFDd2ptYlExOWI5Y2tlSk9ab1k4b2JKWEhnRjdtMjRXQVFvTWJQX2lYZHZYenJIMVloaGJVOThxRHI4cFc1US1adS1aUDlhaGVxN1BLT1dhNWFNakw3aHd5SHBqTlpCNlQ4NXhreVQ4cVluSm5ZQUVJME9yZFlHR3gwMkNoV2doVTF6TUd4ak5HTlo5SUhsUEdzNHRjRQ?oc=5
2026-09-09,その他,,テーマ関連ニュース,⚪ 情報,0,"Space telescope will study universe’s ‘dark’ energy, matter - NewsNation","Sat, 29 Aug 2026 07:00:00 GMT",https://news.google.com/rss/articles/CBMie0FVX3lxTFB0ZTRPd2tuUUhhd1BOaHpVUEJnanBaTFd6OXBEcTB2Q0RobnFjX2hvdElrNnRTWUNzOWhZUUtqQzdnV3RUbjRTeWNJc0dvQktCZHgzME5mMmJpZnVTNEJTaTRNbzFab1hvd1Fib3lTUi12aldmaUdWQS05d9IBgAFBVV95cUxPV2toLUI0WlFJYi0zU3V0d3kyd0M0blFqTkZnWVhCeGdNOHB1RnpfRlFpQVkzR0xxdjRnZlZPN3dXM2tWN2ZfN240cTZVMnVFTnlqb0RfZjdEY2k0OWZQcWpNYThZOHRiRjdOTHlFOHhrRmVqUmNzTzJCci1sS3haWA?oc=5
2026-09-09,その他,,テーマ関連ニュース,⚪ 情報,0,How Will the Roman Space Telescope Learn About Dark Energy and Dark Matter? - Britannica,"Sun, 30 Aug 2026 07:00:00 GMT",https://news.google.com/rss/articles/CBMijAFBVV95cUxPWS12dVNNTDRYX2otbWd1ZmZ1VVk3RDFYNTZLT3RWSmlpV3dZMENtNEJIMDVzQkQyMEt3Q19zWWF6T3VHc3hQWkRkbU4ya2NvMnRodXdHbG1LdmM1dmY1UzZDYnRpYjRvcVFJMzlERTVFbTJ2TW9Uay05MjVCSWZ4MUp1M0I1YkVjMkJITA?oc=5
2026-09-09,その他,,テーマ関連ニュース,⚪ 情報,0,"Expert: India can drive BRICS cooperation in energy, space, and digital technologies - TV BRICS","Tue, 08 Sep 2026 16:03:20 GMT",https://news.google.com/rss/articles/CBMirwFBVV95cUxNVE9TSTQ1Y2ZKWW9sVU1Zb3BaeUVlVURjSnZGa012d0s3YUFNN2V1Q3FMYkRFSDdtSWtMTkxkOXNHbmctRHBmQWR3ZHZ6dDVxeWdJODdJa0tORlJwT2N4RGhjekxNSW10U09kOHdtT3RZRGx4Rjk4R3ZuY2NJemRyTUQxYk51V2Q0WmpYaTQ1ZUNFSGxtdXN1bU1GMjU4UlF4VWNtTkhiV2NucjhGSm5V?oc=5
2026-09-09,その他,,テーマ関連ニュース,⚪ 情報,0,"Supermassive black hole spews energy 300,000 light years into deep space - Space","Thu, 13 Aug 2026 07:00:00 GMT",https://news.google.com/rss/articles/CBMitwFBVV95cUxOZUFoRERfMkUyRzlEYUVNZ0N0cG9WTFdlakZwY0FHSGdVelRKT3E3bGhYTkd4OWNtS1RSbFQxM01kd0REdFFMZjZmRkJFV0NPeWdwQURkNzJzdTNJQVNpaW9qanZydENaSHhKNTlmNHQ1OXJyS3RLcTNnQ04yUkJseVEwbWllTFVqMzNNN0kxQTBuRmlSd1VRcmRLTi1MakMxWWpxWVlteU9WM0FDYUh6WmRSMGZ5OEE?oc=5
2026-09-09,その他,,テーマ関連ニュース,⚪ 情報,0,Can NASA’s Roman Space Telescope solve the biggest problem in the universe? - Scientific American,"Wed, 26 Aug 2026 07:00:00 GMT",https://news.google.com/rss/articles/CBMiswFBVV95cUxQMjVNOU9pUjlKcjlmLS1wZXZNRFc0azhydkJFdjNzUERhSFR1YmZ5akhQTy1kZlZXWjIzcjZ2YTA1N04wVXZfcEgzazBLSzlGSlRBbnlzc3dpWEg1aWxnMUMzZ05iVUZPYmhjdjZNd3ZvOWd4V2VOMUVtRU1kV2JnMTBweEdhLWVBNEN0b0MtQktfOWp0YUptclZpS2xqRWZTY0RCRlFQdTQtWUItZTFmaDNQdw?oc=5
2026-09-09,その他,,テーマ関連ニュース,⚪ 情報,0,NASA is about to launch a space telescope that could change how we see the universe - NPR,"Fri, 28 Aug 2026 07:00:00 GMT",https://news.google.com/rss/articles/CBMiqAFBVV95cUxQR3ViRHRsU1RJeTl0UTVxMVRMdDBkSDJGWkFLaFQzQWR1eWZvMXNaTEZNRDZSVDA4R1NpWjBHN0FwSVZmWWNIX1RZTHJwcTJyeVBOdHlsY1hoeEdUVDFtd3k5alhEa0QyOUJ6YUdYYjVCQURUOGJaMGF1bU1jUDVXOFRxWUp0Q1F0dHBxbkdkelc1R21BUW93SjNteWlpX2ZBZkxfT2R4M1I?oc=5
