取得日,企業,証券コード・ティッカー,企業関与,企業関与信頼度,テーマ,材料,事業進展スコア,株価反応1日,株価反応5日,株価反応20日,未織り込みギャップ,株価,時価総額,PER,PBR,PSR,EV/EBITDA,EPS,EPS成長率,EPS成長判定,売上成長率,営業利益成長率,ROE,ROIC,営業CF,FCF,配当利回り,配当性向,利益品質,バリュエーション整合性,データ品質,データ基準日,決算期,指標基準,取得元,整合性チェック,リスク,タイトル,公開日時,URL
2026-09-21,NVIDIA Corporation,NVDA,直接候補,0.92,光通信,大型受注,46,,,,38.3,222.27000427246094,5367153793167.114,45.36122536172672,34.34386898233164,24.855068552858295,36.77318745618957,4.9,66.66666666666667,通常成長率,65.47353579009479,60.076363055995486,101.4850815653791,104.6318140841013,102718000000.0,96676000000.0,,,一時要因あり・要確認,OK,83.3,2026-09-21,2026-01-31,直近年次決算ベース（株価のみ最新）,Google News RSS; Yahoo Finance/yfinance,OK,利益品質:一時要因あり・要確認,Google follows Nvidia's lead with ‘large orders’ for optical interconnects: report - SDxCentral,2026-03-09T16:00:00+09:00,https://news.google.com/rss/articles/CBMisAFBVV95cUxOLXJLa2lxMzFyd1VWZHRuYkp6MF9zRVlWaDVhOWhPczFvQUNoSGMySFZEV1JSVTJoTWFMcEI0Q1AzUjJlWXl1dTFwQ093d2Z5NDNVY2Q2c3FUZkFrZ0U1VnZaM3E2ZHcxSklMblNxRnN0UHV5WmRjbmpTWFFMVEVXSTdqdk9RTlJleVV6M1gwTTNnYmk0NU1nVE1Xb3VJUXB5ZVhsdEVyU3ZiZTExWVlrbg?oc=5
2026-09-21,NVIDIA Corporation,NVDA,直接候補,0.92,光通信,量産・生産開始,44,,,,36.7,222.27000427246094,5367153793167.114,45.36122536172672,34.34386898233164,24.855068552858295,36.77318745618957,4.9,66.66666666666667,通常成長率,65.47353579009479,60.076363055995486,101.4850815653791,104.6318140841013,102718000000.0,96676000000.0,,,一時要因あり・要確認,OK,83.3,2026-09-21,2026-01-31,直近年次決算ベース（株価のみ最新）,Google News RSS; Yahoo Finance/yfinance,OK,利益品質:一時要因あり・要確認,NVIDIA CPO Enters Mass Production: The Next Big AI Networking Boom - KuCoin,2026-08-04T16:00:00+09:00,https://news.google.com/rss/articles/CBMie0FVX3lxTE9qbG5TUl83NGN5UjhYN25rWVVpbzVCLUJGX2xBYW1PMmxlN1YxSncyNmpoOUhGVE5GUEZOWXF1ODhvVFdyZGpvTlpoMDI2dVZ4WkpaMjZVdXozbGVrYkJTc3lfMGtSYXAyak5pdHBYMHZuOVNudXcwUnV2aw?oc=5
2026-09-21,NVIDIA Corporation,NVDA,直接候補,0.92,光通信,量産・生産開始,44,,,,36.7,222.27000427246094,5367153793167.114,45.36122536172672,34.34386898233164,24.855068552858295,36.77318745618957,4.9,66.66666666666667,通常成長率,65.47353579009479,60.076363055995486,101.4850815653791,104.6318140841013,102718000000.0,96676000000.0,,,一時要因あり・要確認,OK,83.3,2026-09-21,2026-01-31,直近年次決算ベース（株価のみ最新）,Google News RSS; Yahoo Finance/yfinance,OK,利益品質:一時要因あり・要確認,"Nvidia's CPO Switches Enter Full Mass Production; TSMC, Foxconn Lead Supply Chain Positioning - finance.biggo.com",2026-08-14T16:00:00+09:00,https://news.google.com/rss/articles/CBMidkFVX3lxTE5PZDFWeWJCRzlWMWJTUnFQZ054MDZjWjBnUHd4dVlBVjJZTXoyOURzUjNtMWlrdU1scWZSNGxPd2lOeVllQk9MNEwyOHJ6ajc4UjFyb21qV2MtSzRISWpXLXU3U3lLSWNQSFJQdlR6UWxRa2VTOUE?oc=5
2026-09-21,NVIDIA Corporation,NVDA,直接候補,0.92,光通信,大企業との提携,40,,,,33.3,222.27000427246094,5367153793167.114,45.36122536172672,34.34386898233164,24.855068552858295,36.77318745618957,4.9,66.66666666666667,通常成長率,65.47353579009479,60.076363055995486,101.4850815653791,104.6318140841013,102718000000.0,96676000000.0,,,一時要因あり・要確認,OK,83.3,2026-09-21,2026-01-31,直近年次決算ベース（株価のみ最新）,Google News RSS; Yahoo Finance/yfinance,OK,利益品質:一時要因あり・要確認,How Industry Collaboration Fosters NVIDIA Co-Packaged Optics | NVIDIA Technical Blog - NVIDIA Developer,2025-08-26T16:00:00+09:00,https://news.google.com/rss/articles/CBMimwFBVV95cUxOaEFTa195NnhaenFKSVN2eGQyVU1JTFZhd2xyTUNsRk9FeWxuUERWMGpDdmVWNGphN3ZzajdjUkJDcWpabGtzSkhaRjZiZk5WTFpNZ1hBRllHd2txbFJ3ZGNWal9XSmlEdVE0T0Rsam13RlhNOGFDQlQtOTd4MzRKdXRrV3dscVFIU0dIemprWjJhQk5MRF90ZDd4WQ?oc=5
2026-09-21,NVIDIA Corporation,NVDA,直接候補,0.92,光通信,特許・技術,28,,,,23.3,222.27000427246094,5367153793167.114,45.36122536172672,34.34386898233164,24.855068552858295,36.77318745618957,4.9,66.66666666666667,通常成長率,65.47353579009479,60.076363055995486,101.4850815653791,104.6318140841013,102718000000.0,96676000000.0,,,一時要因あり・要確認,OK,83.3,2026-09-21,2026-01-31,直近年次決算ベース（株価のみ最新）,Google News RSS; Yahoo Finance/yfinance,OK,利益品質:一時要因あり・要確認,A New Era in Data Center Networking with NVIDIA Silicon Photonics-based Network Switching | NVIDIA Technical Blog - NVIDIA Developer,2025-03-27T16:00:00+09:00,https://news.google.com/rss/articles/CBMiwgFBVV95cUxOc19DbjlsYXNqQzVSdWd6b0lmMkJIRm5CLThWRkdxcnY1bWszSWdyOGhIZFRGdFpXd2ZyQ0RPNzdhNEtwQmR2YVBJSUVCdW5ZdlRld1d5Ym8wY2hYbDVqZDFyYWJFVTVFMXJRVkFzcUQ0eDZNX2hXQ3F5SHBrLVNCZ0lEMjBmTG0xWEhxMmlyeU9EOUJaQ2VkS3l1TV9YaVBMTFoxUTBvQ0RCTmx2MlVHN2paX0swTllDRk5IZFAxMTRQZw?oc=5
2026-09-21,Aehr Test Systems,AEHR,直接候補,0.92,光通信,特許・技術,28,,,,21.0,93.48999786376953,3053340885.7716827,-406.4782515816066,13.833270909499909,61.06559640350559,-277.6655880308756,-0.23,,NA,-15.206552706552712,,-4.1626020059465745,-9.38404034148715,-3310000.0,-5376000.0,,,赤字・要注意,OK,75.0,2026-09-21,2026-05-31,直近年次決算ベース（株価のみ最新）,Google News RSS; Yahoo Finance/yfinance,OK,利益品質:赤字・要注意,Aehr Receives Follow-On Order from Major Silicon Photonics Customer for Fully Automated Wafer-Level Burn-In System for Hyperscale Data Center Optical Interconnect - Aehr Test Systems,2026-06-17T16:00:00+09:00,https://news.google.com/rss/articles/CBMinAJBVV95cUxNVUV6R1c4MzZkcmNqYkh3MU9jZFRkZjJWRlJva1BNeUJyQjRrRnA2ZVFXaGxYNnZkeUlIeU5qclZjQ2NyOTBOR0kzZFhaamY2bmptNUFpZzltc2VVQ3JmTkZUVS1PSHZxVGVoYm5zdDQ5QTQ0cDdxZW9nMERXejVHMll1aDF4QUtYVjNxUUJXY1BzYU9oNkVicDRFeVFjMG42TFRMS0RhNV9TNDBJbXd6cGhnWEZYbFNRdW5LNVhXenVhSXV3YzVFUGYxaERGblZCX2JpNFNMWjJuaG10Z2VXOWt2Rk5UWTdBcGdnVFRRZ0VISkdZMFZobmR3OV9TMzRuY0RkNU9ta2xxRmR4R1hQQmdEVFYxanE2NUJweQ?oc=5
2026-09-21,"Marvell Technology, Inc.",MRVL,直接候補,0.92,光通信,特許・技術,28,,,,21.0,244.25,219508601725.25,79.56026058631922,14.46305926377163,26.786981881391405,48.82596187612891,3.07,,赤字→黒字転換,42.08728521145078,,19.25409404587639,7.126410325271662,1750500000.0,1391900000.0,,,暫定良好,OK,75.0,2026-09-21,2026-01-31,直近年次決算ベース（株価のみ最新）,Google News RSS; Yahoo Finance/yfinance,OK,財務データ未取得,"Marvell Announces Acquisition of Polariton Technologies, Advancing Optical Performance Scaling to 3.2T and Beyond - Marvell Technology",2026-04-22T16:00:00+09:00,https://news.google.com/rss/articles/CBMijAJBVV95cUxNRWVodWFvMkhfY2gxbUI0blZCcTZlSUhXNTZPcDd5SUNxRmZpVzVIcDl4aG1CZ3o4NlpLX2dDRTFHYV85U0pnSjd2cTBZOVh0RDdNQktTRWFsQ19rTHRWS255UGN2NGpCdFY2aGxkRzdydTJEOVRrcE4zeEFCbjJJZDBmWkZBT0d2cjkzY2NBckdmTEF6THZMdENaOFNlamNoSlZ5RF9kWExYMVRTYVhJTkZoU0YtSUpyaGhPQXlnOUNlcEx0aFhlbm9XQWN4OFVVeHVSM1k2MWdxMEtpQzMtdmxaUy01S3Z2MjZZanc3OE1SR0ZXNEUxYzBNVldlS3Z6SUFVdTdVZ1JrRUVp?oc=5
2026-09-21,NVIDIA Corporation,NVDA,関与候補,0.74,光通信,特許・技術,22,,,,18.3,222.27000427246094,5367153793167.114,45.36122536172672,34.34386898233164,24.855068552858295,36.77318745618957,4.9,66.66666666666667,通常成長率,65.47353579009479,60.076363055995486,101.4850815653791,104.6318140841013,102718000000.0,96676000000.0,,,一時要因あり・要確認,OK,83.3,2026-09-21,2026-01-31,直近年次決算ベース（株価のみ最新）,Google News RSS; Yahoo Finance/yfinance,OK,利益品質:一時要因あり・要確認,"Nvidia's Optical Interconnect Executive Defects to ams OSRAM, VCSEL CPO Route Directly Challenges Silicon Photonics Dominance - finance.biggo.com",2026-07-02T16:00:00+09:00,https://news.google.com/rss/articles/CBMidkFVX3lxTE1NT1pDaUxYRjFXQks4UDYtLWJnMGJHNzJzYlV1R2M5X25jaFdKWU5jMkJicTMzM21DMTJhb0F3d2NYSktiNU9Ub0dNMlo5QnZ2UjBOVHd4VTUzNkxGTi12NEUtbHRQbXJheGdFVm01WlBOcjhEU0E?oc=5
2026-09-21,Coherent Corp.,COHR,関与候補,0.74,光通信,特許・技術,22,,,,18.3,317.3599853515625,62149318721.923584,77.02912265814624,5.697632108021094,8.731067490686677,40.836552923064424,4.12,,赤字→黒字転換,22.513599128416573,68.52548009428972,8.459740206512754,6.718732124723862,79514000.0,-1030569000.0,,,一時要因あり・要確認,OK,83.3,2026-09-21,2026-06-30,直近年次決算ベース（株価のみ最新）,Google News RSS; Yahoo Finance/yfinance,OK,利益品質:一時要因あり・要確認,"Coherent demonstrates industry first 400G/lane in Si-photonics, CPO platform diversity, and multi-rail scaling at OFC 2026 - fibre-systems.com",2026-05-06T01:29:56+09:00,https://news.google.com/rss/articles/CBMiwwFBVV95cUxPNmprUERaRko1TGZ2S3AtQ0xnTU95TkNLSGVxR1hWbmlTemZOSm5Uc3J3RTVxakE1SnpaRHdZYlZOV1V5NEczclNvbEpOOE1Qa085cjh0azJTb18tUzB3U2NRUUhsUExaam5GVEZJY1huSGRQU2M2NlNibDdpSkVWSEJwYkJRZ2hNdnVMWWotV2phMVUxa1MwdVFCQ0laUW9yWlZiRm9sUFdYTDVQOUh6TGZSTEgzRXhZTG5qOE42YTNzZnM?oc=5
2026-09-21,NVIDIA Corporation,NVDA,関与候補,0.74,光通信,特許・技術,22,,,,18.3,222.27000427246094,5367153793167.114,45.36122536172672,34.34386898233164,24.855068552858295,36.77318745618957,4.9,66.66666666666667,通常成長率,65.47353579009479,60.076363055995486,101.4850815653791,104.6318140841013,102718000000.0,96676000000.0,,,一時要因あり・要確認,OK,83.3,2026-09-21,2026-01-31,直近年次決算ベース（株価のみ最新）,Google News RSS; Yahoo Finance/yfinance,OK,利益品質:一時要因あり・要確認,AI Interconnect Outlook: NVIDIA Leads the Transition to CPO and Silicon Photonics Architectures - TrendForce,2026-04-16T16:00:00+09:00,https://news.google.com/rss/articles/CBMiZkFVX3lxTFBRd2hoTmd6eVNoMW5RTkdwLXVLeDFHS2Nnb1JQUUNmdFVIOERnakhHRGFYV2RNQTZBSUM4YThSQURnZjdKVzEtZEx4TGZ1b1ZVQkdsU1hhQV9qRmR5c1FSSnpRN3BSdw?oc=5
2026-09-21,Corning Incorporated,GLW,関与候補,0.74,光通信,特許・技術,22,,,,18.3,150.1300048828125,129320234339.02771,82.03825403432377,10.901627884967397,8.274376757247918,36.725899421426426,1.83,215.51724137931038,通常成長率,19.141637444732428,100.79295154185024,14.191081669852842,9.841828404111872,2695000000.0,1413000000.0,,,一時要因あり・要確認,OK,83.3,2026-09-21,2025-12-31,直近年次決算ベース（株価のみ最新）,Google News RSS; Yahoo Finance/yfinance,OK,利益品質:一時要因あり・要確認,"Corning surges sharply, sparking renewed investor interest in optical communications—could optical fiber, CPO, and photonics be the next stars of AI infrastructure? - Moomoo",2026-06-30T16:00:00+09:00,https://news.google.com/rss/articles/CBMiyAFBVV95cUxNV0cwazB2Ti1Ea25jWDNWcVI5R19MYTdnVTdSczg0eVg3NWlRZlBza0c3UERSSTJ4Q2cwZHFmRGRMN0pMVGdfalpXOXJxeGpVZ1p6aFo1TzhaVzVheHZFU2NSRE05bVAwalM5ald2R1BIS0tMb0pjYXI2eHNZYUhaOTFJd1pZWXc2ODE4VnduVlFBOFBYc3VOVTQxUjl1dTlUYl9QVnYwSWQzWmRLaVF0T0ZYSUM0WG1MUHFGV05pZnFhQ25kTXF6Yw?oc=5
2026-09-21,NVIDIA Corporation,NVDA,関与候補,0.74,光通信,特許・技術,22,,,,18.3,222.27000427246094,5367153793167.114,45.36122536172672,34.34386898233164,24.855068552858295,36.77318745618957,4.9,66.66666666666667,通常成長率,65.47353579009479,60.076363055995486,101.4850815653791,104.6318140841013,102718000000.0,96676000000.0,,,一時要因あり・要確認,OK,83.3,2026-09-21,2026-01-31,直近年次決算ベース（株価のみ最新）,Google News RSS; Yahoo Finance/yfinance,OK,利益品質:一時要因あり・要確認,NVIDIA’s 2025 photonic switch revolution: powering the AI future - Yole Group,2025-03-24T16:00:00+09:00,https://news.google.com/rss/articles/CBMiqwFBVV95cUxOOWh4R2I1bzhNY0Rnc2xrZEZKdDRFalZLUlZHVUpVemlfTlRKWm00ZDNNSTNRMkFFMFYyOXI0aVJZQW9XeXM1cy1Yb2c4ZEhjSHJmUzFsQnlnUktqU1JkR0RqS3JlWWt4RlRXWXpsaWJtcHc0VGZoRG8teG53S0dJYnNQWmYtZk9zVVBHZ3htTzBkOXFld2ZzQkFfdkFVX0Y3UEY3cGRjNUF3NkU?oc=5
2026-09-21,NVIDIA Corporation,NVDA,関与候補,0.74,光通信,特許・技術,22,,,,18.3,222.27000427246094,5367153793167.114,45.36122536172672,34.34386898233164,24.855068552858295,36.77318745618957,4.9,66.66666666666667,通常成長率,65.47353579009479,60.076363055995486,101.4850815653791,104.6318140841013,102718000000.0,96676000000.0,,,一時要因あり・要確認,OK,83.3,2026-09-21,2026-01-31,直近年次決算ベース（株価のみ最新）,Google News RSS; Yahoo Finance/yfinance,OK,利益品質:一時要因あり・要確認,NVIDIA GTC – The Critical Step in CPO Technology: Optical Engine Testing – ficonTEC - semivision,2025-04-15T16:00:00+09:00,https://news.google.com/rss/articles/CBMiggFBVV95cUxPM3RnYy1hMjluVDVyX29FUjBnWVhNa0FJNHU5TnZKMEJVS2RDVEFaTkNucGtpd1pDVkk5RDdpMEtXeFlidmEtel9IZXMtc0lyY1oxTlJzUl8xbFhTdGExdWFFSjE3Q3Vlby1BRFlMQnZlc3czT1VXSllZYW1SUldHdWZ3?oc=5
2026-09-21,NVIDIA Corporation,NVDA,関与候補,0.74,光通信,特許・技術,22,,,,18.3,222.27000427246094,5367153793167.114,45.36122536172672,34.34386898233164,24.855068552858295,36.77318745618957,4.9,66.66666666666667,通常成長率,65.47353579009479,60.076363055995486,101.4850815653791,104.6318140841013,102718000000.0,96676000000.0,,,一時要因あり・要確認,OK,83.3,2026-09-21,2026-01-31,直近年次決算ベース（株価のみ最新）,Google News RSS; Yahoo Finance/yfinance,OK,利益品質:一時要因あり・要確認,NVIDIA x TSMC: A Milestone in Silicon Photonics and Optical Integration - semivision,2025-03-27T16:00:00+09:00,https://news.google.com/rss/articles/CBMigwFBVV95cUxNTmlQejRMeVQzbUNoeTI3QVJOLThpSXV4Y2ltdDkzcEVzSExSQkFENXB3aFU4b2NWR3BFbUZUdGRUXzUzS3FKdHpqdkxXZzY2aHBnMVFLdHdJQkpibzk1MG5vT1VwbGg3WFJMMUV3RzQzU2V5QzJvSURKUldaTlBOay1HZw?oc=5
2026-09-21,NVIDIA Corporation,NVDA,関与候補,0.74,光通信,特許・技術,22,,,,18.3,222.27000427246094,5367153793167.114,45.36122536172672,34.34386898233164,24.855068552858295,36.77318745618957,4.9,66.66666666666667,通常成長率,65.47353579009479,60.076363055995486,101.4850815653791,104.6318140841013,102718000000.0,96676000000.0,,,一時要因あり・要確認,OK,83.3,2026-09-21,2026-01-31,直近年次決算ベース（株価のみ最新）,Google News RSS; Yahoo Finance/yfinance,OK,利益品質:一時要因あり・要確認,Will Fiber and Photonics Define Nvidia’s Next AI Data Center Push? - Data Center Knowledge,2026-05-08T16:00:00+09:00,https://news.google.com/rss/articles/CBMiuAFBVV95cUxOVWFsS0FsdDltbmM3Y3A3UktVX3VTdVJXcjJVM0JSbTBGRk5McnNhZmlpQjlPdHVKaWtTU0tmT2J0cXlvc2Z1Vy1La0F6dGpSNEo4T3ZKSE5HWXVUU3ZmUnlrWWFPaWJ4ajNzMG1YXzItVFRGZ0ZQLUFUZndvQzFZcWpScWNDTjNnV0JiTVRhZ0RMSnRUYTdLU28zaUhyaGl2b0Zwd2RJcURIanhJbXRlS2V1LWpmQy1v?oc=5
2026-09-21,NVIDIA Corporation,NVDA,関与候補,0.74,光通信,特許・技術,22,,,,18.3,222.27000427246094,5367153793167.114,45.36122536172672,34.34386898233164,24.855068552858295,36.77318745618957,4.9,66.66666666666667,通常成長率,65.47353579009479,60.076363055995486,101.4850815653791,104.6318140841013,102718000000.0,96676000000.0,,,一時要因あり・要確認,OK,83.3,2026-09-21,2026-01-31,直近年次決算ベース（株価のみ最新）,Google News RSS; Yahoo Finance/yfinance,OK,利益品質:一時要因あり・要確認,NVIDIA’s $4B Optics Bet Signals Photonics as AI’s Next Bottleneck - The Futurum Group,2026-03-03T17:00:00+09:00,https://news.google.com/rss/articles/CBMingFBVV95cUxPcmRMWU5YS0FNbEVEbjJBenVYTE9jUHM2SGljNV9aZ0F6VnlEMVlTQUxlbTM5aEREQUNOR01TdWx1X1lKWWVDRUd3SUZxNTYwbEFtYnJhUmFOZG5KZ1QyemJxUnVvUTdRZnhQb3JTWFFZSHhfWjdTQzZNbFRpU1lFamkzcFNVUnlZbVV5RVZwY3c4UWJQclR6MHpEQUZDdw?oc=5
2026-09-21,"Marvell Technology, Inc.",MRVL,関与候補,0.74,AIデータセンター,特許・技術,22,,,,16.5,244.25,219508601725.25,79.56026058631922,14.46305926377163,26.786981881391405,48.82596187612891,3.07,,赤字→黒字転換,42.08728521145078,,19.25409404587639,7.126410325271662,1750500000.0,1391900000.0,,,暫定良好,OK,75.0,2026-09-21,2026-01-31,直近年次決算ベース（株価のみ最新）,Google News RSS; Yahoo Finance/yfinance,OK,財務データ未取得,"Marvell to Showcase Industry-leading, End-to-End Connectivity Solutions for AI Data Center Infrastructure at OFC 2026 - Marvell Technology",2026-03-12T16:00:00+09:00,https://news.google.com/rss/articles/CBMikgJBVV95cUxNaXluZUtqcTdlZkxJbmRsSWZ1SEE4bUduN2ZvZ21LaU5yR0R0blU5c0VxQjFHZ2NOdmtNVF9VT3VkYm5teFM0YWZnUzVCYUtHU0FGbFZOSjB6TThRc0MweHluQXdGUzJqZlBrZU9FMDRSZjE5MUVvaEpFOXZrTDIxSTZjWVhUUzduUkVONXZpYzM0QkQtc1RXeWdqWDl6RTJJN1hQQVUxdHFCUDhmZFRXU3BHLWF5Y0lQYnR0YVViUUN1NnpYUVVnRTUyWW1QcmkzYkR0TUowRVIxTTk3QkV5czNVMXYzRGVIV1JRMUd3TWdXc0pqTFZuVDFqcmFNRlphOFc1aDNDSk9IcGR4YTd6eEpn?oc=5
2026-09-21,Aehr Test Systems,AEHR,関与候補,0.74,光通信,特許・技術,22,,,,16.5,93.48999786376953,3053340885.7716827,-406.4782515816066,13.833270909499909,61.06559640350559,-277.6655880308756,-0.23,,NA,-15.206552706552712,,-4.1626020059465745,-9.38404034148715,-3310000.0,-5376000.0,,,赤字・要注意,OK,75.0,2026-09-21,2026-05-31,直近年次決算ベース（株価のみ最新）,Google News RSS; Yahoo Finance/yfinance,OK,利益品質:赤字・要注意,Aehr Wins Major New Silicon Photonics Customer with High-Power FOX-XP Wafer-Level Burn-In System for Hyperscale Data Center Optical Interconnect Market - Aehr Test Systems,2026-03-31T16:00:00+09:00,https://news.google.com/rss/articles/CBMijgJBVV95cUxQaUR4SUg2RHdzMm1rcVFKM0NZanNUaVpVUmZkcGVZZ0tZRVNMMnhiTmd4c3pNRFVELUVNSkhQNHQ5bTNIaEcyTVN2UlNhVXJLRDh4eE9IQ3Vqd0xlWFV1ZDBaSDVDMWk1ZVhkOXFBck1tTFk4NWRqZ1piTmZaSUktZE5IMUQ2dHlOT1JWRlJydlprQ0NESXlkeEhXMW5hdi1WeTQ5cTJyRVRISVFwRE96Z0VuOW0xRGRBM1p3Rkc2NlJXeExMUmg3ajNjamZvYUlSWnM0QzFxeVVjS21PaDUtNXE1WUlMVV96T3pVMElXaFJiZnVGazJ4MGZLdXhmR3J3dkNwSUJwby05eXFLNmc?oc=5
2026-09-21,Aehr Test Systems,AEHR,関与候補,0.74,光通信,特許・技術,22,,,,16.5,93.48999786376953,3053340885.7716827,-406.4782515816066,13.833270909499909,61.06559640350559,-277.6655880308756,-0.23,,NA,-15.206552706552712,,-4.1626020059465745,-9.38404034148715,-3310000.0,-5376000.0,,,赤字・要注意,OK,75.0,2026-09-21,2026-05-31,直近年次決算ベース（株価のみ最新）,Google News RSS; Yahoo Finance/yfinance,OK,利益品質:赤字・要注意,Aehr wins new silicon photonics test deal tied to AI data centers - Stock Titan,2026-06-17T16:00:00+09:00,https://news.google.com/rss/articles/CBMivwFBVV95cUxOU05PTTJxaWk4aVRPaTNEcWlzYXNrYURfTEZUb2U4aDZOUlg0NmdYUnptRl9DRUV0aElneTluTE1JOW5lOU13ek5XQlZwZ0RxQnlzYXpOQmtUMTZNNlR3MEN1bjhaZV95czFzQ2EtYm5KNTJqR0xxS3N5Y0ZsazJmQ1BqcVdBdDZlakx0MW8wODFyMktEcVl3cmpvaEMzUTNyaUhubE1DWUx0V01rcE1UMTFUemtDbEstOW9hZnA1aw?oc=5
2026-09-21,"Marvell Technology, Inc.",MRVL,関与候補,0.74,半導体,特許・技術,22,,,,16.5,244.25,219508601725.25,79.56026058631922,14.46305926377163,26.786981881391405,48.82596187612891,3.07,,赤字→黒字転換,42.08728521145078,,19.25409404587639,7.126410325271662,1750500000.0,1391900000.0,,,暫定良好,OK,75.0,2026-09-21,2026-01-31,直近年次決算ベース（株価のみ最新）,Google News RSS; Yahoo Finance/yfinance,OK,財務データ未取得,Marvell Technology Stock Surge: .2B Revenue and AI Chip Boom [2026] - tech-insider.org,2026-04-14T16:00:00+09:00,https://news.google.com/rss/articles/CBMiggFBVV95cUxNOXJZMmhfdm9IaVNtazl3dmNyU09obWN6RGduSEFldlpNLTVDZEJUWUZOVktJTWk5RWNISEd4VEdaTU1PdHlxWC05bzFuaGhWLVMyMHQ4dTM5cEdEeTZwR0JZcjhzLUZIS25uTnZVVGZ0RWpKa0lFMDdyaXQ2WUR2NFlB?oc=5
2026-09-21,NVIDIA Corporation,NVDA,直接候補,0.92,AIデータセンター,テーマ関連,16,,,,13.3,222.27000427246094,5367153793167.114,45.36122536172672,34.34386898233164,24.855068552858295,36.77318745618957,4.9,66.66666666666667,通常成長率,65.47353579009479,60.076363055995486,101.4850815653791,104.6318140841013,102718000000.0,96676000000.0,,,一時要因あり・要確認,OK,83.3,2026-09-21,2026-01-31,直近年次決算ベース（株価のみ最新）,Google News RSS; Yahoo Finance/yfinance,OK,利益品質:一時要因あり・要確認,MicroLED manufacturer nabs Nvidia director to drive AI data center push - SDxCentral,2026-07-03T16:00:00+09:00,https://news.google.com/rss/articles/CBMipwFBVV95cUxNdi12blVHSnI3dG5OSkNaZ0xNVUxsT285YnNsWTVKb3puN2JuNE1vcVRydEVUVmxaa3pjREtXWVdwN1ZSRWhGSlJITnQ5X21UdUZDZ1BidFhQWDB4Rndyc1hmbzhPWU9zbzhmbVFic1JaYXNLYjRlempkRzNWTGc2QVIzTC05blZfNFBIX0RTMi1BRWpUV2ZqS01WN2dLaG5tRmZsdVFmMA?oc=5
2026-09-21,NVIDIA Corporation,NVDA,直接候補,0.92,光通信,テーマ関連,16,,,,13.3,222.27000427246094,5367153793167.114,45.36122536172672,34.34386898233164,24.855068552858295,36.77318745618957,4.9,66.66666666666667,通常成長率,65.47353579009479,60.076363055995486,101.4850815653791,104.6318140841013,102718000000.0,96676000000.0,,,一時要因あり・要確認,OK,83.3,2026-09-21,2026-01-31,直近年次決算ベース（株価のみ最新）,Google News RSS; Yahoo Finance/yfinance,OK,利益品質:一時要因あり・要確認,Nvidia-Led CPO Expansion Drives Order Rush for Korean Materials and Equipment Firms - thelec.net,2026-06-14T16:00:00+09:00,https://news.google.com/rss/articles/CBMiZ0FVX3lxTE9GQWd0QWxYNXVEX2tFaWpJQy1TYlZHT1Z2anJvcGhUTEMxTHU3ME1ITVk2UTFuV0NmSmtOeThsNXBFaUZMNWkwTWVrR3N4MDNPVEVTZkhnbWdlNkxrcDJtaGFpTGFSX00?oc=5
2026-09-21,NVIDIA Corporation,NVDA,直接候補,0.92,光通信,テーマ関連,16,,,,13.3,222.27000427246094,5367153793167.114,45.36122536172672,34.34386898233164,24.855068552858295,36.77318745618957,4.9,66.66666666666667,通常成長率,65.47353579009479,60.076363055995486,101.4850815653791,104.6318140841013,102718000000.0,96676000000.0,,,一時要因あり・要確認,OK,83.3,2026-09-21,2026-01-31,直近年次決算ベース（株価のみ最新）,Google News RSS; Yahoo Finance/yfinance,OK,利益品質:一時要因あり・要確認,Scaling AI Factories with Co-Packaged Optics for Better Power Efficiency | NVIDIA Technical Blog - NVIDIA Developer,2025-08-18T16:00:00+09:00,https://news.google.com/rss/articles/CBMiqwFBVV95cUxOM1pqOEU0ZGN2eGxPYkdwZ09kZG9UT21qMkRnMEsyeExKeUxrWEtDWU5Jc0phaUF3d3ZLX0lpOFRkRGlmSkE3aWduM1NFUE1KNjRpNE8xaFk1REpxYTRxYVdvdzJhSGQtLWZWeVpQN0VLbnVGSjI3TU9Na3p3SldjY0VRWVZVdmxrY0Z1OURYVDJNNk5Yc0h5cjl5TnhXVUl1djhDaUZWeGFNdVU?oc=5
2026-09-21,NVIDIA Corporation,NVDA,直接候補,0.92,光通信,テーマ関連,16,,,,13.3,222.27000427246094,5367153793167.114,45.36122536172672,34.34386898233164,24.855068552858295,36.77318745618957,4.9,66.66666666666667,通常成長率,65.47353579009479,60.076363055995486,101.4850815653791,104.6318140841013,102718000000.0,96676000000.0,,,一時要因あり・要確認,OK,83.3,2026-09-21,2026-01-31,直近年次決算ベース（株価のみ最新）,Google News RSS; Yahoo Finance/yfinance,OK,利益品質:一時要因あり・要確認,Nvidia CPO Hits Full Production: Which Optical Stocks Could Win? - Moomoo,2026-08-17T16:00:00+09:00,https://news.google.com/rss/articles/CBMitwFBVV95cUxNUWRNSVZIYlFkQ0RERkVpUEdOOG44TFBoaTh5VG5UUl94OVdMcy1jdjdzeFlEX1QtdWlVbVdNZXlGcDRFbm1OSzZlejlZV01waUE2amw3X2tKTW0tZDhXZks4WUlpUVNCVGJGMHRhSC1kM0JTNldpWWRxSXZIRWxpaUNIVmxlRFQwZXlsbmsyTGRIOTJVekx1cGNZM1BpMEtRel8xYm9RcjRrWERGZ0M4Unp6MjdrYk0?oc=5
2026-09-21,NVIDIA Corporation,NVDA,直接候補,0.92,光通信,テーマ関連,16,,,,13.3,222.27000427246094,5367153793167.114,45.36122536172672,34.34386898233164,24.855068552858295,36.77318745618957,4.9,66.66666666666667,通常成長率,65.47353579009479,60.076363055995486,101.4850815653791,104.6318140841013,102718000000.0,96676000000.0,,,一時要因あり・要確認,OK,83.3,2026-09-21,2026-01-31,直近年次決算ベース（株価のみ最新）,Google News RSS; Yahoo Finance/yfinance,OK,利益品質:一時要因あり・要確認,"Paving the way for the release of the new CPO plan? Nvidia heavily bets on optical interconnects, aiming to build CPO ""supply protection"" - Bitget",2026-03-02T17:00:00+09:00,https://news.google.com/rss/articles/CBMiXkFVX3lxTE9lWWFHZDBfNTZEV2swdHVJZmExTlVpclZmUk51RmFYYlJFbHBRUXpwU3AzMFhhTmg1UW1rc0h6Q0tnU2VuQ0pmdV9sNEVwcWwwcHhlTFNaakNFUlpZbkHSAWNBVV95cUxOYnFCQ04ySC01QkJwRkFGbU0tbDRXUFpTRWx6eFphMTN1YjQ4MUJZcGVQenZ2MTNHMmRNRDl5M1kzVXNXdVN3RXhuZGhtQ1g2WkVnaEkyd1JRQWRpQkQ3NW43ck0?oc=5
2026-09-21,Coherent Corp.,COHR,直接候補,0.92,AIデータセンター,テーマ関連,16,,,,13.3,317.3599853515625,62149318721.923584,77.02912265814624,5.697632108021094,8.731067490686677,40.836552923064424,4.12,,赤字→黒字転換,22.513599128416573,68.52548009428972,8.459740206512754,6.718732124723862,79514000.0,-1030569000.0,,,一時要因あり・要確認,OK,83.3,2026-09-21,2026-06-30,直近年次決算ベース（株価のみ最新）,Google News RSS; Yahoo Finance/yfinance,OK,利益品質:一時要因あり・要確認,[News] Coherent Announces a CHIPS Letter of Intent for $50 Million to Expand World-Leading Manufacturing Facility for AI Infrastructure - LEDinside,2026-06-18T16:00:00+09:00,https://news.google.com/rss/articles/CBMiYEFVX3lxTE1UeWlMbjU3Z3EwV1BWWGY0amdSbFBUTzAxRlhhLVBRYlVFMFMxM204cFY4MjIxNnBoMXNLSlVOSUtaTXktZlhfWjJlZk9weDEzTGJ5Y0oxWUg0Q3NGODVrTw?oc=5
2026-09-21,未特定,,複数候補・要確認,0.45,未分類,大企業との提携 / 戦略的投資,46,,,,12.1,,,,,,,,,NA,,,,,,,,,未判定,CHECK_REQUIRED,0.0,,,,Google News RSS; Yahoo chart,財務データ未取得,企業未特定,Nvidia to invest $2 billion in Lumentum under new optics partnership - Evertiq,2026-03-04T17:00:00+09:00,https://news.google.com/rss/articles/CBMiqAFBVV95cUxNRDFDT0hVYkdyelh5SzhzU1BtYy1jTDJqbElBSUNsLW1JdVFtdGFKdGRYSXpHTE94a0RDNHl2T1R1cnBmUDlVRzlsalJVMC1QMHRENW9NdmdROWZFdnRQUGNaWC04OHBwZGlqeFUxM3lGU2hlb3UxS2dDcDhrclV1SEtZTHhWR1RLRDVISU1HSmxPMXN4cFdyNFhwVEdWVDJqQUNJNzhFY0I?oc=5
2026-09-21,未特定,,複数候補・要確認,0.45,光通信,量産・生産開始 / 特許・技術,44,,,,11.5,,,,,,,,,NA,,,,,,,,,未判定,CHECK_REQUIRED,0.0,,,,Google News RSS; Yahoo chart,財務データ未取得,企業未特定,Nvidia's Silicon Photonics Switch Mass Production Ignites CPO Rally; Broadcom Earnings Become Key Test for Industry Trajectory - finance.biggo.com,2026-06-04T16:00:00+09:00,https://news.google.com/rss/articles/CBMiYEFVX3lxTE1CMEZDX2xyQ0xYZVpwYW5lMkJBbmRENnVpcDhUVUZTb0VYazh0YnJ5V0FuckpxR3l0YUktN1VPck90VHczeDloY0xfd0w1VGxZLTBvMXZrbElLT1c2TXQwNA?oc=5
2026-09-21,未特定,,未特定,0.0,光通信,量産・生産開始 / 特許・技術,44,,,,11.5,,,,,,,,,NA,,,,,,,,,未判定,CHECK_REQUIRED,0.0,,,,Google News RSS; Yahoo chart,財務データ未取得,企業未特定,UMC and SILITH Bring 12-Inch Silicon Photonics to Mass Production as AI Interconnect Competition Enters the Industrial Scale-Up Era - semivision,2026-07-15T16:00:00+09:00,https://news.google.com/rss/articles/CBMigwFBVV95cUxPM3ZQelZRSTdtVTJIUUJGa2pSYW8xTV9xUjY2a2ZwMTlqTVJwejZnS0pkZGZxdzgtQUdsOU1xTk5EUnJJemdVQmxSazZYQ1dGV09RU3IwUndUdWVJLVB0Wm5xX2VfbzhrVS1PNEt6c2dJT0NxUlFWaWRwWG52ZFBoNEZPWQ?oc=5
2026-09-21,未特定,,未特定,0.0,光通信,量産・生産開始 / 特許・技術,44,,,,11.5,,,,,,,,,NA,,,,,,,,,未判定,CHECK_REQUIRED,0.0,,,,Google News RSS; Yahoo chart,財務データ未取得,企業未特定,"TSMC's Silicon Photonics Platform COUPE to Enter Mass Production This Year, Targeting AI Data Center Optical Interconnect Opportunities - finance.biggo.com",2026-03-31T16:00:00+09:00,https://news.google.com/rss/articles/CBMiYEFVX3lxTE1IZ1preXFPR1I4VUlndF8zaHlXLTdLZW1RRGV5aTlxVi1vcGQwNXQyRU1JOGJfX2s4SmtoMGpKam5RanJUanZXaTVnNmpqUElHSlVGUTJyVE5vZDFrZi14bg?oc=5
2026-09-21,未特定,,未特定,0.0,光通信,量産・生産開始 / 特許・技術,44,,,,11.5,,,,,,,,,NA,,,,,,,,,未判定,CHECK_REQUIRED,0.0,,,,Google News RSS; Yahoo chart,財務データ未取得,企業未特定,"SILITH, UMC Achieve Mass Production Milestone for Silicon Photonics Platform - The Fast Mode",2026-07-21T10:28:43+09:00,https://news.google.com/rss/articles/CBMiygFBVV95cUxPWXdfVnozTEp1MTd3NWZDYmlFZHJqblNoRnBySTVzTld6Vm1rR3ZQeHFJeF9tTlVCMjJNSXZvVkN4ekJJN0Z4SDBlVmZGREFncE5NRUF1VnY4YUVYX1NzaHNzcmoxcXRFUks4TzVxT2twR2Q4cDJ6SHVocVNYOVlCM1AtX0NCRjlqdTBQdlhEWjVhLV9CR2Fmd3NGaDhuVmQwcXhxdTBBc29aTUtLWWE5X29hUmRfZnh4bnR0MnQ5ekVEbUNERlk1dGV3?oc=5
2026-09-21,未特定,,未特定,0.0,光通信,量産・生産開始 / 特許・技術,44,,,,11.5,,,,,,,,,NA,,,,,,,,,未判定,CHECK_REQUIRED,0.0,,,,Google News RSS; Yahoo chart,財務データ未取得,企業未特定,UMC's Singapore Fab Hits Silicon Photonics Mass Production Milestone; First Wafers Delivered to Target 1.6T Opportunities - finance.biggo.com,2026-07-13T16:00:00+09:00,https://news.google.com/rss/articles/CBMidkFVX3lxTFBQaHBxNDRhZ3FDQlFMOTRFOERVejFhbmNPUVRpREpmVklvSWQ1VC11U3N0SGMxVTJkSUNmN01JSjh5ZmVXZWxYS3hlZUxBZXhHMm9xWG1QcU1HcXNBUjVTOGRfa3dRdGpNT09PM2tLeFRiTkpuY2c?oc=5
2026-09-21,未特定,,複数候補・要確認,0.45,光通信,大企業との提携 / 特許・技術,40,,,,10.5,,,,,,,,,NA,,,,,,,,,未判定,CHECK_REQUIRED,0.0,,,,Google News RSS; Yahoo chart,財務データ未取得,企業未特定,"NVIDIA, Corning Forge Partnership to Fortify AI Infrastructure | Business | May 2026 - Photonics Spectra",2026-05-06T16:00:00+09:00,https://news.google.com/rss/articles/CBMikgFBVV95cUxObjVaaHd0T2tTLTJ5LXdpN0ZlYm42eC1GalFRcUUyeFptRTVPVWRlS1B3VjdSczl2MHdUbWZBVXhrc0ItYkw3Q25GUExScGhITXNBUnYwc25KSXIyTkxMSVh6TzdHYlQ3QmdsSUl1N19uSnNZTGY3Y0tNV2JHM2FsZWM3dFNsaVcxNXlvcHNwUzQ5QQ?oc=5
2026-09-21,NVIDIA Corporation,NVDA,直接候補,0.92,未分類,テーマ関連,12,,,,10.0,222.27000427246094,5367153793167.114,45.36122536172672,34.34386898233164,24.855068552858295,36.77318745618957,4.9,66.66666666666667,通常成長率,65.47353579009479,60.076363055995486,101.4850815653791,104.6318140841013,102718000000.0,96676000000.0,,,一時要因あり・要確認,OK,83.3,2026-09-21,2026-01-31,直近年次決算ベース（株価のみ最新）,Google News RSS; Yahoo Finance/yfinance,OK,利益品質:一時要因あり・要確認,NVIDIA Backs US Optics Manufacturing With $2 Billion Investment - Electronics For You BUSINESS,2026-03-10T16:00:00+09:00,https://news.google.com/rss/articles/CBMisAFBVV95cUxOZnFuY04yWUFHVmZfcjJheW04Y0NoaXBCOEFDczJuT2NjUGhPV2N4QWhOYWY1MXZQeUkwMmJQekgyYWJpZ01LdW40Z2RQS1FfZ2lRRUN1Yk14SFNvSk1MUW9FblRiMGN4eDNRNlZkS21fUENkSkI1VmVWamNPd05ad1h5eXpjMW5PSklrUlphV3p3Um9sR1BXbkM4SjdCM0lldGxCem5qZGNIWnZyV0VUMw?oc=5
2026-09-21,NVIDIA Corporation,NVDA,直接候補,0.92,未分類,テーマ関連,12,,,,10.0,222.27000427246094,5367153793167.114,45.36122536172672,34.34386898233164,24.855068552858295,36.77318745618957,4.9,66.66666666666667,通常成長率,65.47353579009479,60.076363055995486,101.4850815653791,104.6318140841013,102718000000.0,96676000000.0,,,一時要因あり・要確認,OK,83.3,2026-09-21,2026-01-31,直近年次決算ベース（株価のみ最新）,Google News RSS; Yahoo Finance/yfinance,OK,利益品質:一時要因あり・要確認,NVIDIA Rubin Wreckage: Modine and Credo - Zacks Investment Research,2026-01-08T17:00:00+09:00,https://news.google.com/rss/articles/CBMihgFBVV95cUxNcUJCSElORV82ckhWWjNpdHQzSHo2U0ZsOFRsd3NqeV82RF9WZVFGRXVIR2VERnp2SHdOUVl6QUVMeWFQQWxEN0lMZHFXRjR4NHRlUXJmVV94Y0hvdmJvdnBxS2dqVHphOGx5aW01dHpVU2U2ZUtKYTFwWC1xdnBnZVpEeWZ1dw?oc=5
2026-09-21,NVIDIA Corporation,NVDA,直接候補,0.92,未分類,テーマ関連,12,,,,10.0,222.27000427246094,5367153793167.114,45.36122536172672,34.34386898233164,24.855068552858295,36.77318745618957,4.9,66.66666666666667,通常成長率,65.47353579009479,60.076363055995486,101.4850815653791,104.6318140841013,102718000000.0,96676000000.0,,,一時要因あり・要確認,OK,83.3,2026-09-21,2026-01-31,直近年次決算ベース（株価のみ最新）,Google News RSS; Yahoo Finance/yfinance,OK,利益品質:一時要因あり・要確認,"NVIDIA Rubin GPU: 336B Transistors, T Orders [2026] - tech-insider.org",2026-03-16T16:00:00+09:00,https://news.google.com/rss/articles/CBMibEFVX3lxTE5YWXFUN1M0UGEzRzlzUlVGbENtb005Y3pHSGhKVFdkTUxvQkV5UVZ4eGR5R19nZlFFU2FnLTExTV82MXJjLTBmQ0RuUjhRenNPdzdaaWNkcmRiVXdZOFZKdFpXWFFGR0hTY1hLRg?oc=5
2026-09-21,NVIDIA Corporation,NVDA,直接候補,0.92,未分類,テーマ関連,12,,,,10.0,222.27000427246094,5367153793167.114,45.36122536172672,34.34386898233164,24.855068552858295,36.77318745618957,4.9,66.66666666666667,通常成長率,65.47353579009479,60.076363055995486,101.4850815653791,104.6318140841013,102718000000.0,96676000000.0,,,一時要因あり・要確認,OK,83.3,2026-09-21,2026-01-31,直近年次決算ベース（株価のみ最新）,Google News RSS; Yahoo Finance/yfinance,OK,利益品質:一時要因あり・要確認,"SK Hynix reportedly to begin 1c GDDR7 production in 2025, eyeing Tesla and Nvidia orders - digitimes",2025-09-26T16:00:00+09:00,https://news.google.com/rss/articles/CBMikgFBVV95cUxNNGd6OXZON1NJTDQzazdsWGF4WU0ya3NaNFZHRExsQXpsaVhMRmE4d0U5dU1BWTBQLTRHWnVMR2h0Ri0zSVpZOUxlbDBjcWhJd1ZEQmJLVmFVdmM4UHNwNGNuOC0wZUFGM1RxSkhXbVVLaVpuc05oT0VMZWZ0SDVRd1M4SzNxRnEzb3FOejRNNmRmdw?oc=5
2026-09-21,NVIDIA Corporation,NVDA,直接候補,0.92,未分類,テーマ関連,12,,,,10.0,222.27000427246094,5367153793167.114,45.36122536172672,34.34386898233164,24.855068552858295,36.77318745618957,4.9,66.66666666666667,通常成長率,65.47353579009479,60.076363055995486,101.4850815653791,104.6318140841013,102718000000.0,96676000000.0,,,一時要因あり・要確認,OK,83.3,2026-09-21,2026-01-31,直近年次決算ベース（株価のみ最新）,Google News RSS; Yahoo Finance/yfinance,OK,利益品質:一時要因あり・要確認,Nvidia reportedly mulls outsourcing partial AI GPU production to Samsung - digitimes,2023-07-05T16:00:00+09:00,https://news.google.com/rss/articles/CBMiowFBVV95cUxNY2ZqSDJHRkU3WldRdW5kaXdkbWxWN29td3Z6ekhtTWRuQ2VIcU9ucFVhLU9VNDQxZFliSExncjNFWkhIdlZNWFAyZHZaaERUd1pKd1VsTVNEOXI3b0tlVVh3ZElwQnMxTkpTbTE1cU1QMDQwbFNoTkppcnE0TGpsV0tjU3AzS1dJQTZiYlFKYkpMMHM0dF9ub3lJeUhha2NZVk0w?oc=5
2026-09-21,未特定,,複数候補・要確認,0.45,未分類,大企業との提携 / 特許・技術,36,,,,9.4,,,,,,,,,NA,,,,,,,,,未判定,CHECK_REQUIRED,0.0,,,,Google News RSS; Yahoo chart,財務データ未取得,企業未特定,NVIDIA Announces Strategic Partnership With Lumentum to Develop State-of-the-Art Optics Technology - NVIDIA Newsroom,2026-03-02T17:00:00+09:00,https://news.google.com/rss/articles/CBMizAFBVV95cUxQTnNZN245MFkzWFpFdks3VEhXc3Q1dFZXMi1lNW9qYUVpYmlPUHVSMG5EY2hsZkNEdmJ1VmpoN1RKUU10MUpScHJSTlNRbE45eFhpZjNwWDVVcmhkdDlpT1VzOGZ3YlMwRkNQQjlKSFN0cXhYWXo3OUg4SEJLanl3YzREWkxreVQ4ZmxIMUJPc2ZPUXdJM0hIYzZKSlFObm9fMU1VQVBveUVvcmhtWDMtNFVlUWhoc2kweXFZZ3NwbjNtNXAtRHAtRkZHbmI?oc=5
2026-09-21,未特定,,複数候補・要確認,0.45,未分類,大企業との提携 / 特許・技術,36,,,,9.4,,,,,,,,,NA,,,,,,,,,未判定,CHECK_REQUIRED,0.0,,,,Google News RSS; Yahoo chart,財務データ未取得,企業未特定,NVIDIA and Coherent Announce Strategic Partnership to Develop Optics Technology to Scale Next-Generation Data Center Architecture - NVIDIA Newsroom,2026-03-02T17:00:00+09:00,https://news.google.com/rss/articles/CBMi9gFBVV95cUxNaE1WdkFvcEdnLWMwQ0tUNHRITEhUanhsUW51R3hhZDJiNmV3UXRfS0JqLWFtckhJclFRaVU2VzZUYU9sTXZBb1RRLUR2QU1QQjFNTEdmRnNKNkctNFpKZWhjTUJFOFdmb1hGX2JQX3hVVEc4dW5nLW9FRWJUMmRVUERSdzQ5UTRuYXVLMkF3WDlpOGh0T3lORzY0S1VDcHdwQTRHNENjZWlkeTMxaEp5WHkwTUpvWDB1NF9PX04zWVlhWnZrbW40TDZ3THdsd19WWUpDSHhsS09MS3BLOGJvbVF4MHhVRF9idmRXMUQwS2lDQl9QcXc?oc=5
2026-09-21,未特定,,未特定,0.0,AIデータセンター,設備投資 / 特許・技術,34,,,,8.9,,,,,,,,,NA,,,,,,,,,未判定,CHECK_REQUIRED,0.0,,,,Google News RSS; Yahoo chart,財務データ未取得,企業未特定,"Fabric.AI Launches Breakthrough MicroLED Interconnect Technology as First Step in Building Next-Generation ""AI Factory"" Infrastructure. Partners with Leading MicroLED Developer Kopin Corporation - Investing News Network",2026-04-28T16:00:00+09:00,https://news.google.com/rss/articles/CBMivwJBVV95cUxNd0RhUUhUNF9BOEhpb3R1M1dmcDBNY3BSb0V6YlIydGotV1FjU3VVSFBWakwzeUxyWnVvcnJWQVFVZm1ocThacDFpNXhpaXl6SnJJU0xNMUZqNDJaQzhnQTY3NkpBX1V6YndDbjZLaThYellsbWZSaVVVSXpPWlhqNEFRa1BnSDdEYjJXUzVoSDAtT2hFWnY4UXQycTJrWWhfbVpUVjhDalFPR0Zmdy0tYW9HR3Vqc05qSWZHbU1GYkctLTlidnZRVlJyOE1sV3BjU2syS2NPWU1rZWlneUo3NWVCUEI2eXVDUEF3SURraGNLLWE0MEt1ZFl0ODZKb0JLNFU5cmNwVFJtbmZpNzVkLWVvSEdMTHdCY3d0WGZPZm1XSXFkTDFRdENnSG1ZaV9Ga2VYZW9wbktFY2ljRFZZ?oc=5
2026-09-21,未特定,,未特定,0.0,光通信,量産・生産開始,32,,,,8.4,,,,,,,,,NA,,,,,,,,,未判定,CHECK_REQUIRED,0.0,,,,Google News RSS; Yahoo chart,財務データ未取得,企業未特定,The Critical Bottleneck in CPO Mass Production? It's Testing - TrendForce,2026-04-24T16:00:00+09:00,https://news.google.com/rss/articles/CBMidEFVX3lxTE1VNldUZjRYZlIwYVNlb1RjcGlGcVBmcDdCWGtkVFdVTGdrZ0x0MF9BU0liSE1ETTVJVU9YQUVqWk1yWDBZM1kzOUJrRVBlQVJSTTdGSE9pLXZNVXBtanZsTHJWdHY3ZVUyT0llc244N3Zydl9S?oc=5
2026-09-21,未特定,,未特定,0.0,光通信,量産・生産開始,32,,,,8.4,,,,,,,,,NA,,,,,,,,,未判定,CHECK_REQUIRED,0.0,,,,Google News RSS; Yahoo chart,財務データ未取得,企業未特定,"Optical Engine Commercialization Breakthrough: POET Technologies Secures $50M Order, Stock Soars; Foxconn's CPO Switches Set for Q3 Mass Production Targeting 10,000 Units - finance.biggo.com",2026-05-14T16:00:00+09:00,https://news.google.com/rss/articles/CBMiYEFVX3lxTFB5OW5OQWdoeVM0dW1PRVR3TEFqclp0ZDN2TTczT1ZIbVJybEY1a2pERUtSRnpnQzVuZUhsTU5sR3JQX2p4Sk1kMVRhRzhRX0xLVGh0WEtiYmNlbnhoNElTQg?oc=5
2026-09-21,Corning Incorporated,GLW,関与候補,0.74,光通信,テーマ関連,10,,,,8.3,150.1300048828125,129320234339.02771,82.03825403432377,10.901627884967397,8.274376757247918,36.725899421426426,1.83,215.51724137931038,通常成長率,19.141637444732428,100.79295154185024,14.191081669852842,9.841828404111872,2695000000.0,1413000000.0,,,一時要因あり・要確認,OK,83.3,2026-09-21,2025-12-31,直近年次決算ベース（株価のみ最新）,Google News RSS; Yahoo Finance/yfinance,OK,利益品質:一時要因あり・要確認,Corning Highlights Glass Bridge for CPO and Glass-Core Packaging - thelec.net,2026-06-24T16:00:00+09:00,https://news.google.com/rss/articles/CBMiZ0FVX3lxTE45X2E2Rk5TV2lEelQ2dTNMOGVOcmhYRTNaZ3ZENlF3Z3hKLTdHWWdyaWJDXzJOb0Iyc2NBaGJNSWJsSGFHRkZFcXh5aXBqN0lDSDd0Ymh2T3ZBRzB3YS1NNk55QnJsbVU?oc=5
2026-09-21,Coherent Corp.,COHR,関与候補,0.74,光通信,テーマ関連,10,,,,8.3,317.3599853515625,62149318721.923584,77.02912265814624,5.697632108021094,8.731067490686677,40.836552923064424,4.12,,赤字→黒字転換,22.513599128416573,68.52548009428972,8.459740206512754,6.718732124723862,79514000.0,-1030569000.0,,,一時要因あり・要確認,OK,83.3,2026-09-21,2026-06-30,直近年次決算ベース（株価のみ最新）,Google News RSS; Yahoo Finance/yfinance,OK,利益品質:一時要因あり・要確認,Coherent Showcases Optical Innovations to Scale AI Infrastructure at ECOC 2026 - The Manila Times,2026-09-21T05:18:50+09:00,https://news.google.com/rss/articles/CBMi5wFBVV95cUxOTUtLUVZ6TWVBVUpoTWRtODJtYzcwU285RDJqd0hJYU1JR0VycDVzak1pZUZFeFMyOTE1UjVDdVdDYXFKUUlrZW0tVXZPRUJnLUhHUDl1Z1VtZm9fRC1IU0JWbHY5WS0wUjVBS1NybGhVU0JLNG5Ma0s5ajRrelFqWEowZ2FidHk2azJHNXI2RkYyQTVOOExnY25VOEhzRHBEempOTDU2Ry1rSUkydXZyNi1FUzNQeHJ5UEtpbkc1YnhNMXVHRHBoRzFLSWtRNGlfQUMzc2VxanVIY19DLUxJb1BTaWhjV3fSAewBQVVfeXFMUHBqS0ZwQTJYbGJyVWREamIxLXhtZHA5ZnFSbUF3TTNGNVZKa1p4THJFbEdHTjZnME1CcVNERm4xQzU0Ri1MZ3hnb0ZQVXpNbWtRdHBBWkdtOXJURFJVTGdfT2hVVGkwSjZjeUhKdDJ5SGhTRVpQZGdwS0lFbWFUN0I5SnVCTjBPcFBWX2ZTY0hwcGtRcW1XZUUxLUFCcDBueF85RmRYMlFnMXg0bDVQbDNKQVVTYWUtM2lYRnV2M1dnS2doWHVMS1pxZzc5eTJUSGhmQ3ZXX0tDYTZMTmdIc3dzQXVabm9aT2NJNVQ?oc=5
2026-09-21,NVIDIA Corporation,NVDA,関与候補,0.74,光通信,テーマ関連,10,,,,8.3,222.27000427246094,5367153793167.114,45.36122536172672,34.34386898233164,24.855068552858295,36.77318745618957,4.9,66.66666666666667,通常成長率,65.47353579009479,60.076363055995486,101.4850815653791,104.6318140841013,102718000000.0,96676000000.0,,,一時要因あり・要確認,OK,83.3,2026-09-21,2026-01-31,直近年次決算ベース（株価のみ最新）,Google News RSS; Yahoo Finance/yfinance,OK,利益品質:一時要因あり・要確認,Inside Nvidia’s $4B Optical Strategy—and Why CPO Changes Everything - I/O Fund,2026-05-08T16:00:00+09:00,https://news.google.com/rss/articles/CBMiggFBVV95cUxQYUl1cGVPV1dVNW41cEVyc1lpcTM1ZGRRVHh6eTBsLUdqSnBpOF9jaExQdFpsNmFsN1A0RGpUcmVtcXVjanE4OHdZNWtQek1iX2pGbzE2Z3hNWU1OM0xJbFp5SFVxR3dwZXVIOWMySjFuYTdkSmt4YVBuMkZiZGgwQmtB?oc=5
2026-09-21,Broadcom Inc.,AVGO,関与候補,0.74,光通信,テーマ関連,10,,,,8.3,357.6099853515625,1707097706096.4312,74.97064682422695,20.856036763171748,26.72058018214083,50.58638319111687,4.77,287.8048780487805,通常成長率,23.874432853763516,73.87970125366765,31.04786198563469,20.01919385796545,27537000000.0,26914000000.0,,,暫定良好,OK,83.3,2026-09-21,2025-10-31,直近年次決算ベース（株価のみ最新）,Google News RSS; Yahoo Finance/yfinance,OK,財務データ未取得,Optical Products | AI Clusters | AI Infrastructure - Broadcom,2026-03-24T06:17:36+09:00,https://news.google.com/rss/articles/CBMid0FVX3lxTE1uRDFldTU4dE9Fd252Z1laczRENHpULTBhQVFZZDdRRm8wRHhUN0V4djVTYkR5TWQ5UXY5bXc1a2RrYlFMbzc3R0E3a182WUZBOGV5bUFDOWgtbEdSZm40aUxoRG1Ob0hFQnlZaTlLTnRkTGpvaEFz?oc=5
2026-09-21,NVIDIA Corporation,NVDA,関与候補,0.74,光通信,テーマ関連,10,,,,8.3,222.27000427246094,5367153793167.114,45.36122536172672,34.34386898233164,24.855068552858295,36.77318745618957,4.9,66.66666666666667,通常成長率,65.47353579009479,60.076363055995486,101.4850815653791,104.6318140841013,102718000000.0,96676000000.0,,,一時要因あり・要確認,OK,83.3,2026-09-21,2026-01-31,直近年次決算ベース（株価のみ最新）,Google News RSS; Yahoo Finance/yfinance,OK,利益品質:一時要因あり・要確認,Sivers to provide lasers for GlobalFoundries; Nvidia ramps optical AI 'engine' - Optics.org,2026-06-02T16:00:00+09:00,https://news.google.com/rss/articles/CBMioAFBVV95cUxPRlQwUFhtWlJTVWZiNVN3ZXpRQ2pFeGh0azZpSFNqcVkwN0dJVVdKSUhhMWJrc3BxVmV3SmVhc1RPSFRjYW9FbjA1a0dyRGNxZjhOT1ptWXczcWVhMnlKTE5nV0V6SmhtQTFRbWJpQmhCbkc4cGVuU3ppYVBUb3hSWXZOMFc2YVpLUm1IcldJMWJDZUltcXBsZnFuR19IcDJF?oc=5
2026-09-21,Corning Incorporated,GLW,関与候補,0.74,光通信,テーマ関連,10,,,,8.3,150.1300048828125,129320234339.02771,82.03825403432377,10.901627884967397,8.274376757247918,36.725899421426426,1.83,215.51724137931038,通常成長率,19.141637444732428,100.79295154185024,14.191081669852842,9.841828404111872,2695000000.0,1413000000.0,,,一時要因あり・要確認,OK,83.3,2026-09-21,2025-12-31,直近年次決算ベース（株価のみ最新）,Google News RSS; Yahoo Finance/yfinance,OK,利益品質:一時要因あり・要確認,Corning bets on SiPh and CPO to drive AI data center growth - digitimes,2026-07-29T16:00:00+09:00,https://news.google.com/rss/articles/CBMijAFBVV95cUxOaVdzcTV4aU1DdnF6MWlZYXo5S1Zud0Y0NGNidnZTY2c5UV9ldW00bmNjekpsaG5JZXNjTEg5dlFTMDItaktKS3l2elJoallXMU93VHVfWXhfSi1wcTNGaHhMb2U3dkRUWGdEM1FWSzZaSzhqRkdkcnZqVmFqd1Ezdzk0dXc2aTB1c05WSQ?oc=5
2026-09-21,NVIDIA Corporation,NVDA,関与候補,0.74,光通信,テーマ関連,10,,,,8.3,222.27000427246094,5367153793167.114,45.36122536172672,34.34386898233164,24.855068552858295,36.77318745618957,4.9,66.66666666666667,通常成長率,65.47353579009479,60.076363055995486,101.4850815653791,104.6318140841013,102718000000.0,96676000000.0,,,一時要因あり・要確認,OK,83.3,2026-09-21,2026-01-31,直近年次決算ベース（株価のみ最新）,Google News RSS; Yahoo Finance/yfinance,OK,利益品質:一時要因あり・要確認,"NVIDIA Compute Architecture Paves the Way for Scale-Up Optical Interconnects; CPO Penetration in AI Data Centers Expected to Rise Steadily, Says TrendForce - TrendForce",2026-03-11T16:00:00+09:00,https://news.google.com/rss/articles/CBMicEFVX3lxTE9NXzBDVFNBdm5fMFRoT0dHQWtoMnp6ZksyR2hxRlhDb2NKRGVuNUJjclVDZUczOTZ3Z1dKV2dmT2ota1BVckh4eGhEeXNKZElLV2JDQ3EzZE5qTm5PYXBkOGxIOGJldi02VWFVMS1Mc0I?oc=5
2026-09-21,NVIDIA Corporation,NVDA,関与候補,0.74,光通信,テーマ関連,10,,,,8.3,222.27000427246094,5367153793167.114,45.36122536172672,34.34386898233164,24.855068552858295,36.77318745618957,4.9,66.66666666666667,通常成長率,65.47353579009479,60.076363055995486,101.4850815653791,104.6318140841013,102718000000.0,96676000000.0,,,一時要因あり・要確認,OK,83.3,2026-09-21,2026-01-31,直近年次決算ベース（株価のみ最新）,Google News RSS; Yahoo Finance/yfinance,OK,利益品質:一時要因あり・要確認,NVIDIA: Co-Packaged Optics at a Crossroads: Narrow & Fast vs. Wide & Slow - semivision,2026-03-18T16:00:00+09:00,https://news.google.com/rss/articles/CBMiigFBVV95cUxQTkxrdDNuY3o4MjNPZ016RTY5S193a0JNSDk5S0w4eEVTWXZyek1jcVdDdWpTdDQ1QjJWekpxWVplSzlDQ3lCZEFRWnJqVThtbURFR0ZoS19qbjdWd3JmWHRlcmR4VHdCTm5ISFY3RDhJMjdiZERBZlM1bjA2cnhNTjJ2aXVPVjBLQWc?oc=5
2026-09-21,NVIDIA Corporation,NVDA,関与候補,0.74,光通信,テーマ関連,10,,,,8.3,222.27000427246094,5367153793167.114,45.36122536172672,34.34386898233164,24.855068552858295,36.77318745618957,4.9,66.66666666666667,通常成長率,65.47353579009479,60.076363055995486,101.4850815653791,104.6318140841013,102718000000.0,96676000000.0,,,一時要因あり・要確認,OK,83.3,2026-09-21,2026-01-31,直近年次決算ベース（株価のみ最新）,Google News RSS; Yahoo Finance/yfinance,OK,利益品質:一時要因あり・要確認,"GTC 2026 Outlook: How NVIDIA Is Redefining AI Infrastructure with LPX, CPO, and Rubin - semivision",2026-02-28T17:00:00+09:00,https://news.google.com/rss/articles/CBMiigFBVV95cUxOV0x0Wk1iX3BPdE1TQ0hQYUJqZXBwNVh0X3NFQ1VQeVZyamtabDhQd0hUR2duLS1IU2ZDSkVlUjI4SVNONE1ncFNOZ1JheGRnYWQyLWxkYml2V2p1cDVadENVcU85RHpaeGdsdEMzOXlmLWY1QTIwVlh6ZGpNR2NWdEFmNUQycjFzZGc?oc=5
2026-09-21,NVIDIA Corporation,NVDA,関与候補,0.74,光通信,テーマ関連,10,,,,8.3,222.27000427246094,5367153793167.114,45.36122536172672,34.34386898233164,24.855068552858295,36.77318745618957,4.9,66.66666666666667,通常成長率,65.47353579009479,60.076363055995486,101.4850815653791,104.6318140841013,102718000000.0,96676000000.0,,,一時要因あり・要確認,OK,83.3,2026-09-21,2026-01-31,直近年次決算ベース（株価のみ最新）,Google News RSS; Yahoo Finance/yfinance,OK,利益品質:一時要因あり・要確認,"Huang Shares Nvidia Roadmap Showing More Chips, NVL1152, Scale-Up CPO - HPCwire",2026-03-18T16:00:00+09:00,https://news.google.com/rss/articles/CBMirwFBVV95cUxNbnBMVFNSZjJ1X2lnTDBEMmhlUk12NDBoVEV5MXVacW5NWWhYT1RCZUlIamptUmIwSmgyOXcxTXpPSTQ4dkwzVklOeGtqaGZRWVpjY1ByRHhGVk9OZHNpejNlbWRpa0JWRzlqX0p5TmFtLUxycDJmWTI4cTVmMXN4U05yUnVqQVdXLVBnS3BlX3ctN01NSGJtTGVkWmJWUjJBbUlzYVBReVBYLVpHa3pj?oc=5
2026-09-21,Broadcom Inc.,AVGO,関与候補,0.74,光通信,テーマ関連,10,,,,8.3,357.6099853515625,1707097706096.4312,74.97064682422695,20.856036763171748,26.72058018214083,50.58638319111687,4.77,287.8048780487805,通常成長率,23.874432853763516,73.87970125366765,31.04786198563469,20.01919385796545,27537000000.0,26914000000.0,,,暫定良好,OK,83.3,2026-09-21,2025-10-31,直近年次決算ベース（株価のみ最新）,Google News RSS; Yahoo Finance/yfinance,OK,財務データ未取得,Broadcom CPO: From concept to core competency - Broadcom,2025-05-19T16:00:00+09:00,https://news.google.com/rss/articles/CBMirgFBVV95cUxPeEgzR3gxaTN1N1o3UnY3dUFoeXR2eWVKbUlDQ3JBeGtBY0E2eTBiNzlLMXpYNmY1MzY1Qld3SjUyMnpnODBvSnI4azIxaTVNOUtRMmx1cHU5UHB2dWpyN1BMQTBVeG5pWFpDQmZhMUdKNjJJNk04cms5by1ITk5UTndIMEJRLS1lQVBOSTFBSzR4cGNEWjJ5WXpxSkdzUEZCdUc5TmZ5WnpnbElYR0E?oc=5
2026-09-21,Broadcom Inc.,AVGO,関与候補,0.74,光通信,テーマ関連,10,,,,8.3,357.6099853515625,1707097706096.4312,74.97064682422695,20.856036763171748,26.72058018214083,50.58638319111687,4.77,287.8048780487805,通常成長率,23.874432853763516,73.87970125366765,31.04786198563469,20.01919385796545,27537000000.0,26914000000.0,,,暫定良好,OK,83.3,2026-09-21,2025-10-31,直近年次決算ベース（株価のみ最新）,Google News RSS; Yahoo Finance/yfinance,OK,財務データ未取得,Broadcom’s CPO Strategy and Its Implications for the Future of Optical Interconnects - semivision,2025-06-04T16:00:00+09:00,https://news.google.com/rss/articles/CBMijAFBVV95cUxQZ1hmdmZ1dzh1M0JBU0MweWdIdWRGdFZ3SzJ2WFh3M0dmeGtjenZ5MFFtVmhzSW5XRmpmbzQ0TmNmMWw5SVJ3UU92QVQ5VkVQWXFlN0I0WkhrRWd5RVhpc3hJY21mWnNoRmYwNUlxOElzbndXTTBjM0ppZWdOT01VSkFtNk43UFJiOGdnYQ?oc=5
2026-09-21,NVIDIA Corporation,NVDA,関与候補,0.74,半導体,テーマ関連,10,,,,8.3,222.27000427246094,5367153793167.114,45.36122536172672,34.34386898233164,24.855068552858295,36.77318745618957,4.9,66.66666666666667,通常成長率,65.47353579009479,60.076363055995486,101.4850815653791,104.6318140841013,102718000000.0,96676000000.0,,,一時要因あり・要確認,OK,83.3,2026-09-21,2026-01-31,直近年次決算ベース（株価のみ最新）,Google News RSS; Yahoo Finance/yfinance,OK,利益品質:一時要因あり・要確認,NVIDIA: AI-Powered Innovation: Driving The Next Wave of Semiconductor Breakthroughs - semivision,2025-05-16T16:00:00+09:00,https://news.google.com/rss/articles/CBMigwFBVV95cUxPZVFxRFo1ZG9Yd3ZScVhxY3VEcGloSXZDejdublZNM2JIWEZ2dWNwLVhKd3RrNENjcHEzZldkSXN1c3AtUGgzdEg3bWt0VWVmUDZXNzFYRnFzanZ3SHBBQW9mMnRXbkZKdVZyNnE3ZFlpX1U2LW1yeUtyWkhrVndsNERIQQ?oc=5
2026-09-21,NVIDIA Corporation,NVDA,関与候補,0.74,半導体,テーマ関連,10,,,,8.3,222.27000427246094,5367153793167.114,45.36122536172672,34.34386898233164,24.855068552858295,36.77318745618957,4.9,66.66666666666667,通常成長率,65.47353579009479,60.076363055995486,101.4850815653791,104.6318140841013,102718000000.0,96676000000.0,,,一時要因あり・要確認,OK,83.3,2026-09-21,2026-01-31,直近年次決算ベース（株価のみ最新）,Google News RSS; Yahoo Finance/yfinance,OK,利益品質:一時要因あり・要確認,Key facts: NVIDIA Vera Rubin live; RTX Spark chip; PC sales $16B - TradingView,2026-06-03T16:00:00+09:00,https://news.google.com/rss/articles/CBMivwFBVV95cUxQLThDOG9fWkhiME1CWHloNTY4eFRyTi1yY3B2d1FoQmhVZXVISl9naWkyLXN6YS1BSGZjSEt0bFF3NjRERDEyR2xXU1g1V0ZGNjVmX1hwRDQxRUJYT3Q3cml0YW1zQjFsX1BMeWx2Mk1vcUFxSENHZmsteHRCdDY5THBkc3FWcHFjOVF3ZC12UzRHOURKcXlqUGJFWWFLYmtLX3dGeHpHLWRMd2xLNEhrR0dXd196ZHhYTVpDRFQtaw?oc=5
2026-09-21,NVIDIA Corporation,NVDA,関与候補,0.74,光通信,テーマ関連,10,,,,8.3,222.27000427246094,5367153793167.114,45.36122536172672,34.34386898233164,24.855068552858295,36.77318745618957,4.9,66.66666666666667,通常成長率,65.47353579009479,60.076363055995486,101.4850815653791,104.6318140841013,102718000000.0,96676000000.0,,,一時要因あり・要確認,OK,83.3,2026-09-21,2026-01-31,直近年次決算ベース（株価のみ最新）,Google News RSS; Yahoo Finance/yfinance,OK,利益品質:一時要因あり・要確認,TSMC COUPE × Metalens: Building the Key Optical Architecture for NVIDIA’s Next-Generation AI Interconnect - semivision,2025-11-28T17:00:00+09:00,https://news.google.com/rss/articles/CBMifkFVX3lxTE1pTHFsdEtHQ0ljMVNVWWN2WjJDbkF4Zk1oTjRFUXBiWjZmUF9jMEJ1QnEzbThEbDEwQWM1RW1raXgtMWhVdWZ0bXlYWFJuWjNyTHJRT2ExY2pVbTRqVTJMblRjNUQybGxlUTRvYV9VSlU0VVpQVXVwVk9HNFVoQQ?oc=5
2026-09-21,NVIDIA Corporation,NVDA,関与候補,0.74,半導体,テーマ関連,10,,,,8.3,222.27000427246094,5367153793167.114,45.36122536172672,34.34386898233164,24.855068552858295,36.77318745618957,4.9,66.66666666666667,通常成長率,65.47353579009479,60.076363055995486,101.4850815653791,104.6318140841013,102718000000.0,96676000000.0,,,一時要因あり・要確認,OK,83.3,2026-09-21,2026-01-31,直近年次決算ベース（株価のみ最新）,Google News RSS; Yahoo Finance/yfinance,OK,利益品質:一時要因あり・要確認,"NVIDIA Kicks Off the Next Generation of AI With Rubin — Six New Chips, One Incredible AI Supercomputer - NVIDIA Newsroom",2026-01-05T17:00:00+09:00,https://news.google.com/rss/articles/CBMidEFVX3lxTE1wVTdNYW04bUY5N2s2cWlUR25KZzZ3ZlFxdUZ2MWgwZGFmSUJqNGQxV3E5M0ktZDAzOGFkMGtSaThmSnBrc09jN1ZYakpjWDlabmdJcDYxTjV1LXpmVW16MkJ1NDNFNE9sOUYxVUR0UUtWdzdE?oc=5
2026-09-21,NVIDIA Corporation,NVDA,関与候補,0.74,光通信,テーマ関連,10,,,,8.3,222.27000427246094,5367153793167.114,45.36122536172672,34.34386898233164,24.855068552858295,36.77318745618957,4.9,66.66666666666667,通常成長率,65.47353579009479,60.076363055995486,101.4850815653791,104.6318140841013,102718000000.0,96676000000.0,,,一時要因あり・要確認,OK,83.3,2026-09-21,2026-01-31,直近年次決算ベース（株価のみ最新）,Google News RSS; Yahoo Finance/yfinance,OK,利益品質:一時要因あり・要確認,Could Nvidia's Revolutionary Optical Switch Transform AI Data Centers Forever? - IEEE Spectrum,2025-03-25T16:00:00+09:00,https://news.google.com/rss/articles/CBMiV0FVX3lxTE5fdGhrQ3BCaXM1VjZxdjJ6b2twODlPQkVjR1dlWVhPUUh3eTlOcUdhX2pBdWYxNjJIaWJuQlEwNTRsUVUyeC1UR1prWXYyNkpaeTlXSEFxYw?oc=5
2026-09-21,NVIDIA Corporation,NVDA,関与候補,0.74,光通信,テーマ関連,10,,,,8.3,222.27000427246094,5367153793167.114,45.36122536172672,34.34386898233164,24.855068552858295,36.77318745618957,4.9,66.66666666666667,通常成長率,65.47353579009479,60.076363055995486,101.4850815653791,104.6318140841013,102718000000.0,96676000000.0,,,一時要因あり・要確認,OK,83.3,2026-09-21,2026-01-31,直近年次決算ベース（株価のみ最新）,Google News RSS; Yahoo Finance/yfinance,OK,利益品質:一時要因あり・要確認,Nvidia backs copper in next-gen interconnects amid CPO push - SDxCentral,2026-03-19T16:00:00+09:00,https://news.google.com/rss/articles/CBMisgFBVV95cUxQZDZZZGdNUHJYeTZFMXA1UHZCM2VkSmRNT1dzbWVnQzRtRXJRUEZjV3FYVUtWMTlBS2w1N3hfWXdEVmNDZzd6LTNGQ1NrUGUxMnRWMncyck5Rem9pMkNGejI5T1dpeW9YRGJPR1Bya0w4QmhxcDFKMTA3Uk9kQ2Y0dEFHWU9EczJualdCajJyM1R2cExwNV9VMjVFOVlkRTMxbVVDY1NtX0UzTThKVVdhNkRn?oc=5
2026-09-21,"Marvell Technology, Inc.",MRVL,関与候補,0.74,AIデータセンター,テーマ関連,10,,,,7.5,244.25,219508601725.25,79.56026058631922,14.46305926377163,26.786981881391405,48.82596187612891,3.07,,赤字→黒字転換,42.08728521145078,,19.25409404587639,7.126410325271662,1750500000.0,1391900000.0,,,暫定良好,OK,75.0,2026-09-21,2026-01-31,直近年次決算ベース（株価のみ最新）,Google News RSS; Yahoo Finance/yfinance,OK,財務データ未取得,Why Marvell (MRVL) Is Drawing Fresh Attention for AI Data Center Networking - Yahoo Finance,2026-05-19T16:00:00+09:00,https://news.google.com/rss/articles/CBMimwFBVV95cUxPWnNQdlpyMk02bTNUYnR1aFZHWHVZVmR5SVYxZHJwRFFjQXptTzl4T1VPUXc3dVhqZUZwdUtSSl9IVW1ld3Y5ckV4Ui00cXNTZ25JWlJKRGg1TkY5ZGMyOUtBS0ZzcmVFQjNTN2NGUEl6SERPTDJ5NGFhcXljbTdQT0g5RVQyN1ZTS3hDVWg0MlRiN3hmc1d2TzlnZw?oc=5
2026-09-21,"Marvell Technology, Inc.",MRVL,関与候補,0.74,半導体,テーマ関連,10,,,,7.5,244.25,219508601725.25,79.56026058631922,14.46305926377163,26.786981881391405,48.82596187612891,3.07,,赤字→黒字転換,42.08728521145078,,19.25409404587639,7.126410325271662,1750500000.0,1391900000.0,,,暫定良好,OK,75.0,2026-09-21,2026-01-31,直近年次決算ベース（株価のみ最新）,Google News RSS; Yahoo Finance/yfinance,OK,財務データ未取得,Marvell and Tower hit 5 million chip milestone in AI networking push - calcalistech.com,2026-06-18T16:00:00+09:00,https://news.google.com/rss/articles/CBMiZ0FVX3lxTFBJdFhTTjVWYmRCb3FxbnlNcWliWG9QVWNkWDQ3dnMtWUJ0LWZyZWpoTVB4UEl6LVA4Q19faWRQRG13ZTdYanAxanNHbDdQcUNmWnZOalRFMDVJM0JuVUhzVk5XbzJWQkk?oc=5
2026-09-21,"Marvell Technology, Inc.",MRVL,関与候補,0.74,AIデータセンター,テーマ関連,10,,,,7.5,244.25,219508601725.25,79.56026058631922,14.46305926377163,26.786981881391405,48.82596187612891,3.07,,赤字→黒字転換,42.08728521145078,,19.25409404587639,7.126410325271662,1750500000.0,1391900000.0,,,暫定良好,OK,75.0,2026-09-21,2026-01-31,直近年次決算ベース（株価のみ最新）,Google News RSS; Yahoo Finance/yfinance,OK,財務データ未取得,Marvell Raises Revenue Outlook Again on Surging AI Data Center Demand - thelec.net,2026-05-29T16:00:00+09:00,https://news.google.com/rss/articles/CBMiZ0FVX3lxTFBFQmdWLURxby16SHpnUExza0l4cDNwMklCT290R1NZeVg0YURGMlgxeFd0cThCUnJZdXZ0TlFFdzYtMDdTSlFzWWV5ZzhzalVIX2xNRDF1UDdsbDh4bnpXTVlVWUxyeGs?oc=5
2026-09-21,Lumentum Holdings Inc.,LITE,関与候補,0.74,光通信,テーマ関連,10,,,,7.5,930.9099731445312,83502624591.06445,-10.014091793723443,17.760637313595353,27.704918576995507,-11.974930940015174,-92.96,-25224.324324324323,黒字→赤字転落,83.22188449848025,,-240.02699615823903,11.243604439846786,751400000.0,300100000.0,,,赤字・要注意,OK,75.0,2026-09-21,2026-06-30,直近年次決算ベース（株価のみ最新）,Google News RSS; Yahoo Finance/yfinance,OK,利益品質:赤字・要注意,Who Owns the Optical Layer? Lumentum’s Race to Control AI Interconnects - semivision,2026-04-11T16:00:00+09:00,https://news.google.com/rss/articles/CBMigwFBVV95cUxPQVROeE9Fb2x3WG1HelBwYTh3ZEFVcEVPcnNvbmJzeHNIRlVJUzk2eHdDSUFIX3dpNmhsazNSTGNQV1VfMWlBT2NQYy1nN3Q0dUVQVi1tX1JiZEFVZnJYblZveXZCcXY3R015Z3Fwc2MtbFd5S25NWDRxdDM3WUp2ZmJPYw?oc=5
2026-09-21,Lumentum Holdings Inc.,LITE,関与候補,0.74,光通信,テーマ関連,10,,,,7.5,930.9099731445312,83502624591.06445,-10.014091793723443,17.760637313595353,27.704918576995507,-11.974930940015174,-92.96,-25224.324324324323,黒字→赤字転落,83.22188449848025,,-240.02699615823903,11.243604439846786,751400000.0,300100000.0,,,赤字・要注意,OK,75.0,2026-09-21,2026-06-30,直近年次決算ベース（株価のみ最新）,Google News RSS; Yahoo Finance/yfinance,OK,利益品質:赤字・要注意,Optical Interconnect Materials in Crisis! Lumentum CEO Warns: Indium Phosphide Shortage Could Be Worse Than Memory Chips - finance.biggo.com,2026-08-03T16:00:00+09:00,https://news.google.com/rss/articles/CBMidkFVX3lxTE8teTFWSk5Ha1NEbUdjUFc3TnFqNTY2V1B0TUN4aGtpTTM5dzVLeTh0cmE5NUgwMEhaTlVFZHdlU0FKQXRYQ3hJSU9Cb1UxME1jZ2VtX3ZLdDNRS2NBQkdmNmNVeEUwRXd1elktZzNYdjg3WDNqVHc?oc=5
2026-09-21,Intel Corporation,INTC,関与候補,0.74,光通信,テーマ関連,10,,,,7.5,108.5999984741211,570641549791.2291,-1809.999974568685,4.745744195270961,10.796767445390595,40.39365680585406,-0.06,,通常成長率,-0.46703451912393223,,-0.25005736334646056,-0.012110166059133252,9697000000.0,-4949000000.0,,,赤字・要注意,OK,75.0,2026-09-21,2025-12-31,直近年次決算ベース（株価のみ最新）,Google News RSS; Yahoo Finance/yfinance,OK,利益品質:赤字・要注意,"Co-Packaged Optics (CPO) foundry roadmaps — breaking down TSMC, Intel, Samsung, and GlobalFoundries' approach to next-generation scale-up connectivity - Tom's Hardware",2026-08-03T16:00:00+09:00,https://news.google.com/rss/articles/CBMiswJBVV95cUxQOGFDSzhjdzFpdGVidzJDYXFrSW5jbmlDdDU1aWloakNGTWpRc2Rxbi0wNVFqYnA0WFBtVllodDJUelVjY0hIU1ZBbk9YZDR3a2Q1YVgweHE2TGhCX2thRU5SRFNyNHV4NXhuWVJodTlhQ1M1OTdlc29vSDY1T1NwMzZJQXpKeXVtVEEtcUpjUGNCcWdwYlhMc2UyTFgtUl9jVnFQc1g3WlNGbWFrbDlYY050a0laa3IxT1ktdlhxYWFncEJBamtuR0Q1a21DcktzX1dCeTlVTUxVZ1pabS1vLWxNR3hZVWd2XzdsQ1hINXBTOFg2eW1WZGJoVnNieHI0el8yak0wVk9PYWRhbjFkUXo2cjhreUlBRE90Z2Nmd3B5aWlydk5qT1Ridm02djBBaFBF?oc=5
2026-09-21,"Marvell Technology, Inc.",MRVL,関与候補,0.74,光通信,テーマ関連,10,,,,7.5,244.25,219508601725.25,79.56026058631922,14.46305926377163,26.786981881391405,48.82596187612891,3.07,,赤字→黒字転換,42.08728521145078,,19.25409404587639,7.126410325271662,1750500000.0,1391900000.0,,,暫定良好,OK,75.0,2026-09-21,2026-01-31,直近年次決算ベース（株価のみ最新）,Google News RSS; Yahoo Finance/yfinance,OK,財務データ未取得,From Custom SRAM to Optical SerDes: How Marvell Builds the Data Highways for AI Chips - semivision,2025-07-09T16:00:00+09:00,https://news.google.com/rss/articles/CBMigAFBVV95cUxNMUVwVXE1M1d4TERKUmQ3ZnBwTXhiWWtya3BnSl92ZDZrNEJmVmtUTlVpbW9NaFNJeGlXR3dNLXAzUldwRHpzdGh5NWQ5RDBUYjl3b3V6dmItUy0xR3NESzFDRnVwTjFkVFRpV19RWEpUYjJEMWo4V1lYTGVSRVFRRw?oc=5
2026-09-21,未特定,,複数候補・要確認,0.45,AIデータセンター,大企業との提携,28,,,,7.3,,,,,,,,,NA,,,,,,,,,未判定,CHECK_REQUIRED,0.0,,,,Google News RSS; Yahoo chart,財務データ未取得,企業未特定,Nvidia and Marvell expand AI infrastructure ecosystem with NVLink Fusion partnership - eenewseurope.com,2026-04-01T16:00:00+09:00,https://news.google.com/rss/articles/CBMiuAFBVV95cUxOTjlVcWZBRFRPaDNpdzl1Qk94MEdCSkZlZXVsZE55SGRBWkRCWFFBV01SNmtQelFJM2dWWm96N3UtOUx3MmxLTUdpOGl6WkJjSVg1a3YwdGYtczF1QTJPOU1HNjBQalNZYmdPdVJpS0xPbnM4N2JLbG1QU1l1MjZkMEloVmM4QzVMM1V2SXhJR1JVYUUtajZUSnB2WW1QellOVGJURXRrZDZpaS1sbi1RY3JySEloTXNv?oc=5
2026-09-21,未特定,,複数候補・要確認,0.45,光通信,大企業との提携,28,,,,7.3,,,,,,,,,NA,,,,,,,,,未判定,CHECK_REQUIRED,0.0,,,,Google News RSS; Yahoo chart,財務データ未取得,企業未特定,Behind NVIDIA's Partnership with Corning: Surge in Optical Connectivity Demand for AI Data Centers on the Horizon - Moomoo,2026-05-06T16:00:00+09:00,https://news.google.com/rss/articles/CBMisgFBVV95cUxOVV9qbk95YzdYbl9YX29mLWpYNFRiM1dKVlpkcHZEa2pfTXFneUs4MHJ0MUlxY3F5MnRNSHdkUXFsTmtaandyME4zRnJ4d0FIdUVDS2x3NlFsNFFhSWFzV1VTWlhJQ2podHItT3R6VEpDOXpKX25GQlVWV3k1aHhabUJBb2Z5aTJKMUxuT3pjSUJPZlQ4SnluLXRXWkhReU15SUhoRGhodUFFQmJrTUdfNmZR?oc=5
2026-09-21,未特定,,複数候補・要確認,0.45,未分類,大企業との提携,24,,,,6.3,,,,,,,,,NA,,,,,,,,,未判定,CHECK_REQUIRED,0.0,,,,Google News RSS; Yahoo chart,財務データ未取得,企業未特定,Optics Sector Quick Take: Nvidia's Partnership with Corning; Lumentum and Coherent's Earnings Summary - Moomoo,2026-05-08T16:00:00+09:00,https://news.google.com/rss/articles/CBMivAFBVV95cUxNdnF5cF96dzlta0gxSWx5bG54OE5Ed09ORXZqLVhtU0p4bUtxRVc4ZEprWlNBSXZnLUNfRkViNlBJVjJwTW9oalNEVWR1M1dINXRwcmpXWVdUMjIwamgxVzVFaFJDRjBLMkJ0MXFRZ3lUTk5SdUItSDZTMnFuX05OM1prUERkYjN4cEFic2pBYi1Fak1OTVk3ZnBVUVFrV0NOZ19mVXFldlBkdmxUTFF1Ni1BRHZnZzgtTVE3bw?oc=5
2026-09-21,未特定,,複数候補・要確認,0.45,未分類,戦略的投資,22,,,,5.8,,,,,,,,,NA,,,,,,,,,未判定,CHECK_REQUIRED,0.0,,,,Google News RSS; Yahoo chart,財務データ未取得,企業未特定,Nvidia Invests $2B in Coherent for Next-Gen Data Center Optics - The Tech Buzz,2026-03-02T17:00:00+09:00,https://news.google.com/rss/articles/CBMimgFBVV95cUxNcHNHQXJwWTlLQ3VhNTE5NzkwN0lVMlZxUHJSaWVkdEFhaTNUMHBINXA2M2tuRlhrT0VvVXRjZmlJMG5ja3NpM0Vxd1BpR1RSOEs0SzhrQ2p4Y1AxbjVwZkxEMmRZUF9rS3BQV3N3dUkyNUg4bzV6Zl9QeHZlTTVFUUM0d1hZamlNV29FNXdDTGJaZ2tiR3FmalNR?oc=5
2026-09-21,未特定,,未特定,0.0,未分類,戦略的投資,22,,,,5.8,,,,,,,,,NA,,,,,,,,,未判定,CHECK_REQUIRED,0.0,,,,Google News RSS; Yahoo chart,財務データ未取得,企業未特定,Sivers to invest $30 mn to expand InP manufacturing facility in Glasgow - electronics.economictimes.indiatimes.com,2026-09-04T16:00:00+09:00,https://news.google.com/rss/articles/CBMi4gFBVV95cUxNNmNiUUd4dUlKaXpmU1d6SFlQRzFwRHhuY1YwLVRGWDZiN2lna0FlQ0RRWWtlRVB1RTFWYWJRbjBISEN5TDhLbWpaWkF6a1FFam1XUHVURDVNNzlPeHVQWUlSNWRUNm8tSmd4cXM0SVJJU2RubVVoVlozcUg3cnhqc0N2VUxDMDZwc0JuZ1FNMzN3WUNjUXRsbkdhUWJGUVlFQXNGbUtkZ01UNDJFVnZLWEdORF82NWx0VnlIQVFZQ0l1TDhvNVVPVEIzU2ZSYUE2WHlpRVdzZ01tR0NaMnBOVEpB0gHnAUFVX3lxTE9WVVMwTzR4WGltVWFVX0ZOOWcxaUFQeEx5RUpkN3VRUFVyZkw3dXpyYVlKaVJ2RUVsX092SjVUTHdrYkxMWF9hcnM4YkxjVVc2bGYtNFFFaW9qdDNDc09jTW5UQ1ZPNDhmQ2pUTWxwRU52UXMtUGNLNl95aTRiT2RmYU84enpSTzEyYmNyNl92SmsxRFlGZEk5ZmQ0cTNNRUxVeDNBYmFlZ184bm1ZWkFaR0F0WTd6RnVCc29sUU5NYmtjbWJ3S0tnbWJyN2tUbFlIYm1DNTJHeVpuNGlYVHJWNzhTbFppZw?oc=5
2026-09-21,未特定,,未特定,0.0,光通信,設備投資,22,,,,5.8,,,,,,,,,NA,,,,,,,,,未判定,CHECK_REQUIRED,0.0,,,,Google News RSS; Yahoo chart,財務データ未取得,企業未特定,"Optical Interconnects Become Critical to AI Factory Expansion; CPO/NPO Market Expected to Exceed US$39 Billion by 2030, Says TrendForce - TrendForce",2026-06-15T16:00:00+09:00,https://news.google.com/rss/articles/CBMicEFVX3lxTE9hZXRJZXpQOTdJbGhocnlsTVBhbk1kTjhGWDdCdlBHOGYzU1p0dU9sQVRiQ1RsSzlrSnBUX2JPSXpQY3VVVmhNYkZwam9aVDF2ZEk0cGp0UmVCS2tlUDZJSi1GNldBRkJSSm0ySE91aDI?oc=5
2026-09-21,NVIDIA Corporation,NVDA,関与候補,0.74,未分類,テーマ関連,6,,,,5.0,222.27000427246094,5367153793167.114,45.36122536172672,34.34386898233164,24.855068552858295,36.77318745618957,4.9,66.66666666666667,通常成長率,65.47353579009479,60.076363055995486,101.4850815653791,104.6318140841013,102718000000.0,96676000000.0,,,一時要因あり・要確認,OK,83.3,2026-09-21,2026-01-31,直近年次決算ベース（株価のみ最新）,Google News RSS; Yahoo Finance/yfinance,OK,利益品質:一時要因あり・要確認,Nvidia Is Looking to Own Another Layer of the AI Ecosystem - 24/7 Wall St.,2026-08-15T16:00:00+09:00,https://news.google.com/rss/articles/CBMipAFBVV95cUxNbmhFbmQ3WE5MQXQ1cmtwendpMXVmdnlVSGpGZkR5WFBKVVRxOXNJRWxLZmRTMFJZZnVRazI5RnI2YkRxM2tMNWI4dHZVS3dRVG1lVzFKbUNOTENuazB2SzZQQ1M2VGJkOTRESWV3aTFUWnF5UGJhUU16UUplZTgzX3VqR05BMHpyV3lObDFabHE3Yk9xdnRkWlBIRk5IbnliU2J3Qw?oc=5
2026-09-21,Coherent Corp.,COHR,関与候補,0.74,未分類,テーマ関連,6,,,,5.0,317.3599853515625,62149318721.923584,77.02912265814624,5.697632108021094,8.731067490686677,40.836552923064424,4.12,,赤字→黒字転換,22.513599128416573,68.52548009428972,8.459740206512754,6.718732124723862,79514000.0,-1030569000.0,,,一時要因あり・要確認,OK,83.3,2026-09-21,2026-06-30,直近年次決算ベース（株価のみ最新）,Google News RSS; Yahoo Finance/yfinance,OK,利益品質:一時要因あり・要確認,SK Hynix Just Expanded Coherent’s AI Upside - 24/7 Wall St.,2026-08-26T16:00:00+09:00,https://news.google.com/rss/articles/CBMijwFBVV95cUxNYTc0MnNmWFVFRjVpVmRKaDJuWDVzRWN6NkExSHRHd2ZhRDRyWDREMzlMYUYzamIta3ZYQ1UtZlN3ejVPaWR0Q3pURlFkd3JRTFNNVnk2VDdsd1NzR1oxbC0zalliUm04TFpYTWRpYkU0TTVLOE16YTAyanB0NnA3TFdwUTZ2YThNaTYyOW9oVQ?oc=5
2026-09-21,NVIDIA Corporation,NVDA,関与候補,0.74,未分類,テーマ関連,6,,,,5.0,222.27000427246094,5367153793167.114,45.36122536172672,34.34386898233164,24.855068552858295,36.77318745618957,4.9,66.66666666666667,通常成長率,65.47353579009479,60.076363055995486,101.4850815653791,104.6318140841013,102718000000.0,96676000000.0,,,一時要因あり・要確認,OK,83.3,2026-09-21,2026-01-31,直近年次決算ベース（株価のみ最新）,Google News RSS; Yahoo Finance/yfinance,OK,利益品質:一時要因あり・要確認,How Will Lightmatter and NVIDIA Transform AI? - AIM Media House,2026-06-03T16:00:00+09:00,https://news.google.com/rss/articles/CBMiswFBVV95cUxQblZVSmxYbWpFZlUwUHY5MnlidXBEWHU3blJKM0VYaXlKV0xGUWZrRTlRb2ZXRnp5NnEyYVR2UEJpcFk5RC00dWtnbndpVGdwMERPT044R0xuSzRYWnozbDNyTzMtNUh5OFNhSk1XakFMTUs0Rk8tbFplRkJlLVJHUzBMdzVBODg1bnc5bUdHa19DTTkzR1c5clRCV1NKUHZaRWtQREJZeHZCdnNXanY3TUFscw?oc=5
2026-09-21,NVIDIA Corporation,NVDA,関与候補,0.74,未分類,テーマ関連,6,,,,5.0,222.27000427246094,5367153793167.114,45.36122536172672,34.34386898233164,24.855068552858295,36.77318745618957,4.9,66.66666666666667,通常成長率,65.47353579009479,60.076363055995486,101.4850815653791,104.6318140841013,102718000000.0,96676000000.0,,,一時要因あり・要確認,OK,83.3,2026-09-21,2026-01-31,直近年次決算ベース（株価のみ最新）,Google News RSS; Yahoo Finance/yfinance,OK,利益品質:一時要因あり・要確認,The Infinite AI Compute Loop: HBM Big Three + TSMC × NVIDIA × OpenAI Shaping the Next-Generation Industry Chain - semivision,2025-10-13T16:00:00+09:00,https://news.google.com/rss/articles/CBMifkFVX3lxTE5IN2lPRDRydXFZTXM2a1pabG14ZDhuMzVoMWNzSDh3Z0ZtLWdrZHA4Q0IydFNvNXJyMEJmS2ktX0RpMjFfVDRVa09ZZGZhRzZncTJsNGI0ZVY3bE9JeVF2ZzNYYU9sUS0wRXpnSmViQ1ZmSzNhVE80S0paakR1dw?oc=5
2026-09-21,NVIDIA Corporation,NVDA,関与候補,0.74,未分類,テーマ関連,6,,,,5.0,222.27000427246094,5367153793167.114,45.36122536172672,34.34386898233164,24.855068552858295,36.77318745618957,4.9,66.66666666666667,通常成長率,65.47353579009479,60.076363055995486,101.4850815653791,104.6318140841013,102718000000.0,96676000000.0,,,一時要因あり・要確認,OK,83.3,2026-09-21,2026-01-31,直近年次決算ベース（株価のみ最新）,Google News RSS; Yahoo Finance/yfinance,OK,利益品質:一時要因あり・要確認,COHR Poised to Maximize Growth via NVIDIA Alliance: Here's How - TradingView,2026-03-30T16:00:00+09:00,https://news.google.com/rss/articles/CBMiuAFBVV95cUxPc2ZkMFlXWVFzdFhVclZsZGt1TWUwRDZQd0xwRjJYd0t4a2FZd0VWQjVrRnpQOU1tUzlySE9jUFk1M3RYeDN6dlFtREVoaFVKcnI3SXJjeHFUU1FlNXpHSEZTWjEtUHhIWU1fRlNJSmlVUldRM25PRFZidG85RHI4OVh3b0dFeVROSWRJSFp3b1pMZFQ1a1p6MWdDUTNIRUk3cU42Ml9fN2FPSjNZaFI4Q0d4V1lPQmhH?oc=5
2026-09-21,Lumentum Holdings Inc.,LITE,関与候補,0.74,未分類,テーマ関連,6,,,,4.5,930.9099731445312,83502624591.06445,-10.014091793723443,17.760637313595353,27.704918576995507,-11.974930940015174,-92.96,-25224.324324324323,黒字→赤字転落,83.22188449848025,,-240.02699615823903,11.243604439846786,751400000.0,300100000.0,,,赤字・要注意,OK,75.0,2026-09-21,2026-06-30,直近年次決算ベース（株価のみ最新）,Google News RSS; Yahoo Finance/yfinance,OK,利益品質:赤字・要注意,Is Surging AI Demand Driving Lumentum's Stronger Q4 Guidance? - TradingView,2026-06-08T16:00:00+09:00,https://news.google.com/rss/articles/CBMitwFBVV95cUxPLTlhVWJyUnJWTXZnb092cGtVbTBScVF0U20yMUlTRC1UM1FpeU5ocG5ORFVFSVFTdmdwRHRtVGRMdERqT2JsSm16S2drS250X1dvdk1LLVJaMk1BemdPUDQ5Y0JOLXM2R3ZERWRZNVVQZDJnWmlpRy0xU3NoTHhBT0dRTkI0NHg5NS1EUkNJalI4U2IwZVNyS2g0a3lSSno0Wm5ieUxTbGMwS3FOVlcxNEtUa3JOR3c?oc=5
2026-09-21,未特定,,複数候補・要確認,0.45,光通信,特許・技術,16,,,,4.2,,,,,,,,,NA,,,,,,,,,未判定,CHECK_REQUIRED,0.0,,,,Google News RSS; Yahoo chart,財務データ未取得,企業未特定,NVIDIA's $4B Photonics Play: Lumentum vs Coherent [2026] - tech-insider.org,2026-03-27T16:00:00+09:00,https://news.google.com/rss/articles/CBMikgFBVV95cUxPdUhyRmtzTmVieVRHaG9lS3NjVndWMzFhdTNTYnBtcnpIeUItb0J4UDdsamU0MEpNQ3JuZE1PcS03VGVCcUktUVBaVXFQNHJCQ3NaUWFQYWVLTzZxVHM0NHplU25GeHNWZHlOeU9XZVItWEltVjJfTGVUQm9KSmFfMEFiMVI3ZTEtZEo3cHV0eXh4dw?oc=5
2026-09-21,未特定,,複数候補・要確認,0.45,光通信,特許・技術,16,,,,4.2,,,,,,,,,NA,,,,,,,,,未判定,CHECK_REQUIRED,0.0,,,,Google News RSS; Yahoo chart,財務データ未取得,企業未特定,Nvidia backs US photonics expansion with $2 billion Lumentum investment - Manufacturing Today,2026-03-11T16:00:00+09:00,https://news.google.com/rss/articles/CBMirAFBVV95cUxPeHpZOHc2N2pSQW9vZ3BEYjhIb0hzVm9jclBsMWpMTjd3djNWTGNZdFNVaXk4NExVcjk4ZEk2UDFPZUNlbGsxRkdfMDRTblc0eEFCenZVSnFzLUlJODl2Ym5mYnNhZHJxWDhFTWo4VFhBX1doOTZnZzRSNW5BN2I5ZDl1NW5JQ0RXNTNsUUZtMFJ4TE95S1lDTmNKaDlod2hCcVJvTm11MGNiMGg3?oc=5
2026-09-21,未特定,,複数候補・要確認,0.45,半導体,特許・技術,16,,,,4.2,,,,,,,,,NA,,,,,,,,,未判定,CHECK_REQUIRED,0.0,,,,Google News RSS; Yahoo chart,財務データ未取得,企業未特定,NVIDIA Partner Coherent Expands Texas AI Semiconductor Fab - Technology Magazine,2026-06-22T16:00:00+09:00,https://news.google.com/rss/articles/CBMimgFBVV95cUxNd1NqNW1vU0RQVDdOLXVfclBBVTNxUjFhRzNLeGpmQXdDNl9teExtLVNsczc3a3RsWjIzek1Mbm9tZDFDSzFoSFZEbWl0VktvWlh3OTA2akpmckFsUVNKb0dGY2JpUzlzZjlkNjF4aV9CNm53NS1WSzJ3QndoSm4wM2J1ZmlpY3ZNRHpWWmtzbXU2MDdEd3FLQVl3?oc=5
2026-09-21,未特定,,複数候補・要確認,0.45,AIデータセンター,特許・技術,16,,,,4.2,,,,,,,,,NA,,,,,,,,,未判定,CHECK_REQUIRED,0.0,,,,Google News RSS; Yahoo chart,財務データ未取得,企業未特定,Nvidia partners with optics technology vendors Lumentum and Coherent to enhance AI infrastructure - Network World,2026-03-02T17:00:00+09:00,https://news.google.com/rss/articles/CBMi4AFBVV95cUxQbndYbmZjNkZqcmc1UWlnWjBpS05VWi1weVQ0RTBhRXA5SFc2WWY4VU9mR2laaUh1MFp1dzRmUGtNaXkxRjA5YTNOQzhVU1UwSTk4YTFySVE5SUxIUmxxQ0RyeDVreEpNal8zSnBSSWUxU01UN2lFazlQbXoxOTVwa2pYVGJtTDNObk5uQWNBR3VTTWYwa1VnaWdlTWxzVlJKUUdIcXFNd3BVd3U4LVhweEs4bnpTalNyMFR4bHNMOWNKSXdVNDhTdHhSTkpFRW9NT19lXzNqWTNEY3A1dHc4cg?oc=5
2026-09-21,未特定,,複数候補・要確認,0.45,光通信,特許・技術,16,,,,4.2,,,,,,,,,NA,,,,,,,,,未判定,CHECK_REQUIRED,0.0,,,,Google News RSS; Yahoo chart,財務データ未取得,企業未特定,NVIDIA and Corning partner on AI photonics expansion ... - eenewseurope.com,2026-05-08T16:00:00+09:00,https://news.google.com/rss/articles/CBMijgFBVV95cUxOWVIyT25XVWJOWlgtMzJaSFlBVUh1eDY0NWMtS2huNmdWakJIa1dzY2dIQWRSUXBUZG5LODF0MlBzWERUTG42SnZNUU4zbk5NbFBHV1pZRHZramxqY3Q4NW5ES014R1ZXd250VnlBb3BNcU9fSXdzVXZfTkZXOWhEYzhmU1JsTjNZazdtMWFn?oc=5
2026-09-21,未特定,,複数候補・要確認,0.45,光通信,特許・技術,16,,,,4.2,,,,,,,,,NA,,,,,,,,,未判定,CHECK_REQUIRED,0.0,,,,Google News RSS; Yahoo chart,財務データ未取得,企業未特定,"Nvidia Drops $4B on Photonics Bet With Coherent, Lumentum - The Tech Buzz",2026-03-03T17:00:00+09:00,https://news.google.com/rss/articles/CBMikgFBVV95cUxPUkxjRFR4RUF0cWpsY25FeF9EM1dsRk0wQlhvMHhpZlNNUHM2OC1ia21oVUtvVDEtc2lSc0VtblB6bHQ5LVFTemhRNXRoQWZ4dkZUOGxXdGVmTUx3dWFGWVY3Ykd6ZjlUd2RWbUs2QUlLVndnaHBMaGFkN25feFA2RG1YbkVobzd5ZG03aFZiSm5mdw?oc=5
2026-09-21,未特定,,複数候補・要確認,0.45,光通信,特許・技術,16,,,,4.2,,,,,,,,,NA,,,,,,,,,未判定,CHECK_REQUIRED,0.0,,,,Google News RSS; Yahoo chart,財務データ未取得,企業未特定,NVIDIA's $2 Billion Alliance with Marvell Ignites Taiwan's Silicon Photonics Supply Chain - finance.biggo.com,2026-04-01T16:00:00+09:00,https://news.google.com/rss/articles/CBMiYEFVX3lxTFAwaGI1YllmZnF5a3FqVHl3VjcxeWlHOG9QLTZBSFkwdWhOQjZma19qeTJnaFRWd28tR3BzTmhBQi1ITF9wT0o0c0pxbVBBbXpYUVMwWFNueFRGS3U1Tm54Sw?oc=5
2026-09-21,未特定,,未特定,0.0,光通信,特許・技術,16,,,,4.2,,,,,,,,,NA,,,,,,,,,未判定,CHECK_REQUIRED,0.0,,,,Google News RSS; Yahoo chart,財務データ未取得,企業未特定,NewPhotonics® and Tower Semiconductor Begin High-Volume - GlobeNewswire,2026-09-17T19:00:00+09:00,https://news.google.com/rss/articles/CBMi0AJBVV95cUxNMEFrX3ZrbFAweVZjc0hXamtDTTFNNGt1MHJDS1M4SWtkQ1NIaE5rQ3FjWTBKUUxNXzdGSDVlbFZLcDdXTEdtajdrOGN3NDJtTDdHTDQ0WWFlNWVlRWc4QXFJVGVhZFM2OW5HbmxnbFFZSWF0ZngxVXg0Q3JHYVREc2x3YTRkM0ZTWjZJamFnRG1VcEpzV1BVTHhzVmtYWjl1VEFCR2RGTFhSdFFoVmNyX1JabktVR0ExVHo3UGFBX29PWmtheS10Qm9sWlhqM181ZDFnZ3lPcjJ5czc2ZE5pRjhVdElwOWdmcnF1LTRkRUdXb01FWV9tZFpYWVhrRzVadHp1MUZVWlVab3NYY19UdldmUVp2NzV1ZHJvRGNjZC1sbjVYYXc5LVJ0M3BCOUNvRk1iZW11NmdnM3daN25lZjR0Ujhwdzk3WEZGYlIyZlY?oc=5
2026-09-21,未特定,,未特定,0.0,光通信,特許・技術,16,,,,4.2,,,,,,,,,NA,,,,,,,,,未判定,CHECK_REQUIRED,0.0,,,,Google News RSS; Yahoo chart,財務データ未取得,企業未特定,AI data centers get optical chips as Tower and NewPhotonics ship in volume - Stock Titan,2026-09-17T19:00:00+09:00,https://news.google.com/rss/articles/CBMiwAFBVV95cUxNNHotc3NPc0ZsNDlZMTV6RXBrRkpHT09hR1dUWU9GaENWd1NmengycUVXYTJmU3prMHVqdDFHWWtXWWJfdGhIVF9XbmJJSFktOE5pa1BTUzJTLVVjeGlnTFZtUDI5cEYwVFhXSUFkUFNkM0xrNlB6b3k2d05XampaZENGenhKMDkwS0Z0bkJPdHRJVkZRVVZyMlJ2Um85ZGJVOGpobG03YklkQ1FXd0FkYjlwWG1STXhKTDNSTkR2NC0?oc=5
2026-09-21,未特定,,未特定,0.0,光通信,特許・技術,16,,,,4.2,,,,,,,,,NA,,,,,,,,,未判定,CHECK_REQUIRED,0.0,,,,Google News RSS; Yahoo chart,財務データ未取得,企業未特定,"AI data center optical interconnect market to hit $144 billion by 2030, an over ten-fold increase from 2024 figures, according to new projections — silicon photonics expected to account for nearly two-thirds of revenue, driven by co-packaged optics - Tom's Hardware",2026-08-17T16:00:00+09:00,https://news.google.com/rss/articles/CBMiqgNBVV95cUxPVXphMGU4T09TU1NWZkR5RFlmN2U2Ylh3YjBzeW9HaXMyTDFTOFNSdFE3VU52VXZFVlNoZ3NMVVJzM0kyZjRQMk84cFAySU1uVk5vVVFCcDdkMVA5V2hHVGxXMEZVelI2bG1vYzFGRlBhd21iLVgzVG4ydFlvOUk3MHZmZzJqcnpjUnhLd0Q1TnFnLXlNbEJyaDFzNUhWazV5eFAxdUtQMXRxT3FWdWhPMkQzRjJSRGh1ZnlPNDJwREZIZGs0MnZRd1phQzRBUjJTMVBxU3Uybjk3RjdaM0ZJMS1pY1F6Skh3azdFUlZWM1dPQlBKX0kyTkRPeXM4TUdpQ1lZekphVGlIVDRsTmZfM2hJT3FaZW9yRU52TXlsZE5BZTZNc255V0tscERfYlN6RGh1X3Awb0pSVDZFekxDTTBPVGJZdXJna01RZEl2RVJMR1NlcUR1V2xIYzBuZURqbDZwMVVuN3Z1YVhsRGRIOUNfMDVTckVhcVZFY2VHbk9iRGVDWkZySHZic1ctUVYyT3hCUGUzVlZPanRxWC1LUl9STlNnOXBKZEE?oc=5
2026-09-21,未特定,,未特定,0.0,光通信,特許・技術,16,,,,4.2,,,,,,,,,NA,,,,,,,,,未判定,CHECK_REQUIRED,0.0,,,,Google News RSS; Yahoo chart,財務データ未取得,企業未特定,Sivers Semiconductors Invests USD 30 Million to Expand European Photonics Manufacturing for AI Datacenters - sivers-semiconductors.com,2026-09-03T16:00:00+09:00,https://news.google.com/rss/articles/CBMi5gFBVV95cUxQaVBqSFVMV0NzcWtDU2Z3ZHR1b0NGVS1lX2ZJd2luTEVRLUNsWHB0NC1VRlZkQms0RExhM0VsVHplUGtvcE4wbjdKTUhzSXVHeXNJNEtaYW93aW9VNnh6WHlEeDU1NHg1QzBoWjA1dnc1WG02M2xpcjZBbzE0ZGFZbF9kOE1FR282WkV0U2V1TTZ5a1dXZEJ5dWc4cHJEUkktTl9Fc1l6MjVReDlteTZ0MWNSZlpSbUJ6MlJoOGNoMHNxTmVPVGwxOG1ZQzVVS1N5QXhETU9KZ0U3NS1nQ2lSLWNGV3RLdw?oc=5
2026-09-21,未特定,,未特定,0.0,光通信,特許・技術,16,,,,4.2,,,,,,,,,NA,,,,,,,,,未判定,CHECK_REQUIRED,0.0,,,,Google News RSS; Yahoo chart,財務データ未取得,企業未特定,LightSpeed Photonics Targets AI Data Centers With 400-Gbps Near-Packaged Optical Interconnects - EE Times,2026-05-26T16:00:00+09:00,https://news.google.com/rss/articles/CBMiuwFBVV95cUxPdkZOOFpuOGsxQksxaFJRdnlrRkEzbkxSY093WDdYZkkxYmZmODVBVXFVYk9OQUxvSzhlX1Q0bkNmR25YMmw1b0VxVFQzUlZjRkpyT2swZ2RpUDVHaldkNlZpYk1RNHJYdVU0Y0JRZXV0eTFld2lfc2VZUDY4dmw4Wjc1SGc1ZkVSWnRrTm1OaVhMVEVTeVJPOUdjZ1VNNWIzUGF6WHhScm5nTXl3Ml83UGhYS3pfOFJpMUtn?oc=5
2026-09-21,未特定,,未特定,0.0,光通信,特許・技術,16,,,,4.2,,,,,,,,,NA,,,,,,,,,未判定,CHECK_REQUIRED,0.0,,,,Google News RSS; Yahoo chart,財務データ未取得,企業未特定,STMicroelectronics Targets AI Data Center Demand With Silicon Photonics Push - thelec.net,2026-06-24T16:00:00+09:00,https://news.google.com/rss/articles/CBMiZ0FVX3lxTE5DVnEyNzRCWU1HWXp4RUJFaXlJc3psSmxVZ3IxbUdKOF85c20yZWtfRklHeEdwb1QxU1NyeF83NF9hZW56c0F5VTFRWUkwaHl2ZF9xZmZTZTZwSGFJVjB6aVpqaGJqNjA?oc=5
2026-09-21,未特定,,未特定,0.0,光通信,特許・技術,16,,,,4.2,,,,,,,,,NA,,,,,,,,,未判定,CHECK_REQUIRED,0.0,,,,Google News RSS; Yahoo chart,財務データ未取得,企業未特定,Inside optical and the battle for scale – how the AI industry is racing to integrate photonic interconnects - Tom's Hardware,2026-07-23T16:00:00+09:00,https://news.google.com/rss/articles/CBMi4gFBVV95cUxPeU1WdnNIMHJPWEVGbHVyXzBOcmpZNHJNeUtCN1NTcnJJTFFLbWIwS3FaUExZV1ZhZTh3UzUyVE5DSWdJZVRlUy1LcndvUW4zR3U5WmlxNkZzeGlVSy1VN1pQeU1uWS1wNF93d0NQZkNQLWRaSUpuQXlHc0toaFRoYXZEaFg3UVlldlhHdVBuengtQ2kyOFJqNkN0aUp3Sm1UY0FEWWtEbXEzNl9VYmE1NXZoenZNbGZmVE1wSFZKT3dzYzBEblhVaFlsSFNqWDFCZktsLXVyaFlPVmg3eUphNEN3?oc=5
2026-09-21,未特定,,未特定,0.0,光通信,特許・技術,16,,,,4.2,,,,,,,,,NA,,,,,,,,,未判定,CHECK_REQUIRED,0.0,,,,Google News RSS; Yahoo chart,財務データ未取得,企業未特定,Photonics: A Foundational Scaling Layer for AI-Era Computing - EE Times,2026-06-03T09:09:47+09:00,https://news.google.com/rss/articles/CBMijAFBVV95cUxQVi1xWUkzSTg2VDNSRkRUZEhUSU8waDRxcTB5SGRqXzJFMzZhS0tEcDdqUmR6M2x3LUhOVlZ3cnNVWnFxVjduZk1rMmM4bFlScGtld3paVWpfT19uQ1R1YTF0QVVBLTRWdGJuNnB3SExZaVpnNklEUXpYUkFsbU96Sms5dHhvX0RHY0IzLQ?oc=5
2026-09-21,未特定,,未特定,0.0,光通信,特許・技術,16,,,,4.2,,,,,,,,,NA,,,,,,,,,未判定,CHECK_REQUIRED,0.0,,,,Google News RSS; Yahoo chart,財務データ未取得,企業未特定,"Photonic Packaging Market Size, Share, Trends - MarketsandMarkets",2026-05-28T01:02:53+09:00,https://news.google.com/rss/articles/CBMikgFBVV95cUxOR2hQN2pyNXo2Qzc1cnJHMFVLUFpOeEs3cE5pUWx6eEpuX3VPQ3dSNEJWU1RjblBGeXVuUVd6U1M0SlNud0JKLUpiTXB3ZE1XbHhxVUVrTTZiZ0JjVmlPYjNNQ1dQNzhIUl9XM0I5SDNETWltcnpYTzVKdGRLMlIyRzBhWUVPTU9kUFYtVktmX0JFZw?oc=5
2026-09-21,未特定,,未特定,0.0,光通信,特許・技術,16,,,,4.2,,,,,,,,,NA,,,,,,,,,未判定,CHECK_REQUIRED,0.0,,,,Google News RSS; Yahoo chart,財務データ未取得,企業未特定,Tema ETFs Names Anders Storm Expert Advisor to Photonics Fund LAZR - citybiz.co,2026-08-10T16:00:00+09:00,https://news.google.com/rss/articles/CBMiqAFBVV95cUxOcjhYYnR3ZG5qRXQ4WjZBTmVVOWNPU1lGUUJqM3ZCRzA4ZmZ5SU1yQTB5cE16Z0RocXR4UmQ5Rm56RmxXNnBsTnVQZElGeHotcF9hdnNOaUVHbFBoeUJwVHNfTnBocGFEZU1VUEpvNFhHNlBmMm1DRTIxcHpqbzV1a2Jqb1BBSnZGcVFzenFJSVc4SG92a2hRM2dOYW1IVnZFMjRwWmlGVE0?oc=5
2026-09-21,未特定,,未特定,0.0,光通信,特許・技術,16,,,,4.2,,,,,,,,,NA,,,,,,,,,未判定,CHECK_REQUIRED,0.0,,,,Google News RSS; Yahoo chart,財務データ未取得,企業未特定,Silicon Photonics Lights The Way To More Efficient Data Centers - Semiconductor Engineering,2026-04-16T16:00:00+09:00,https://news.google.com/rss/articles/CBMilwFBVV95cUxObl9UNXhlMDVzTVhtZ254Uk1hemRKYzFYQ19iSUE3YlhfdmZ2QUs3ZWFwMzc3TG1mdTEtTk9oeFozRjF5MnhBYzhKT2psYWlTRUdwOEtkTk93MVJYRWwzSlRCUy0tZWdkLVg4eXVOY1RBSGpFcHJHRVlhR2kzMWFmTWg0aVh6aktJQzhxdm9GWFRYaFlTR0pN?oc=5
2026-09-21,未特定,,未特定,0.0,光通信,特許・技術,16,,,,4.2,,,,,,,,,NA,,,,,,,,,未判定,CHECK_REQUIRED,0.0,,,,Google News RSS; Yahoo chart,財務データ未取得,企業未特定,Silicon Photonics Market Size Forecast at USD 9.6 Billion by 2030 | Wissen Research - PR Newswire,2026-05-21T16:00:00+09:00,https://news.google.com/rss/articles/CBMi1AFBVV95cUxOa1E1em5YaWVjeGJBR19hTUpZZms3bTl0Q04yMUFwRWlTXzkwTVdzRWk0T092ck1KX2s2YWVWc2lZNC1FR0NQSHU0S2t3RThWM1R1Ym15WHhLNEoxc1JWdWNqeVJuN1owRmFnd091OHpFekVLUXBORHFjekRfaHVTT2RrODJ0RkRVLWw5WGRRblF4UlpiYTlsVDBwYkVGTUQ2eDhUSTVXd0FTMHBrQVdZU3Uxd29qeXZwd080SVVRTFVUNHpDaE91d1JtaFE2di1qb3RBMw?oc=5
2026-09-21,未特定,,未特定,0.0,光通信,特許・技術,16,,,,4.2,,,,,,,,,NA,,,,,,,,,未判定,CHECK_REQUIRED,0.0,,,,Google News RSS; Yahoo chart,財務データ未取得,企業未特定,Credo + DustPhotonics: Rewiring the Optical Layer of AI Infrastructure - semivision,2026-04-14T16:00:00+09:00,https://news.google.com/rss/articles/CBMifkFVX3lxTE1RNnhRcnJmQUNNUmp2ZDRMajYwLW9VNGRNY0gwVjh4ZldzMFJiN2Q5Y0RER3lwbXhsdkhKRXBreXpONmRNN1FSUC0wNGRMX0dsaHlKbkxfWWEzWEU2VTVRVW82UjVtRGxaXzVzdXVQVWM4a0xod3diWGI2clJtdw?oc=5
2026-09-21,未特定,,未特定,0.0,光通信,特許・技術,16,,,,4.2,,,,,,,,,NA,,,,,,,,,未判定,CHECK_REQUIRED,0.0,,,,Google News RSS; Yahoo chart,財務データ未取得,企業未特定,"Taiwan Semiconductor Introduces the 'Three-Layer Cake' Theory for AI Chips: Optical Interconnects Deemed 'Most Important in the Future,' COUPE Technology May Take Center Stage - Moomoo",2026-05-13T16:00:00+09:00,https://news.google.com/rss/articles/CBMirAFBVV95cUxPNk1iWHNaLXlGVUtUZklpWV9EY1NtMEpITUJUVzU4YUFsTXdZUHBteWYweGZ4NGt4dDBnV1hERGhuWmt5RmtNWGhBT3lTdkdUMzd6M0RQYWJsemF1LURIam9yUko4ZFpaaWc3VmdyUUU0d0M3RlBsZkcyQmlLRXZsUkt3ZkZBRl9DTU0xNEViUEQ2UGRvNk9KMWE1R2laREkzTXU4VmZTWGpvalNa?oc=5
2026-09-21,未特定,,未特定,0.0,半導体,特許・技術,16,,,,4.2,,,,,,,,,NA,,,,,,,,,未判定,CHECK_REQUIRED,0.0,,,,Google News RSS; Yahoo chart,財務データ未取得,企業未特定,"The Future of AI Chips from the 'Chip Olympics': Interconnect Technology Bottlenecks Emerge, and Packaging Innovation Becomes the Next Key Battleground - Moomoo",2026-04-16T16:00:00+09:00,https://news.google.com/rss/articles/CBMiogFBVV95cUxOYkk4VC00SUNyZ09VbG1DU21fRFQ1MnVHSGpfOEFuZThxY1VlczFIWjNKNVJiVjBHcFhlT1J5NElUakpncl94MXUtSkZobld0ckw3SDQyTm5nWVN0TndlR0V5TDZod3k3aW1GdVo4aVNKLTlsSGlDaFlMWVdjMENBQkIwSW5hXzgwdHdtVXF2SEJHZm43V3FCeUdvVVcxX1IySkE?oc=5
2026-09-21,未特定,,未特定,0.0,半導体,特許・技術,16,,,,4.2,,,,,,,,,NA,,,,,,,,,未判定,CHECK_REQUIRED,0.0,,,,Google News RSS; Yahoo chart,財務データ未取得,企業未特定,Key Technology Trends to Watch in Advanced Semiconductor Packaging - IDTechEx,2026-07-01T16:00:00+09:00,https://news.google.com/rss/articles/CBMiuAFBVV95cUxNN2JLZXhiTndmV1RicVJ6bHEyWEh5VFlYNmR6Q2RJRThfa0xzWW5KZjRPYkRPaDhRWktZcFFjemtJcFppSkFHbXBJc3JBZWNiLXdLdmRST2FIQjFjZnZncUQtZlJ3WFJoamtsanh2d2ljMjVjdmtHcXhqYVNLZmlqTVJTdGg3a1g0dS1QOF9wLXdhWlFYckx1TUt2RXhka0l0bkg2YkR5NTN4VC04dmFVQlQ3T1hkQUgw?oc=5
2026-09-21,未特定,,未特定,0.0,光通信,特許・技術,16,,,,4.2,,,,,,,,,NA,,,,,,,,,未判定,CHECK_REQUIRED,0.0,,,,Google News RSS; Yahoo chart,財務データ未取得,企業未特定,Sivers Semiconductors (SIVE.ST): AI Photonics & US Listing Setup - TOP1markets,2026-07-20T16:00:00+09:00,https://news.google.com/rss/articles/CBMijwFBVV95cUxPdWRBZi1vakZOX2FDVFg4N2hzdWR6cDhZeUhqM25NX1F0TDk1elhTSVVuUk5LQm9tRWpBZFM0eU5jN0d5d09qLXpoVWNhYVdxZ0NOemJCQTJ2NWFpNmRXemNGR2RfS3ktd0w3UXFrdVRhbmtOaTV5R0ZlQWpTa0hXb2VHQS1hdnYwWHg1OFRqVQ?oc=5
2026-09-21,未特定,,未特定,0.0,AIデータセンター,特許・技術,16,,,,4.2,,,,,,,,,NA,,,,,,,,,未判定,CHECK_REQUIRED,0.0,,,,Google News RSS; Yahoo chart,財務データ未取得,企業未特定,Point2 Technology: $76 Million Series B Raised To Advance RF Interconnect Platform For AI Data Centers - Pulse 2.0,2026-04-21T16:00:00+09:00,https://news.google.com/rss/articles/CBMivAFBVV95cUxQOFZUOGdKLUMycmVDR1FmRDlwZ0NTU1lrd1BXLWFFYTBWWTh5aGlqUTFmNzd2Rm5fSGo5UGk3RDRyT1J4d0stUlBQUUFsZ1c0WnJwRVhReElKdjhfWllJSWNQS1d3Y3pEemR6SGNjRUUzWWpZWWNCTGJ3WXJRR29SZkxwR2ZpWTJ6emw2WHhPc3RXTmIzNlRNdmhxbFZ4VlBkZjhPZXprYVBqMENGNjZKa3BqaGZnQi1mZmRub9IBwgFBVV95cUxNM2d6MnBZTW1vcnAzU200dHlmT3IxZkV0bUVfd3J6SnJBWWVicFE2aGQ0eDB2dFJ0REFsWmJCMWdoTk9ZUjR6SVBFQlhaS1ZRX1c1UV94dmlIdnhaVVZRUVQ5R3A0Q3A0aHU5c2duRkhQX1N6bk9WS1dsbHVSUjBHcjZjQkNxWWt5el9na1BDYTBhQkVMUVhNdldTYVVzUUY0eTVDaHI4YjUxOTI3RnNsdVBRY2VsdmVQTGVaUkgwVkQ4dw?oc=5
2026-09-21,未特定,,未特定,0.0,光通信,特許・技術,16,,,,4.2,,,,,,,,,NA,,,,,,,,,未判定,CHECK_REQUIRED,0.0,,,,Google News RSS; Yahoo chart,財務データ未取得,企業未特定,ams-OSRAM Stock: Digital Photonics Adoption Is The Bull Case (OTCMKTS:AMSSY) - Seeking Alpha,2026-07-04T16:00:00+09:00,https://news.google.com/rss/articles/CBMimgFBVV95cUxPTW1RVzFZQ1dDMjc1RGEwRjN6OFJ6dDJqYmFQVE1fb01ld2Z3d2pNTVA2RXphUjRDT0plRlNsMVRyYW5ucGVPMU52cHg2VDktblBzdGN0OTg0d2JOWDRhVEV5VUc5b1VWSDJVNFFPSFpJTEU0aXZsZ2pMbWtjUW1fenY0b2NaTU8zYlA0bzlfbHFNQ1FnbHVmS1NB?oc=5
2026-09-21,未特定,,未特定,0.0,光通信,特許・技術,16,,,,4.2,,,,,,,,,NA,,,,,,,,,未判定,CHECK_REQUIRED,0.0,,,,Google News RSS; Yahoo chart,財務データ未取得,企業未特定,"Silicon photonics expected to dominate AI growth, TSMC vice president says - Taipei Times",2026-09-01T16:00:00+09:00,https://news.google.com/rss/articles/CBMidkFVX3lxTFBoLXZObUlYVmFDTEtDaXdyalFCM2FBT0hteTRKbHozUTVoaDNTaGhEdTVDdkk2Y3FRRVNxQTFrTWhYM1pPX2kwZ0x2c2p1bVFFVUpNN21pSVNaVzNraHdtdHFvelVPV0dNdTFwNXJ5Y19TZkNZR3c?oc=5
2026-09-21,未特定,,未特定,0.0,光通信,特許・技術,16,,,,4.2,,,,,,,,,NA,,,,,,,,,未判定,CHECK_REQUIRED,0.0,,,,Google News RSS; Yahoo chart,財務データ未取得,企業未特定,"SEMICON Taiwan to spotlight silicon photonics, CPO commercialization - Focus Taiwan",2026-08-30T16:00:00+09:00,https://news.google.com/rss/articles/CBMiV0FVX3lxTE9wUmpqVjZPVlJ0MXJ3VmYwb25kdmFLWGJFdmVwZzZqbE9fRV9QbVdMMkFEdEtpalFfdkdGSlFONmhkaHBNS2hLUGt1MEJ0SDhMV2VkcUFBSQ?oc=5
2026-09-21,未特定,,未特定,0.0,光通信,特許・技術,16,,,,4.2,,,,,,,,,NA,,,,,,,,,未判定,CHECK_REQUIRED,0.0,,,,Google News RSS; Yahoo chart,財務データ未取得,企業未特定,Taiwan Bets on Silicon Photonics to Power the Next AI Boom - ChemAnalyst,2026-09-07T23:17:45+09:00,https://news.google.com/rss/articles/CBMirgFBVV95cUxNWkxhbVNpNmtuOHFzYVE4UGw4S0Q3Ym1VN3JvV1RuUTNXYzNqZDJ0enVoT2U5OEhIZ3VWc1c4dlRtS0xfQ2xsWXg3RGtsZjJRYjNHY1dGLUVzTVNodWl3bWN0a25VUGw4NVZKcllVRE5YZ0JKSk9qNThaMDNoY1dISDR0Z0ZkaXNfblZvT3Y0a1BaZVZUVlptSEkwaDFXQ0ZzcnRScFQ1akYxckVrVmc?oc=5
2026-09-21,未特定,,未特定,0.0,光通信,特許・技術,16,,,,4.2,,,,,,,,,NA,,,,,,,,,未判定,CHECK_REQUIRED,0.0,,,,Google News RSS; Yahoo chart,財務データ未取得,企業未特定,Industry insight: photonics to scale AI data centers - Nature,2026-01-30T17:00:00+09:00,https://news.google.com/rss/articles/CBMiX0FVX3lxTE1aSEZwNk1tM0FhUUo2RnotRWo1YXltYk5EYkRmbTBpcFZkd20xN1NhUk1ScXFMNDh4UWNCSWdvZ001eWZwSExPeHlSZFZKMUY0bWw0c2EweW9YdmZZa0Zj?oc=5
2026-09-21,未特定,,未特定,0.0,光通信,特許・技術,16,,,,4.2,,,,,,,,,NA,,,,,,,,,未判定,CHECK_REQUIRED,0.0,,,,Google News RSS; Yahoo chart,財務データ未取得,企業未特定,"Crealights, GlobalFoundries expand 6.4T photonics work - TNGlobal",2026-09-09T11:05:03+09:00,https://news.google.com/rss/articles/CBMingFBVV95cUxQR3J5a2dRNTlGQld2TjlHb0dhYThNVVNPWHA3WTVBckxHWTNVbDQ0MEJ3MmtmS1pDLW1kVzN5S0NVTnRXNUQ0eTVZWmxkeVNOSE9SZUU0NTA0a3Z5SEt1QWFTdVlScmxrMDNJckJVSUpfTkhKU05Ia1hKZVo3YWlLM20yalFRaFRfeHRtV0RYSHlaa3hmbEdZWjFORG5Pdw?oc=5
2026-09-21,未特定,,未特定,0.0,光通信,特許・技術,16,,,,4.2,,,,,,,,,NA,,,,,,,,,未判定,CHECK_REQUIRED,0.0,,,,Google News RSS; Yahoo chart,財務データ未取得,企業未特定,"Credo Agrees to Acquire DustPhotonics, Accelerating Expansion into Silicon Photonics and Next Generation Optical Connectivity - Credo Investor Relations",2026-04-13T16:00:00+09:00,https://news.google.com/rss/articles/CBMirAJBVV95cUxNOFAyYmdENEthb0U4V2xGSXFFVUhfSk03UldvbEZvdU1FVUo2UnlhTWplaE81QXBGSFluQWhFU0tsVUdjT1plVTRuWko5ZWctcEIzWERBWlg0bjBVS28wYXRpYWUtN0NHNTQxMThkUzNYVE5HM2NGNEUyQjUwYXhmalNVb0ZkUGNNZ0xLN19pcU9QZTQyNTJvaUhrb1VRdXZFQmh6LVpQSHQyNlJfdHlDVWpvaXRLR1I2aExIakptMkFNWXNsRk1heTNWYVVPdWdBZGNiVGdlM2JFNm9lUmRGOTk1VEozOTRyZUNISF9SUUxyZ3RHeE9mRHhTbnRhdlNXYWg5Z0h1SUtIdHQzMDRkTV95anJtM2tYZ3lZLTVXZnpweWRUQkQxbDFHVVk?oc=5
2026-09-21,未特定,,未特定,0.0,光通信,特許・技術,16,,,,4.2,,,,,,,,,NA,,,,,,,,,未判定,CHECK_REQUIRED,0.0,,,,Google News RSS; Yahoo chart,財務データ未取得,企業未特定,"Semicon to put spotlight on CPO, silicon photonics - Taipei Times",2026-08-31T16:00:00+09:00,https://news.google.com/rss/articles/CBMidkFVX3lxTE51Z3JlcVM1andPMlI2NVFZalhGN0Rlbk80RzY2Sl81NFBDZjNSQWxSR1QyNTdfTUlteWJqNHI3NkVNTi0tXzFKTkNHaUxUSUdPMnJQNUxhZTY0WXh0VmtKbzRFZjg0WFo5QjBIM1l0N1l0ajhSN0E?oc=5
2026-09-21,未特定,,未特定,0.0,光通信,特許・技術,16,,,,4.2,,,,,,,,,NA,,,,,,,,,未判定,CHECK_REQUIRED,0.0,,,,Google News RSS; Yahoo chart,財務データ未取得,企業未特定,Taiwan eyes silicon photonics as next big tech leap - Taipei Times,2026-09-07T16:00:00+09:00,https://news.google.com/rss/articles/CBMieEFVX3lxTE55ektzSXlzV3pJakY4U2NMVl9oS002c2dqbGJoNG5FcVQ5RzkyZ0FHSy1vcFNpSnYxOE5McVJaalJQdW5KbFhZdEVHdUNkN3p0d1N5TGpsQXY1TERGUmk5X28zZG54SlpKcUJzYWNwRWtzWmVTcmpiSg?oc=5
2026-09-21,未特定,,未特定,0.0,光通信,特許・技術,16,,,,4.2,,,,,,,,,NA,,,,,,,,,未判定,CHECK_REQUIRED,0.0,,,,Google News RSS; Yahoo chart,財務データ未取得,企業未特定,Silicon Photonics Fab Wars Light Up as UMC Takes on TSMC & Global Foundries - Counterpoint Research,2026-07-14T16:00:00+09:00,https://news.google.com/rss/articles/CBMiqgFBVV95cUxNX0xkeTVxQXhBT1ZfTHJMdjRTUjg0MGtNOHg0bG1vYUcxNXdRczFva2pvSFMtS2tpczUzS0Y2WWZBOW5zMGVwZURZdmR2WkJoUmFhbHBVMnpTVjRlNEZQVlhNY3VvRjZTNGR4cWFpamVHLUh3eEV1TmlPUGxvVDV0b2E5X3o2SDV4Y1V0dDVZd3l2ckw3LS1Pcm44Y1FJblZsWHJpeVVyVDV1dw?oc=5
2026-09-21,未特定,,未特定,0.0,光通信,特許・技術,16,,,,4.2,,,,,,,,,NA,,,,,,,,,未判定,CHECK_REQUIRED,0.0,,,,Google News RSS; Yahoo chart,財務データ未取得,企業未特定,Weekend Study: One of the Biggest Misconceptions About Co-Packaged Optics (CPO) Is That the Best Optical Technology Automatically Wins. It Doesn't. - Moomoo,2026-08-01T16:00:00+09:00,https://news.google.com/rss/articles/CBMiuwFBVV95cUxQOXZRQTJ3QnlocUg5XzZaVlZCWTVGd1V6VGZ6bTZqUG1UbmJDM1p6M0d2WHIzTF8wXzRCelNrOVdYSDVKMWdfM21yMV9OU0hsajd4SkNjQ2VONHFSZU5qMGFhdnNkaWJCcmdDQzYxOUJtejRDNUFZYktEckFpYTBobzAwSGoxcE1TckJpQWRtZlBwV1RHX05ydXhxTUlkSjVZSUlGYlMtdlVDUmJCZ3g4NnU4QUdBMnd0Nndr?oc=5
2026-09-21,未特定,,未特定,0.0,光通信,特許・技術,16,,,,4.2,,,,,,,,,NA,,,,,,,,,未判定,CHECK_REQUIRED,0.0,,,,Google News RSS; Yahoo chart,財務データ未取得,企業未特定,"OFC 2026 Summary: How Silicon Photonics, CPO, OCI, and OCS Are Redefining the Physical Boundaries of Data Centers - semivision",2026-03-26T16:00:00+09:00,https://news.google.com/rss/articles/CBMihgFBVV95cUxNOFdVSFhVMGVORXAtbzEyTW0ta0l1aENhWUhhUVctb21sT2NDaGMwVnl6MWJZcVBqdDVuREp6dUZ0aXZtT0RBbnJlWXVMYTU0VjNIMmN3RE1YX1dVaW14SU9sSWxvOHF2SmZjUk5IdUJ6MVRjdWd1bzhEVmRuTlhDeDctbF8xQQ?oc=5
2026-09-21,未特定,,未特定,0.0,光通信,特許・技術,16,,,,4.2,,,,,,,,,NA,,,,,,,,,未判定,CHECK_REQUIRED,0.0,,,,Google News RSS; Yahoo chart,財務データ未取得,企業未特定,Advanced Photonics Enable the Next Generation of AI Data Centers | Features | Mar 2026 - Photonics Spectra,2026-03-03T22:58:34+09:00,https://news.google.com/rss/articles/CBMilAFBVV95cUxQRXhmaFhFb3ZxbTBwNTFrc2EyOHlQWTJ4a1BjUXJ5bmdtTTMtVjJFQ0Q5dDZEQjllWG9QbHRob0ZhRDVOOWVURkMxV1BDamlkZ1EwWUNER0FOaDNwU3djT0Nza0xpRVhBS2NSbkg3ZDl6OFhxU1BxRzdQaEZrQVlHZE5aLS02dXVaZlpBLWJWMi1HQnlP?oc=5
2026-09-21,未特定,,未特定,0.0,光通信,特許・技術,16,,,,4.2,,,,,,,,,NA,,,,,,,,,未判定,CHECK_REQUIRED,0.0,,,,Google News RSS; Yahoo chart,財務データ未取得,企業未特定,"[News] Samsung Foundry Reportedly Wins Optical Module Order, Steps Up Silicon Photonics and CPO Drive - TrendForce",2026-05-01T16:00:00+09:00,https://news.google.com/rss/articles/CBMi2gFBVV95cUxPTXlxS2R2YTVLSldqVWtZVklCZ0hXMmFzTXYybFFOd0hZYWJOV0t1djRUb1ROTnNoaHo1VVJHel9qY1pZNXJXWFhZcDR4aTg4Umt3cHNlTXJzbHVtTVZ5RVBFNVkxdFl6VDhLUVlNR09ldmVmM1VWRE9iZmpzY3FvNEZiZmw5NmZQZWJwUFdLSER3X1ZQNlBUdUNlMlNxV1FwYmEydzlKRkRPS013aEszZXJWV3R1TEJqWVUyV2pZdXhLNVZPWjhseEgxOUxXODZUM24taUUzZzdyQQ?oc=5
2026-09-21,未特定,,未特定,0.0,光通信,特許・技術,16,,,,4.2,,,,,,,,,NA,,,,,,,,,未判定,CHECK_REQUIRED,0.0,,,,Google News RSS; Yahoo chart,財務データ未取得,企業未特定,"AI infrastructure hits copper limits, foundries lock down silicon photonics capacity through 2028 - digitimes",2026-06-01T16:00:00+09:00,https://news.google.com/rss/articles/CBMimAFBVV95cUxNTGtRX0xGWXlQMUVBZzdVZXhkcHlLXzZGR1c1QmRfa3lMMW5OTHRCdWdwUUR6OVdCeHR6T0g3TjBCZ2E2SUdvdUFBT3o2VFpOTDBvdGYwa054Y0tVSGw3czhIenlOYnNlQlpfOXAtVVRGR255RWlPYlUxQ0lITGJIWms1OWhpNmU2RFZWYjJxcWtzMUltODhRMw?oc=5
2026-09-21,未特定,,未特定,0.0,光通信,特許・技術,16,,,,4.2,,,,,,,,,NA,,,,,,,,,未判定,CHECK_REQUIRED,0.0,,,,Google News RSS; Yahoo chart,財務データ未取得,企業未特定,Lightmatter Taiwan Tech Day in 20 Minutes: A Photonic Leap into the Future of AI - semivision,2026-01-29T17:00:00+09:00,https://news.google.com/rss/articles/CBMif0FVX3lxTE42SnFaUTExOGxxamhac2l0ZGQ4YXc5bUhMWEluMm9KWVoyYmVqUURZTUpoWWhRdDB3cVM5TzFNa2NJSjJmbGVPVHlTd1l3MWU2S0g2WVhaT2VLYkhhNUkyRjMwUlhtVG91TVNLMzR0X0NDWWZFSk1uMlQtTkdtZlU?oc=5
2026-09-21,未特定,,未特定,0.0,光通信,特許・技術,16,,,,4.2,,,,,,,,,NA,,,,,,,,,未判定,CHECK_REQUIRED,0.0,,,,Google News RSS; Yahoo chart,財務データ未取得,企業未特定,"Sivers Semi, Global Foundries to collaborate on CPO silicon photonics - Telecompaper",2026-06-02T16:00:00+09:00,https://news.google.com/rss/articles/CBMisAFBVV95cUxNY19feWF5blA3UW5tNXItMmlkclJ0MENTWG9ocFNJdXEtQ1pJYXZWTlRZempRMW1XaFdJVVdBUjJ1c3NkVzRUR1R5OXV0Q3BsVUJOOXVNVjZDVjFBWEtSMTZfOW1Lb1ZTaE8zdDZrNFFpSXFJbHphVno5dER0TG9pZUpMM21DaURkYnJKa01OUHRmM1YzWEVHdmpWeXpGNUpSVTFqQmU5ZTZGbEE5dXB4dg?oc=5
2026-09-21,未特定,,未特定,0.0,光通信,特許・技術,16,,,,4.2,,,,,,,,,NA,,,,,,,,,未判定,CHECK_REQUIRED,0.0,,,,Google News RSS; Yahoo chart,財務データ未取得,企業未特定,Silicon Photonics Tackles AI's Data Bottleneck - Photonics Online,2025-12-02T17:00:00+09:00,https://news.google.com/rss/articles/CBMikAFBVV95cUxQVnpnUHgtVVdlSS10dHJfbnlNbEtadnlKZ0poTUVNekpkQUl2dW5GNF9XZm1pbnVIbXlSMVBubFdYcHhZNFZjbHp6SGZMM0huNWhlM21NdE4zNUNydjgxMnhmX05yeUgxTzVkbkh2aVNvaERUNHVsSG12ZS1NSjhUdnBaeFhxLWxBaGQ0Z0ZwcFk?oc=5
2026-09-21,未特定,,未特定,0.0,光通信,特許・技術,16,,,,4.2,,,,,,,,,NA,,,,,,,,,未判定,CHECK_REQUIRED,0.0,,,,Google News RSS; Yahoo chart,財務データ未取得,企業未特定,Sivers stock rallies on GlobalFoundries AI photonics deal - eciks.org,2026-06-02T16:00:00+09:00,https://news.google.com/rss/articles/CBMijwFBVV95cUxPSTVXeURkczhZb1JNdGN0elhUR2kyTy11eGdFM29UNEtUYVpoRVpZUFAtTnR5aTdtUkNLWjZVeXdQNERJSWdwbndBczJVd1ZVbUJhbGJaZDl3NU1kaWxjT0dWakFKUHFYZHIwcm9tWWp5dUxydWU2SDhqdHVQTHRoR2FlM3o2eGsxM0lQSFJ0OA?oc=5
2026-09-21,未特定,,未特定,0.0,光通信,特許・技術,16,,,,4.2,,,,,,,,,NA,,,,,,,,,未判定,CHECK_REQUIRED,0.0,,,,Google News RSS; Yahoo chart,財務データ未取得,企業未特定,STMicroelectronics Accelerates AI Infrastructure with High-Volume PIC100 Silicon Photonics Production - Bisinfotech,2026-03-13T16:00:00+09:00,https://news.google.com/rss/articles/CBMiygFBVV95cUxOdFJRcUN6T040Y3A2MUxkSjNYYUt3UG10Y3R2VERGWHNidlZyOUdNSDAyZWhQZEJLbDJqS05mTUpZZlgza21HTXZNRlY5a3B6ZzN1MHVCTDVHVHozWlM0Z2d2QWZTcmFuV3NqMFU0MlR3S29HWkppTEU5cWdiekxZM2V1dWkxdzRrU1Y3NFRvQ2RBWWxGZVZNY09LZktNbUswdWZKTjB3SWJYRjBnbXBvS3lrNXctRjE5V3UxVTJmTEo3OTVGNjBPWlRR?oc=5
2026-09-21,未特定,,未特定,0.0,光通信,特許・技術,16,,,,4.2,,,,,,,,,NA,,,,,,,,,未判定,CHECK_REQUIRED,0.0,,,,Google News RSS; Yahoo chart,財務データ未取得,企業未特定,From Taiwan to the World: Silicon Photonics Roadmap and Its Role in Global AI Infrastructure - semivision,2025-07-25T16:00:00+09:00,https://news.google.com/rss/articles/CBMifkFVX3lxTE52VnE2OEVUa1c0WG9JMUo4Mnd6TVVabFdSWDUyc3JORGNmUDN6LVJhTVZOY0pJSlZnQ2hJUldpVVFNVVlGWlpGRWxoMHgxQ2dYelcwdkYzZGlQa0puUDJWMHFwSkJTVTU0RDg4ZWVLcWQtQ1dYVjhnbUpWRDZhZw?oc=5
2026-09-21,未特定,,未特定,0.0,光通信,特許・技術,16,,,,4.2,,,,,,,,,NA,,,,,,,,,未判定,CHECK_REQUIRED,0.0,,,,Google News RSS; Yahoo chart,財務データ未取得,企業未特定,Scintil raises $58m to scale integrated photonics for AI factories - Semiconductor Today,2025-09-09T16:00:00+09:00,https://news.google.com/rss/articles/CBMiggFBVV95cUxOMS1DR0ZjdzNIM1Z4TXdvRVduNDZjU0FSVnowSVItSHVOXzJ4MzNyX3VPdW5FYUpNemdacmNKUFhaYVJjMzJfQ01MM192am03WGszTlB2d3RCSGRhTllVaE5JU090SFlPUVRzTTF4UWZlTXNNQ0xxNmRQTVNERHBVUHdR?oc=5
2026-09-21,未特定,,未特定,0.0,光通信,特許・技術,16,,,,4.2,,,,,,,,,NA,,,,,,,,,未判定,CHECK_REQUIRED,0.0,,,,Google News RSS; Yahoo chart,財務データ未取得,企業未特定,EMIB Meets Photonics: Building Reliable CPO for Zettascale AI Networks - semivision,2025-06-03T16:00:00+09:00,https://news.google.com/rss/articles/CBMihgFBVV95cUxOeXVnaE5sdFdrTWdWWWJWdWlWclRBaXdOanZSdElieVNYSTB2eXBkOVNIQU9PdVlzZXYwbGdHZE5HaGphR2d6T2FWb09vNnBwVWdwUE9WV01uZHNCR3ZDaTh3bU9MYnBvVkJOM05BYlRNbnlTUkc4WlBYbTFJcDd5WXQtSWVJdw?oc=5
2026-09-21,未特定,,未特定,0.0,光通信,特許・技術,16,,,,4.2,,,,,,,,,NA,,,,,,,,,未判定,CHECK_REQUIRED,0.0,,,,Google News RSS; Yahoo chart,財務データ未取得,企業未特定,Lightmatter: Transforming AI Infrastructure with the Power of 3D Photonics - semivision,2025-08-29T16:00:00+09:00,https://news.google.com/rss/articles/CBMiiwFBVV95cUxNMVhTSnRJWVM0ZUU3QWI4cHRyYlhhMllpN0MxcnBGT2g4MkF5a1d1RlRyakx3aDAxN1E3MzdHeUszWEg1NDlycEZ1SmF4N0E0djRDUElzZFpOVEtoelRCNDRNNU5uYUx6TlFhanVXSW1NeG1pdXdDelJFSzdOWkE4dXJfY0ZIQ2Q1MDMw?oc=5
2026-09-21,未特定,,未特定,0.0,光通信,特許・技術,16,,,,4.2,,,,,,,,,NA,,,,,,,,,未判定,CHECK_REQUIRED,0.0,,,,Google News RSS; Yahoo chart,財務データ未取得,企業未特定,From Wafer to System: AIM Photonics and the Rise of America’s Full-Stack PIC Foundry - semivision,2025-06-23T16:00:00+09:00,https://news.google.com/rss/articles/CBMigAFBVV95cUxPdkVTTU5SV0YzTGhtR2NJNm5JcndpNktZbkoyZ2V6X0ZZS2RtX2dZRnV6eHRwb0xPaGhzUE5VT2ViR1kxS1hmclJvaXBLdWxiOHp6NFhmNmNCRElRNkJyekdlNUowUWFxNWwzT0VxcUhyd3I1VndQeXY5MlI0TEo2QQ?oc=5
2026-09-21,未特定,,未特定,0.0,光通信,特許・技術,16,,,,4.2,,,,,,,,,NA,,,,,,,,,未判定,CHECK_REQUIRED,0.0,,,,Google News RSS; Yahoo chart,財務データ未取得,企業未特定,2025 CPO Heterogeneous Integration Technology Forum - semivision,2025-04-23T16:00:00+09:00,https://news.google.com/rss/articles/CBMigAFBVV95cUxPOU1IaXJZRmdjZTllZFRkcDFfaFo2MFZWUHNMc0ZfemluSTdoYXVUTDMtTFpXRk9IbG5tMXBPUXdWN3pLVmhXNUNQalhaaklOR3d0Y1BmSzBoY19QWmRaMXdmNHFxcHJXbFlneUttWGVqVWxwYllUMDJUYVJTQjRLSA?oc=5
2026-09-21,未特定,,未特定,0.0,光通信,特許・技術,16,,,,4.2,,,,,,,,,NA,,,,,,,,,未判定,CHECK_REQUIRED,0.0,,,,Google News RSS; Yahoo chart,財務データ未取得,企業未特定,Silicon photonics and co-packaged optics at the heart of next-gen AI-driven data infrastructure - dqindia.com,2025-09-05T16:00:00+09:00,https://news.google.com/rss/articles/CBMizAFBVV95cUxQcmRFTUhUYnFfdlZGWW53dmhPVGlwNDAwbGR2Vzg4TzFlanVaZnFseFJpaGJpTmZBRGFHV1VmV3VJMGE0ellOYTRkNHJZWnZGTWI3UlVScGtuSjlBR2FaZFdDaUgzNS1od2JiSjd6VGZWeFctSGlRQllkaXNhamZSOURWS0FGdUZzSlVJNC13UG15dXB6WXg4NGZiYWZoSF9vQlQ1bEZmRWdYMWF5c0NfM3h3WTN5Z2ZrbnBqeHAyNS1MdHpVTVBNWmVXNXrSAcwBQVVfeXFMUHJkRU1IVGJxX3ZWRllud3ZoT1RpcDQwMGxkdlc4OE8xZWp1WmZxbHhSaWhiaU5mQURhR1dVZld1STBhNHpZTmE0ZDRyWVp2Rk1iN1JVUnBrbko5QUdhWmRXQ2lIMzUtaHdiYko3elRmVnhXLUhpUUJZZGlzYWpmUjlEVktBRnVGc0pVSTQtd1BteXVwell4ODRmYmFmaEhfb0JUNWxGZkVnWDFheXNDXzN4d1kzeWdma25wanhwMjUtTHR6VU1QTVplVzV6?oc=5
2026-09-21,未特定,,未特定,0.0,光通信,特許・技術,16,,,,4.2,,,,,,,,,NA,,,,,,,,,未判定,CHECK_REQUIRED,0.0,,,,Google News RSS; Yahoo chart,財務データ未取得,企業未特定,From Interconnect to Intelligence: Taiwan-Japan Driving the Future of Photonic Chiplets - semivision,2025-05-26T16:00:00+09:00,https://news.google.com/rss/articles/CBMif0FVX3lxTE1JUjJ3empEbnZ2aGtYOGpLWUpVU1ZCZmJZSFNud3JiVy0wU2ppeXBjYmNETWFfVmM0TUlCQVlBZmVPSTVaODRXcG5jVk5UMmVadHVTOVJCYXBvcTFmRDVQT2ZOQWlqMUt2UmFlM2RBeWVFcWItZ0FGeF90QlRzdW8?oc=5
2026-09-21,未特定,,未特定,0.0,光通信,特許・技術,16,,,,4.2,,,,,,,,,NA,,,,,,,,,未判定,CHECK_REQUIRED,0.0,,,,Google News RSS; Yahoo chart,財務データ未取得,企業未特定,TSMC Strengthens Its Foundry Leadership with Latest Silicon Photonics Platform Advancements - semivision,2025-05-13T16:00:00+09:00,https://news.google.com/rss/articles/CBMihwFBVV95cUxPVVA1Y2l6ODdvUnhyVmZHdHNRb2tNcTVpdEx4aG1aVUlwejlvS0V0V0RxYjlmZ08tcU9vaW11SzhneG5KOU1XWGo5Zmw0VHZhV3MwWHJaRDhGc3lhWm94SU1GLTRVYTFwZmxOYTJzSk9wY09LaW9FQ2ZKWnZhWEdobm8xVDBSZE0?oc=5
2026-09-21,未特定,,未特定,0.0,光通信,特許・技術,16,,,,4.2,,,,,,,,,NA,,,,,,,,,未判定,CHECK_REQUIRED,0.0,,,,Google News RSS; Yahoo chart,財務データ未取得,企業未特定,"POET Technologies, Lumilens Partner on AI Photonic Integration | Industry News | Aug 2026 - Photonics Spectra",2026-07-25T20:02:45+09:00,https://news.google.com/rss/articles/CBMiigFBVV95cUxPYkpmdzFuUlo3bkhmR0FxSmYxV0xZbjVicWE2aXl0WEJDV2k4Vl9kbTlMMFc4ZnZlWTdlY25pWk1MdHdKaV8wRTdHTXZCMDFhOHQ4QUVtNTFJTVc0UnV5anE2NVdXbUYzY1lpbHV5eF9EdzBfb1U4a1ZPaVZHYi1URGN4MUtnRUJRWlE?oc=5
2026-09-21,未特定,,未特定,0.0,光通信,特許・技術,16,,,,4.2,,,,,,,,,NA,,,,,,,,,未判定,CHECK_REQUIRED,0.0,,,,Google News RSS; Yahoo chart,財務データ未取得,企業未特定,Silicon Photonics: The Lightspeed Revolution That Will Transform AI Computing - Lam Research Newsroom,2026-01-15T17:00:00+09:00,https://news.google.com/rss/articles/CBMiiAFBVV95cUxOZllwb1F3ZkpKdnpscm5YTURtUXJOYlJETC1zT1IyZWNlaFBCb1BXOUVuQlZTNGJWdHU2clBEQ2xkWWNXdFlBNmp5bG9wT2JvUzF1V0tJUXFncThmMWh6cUlFeF8wLXJxd0FuSGpLOFNnUF93VVZLT3NHWFp4SU5lU2NUM3Z6RTRU?oc=5
2026-09-21,未特定,,未特定,0.0,光通信,特許・技術,16,,,,4.2,,,,,,,,,NA,,,,,,,,,未判定,CHECK_REQUIRED,0.0,,,,Google News RSS; Yahoo chart,財務データ未取得,企業未特定,TSMC’s Photonic Ramp Could Be the Quiet Catalyst in AI Chips - 24/7 Wall St.,2026-07-10T16:00:00+09:00,https://news.google.com/rss/articles/CBMipgFBVV95cUxPN2l0bDJvMkR0MEZ2MVNWSVFEcjFMMXB3ekxLeHRDZlROYmcyVHZkZ2U2SXl6RlBGaW1uZ3N2WWU1bVFtWjZhd20wWEV6aU8wZzlVSlVCQ1BNYjczZTFteVlPT1MtUXVaVXhONjdOUEhMcmt4Vy11RmJWN3ZKNXhidWlPRWY5T1puMkpLVkdyWnFhX2QxUVFTUTRoUnkxS1VVSzNxc2NB?oc=5
2026-09-21,未特定,,未特定,0.0,光通信,特許・技術,16,,,,4.2,,,,,,,,,NA,,,,,,,,,未判定,CHECK_REQUIRED,0.0,,,,Google News RSS; Yahoo chart,財務データ未取得,企業未特定,"Ayar Labs taps Wiwynn to cram 1,024 GPUs into a photonic rack system - The Register",2026-03-11T16:00:00+09:00,https://news.google.com/rss/articles/CBMirwFBVV95cUxNenA0S3pCNFlQajNlQmpvOW0xLTJ0WGxHZ0lJaGlfWEI3SHk4SzZYcWZycnNfYWNfRmFhWlEyaXNvR1FxX3BrbW9qMC1pWmxnSnE1OHByNjRRWFQyYkdfbkRFcW92V2J3VTBKb2dGemV5ZW9qSG9lRVQ4TG9IV3dFOGtFbzNsRDA4M3hiVXlvbHlqVUtPQThDZkdpdnc2RkNabU1XdmVwYzZyZHloaklJ?oc=5
2026-09-21,未特定,,未特定,0.0,光通信,特許・技術,16,,,,4.2,,,,,,,,,NA,,,,,,,,,未判定,CHECK_REQUIRED,0.0,,,,Google News RSS; Yahoo chart,財務データ未取得,企業未特定,First Electronic–Photonic Quantum Chip Created in Commercial Foundry - bu.edu,2025-07-14T16:00:00+09:00,https://news.google.com/rss/articles/CBMipgFBVV95cUxQODJXMXFZeXNLWUVWVXFaX2E5Y0VjaTQ0SXZ6S1FWV3RyamNIYUpkSDgzMTRDSTgxRmdzbk9fR0ctX1NuQzBIcjllWERiN1Z5c256X1R2UFNHSFRxc1VUa0hPNjlsSEtBNEpWRHpqVmlsZzZGaGlwVlF0NGhzOWoyOThTZ0hmUjd3Mm96THNGc2dDenJ6TEg2SmpicmNRYnQwRjJsbUZR?oc=5
2026-09-21,未特定,,未特定,0.0,未分類,特許・技術,12,,,,3.1,,,,,,,,,NA,,,,,,,,,未判定,CHECK_REQUIRED,0.0,,,,Google News RSS; Yahoo chart,財務データ未取得,企業未特定,NSTC proposes record technology budget for 2027 - Taipei Times,2026-07-16T16:00:00+09:00,https://news.google.com/rss/articles/CBMidkFVX3lxTE1Lb1RtWXV1dmhWZEE0UFpER2hmMF9jejVYWnFzNS1jR2tpQktNVW5MTFN1TG12TDFMZFZPUXZWN0xUTlViR0RYb3MwMnNINnFIR2VHbV9JRHg1MW9pLWZMTFB1S0NUXzdjaVFkUDBWRWhHaUhLSHc?oc=5
2026-09-21,未特定,,複数候補・要確認,0.45,光通信,テーマ関連,4,,,,1.0,,,,,,,,,NA,,,,,,,,,未判定,CHECK_REQUIRED,0.0,,,,Google News RSS; Yahoo chart,財務データ未取得,企業未特定,CPO switch production ramps up by Nvidia and Broadcom - Electronics360,2026-07-30T16:00:00+09:00,https://news.google.com/rss/articles/CBMiqAFBVV95cUxQMXhQN0hfVGdUbEIteFl6bEl0eG5VNjlnYUU3dEFPTm9nSUlmd2VZaUdUUTNqZ1E5aUxOdlRObXUyX1FOeTQtU08xaFc4QkdVQUJENVdSOEJCM2xaZ3FPbUFiODdXSmNoVzd2YkM2TlNPV09FVEtHX2NwbkM0TXhqODdPNXRWNlpuTGZ5aUxDNGJqUXgxc1AzdXNxSEtNRnBKSlo2Yi15UUM?oc=5
2026-09-21,未特定,,複数候補・要確認,0.45,光通信,テーマ関連,4,,,,1.0,,,,,,,,,NA,,,,,,,,,未判定,CHECK_REQUIRED,0.0,,,,Google News RSS; Yahoo chart,財務データ未取得,企業未特定,"OFC50-How do CPO Become Manufacturable-Nvidia, Broadcom ,Marvell - semivision",2025-04-26T16:00:00+09:00,https://news.google.com/rss/articles/CBMihgFBVV95cUxNcVE2bFVRUW1BN1pPeTFGM2FiVWhXdGdfMXFhZUJsUlBBV2hDYzFnLWo4QU9Ua1JNNk9TRU84SWQ4TWs1Wi1MZE5EWE9FX3lGcVVoTl9rbXhQWVNZMWsyT1VHdDl2V0lFMUhwUmpTT0FISGdXbEpKZXV6cUVRWHNlLVlRcnlhZw?oc=5
2026-09-21,未特定,,複数候補・要確認,0.45,光通信,テーマ関連,4,,,,1.0,,,,,,,,,NA,,,,,,,,,未判定,CHECK_REQUIRED,0.0,,,,Google News RSS; Yahoo chart,財務データ未取得,企業未特定,"NVIDIA’s Optics Partners Crush CPO Delay Rumors, With Coherent’s Scale-Out Revenue Starting Late 2026 - Wccftech",2026-08-14T16:00:00+09:00,https://news.google.com/rss/articles/CBMiuwFBVV95cUxQOWtfYXJnSE41VnhTa3RYMnFlUkRSdDJ1MVI3a3AwQkN4QXprLWpmTzlpY2ZnaWNxSHJBMXRTZzlOeWJ0cjM0b0FKUkUtUGMzMExvNmRtVnNfTTJza1g0OHhOQTJ3bFlSeVo3MS1wSG03dnNqZWlydXlnOEdwTGYwUmtnc2ZDd09HaGpEamR4RjdvZ2R0Z0cyQ0QwTHFuUWoyVGtlclRKMVpDZGN0b08wQW9WU29WMWlONWVj0gHAAUFVX3lxTE1nVHpMTEFGdmg5LU5WR3BQM3FNNjdnd3RVbkM1QjdUbThoNjJFelhtblg5S2dVNnhpNUczOXFwMW9HMzRBRTJ4bFZWb1IwWEZic1NuX0w5SnJaVDNmd3M3TXpDOHlXdlhudlE3aFpqd3lrS0ZEQWx2RmlBcjA0YzR5S1k2SDhkanl4dTN4cWhuMjZ3MFFLOFZZVUM5bS1KOXcwY2FQU0xqa2hXcHBVWnVpN1NDcll3a3JDVHpySHVDMQ?oc=5
2026-09-21,未特定,,複数候補・要確認,0.45,光通信,テーマ関連,4,,,,1.0,,,,,,,,,NA,,,,,,,,,未判定,CHECK_REQUIRED,0.0,,,,Google News RSS; Yahoo chart,財務データ未取得,企業未特定,The Optical Backbone of AI: Why Coherent and Corning Matter More Than Most Investors Realize - Dr. Robert Castellano's Semiconductor Deep Dive Newsletter,2026-05-09T16:00:00+09:00,https://news.google.com/rss/articles/CBMijgFBVV95cUxQcDR1WV9iRUZUVkY1b0pERjBwNUtaV0pmeHpmZV9WVHhYSklmb2R6c05OUFRxYS1CcmRqdnI0Y0Rxb2g1eUg3S1ZlOTRRZmE3aXNsRzljWmxPRWdHeXpYVTFsQl9DU3czRDVZTEZLbVR2eWg0aEM1dHF2Z3NCYnUzakswWDJMOURkSFBIaW5R?oc=5
2026-09-21,未特定,,複数候補・要確認,0.45,AIデータセンター,テーマ関連,4,,,,1.0,,,,,,,,,NA,,,,,,,,,未判定,CHECK_REQUIRED,0.0,,,,Google News RSS; Yahoo chart,財務データ未取得,企業未特定,Nvidia: $2 Billion Investment In Lumentum To Advance AI Data Center Optics - Pulse 2.0,2026-03-04T17:00:00+09:00,https://news.google.com/rss/articles/CBMilwFBVV95cUxQc3JmWXpVY0s2ZTNsa2RNWUowRmhiRTBqbEJuSUI2R1Vwa1IyUkxFbktMVHRjUFRRLWV0S0dudE45RlVzczN3d1BXU1dFZTh5Q0JKUXAtV2RidDB1MEhfcFVMdjl3OElEWDEwRThSMDdUQkZVWktqNmc1U0d1RVcyOGRfRHZiUC1tVGJhdXhzRDlyTWZqcGpJ0gGcAUFVX3lxTE04ZzBjbWx0U3dYYi1MRF9HNlF1SW1hN3RRZ1FhRDFKS3lHNzFNOVJuN09iNjRsMkZtQjFVNGIxSF9LeU9vQ2Q2aktBSHhEdEg4cHNMc0FvckJtWjdRbU43SlNwbDlzZDBkRkM2ZEJYVFhpQlcxcnNtVHNvS3RPaUtOVF9peEN5Y09HelplU2c3QWN1czI2TkZuYXJDWA?oc=5
2026-09-21,未特定,,複数候補・要確認,0.45,AIデータセンター,テーマ関連,4,,,,1.0,,,,,,,,,NA,,,,,,,,,未判定,CHECK_REQUIRED,0.0,,,,Google News RSS; Yahoo chart,財務データ未取得,企業未特定,NVIDIA bets $2B on Lumentum to build next-gen AI data center optics - Stock Titan,2026-03-02T17:00:00+09:00,https://news.google.com/rss/articles/CBMiugFBVV95cUxPVUpjazVTcmxnUnFnb0NuUXFSc2JJNFNsRFQzTUdfbHF5NGI5UE8tVWVvMUtiVUw1UUZzMDVsQ0ZnS0U1SUtCUThPQ0FncFItSnRMbmkwZnVSdW5ZYndxUGNkLXQ4OU5oU0E5WkRiTGNLSnNsOVhJNXlmV3BJS2lpX2J6ZjRLY3pKMlpiZHAwdkRQeDVaVlhtUXJLRWJ3MG82YkJPUnlFQ3RuaWhUTGtSRHZ4cDRmTmZBRGc?oc=5
2026-09-21,未特定,,複数候補・要確認,0.45,光通信,テーマ関連,4,,,,1.0,,,,,,,,,NA,,,,,,,,,未判定,CHECK_REQUIRED,0.0,,,,Google News RSS; Yahoo chart,財務データ未取得,企業未特定,"Nvidia, Corning partner to boost US optical manufacturing capacity 10x - digitimes",2026-05-07T16:00:00+09:00,https://news.google.com/rss/articles/CBMiX0FVX3lxTE5jSzRndGU1alpwcFVZdUZYQW01NmEwVkI5aGd1bHlEQjlYLWlmSGQ4MmJxX05CMDBfUGRVS3M2TnFWTDBkOHRLUXVmSUc1ZF9pMHNKV0Q3RXltMmRJaTJR?oc=5
2026-09-21,未特定,,複数候補・要確認,0.45,AIデータセンター,テーマ関連,4,,,,1.0,,,,,,,,,NA,,,,,,,,,未判定,CHECK_REQUIRED,0.0,,,,Google News RSS; Yahoo chart,財務データ未取得,企業未特定,NVIDIA Drops $2B on Lumentum for AI Data Center Optics - The Tech Buzz,2026-03-02T17:00:00+09:00,https://news.google.com/rss/articles/CBMijwFBVV95cUxPVTJ4LW5CbHhPZnowWnlmaTctOHY2c2NnQWhFRXNyNDB6dmdjeVRmYkJpTF91LTNxNXdUNDkybnNWV0VTVVNuMWJ5eExCcHhVUl9nNmQxRTYxNVB2QWFNSTdfNGpwamhldE1vUXRaRldnOE1QVHppclZlTlozMjJNUjNFZ1lzbFFobmRzNFB1TQ?oc=5
2026-09-21,未特定,,複数候補・要確認,0.45,光通信,テーマ関連,4,,,,1.0,,,,,,,,,NA,,,,,,,,,未判定,CHECK_REQUIRED,0.0,,,,Google News RSS; Yahoo chart,財務データ未取得,企業未特定,"Partnering With Lumentum and Coherent, Can Nvidia’s $4 Billion CPO Bet Support the Future of AI Computing Power? - TradingKey",2026-03-02T17:00:00+09:00,https://news.google.com/rss/articles/CBMi5AFBVV95cUxObmh1cWlDbzJoTlB2RXNUV2lWNHNtRzFmeTNsS1g0NmhpRE5DaUlJN3dFTzhBZ2I4aWJqVjg3RnBPSGJaeDFqX2ZMWnJZNk9IQ2N5R3ozUHBMcFpLSlp0SmFTeHRxY0F6YVpIcDZLZUtnNU5VeVMzbGdGRnBlcjdjV3laWTlRT1VMTkJtY1N6U3R6RUNMZndTOFdLSjdRdk95aE5jMzI3eURTOTBsaHhEWUR2RWt3YlRLY2hKNlFtWVRGdGRJUmRZRVktTjZpSzJkOF9MRjVJbjR3dGdYTXNJeUtRNzc?oc=5
2026-09-21,未特定,,複数候補・要確認,0.45,AIデータセンター,テーマ関連,4,,,,1.0,,,,,,,,,NA,,,,,,,,,未判定,CHECK_REQUIRED,0.0,,,,Google News RSS; Yahoo chart,財務データ未取得,企業未特定,Corning Partners With Nvidia to Expand US Fiber Optic Manufacturing for AI Infrastructure - CXO Digitalpulse,2026-05-07T16:00:00+09:00,https://news.google.com/rss/articles/CBMivwFBVV95cUxQMVFIOWxOTDRXSTE5SU1JOHJsSXczVi1Hc25ZT3c2ZjNpV0dvMjd2VGgwcUxSeTFGTjE3OUpMMlBPUElvaEtJQy1QNTVvQzRvd3ZYV08ycnFkeDBhdTlCb2EtNXdVNzAyMU1zQTJDVjZEUWtlZnN1eFprbC1NODAyZkdDX1lST0kyR1IwNU9mRE82QlVSeTlGU2c2ZVAyN3VRUnZ4aS1TcksxOUQ1dk1XaEhtbGNfdmJIRFgxVWFsZw?oc=5
2026-09-21,未特定,,複数候補・要確認,0.45,光通信,テーマ関連,4,,,,1.0,,,,,,,,,NA,,,,,,,,,未判定,CHECK_REQUIRED,0.0,,,,Google News RSS; Yahoo chart,財務データ未取得,企業未特定,Nvidia to invest up to $3.2 billion in Corning as part of massive optical fiber deal with 3 new factories focused on AI - CNBC,2026-05-06T16:00:00+09:00,https://news.google.com/rss/articles/CBMiiAFBVV95cUxORDJQc25TbUZNY2JMUmg4MjRheTV4TVQ3bWJtMkcyblFDMVdwWEE3M3FtOVVyT0xaV2cwSzFXQmk0U0l6MHp6UFMwYi1sYzdheTVadlhMMUJzVGtMeXhQa0Y5Y2dVem1EUTYzaVp0eGpoWTJSNkhFekdkb2Z5ZDNocENuMjFSWTcw0gGOAUFVX3lxTFBHZW01bV8tRUNsVEFWVno1WklTNmRVZTFueGxiM241MWRVTFFsN0JFS0Jxb3VxLTRMQkk5RWVxYXd1U2xTS1JTQy03T1c2b1VIUm9icllPWEhXVDk5SlBkZk1DWk95aF9nVG92SGVtODBrQm1SMDdHTlJxZWtWaXplU3JZdU1raldIZmpBVEE?oc=5
2026-09-21,未特定,,複数候補・要確認,0.45,光通信,テーマ関連,4,,,,1.0,,,,,,,,,NA,,,,,,,,,未判定,CHECK_REQUIRED,0.0,,,,Google News RSS; Yahoo chart,財務データ未取得,企業未特定,[Insights] NVIDIA’s US$2B Marvell Deal: What’s the Strategic Significance for CPO and AI Interconnects? - TrendForce,2026-04-15T16:00:00+09:00,https://news.google.com/rss/articles/CBMi1wFBVV95cUxObVNOMFJ2NWUzdDlLdms2eXJvcEpfRG5XY3JEMUE0V2tpRmZEY0JjNDhGbGdXdVpOdnZYdlhXV09QekFvMVlISzlITEVxeWphQUVWU2pkZU5MZV91cF8zdm5Od3pXNm9qVG1kNFFCVTl1WjhlbkxvRXVjdF91ZzJOM1dSY0FxVDRXbzZ6YzZPel80aHNPOXZsOGxjTUNwb21ISU41QW52ZVNiTmlHM3VuWmpzV09rZUxmWnJpaFBZOWg1T2J6RjY4SHdMWHVjcXdnTVZTVFBNTQ?oc=5
2026-09-21,未特定,,複数候補・要確認,0.45,光通信,テーマ関連,4,,,,1.0,,,,,,,,,NA,,,,,,,,,未判定,CHECK_REQUIRED,0.0,,,,Google News RSS; Yahoo chart,財務データ未取得,企業未特定,Nvidia and Broadcom ramp up CPO switch production - Trendforce - Telecompaper,2026-07-29T14:37:46+09:00,https://news.google.com/rss/articles/CBMipgFBVV95cUxOU1RBWEtucDhMYU1Vb1Y0OWVXMWFteWJlU2hpLTI5Uk9GWjhZdkpKOE1qcFNfa3dDZXluZ3V0cjFEci1taEo3ZEczZ0tLU004eXlWX0s4dXZFZ0c1WWwxSC1EOGQ4YmRvV01yWmk5aWpQTFgxZnhNU1dZeVFEWjdDTGJlSWh0Ym9DTXY3THZhM2MzTlJya1ZmYktyelkxWDNDUmJMRHRR?oc=5
2026-09-21,未特定,,複数候補・要確認,0.45,半導体,テーマ関連,4,,,,1.0,,,,,,,,,NA,,,,,,,,,未判定,CHECK_REQUIRED,0.0,,,,Google News RSS; Yahoo chart,財務データ未取得,企業未特定,NVIDIA puts $2B into Marvell to widen AI chip and network ties - Stock Titan,2026-03-31T16:00:00+09:00,https://news.google.com/rss/articles/CBMivwFBVV95cUxObzBpWlc4aVVIczZpSjJ0dFpWZzhJaFdRdFUydFFHS0FhZTQtdlFEWmhQSXl0eE9FYjVGMWxyd0c2ZC1QSFdmV0VIbk5KcEtFWmhLYWpVbnBBYVQzQzFudTYwMXg2VGx0SmVQV01DNFhrSllSUnJNRV90XzZXUGZuNjZpRkc4ZExmdWpTNzVaYjAwQkdRcHVOazhzd0l6TEdLeEtvWjNxVTJpT3N3VlRfaFc4Q1lVUWRGbldxSXpkNA?oc=5
2026-09-21,未特定,,複数候補・要確認,0.45,光通信,テーマ関連,4,,,,1.0,,,,,,,,,NA,,,,,,,,,未判定,CHECK_REQUIRED,0.0,,,,Google News RSS; Yahoo chart,財務データ未取得,企業未特定,"Lumentum Invests Hundreds of Millions to Expand AI Optical Chip Production, Secures Nvidia as Key Customer - finance.biggo.com",2026-03-26T16:00:00+09:00,https://news.google.com/rss/articles/CBMiYEFVX3lxTE9ramhFb1lHZlZRNEpkNFQ5UTlWRDBVR3U1WXY3em5GT0pEbzZLSDlQYjJmelpQXzFZR3R6em5QVU1TVGRnY2djaXo1bzNvcjhWUG40elNPZzd5eUltX3BYbA?oc=5
2026-09-21,未特定,,未特定,0.0,半導体,テーマ関連,4,,,,1.0,,,,,,,,,NA,,,,,,,,,未判定,CHECK_REQUIRED,0.0,,,,Google News RSS; Yahoo chart,財務データ未取得,企業未特定,Is Indium Phosphide the Semiconductor of the Future? - TechInsights,2026-09-19T00:58:33+09:00,https://news.google.com/rss/articles/CBMie0FVX3lxTE44dEViT0ZicmZxcnM1WnN6Q3J5Z3hvM3FwSW8xSzdGaks3VUNaUVF1NXJxdGtndXBOalBQV2dBUVhzLXV4cTZiTnUxQXMtNFdPWVZoelpEOFprS25DTmFqaGgxbmNfYnhWc2poY21ZLXQtMm5GbFA2VUVoUQ?oc=5
2026-09-21,未特定,,未特定,0.0,光通信,テーマ関連,4,,,,1.0,,,,,,,,,NA,,,,,,,,,未判定,CHECK_REQUIRED,0.0,,,,Google News RSS; Yahoo chart,財務データ未取得,企業未特定,All AI Data Center Interconnects Will Be Optical Within 5 Years - Semiconductor Engineering,2026-04-06T16:00:00+09:00,https://news.google.com/rss/articles/CBMilwFBVV95cUxPVVZhSVU3YWFwZG1Sam5WbEtDMlJSUjFPNFItV1N2aS1Ebm1kcVdkTEdDNjAzVWpMOE8yXzhTaENOeElpdTZLV3oxSXQ0dWRkVkV2bGladEt4SjhsZGtCakRyWVdjSE5ZalBWTzBIMnJCV1h2TlVDYXZZTlM1am9PR19lWUlhcHpPR0ljRTN1MXBGQ21qcWRj?oc=5
2026-09-21,未特定,,未特定,0.0,光通信,テーマ関連,4,,,,1.0,,,,,,,,,NA,,,,,,,,,未判定,CHECK_REQUIRED,0.0,,,,Google News RSS; Yahoo chart,財務データ未取得,企業未特定,InP Capacity Arms Race: How AI-Driven Optical Interconnects Are Reshaping the Semiconductor Value Chain - Data Center Frontier,2026-07-31T16:00:00+09:00,https://news.google.com/rss/articles/CBMi9wFBVV95cUxOTW5BbksxVDVKTGNZVlV1OGdOSWtUXzVXbERIeHRWbHJiRWdMVnNWaFpQOVpUWDJoS0pXemNkRUJOOUR5MGlsNlh0S1Bueld5WS1zV09Bdlh3YWpsSlVXQTNiNmNtV3VjOGVwVlI1VDZDa2xLNm5hWWtmTmsyUEtMRG05dWg1Rk9uaV9xVng3M1hYNGQ5ZHdfbHpJX3FPVndUSUx3VzJtRnJLbi1IbV9OQ3h4WVN3Qkxhb3RqZDQ1bk9vVmdGcnBIUWpRYzVHRV9MWk1xRXlrMWZ2Q3RudEpQV0V5WTVLWWpLME9fcWM5Mk9DN25iel9j?oc=5
2026-09-21,未特定,,未特定,0.0,光通信,テーマ関連,4,,,,1.0,,,,,,,,,NA,,,,,,,,,未判定,CHECK_REQUIRED,0.0,,,,Google News RSS; Yahoo chart,財務データ未取得,企業未特定,Vuzix Ships High-Bandwidth Optical Interconnect Solution for AI Data Centers - PR Newswire,2026-08-18T16:00:00+09:00,https://news.google.com/rss/articles/CBMizAFBVV95cUxNSWNtZlQyZV90QW10dUtCeFBuNFdDcE9WVk5rdWg2Y3A4V2NBdkJadzRkWXkwZlZrWjREeDNsOHo4aGYtQ0hCWi11WmRjOWRuSkNBY0pHQVp6My1GU1F4N2hZdW1nNHBDWXNSN1NMT2tTQ0FidXdkckFnd3NQRUJsbFNtZDQ5cFV6cGJsN0Y4TTNjc051TmdBNTFOLUR1b1ZESXF3QUYyUTgwZHhMVlU4VFp6b2w0TkNIcVh6d1dDN3BIM2NialdjWGJVZ08?oc=5
2026-09-21,未特定,,未特定,0.0,光通信,テーマ関連,4,,,,1.0,,,,,,,,,NA,,,,,,,,,未判定,CHECK_REQUIRED,0.0,,,,Google News RSS; Yahoo chart,財務データ未取得,企業未特定,AI data centers hit a new bottleneck: Optical interconnects - Seeking Alpha,2026-06-23T16:00:00+09:00,https://news.google.com/rss/articles/CBMinAFBVV95cUxPOGpmQ1JTRWNkUHppTTZqWUJjQUU3RFRzZjBGTTFZR2Nrbi1jcmdSOTdHYkdYd2UtYWswbkhkNjcwek5IRjdwOGtMcWpyQzBvRjl4VGFfQjBNOTlxSDBnYk1vdkxhY091bDBQUVhYSzg3VmFxVDJjV0hLMHBmZUcxbUxnLV9wdWNEUDZxQzdBUFNZSFEyTGtSX1dFcUw?oc=5
2026-09-21,未特定,,未特定,0.0,光通信,テーマ関連,4,,,,1.0,,,,,,,,,NA,,,,,,,,,未判定,CHECK_REQUIRED,0.0,,,,Google News RSS; Yahoo chart,財務データ未取得,企業未特定,"Optical IO Semiconductor Market Size, Share & Growth [2034] - Fortune Business Insights",2026-09-11T20:52:57+09:00,https://news.google.com/rss/articles/CBMihAFBVV95cUxPdlhCcEE0UDNRSE9IalNHNkRQSzMzS0pMZzMwZzZIOUZ3aWhsdnc2c2NoUC1YWDVZc2Ita1RMWlh5bG1qUG0za3dkbnpUSTlHdk5qM1Q5bDdsWFRUZHVqZktCeS1GNTk2MWpkVkpiSzk0RmdYRjlxZmxrOFRxSHFOcFRQQmc?oc=5
2026-09-21,未特定,,未特定,0.0,半導体,テーマ関連,4,,,,1.0,,,,,,,,,NA,,,,,,,,,未判定,CHECK_REQUIRED,0.0,,,,Google News RSS; Yahoo chart,財務データ未取得,企業未特定,Qualcomm Signs Up to $60 Billion AI Chip Deal With Amazon; Semiconductor Stocks Rally - finance.biggo.com,2026-09-09T07:34:19+09:00,https://news.google.com/rss/articles/CBMidkFVX3lxTFBBZGdQR3NZUlpjTm91eHhiOEFEM0hPRzZ1SDFDUm5RdnlzVnNxVmFyOEdGRUthVlRQdDBVVE9UOUVYZ3I5dE54Ni1tWF9GdTRWUzNwS1VsY1U0NVhWN1VuMzluWFJQMURkUFdUdjRYcmRGZEFKSmc?oc=5
2026-09-21,未特定,,未特定,0.0,光通信,テーマ関連,4,,,,1.0,,,,,,,,,NA,,,,,,,,,未判定,CHECK_REQUIRED,0.0,,,,Google News RSS; Yahoo chart,財務データ未取得,企業未特定,Sivers & GlobalFoundries Advance AI Data Center Optical Solutions - sivers-semiconductors.com,2026-06-02T16:00:00+09:00,https://news.google.com/rss/articles/CBMirAFBVV95cUxPR1l6WTE3NnF5ZnJacUZMaGJWelpTSXBpNVZpSmFJdGhnV3pFbjZEQTE3NHhsRF9aSzU5OEtGSE1fTEVjTWR1QnlpdnBfNG9zczlSRzlSX1F2eGtKQmV5cEJjRGc4NEhwWXc0UHZ4V2pWUnNMenFySlBCQ0FuTjNQSVhlRG5CZ0N3WTlSdVdCUlh3RW1zUGZ4cTBLdjZpSkRrS1NraXcxZmVVcEhD?oc=5
2026-09-21,未特定,,未特定,0.0,光通信,テーマ関連,4,,,,1.0,,,,,,,,,NA,,,,,,,,,未判定,CHECK_REQUIRED,0.0,,,,Google News RSS; Yahoo chart,財務データ未取得,企業未特定,"“x”PO Technologies Accelerate Evolution, Reshaping the Optical Interconnect Landscape for AI Data Centers - Data Center Frontier",2026-07-24T16:00:00+09:00,https://news.google.com/rss/articles/CBMi9wFBVV95cUxPQlhyWW1UM3FuY1FTNmozTHdjQjlpZ0VxNHRaTU1JZFd5bUF5Nk16NU90UG9lOUkyTUFBRi1WSlNySzQ1TGRTZ3R2OXZkLXhxRHh0cFRBQjI4ajJpNGp6eldEajJINi1sUlBEQXBLRHhWOGZ0SGxNT3NQcWtHVWxEbUtqSnBNU1VMbUdueVNCR1VUM2tQcDBmdmIwZHRlQWpZcW1fY2xvS2hFNkNxTzFoUjFfYXhMOTFxNGg0TF9vc21OekFwdmlacktqU3FmU3pNUjByZUg1ck9DRk9yNm9TaGdjbDc5ZzktRWdFWHZlbnR4ZlRLNkIw?oc=5
2026-09-21,未特定,,未特定,0.0,光通信,テーマ関連,4,,,,1.0,,,,,,,,,NA,,,,,,,,,未判定,CHECK_REQUIRED,0.0,,,,Google News RSS; Yahoo chart,財務データ未取得,企業未特定,Lasers Are The Heartbeat Of The Optical AI Data Center - Semiconductor Engineering,2026-05-13T16:00:00+09:00,https://news.google.com/rss/articles/CBMiiwFBVV95cUxQSjVTUzFId1BRRlRlT2s2ZjYwMXVnN0Rqdk85TkYyTmdQelJ6NkktRXFwNTJ4eGZTaFdqUUlxT1liVVJ4RGVBZVp1VTVKV2dPck9rZUJwQlN6TTJTSkQzQktYamhqN0FZa04yZWx6OEJadDlQOHgxd19JOEdIYno2RXJLam1IUDl3a0cw?oc=5
2026-09-21,未特定,,未特定,0.0,半導体,テーマ関連,4,,,,1.0,,,,,,,,,NA,,,,,,,,,未判定,CHECK_REQUIRED,0.0,,,,Google News RSS; Yahoo chart,財務データ未取得,企業未特定,"Data Center Chokepoints Tied To AI, Political Pressure, Supply Chain - Semiconductor Engineering",2026-07-20T16:00:00+09:00,https://news.google.com/rss/articles/CBMimwFBVV95cUxOTF9wWXdRLTJNZDhDYlVRbmdfeHZCTU5FSnQ5ZC1PaFdJQ1R6SlZ0aERpa2VIa3pqcmNDU0ZhQnc4aUlCTVJWUi1IbUVtdDNDNlpoektacGNsRkNPZjhISzlZbmI0d29pRG80V3BrX3VJelk2RlRRcHA2RV9SX1JsZU8zUkdjeXYwZnNIY1ppbzRXTi1tOERQenFsQQ?oc=5
2026-09-21,未特定,,未特定,0.0,半導体,テーマ関連,4,,,,1.0,,,,,,,,,NA,,,,,,,,,未判定,CHECK_REQUIRED,0.0,,,,Google News RSS; Yahoo chart,財務データ未取得,企業未特定,Chip Industry Week In Review - Semiconductor Engineering,2026-08-14T16:00:00+09:00,https://news.google.com/rss/articles/CBMibkFVX3lxTE1Oa010MGtSb2NZVERWZFhyVW9uNnhvb1FJdzF5VnRqMlB0Ulg3YnVVN2ZSSHBMMVNNUURKNnA1WDdHOWUzb2g2RUsySV9aNk1HNFJNbjAwNkZ3Rkt2ejNTT3g0NnJYZk8xRHgwbzZn?oc=5
2026-09-21,未特定,,未特定,0.0,光通信,テーマ関連,4,,,,1.0,,,,,,,,,NA,,,,,,,,,未判定,CHECK_REQUIRED,0.0,,,,Google News RSS; Yahoo chart,財務データ未取得,企業未特定,[News] InP Shortage Emerges as AI Optical Interconnect Bottleneck - TrendForce,2026-08-06T16:00:00+09:00,https://news.google.com/rss/articles/CBMiqwFBVV95cUxNM1N5bU9ERTN5WkZSdUJpMm1oem1uMmREaGZYN2dSNzMzemNyc1NTbEg5SFlOSHpXODgtR1BnWnNPWXh2MUJYelJEMW1kY2xjNWM4UEdtQlhvWG5KNTFkeFVVZFNrNURRSlJwSmVDeUQxODRvZ0lJQ2FDeS1NUGhrZUVNWHdJakNHZVdyYWxnanRYN2NxajFWRHFUdVJDNFJBdlVxT2RKbnFlNGs?oc=5
2026-09-21,未特定,,未特定,0.0,AIデータセンター,テーマ関連,4,,,,1.0,,,,,,,,,NA,,,,,,,,,未判定,CHECK_REQUIRED,0.0,,,,Google News RSS; Yahoo chart,財務データ未取得,企業未特定,"Infineon, Skeleton Technologies ink pact to provide power solutions for AI data centers - electronics.economictimes.indiatimes.com",2026-09-05T16:00:00+09:00,https://news.google.com/rss/articles/CBMi9wFBVV95cUxNVk5vY2NpckV3SnBfd2dZZENVakdITDFRdTV4elh2VVgwLWdPMmNkWTdDZVJQZDB0YnNrNHV6NTR6VWExaVFhbmR6WVNHZ0IzS1NUSi1ST2dWUGxUcC1vUlpVb3hwRjh1NFBxVURDaUZZdlgtUXdaOXNqc3J4ay1DOEpWUU5seFhueVhqYk1nMmhrcWZwOEJaRV8tWlNka2dmMklGTl9iaHJXTldJWlNhOGVuTHhqRFRHY1pvOFctWW9mQ1BjNGNNZVpMaWRFMHJhaWc4eUt6Si1vWi1ESUlDOWMtUXN3c0FvWUJfbGZnRHFNOFZIclFV0gH8AUFVX3lxTFBJVVNXY0xRcFRHRjJCTl9WT1ZzWndhZzhMWGsyTkNPTTZ0Q0tJVW8tNVJ1NFZBWnFBSzlyRU1vSTduUzFGX1BBVkFHVm1jV1hjcE1BVHBpdWNEXzRyVHJSWEgzLXpXbEdqdkx5NEZiUFNUVXpLdzdOMkZwSlYxTERQS1BxVXhjZVBrYXJ4MVR1UnY2dWpxZk9zSUZ0aHNsSkVwUVdzZjVpTGFRbUxLWFV5a1JHdFNoU01MV3AwelFCVjgwMERoTW1IOHNJZkNTODNqcWRULVRiZ0s3dnJ4QWZSeS1XMmFaV09Bc1VHZ1ZpcjMtVEgzQk5EQUJOVA?oc=5
2026-09-21,未特定,,未特定,0.0,AIデータセンター,テーマ関連,4,,,,1.0,,,,,,,,,NA,,,,,,,,,未判定,CHECK_REQUIRED,0.0,,,,Google News RSS; Yahoo chart,財務データ未取得,企業未特定,Sivers and GF to develop AI data centre devices - Compound Semiconductor,2026-06-02T16:00:00+09:00,https://news.google.com/rss/articles/CBMinAFBVV95cUxQXzdHcUhIU2J6d1hwaDVNczVTbjhZLWpHd0JlZk1zSjRsS1cyWC1pOEpzWmU4MjVDZEpOMzVwdkpiR2RkWFM1RnR3RzUxa2dQQUJKeTEyUXQtYldnSmdlRUhpNDRhazFRRDJObnlweTRLbnBwX3cyX0ZRQ0RoUkZjYzFkUWFMcjB2RHFkUjNScWJNTTBkbGFyUXJpMWk?oc=5
2026-09-21,未特定,,未特定,0.0,光通信,テーマ関連,4,,,,1.0,,,,,,,,,NA,,,,,,,,,未判定,CHECK_REQUIRED,0.0,,,,Google News RSS; Yahoo chart,財務データ未取得,企業未特定,Seoul Viosys Eyes the $60 Billion AI Data Center Optical Communication Market with Opto Semiconductors - Business Wire,2026-04-27T16:00:00+09:00,https://news.google.com/rss/articles/CBMi8wFBVV95cUxPTTNWMnFjeGwxYWdrb2RoTEFraGlqMWw0LUZ5QmdKM0ZYUGVsOUlGbUFOLW1wUkFOaGZ3dDdzYXJ3TFBqdmExNHFreGQ5b1NCb1N5TktRX0VBWWxpSndfNjNjbG9pd0FYMlcyQmlXNDlHc1V0Q0RpSVZKeE51cXNVcEtDTmlOX3EzM3NoZkJsQU52NTM1ZHRfR0pvcjdvUVkxdkJ6UmNaZGtrLU0xY285VUVwSWV0VzlxVWZESlY5LXhuak5tWmQ5U3c5ZDVaMk5VQ3Q5b2VCV0lQQ2lxYUU0bFYtM01hX01tY3VRQ1hGMy1taEk?oc=5
2026-09-21,未特定,,未特定,0.0,AIデータセンター,テーマ関連,4,,,,1.0,,,,,,,,,NA,,,,,,,,,未判定,CHECK_REQUIRED,0.0,,,,Google News RSS; Yahoo chart,財務データ未取得,企業未特定,From Radar To AI Data Centers: Why MACOM's Dual Semiconductor Play Is Just Getting Started - Seeking Alpha,2026-08-04T16:00:00+09:00,https://news.google.com/rss/articles/CBMiyAFBVV95cUxNeDl4QkdEbzlvZXQwM2pyV3VBckVNNHJrTFJmc0lhcnpfdnVTOXN0V1Yxa3pZbENfa3NXRU11R3RlMUdXN1oxWHI3R3hSRXhfQ2QyVXFDa0dPSkNEY1VvdkdoSlhDNDl5eFBHUnp0bGZBY2loUC1jWGJlajVRaHE3VF90NXNIUFBDTnZjMzcyWUtHWWowVHNUdk5mU2JFT2NTNDFnQnFYZzc4ZUNaRVlFZmZLZFI5ZFp4SFFjelNkMDBTNkhCTkgtNQ?oc=5
2026-09-21,未特定,,未特定,0.0,光通信,テーマ関連,4,,,,1.0,,,,,,,,,NA,,,,,,,,,未判定,CHECK_REQUIRED,0.0,,,,Google News RSS; Yahoo chart,財務データ未取得,企業未特定,Beyond HBM: Samsung Targets the Next AI Battleground with Advanced Packaging and CPO - semivision,2026-07-24T16:00:00+09:00,https://news.google.com/rss/articles/CBMiggFBVV95cUxPSzRaS01SVmp2M0VyYXIxdHQyYWJyTEtKNkZtUTVUbll3Vnp6aTFJQi0yMVMzR2JnbnZUNlZEb1VaOU80eWlGcVljbkhEcnNBNjFraXBLdVVHeU1zbUJZR3hJS2pyQi1JS3p6RnpySmYtQzg0TGQxdkdVNUpwWWpqdFB3?oc=5
2026-09-21,未特定,,未特定,0.0,AIデータセンター,テーマ関連,4,,,,1.0,,,,,,,,,NA,,,,,,,,,未判定,CHECK_REQUIRED,0.0,,,,Google News RSS; Yahoo chart,財務データ未取得,企業未特定,PHOX Targets the AI Infrastructure Bottleneck Most Investors Miss - 24/7 Wall St.,2026-08-12T16:00:00+09:00,https://news.google.com/rss/articles/CBMiswFBVV95cUxNZ1dvUjRJR0pfeUZRNmhYa3JUbkZyaG8xdy1hZjlKc3NVc09seWVhR2hCODhqOTlrSGdXbkIzaHNSWFhQU19JM0l6VzZIZHpDRGZDRzY2cjNpQkwwNnlYSlhHSUtyeV9tMG5tZldVdnJIbEQwaXFRakdjNjFINWVJS3FXYzhkbFBybDBxX3NtY2g3elZjLTRyd1NqMGdXVXh1U1U1M2Y0V243cDhVT2Y5Nm15RQ?oc=5
2026-09-21,未特定,,未特定,0.0,光通信,テーマ関連,4,,,,1.0,,,,,,,,,NA,,,,,,,,,未判定,CHECK_REQUIRED,0.0,,,,Google News RSS; Yahoo chart,財務データ未取得,企業未特定,"[Y-Insight] Wooriro, ""From Copper to Light""… Targeting the AI Data Center Optical Interconnection Market - thelec.net",2026-06-28T16:00:00+09:00,https://news.google.com/rss/articles/CBMiZ0FVX3lxTFB2azlUT3pKWmg0Ql9SR25CT0pPYlJPOW9nc09DeXZGU2lKdGlNS3NjWE44VnZUS1VBZlMydHpXT3EwMVBJZllqVXcyb2stMDg3cFVyZzlwM0o2VDcwUERLcmliUC1CRUU?oc=5
2026-09-21,未特定,,未特定,0.0,光通信,テーマ関連,4,,,,1.0,,,,,,,,,NA,,,,,,,,,未判定,CHECK_REQUIRED,0.0,,,,Google News RSS; Yahoo chart,財務データ未取得,企業未特定,Musk’s Mesh Optical Deal: The Next AI Infrastructure War Will Be Fought With Light - semivision,2026-06-28T16:00:00+09:00,https://news.google.com/rss/articles/CBMifkFVX3lxTE16R0xaeHhiM21vUml4VnVnRWZ4U2kwQ25PT0xBdjhOZUwzSXU2YndwX3AtZC1mU3pSZUJEZmxlYWw3cF9od0tMT0FSLUFzRk5yLUlqbE5oYlMyc1ItcEFQZzVCQzl0N05KR2VXNWZZQ1lMeUxtWUlVWkFaWmN6Zw?oc=5
2026-09-21,未特定,,未特定,0.0,AIデータセンター,テーマ関連,4,,,,1.0,,,,,,,,,NA,,,,,,,,,未判定,CHECK_REQUIRED,0.0,,,,Google News RSS; Yahoo chart,財務データ未取得,企業未特定,Can STM Turn AI Data Centers Into a $2 Billion Business by 2027? - TradingView,2026-07-28T16:00:00+09:00,https://news.google.com/rss/articles/CBMiugFBVV95cUxQVmhyM0xBbGk4X1kwQ0JqZGVnVWtMVTVseFdfUzFZejhzS3NpX1RfelRObUZFZE9rMGdaSmJ6c2lsTjRVRGlNNmZZN2VUWS1LdW5kcXVqaVNqQndUWU5ZSmhOTmNUbTNZNE5jSTFENlhQcEdXbWRlSnNyUEZCM2FveHgwRV91NUNzbmhqSi1SRWVqalVWRFNFX0hySTVJZDBDNjRLSm5DSktLT2JKbDR1djhUdld5Q054amc?oc=5
2026-09-21,未特定,,未特定,0.0,AIデータセンター,テーマ関連,4,,,,1.0,,,,,,,,,NA,,,,,,,,,未判定,CHECK_REQUIRED,0.0,,,,Google News RSS; Yahoo chart,財務データ未取得,企業未特定,Lightmatter at Computex 2026: The AI Infrastructure Bottleneck Has Shifted from Compute to Interconnect - semivision,2026-06-04T16:00:00+09:00,https://news.google.com/rss/articles/CBMifkFVX3lxTE1od3dmYTJTdndNRUhwU3pTQXZrYzE2ZmxKeGJxS2ZHSTdIZHRIQTBacW8tLTEwSmx1amM3NHBTLXhReFQtTDFlZlJLbktyVWhlWXFqem50UnNaeDlFTkltLUI3YmoxcXBpRlA3Z1ZwbUFBckJScXlzT0oxMGY2dw?oc=5
2026-09-21,未特定,,未特定,0.0,半導体,テーマ関連,4,,,,1.0,,,,,,,,,NA,,,,,,,,,未判定,CHECK_REQUIRED,0.0,,,,Google News RSS; Yahoo chart,財務データ未取得,企業未特定,5 Under the Radar AI Chip Stocks Powering the Data Center Boom - 24/7 Wall St.,2026-07-11T16:00:00+09:00,https://news.google.com/rss/articles/CBMiqgFBVV95cUxPU2RjTTA4R3N0ZlRkNDFZYjJ3QTROZ0FBR0VQV3NrVC1hdWdMRUpDZVBfSFZ2WmxqNlpqRkw0X1RnUWFwaUttZWdlZmZPaGdhWHVsbXpscHBMRmFCYXpkRzRHYktwdXBiN196Nm9uekNzOTFoSGVSNVpwX0RFSjR3ejFHNThBNHQ0Y0dqdzNxXzJ5TkJPMllhREU2dW8xWnVTdkxaZXJYVTFvQQ?oc=5
2026-09-21,未特定,,未特定,0.0,AIデータセンター,テーマ関連,4,,,,1.0,,,,,,,,,NA,,,,,,,,,未判定,CHECK_REQUIRED,0.0,,,,Google News RSS; Yahoo chart,財務データ未取得,企業未特定,"MicroLED Interconnect Market to Reach USD 722.0 Million by 2033, Driven by AI Infrastructure Expansion and High-Performance Computing Demand - PR Newswire",2026-06-14T16:00:00+09:00,https://news.google.com/rss/articles/CBMiogJBVV95cUxNeENtMWR6cG92RXhWdmVLSzM1bWdSdENncktkVW9ZVkZZN2FXMDZxd1FrS3Y1bnVOSEE2cUhYa3dWcFpkM1lfZ1RybGI4MkZlUE01Zk1nY3RTNDJoZWFQeW9nTEJtTlZzeXJwTjJjaG5vcG11bGRCVzItUlJEMDFGdzk4X2M0WGFCVldEbG9TeVVkSVhfNThkdGZuVDhQeW5LSUNUak9IbTMybkhieFBQU0VZSmFhdzBpSHFOLTB0VnhkWHZOM0d6eFUzOWJfOTVJTkVRN1N3Nm1nakxQVG96RS1samZEc05TLUU0NWV2MnBjcmYzeUJwRHZzMVpweVBtU2JMREc4RmpGR0FQaXVkd1YtYWhTX3Q4a3V2TUdxUk1EQQ?oc=5
2026-09-21,未特定,,未特定,0.0,光通信,テーマ関連,4,,,,1.0,,,,,,,,,NA,,,,,,,,,未判定,CHECK_REQUIRED,0.0,,,,Google News RSS; Yahoo chart,財務データ未取得,企業未特定,AI data center optical links target $25B market by 2030 - Stock Titan,2026-06-01T16:00:00+09:00,https://news.google.com/rss/articles/CBMirAFBVV95cUxNTW5OVU5pMjNMUUNoX1REanJ2V3VvTjhDcTdhT0RmWFgxOGVPZktmNVEyYjNqdzhMQW1pZVJBTE9feWhVTGpYUHQwYjRuUUNrckZSNTl2eWFNOEZoNW5BYUtBZFhrWXdjS2otcWd0RmFyOHpVc2xfQ0N4V3gzSUlmQTVmNWRZUUJYX041SnZXaVhLV1ZtakhqUXJJMm0tMS1ZSFZhMWNYMFpsSE5C?oc=5
2026-09-21,未特定,,未特定,0.0,光通信,テーマ関連,4,,,,1.0,,,,,,,,,NA,,,,,,,,,未判定,CHECK_REQUIRED,0.0,,,,Google News RSS; Yahoo chart,財務データ未取得,企業未特定,AI optical transceiver market to reach $26b in 2026 - Compound Semiconductor,2026-04-20T16:00:00+09:00,https://news.google.com/rss/articles/CBMioAFBVV95cUxOT0FCb0pHZUg3dmxiTlBfNDV1aEg5REx2ZTdqMGhRZ2RJRDV6T19wdHBqSlJjcVp6SGE5TmNFdzducUs3OUZMZEZOeHZIWTE0bjRvUWIxb09nNm9ZNzJ2QUZ3SWV0WVVTTmpZMzFSRnRienBrdGdCMjI5dkxqODNQaXRGM0h0OVJvRG5qdE5WRHF3TW8yZXlDaU1LNl80S3Et?oc=5
2026-09-21,未特定,,未特定,0.0,光通信,テーマ関連,4,,,,1.0,,,,,,,,,NA,,,,,,,,,未判定,CHECK_REQUIRED,0.0,,,,Google News RSS; Yahoo chart,財務データ未取得,企業未特定,Optical Interconnect Supply Chain Restructuring and Opportunities in Response to Expanded US Export Controls - TrendForce,2026-04-30T16:00:00+09:00,https://news.google.com/rss/articles/CBMiZkFVX3lxTE5mbDdQNW9pYm9kcVItNWZWSGlmNmFpMXh1ZnB4NEt0V0FSLWdxSGpYLVBGQmxDX1gyOVRlTTFlMS0xZzdNc2VtTDlWZjVORW05V3RPR3F4V0VaZzkyWEFhNE9TZTMzUQ?oc=5
2026-09-21,未特定,,未特定,0.0,光通信,テーマ関連,4,,,,1.0,,,,,,,,,NA,,,,,,,,,未判定,CHECK_REQUIRED,0.0,,,,Google News RSS; Yahoo chart,財務データ未取得,企業未特定,AI Data Center Bottleneck Shifts from Semiconductors to 'Connectivity' — Samil PwC Says Optical Communications Is the New Battleground - finance.biggo.com,2026-08-12T16:00:00+09:00,https://news.google.com/rss/articles/CBMidkFVX3lxTFA5SVQ2bFB2cm1OX3BOSjU2cG4zYUxwTEF5eU4xdWpEczVIcGp3YTRXYWI1bWd0djhyLUlpNkhXU1dvWGQ5NDFVMThtN2J6RHFZUmI0SmttWlVDTDZfWExrMW9PRkw2WWhud1FkSUkxLVBEZGIzVFE?oc=5
2026-09-21,未特定,,未特定,0.0,AIデータセンター,テーマ関連,4,,,,1.0,,,,,,,,,NA,,,,,,,,,未判定,CHECK_REQUIRED,0.0,,,,Google News RSS; Yahoo chart,財務データ未取得,企業未特定,From Packets to Light Paths: OCS Reshaping AI Data Center Architecture at OFC 2026 - semivision,2026-03-19T16:00:00+09:00,https://news.google.com/rss/articles/CBMiigFBVV95cUxOWGlsU2dfdnhWUUVSLWhaRGxlRlNoLWpzS2pCMzNkZDNLZWJUWjdqdkJZbGhHTHg2dVo1aTJrdkJZb3Q3ZDdxc080Nk9vNHRQY01NNlNCVnRzZnp3OXBTX3VQWEUwZ0Z5bVN4Ull3V2ItTU5sZjJXb2NkOUppREF3aFBrbWMzQUxzUlE?oc=5
2026-09-21,未特定,,未特定,0.0,光通信,テーマ関連,4,,,,1.0,,,,,,,,,NA,,,,,,,,,未判定,CHECK_REQUIRED,0.0,,,,Google News RSS; Yahoo chart,財務データ未取得,企業未特定,Semtech (SMTC): 224G Optical Chips Strengthen Its Role in AI Data Center Interconnects - Yahoo Finance,2026-06-14T16:00:00+09:00,https://news.google.com/rss/articles/CBMiogFBVV95cUxNZWF0NTJOYnl0LW1OV2xwZ0x2NW1RMUpUTmZ3MVA0Q3htLWpsNWZEZkdXbU5yNVMzeFVsaHhFV2plRG9aT25UaXJaN1FSal9jaUIxeENGb1M0MC1VV1J0YVFjM0ljSDY1QWhQS3dTU3EwTnhSbzFTblQybDNqU0xkSW9rVG9rdHFuT2ZKVlBMZFVCaURxaGpVTG8zQ0NESURjLXc?oc=5
2026-09-21,未特定,,未特定,0.0,半導体,テーマ関連,4,,,,1.0,,,,,,,,,NA,,,,,,,,,未判定,CHECK_REQUIRED,0.0,,,,Google News RSS; Yahoo chart,財務データ未取得,企業未特定,The Future Of AI Compute Won’t Run On Just One Kind Of Chip - Semiconductor Engineering,2026-08-19T16:00:00+09:00,https://news.google.com/rss/articles/CBMikAFBVV95cUxOZ190YWI5SEVHd2d4Y0hJUzQ1RE9IS2E3RkhYbGVBWDVMN2ZCR2tBVUhHZG5hbkx5MHFOck1yazUxZDJ0TU80UWJwc1hqM2hFZkJ0VlFSbEtTb1FKbXp0OXB6dGswSUItdkVyUjhaNjEyV1FKTUE5U0NGdUJSM1QwNFlRd2dEaGpHbFdkOEhvaUw?oc=5
2026-09-21,未特定,,未特定,0.0,光通信,テーマ関連,4,,,,1.0,,,,,,,,,NA,,,,,,,,,未判定,CHECK_REQUIRED,0.0,,,,Google News RSS; Yahoo chart,財務データ未取得,企業未特定,Designing Electro-Optical Chips - Semiconductor Engineering,2026-07-23T16:00:00+09:00,https://news.google.com/rss/articles/CBMibEFVX3lxTE5ZVUg0SFpxN29fNDdLRllmTF9UTW5ybEdzbHBpazB6WEJ5NzBWaGk4QmE5RnlVN1Y5eXJhNUhqUnlBTGE2WTRHa2ZYcTQtS01pcnNTck5vUkVsVTJYajd2cWhwYm5KUEZpbWstdg?oc=5
2026-09-21,未特定,,未特定,0.0,光通信,テーマ関連,4,,,,1.0,,,,,,,,,NA,,,,,,,,,未判定,CHECK_REQUIRED,0.0,,,,Google News RSS; Yahoo chart,財務データ未取得,企業未特定,Sivers & GlobalFoundries Advance AI Data Center Optical Solutions - Yahoo Finance,2026-06-02T16:00:00+09:00,https://news.google.com/rss/articles/CBMiqwFBVV95cUxQN2RVeS1xRF8yeWgwSEtlUEZGdHBURmJ3RzNLQkpSMlQ3QTFXWU52TWY2VXhmSW44a2taZ21ibGFCUGJrdTA0RXR2NzlBN0VmMDNjaDJwXzEzSWZSUXJDbUNFMGhMZGVVQVNEQThPdFEtRXE4N3RmT014dWRJZ05LZjNiNHB4Wm9JMG03aXFjQzlCczM4YVZSODlSUjhXYlN2VGVpMlFaMGVWTk0?oc=5
2026-09-21,未特定,,未特定,0.0,AIデータセンター,テーマ関連,4,,,,1.0,,,,,,,,,NA,,,,,,,,,未判定,CHECK_REQUIRED,0.0,,,,Google News RSS; Yahoo chart,財務データ未取得,企業未特定,Photon Bridge & PHIX advance DWDM laser sources for AI data centres - Compound Semiconductor,2026-04-14T16:00:00+09:00,https://news.google.com/rss/articles/CBMiugFBVV95cUxNODBDOWlqcjFrdUNLWWRaY1ZwZDMzblpGSm54T3EzSHlQTlMyQTQxd1QxNXJNTTZUaE5hcG41THFLVmMtQktGd0NnSkpndWJOUmZxV1JGY3BRLUVUOXRTNXlTSFVwLU82NHBsVjlfTEVhYi0yVDlNRXhvNGdrOGJZTC1iV1N4anJITU9hZkVGb0E5ZnJaOERHUnJLTnRvMVlmQVdnRWFicEt0ZFloTFltVnROVmFSWEt5eWc?oc=5
2026-09-21,未特定,,未特定,0.0,光通信,テーマ関連,4,,,,1.0,,,,,,,,,NA,,,,,,,,,未判定,CHECK_REQUIRED,0.0,,,,Google News RSS; Yahoo chart,財務データ未取得,企業未特定,[News] Mapping the Micro LED Optical Interconnect Ecosystem - TrendForce,2026-06-29T16:00:00+09:00,https://news.google.com/rss/articles/CBMiowFBVV95cUxNdXhzR0F0amxhSWc4ZDhNd3VEdkVpaEdudVhVQW85YVJpSUs0OEpYUjVYeGd4Q3lDVTlKcW9XcG5BY1Zac3NrMHJpdzU4TWYtcndRd2tLUDhBTGlFd3Ezc1lFV093X3hMdGMzZlJDT2twRE9tbmV4R2RjZXR0TDZmTzg1ck94ZEk3QkdUV3RfS1hCUU9lZTVQNnRWS3VmVi1BSS1R?oc=5
2026-09-21,未特定,,未特定,0.0,光通信,テーマ関連,4,,,,1.0,,,,,,,,,NA,,,,,,,,,未判定,CHECK_REQUIRED,0.0,,,,Google News RSS; Yahoo chart,財務データ未取得,企業未特定,Sivers Semiconductors Collaborates With Jabil on Energy Efficient 1.6T Pluggable Optical Transceiver Module - sivers-semiconductors.com,2026-04-15T16:00:00+09:00,https://news.google.com/rss/articles/CBMi5wFBVV95cUxOOEZSUHZaVUJneGl0VGZlU3ZvVXJidEE1bmFyYjNWWHMwSUd5cmlDMUozUVFRSnNYM1A2cnhnZFBITUFUNHVWT0FCQ0JGYkFjbXFUNVJaWHFJRlJFdDRpc1BfcXoySTRkNFh2eHUxTWUzMUpMbWxOX0swWDkza0htLXhvem1yVWhtaHhUSVhGV0szMnp2S0x3a2VTeXE4MnhZcTR5czZySThXYXVXcGw3dWdfRmZUSF96dlpBQ09yQ1BuSlluSlFIbFo3OGdhcFp4N1dJckh3R0FoYW9UandyTGZydGh1NVU?oc=5
2026-09-21,未特定,,未特定,0.0,AIデータセンター,テーマ関連,4,,,,1.0,,,,,,,,,NA,,,,,,,,,未判定,CHECK_REQUIRED,0.0,,,,Google News RSS; Yahoo chart,財務データ未取得,企業未特定,LITE vs. AVGO: Which AI Infrastructure Stock Is the Better Pick Now? - TradingView,2026-06-15T16:00:00+09:00,https://news.google.com/rss/articles/CBMivgFBVV95cUxNeXBnYkluZEhIRmd0bVJ1NFVDQnBpejNmNTJaU0VEeEtNWHZtajRfakllSG94ZkFkSEVRUnl4cjZvOUZSTThvbmlhcGtubDNxQUJoanVRZ2hCUk9CdHRkQ1VzMXBVeFpYbllpQkxobnI3ZVZ4UHJuNDQ0dmx2ZUM3NkUwOXVNczV1QkZDRzJtalZDaEtJLV9iWVR3VW5qbnlvdnA3bld2OGYwa0ZUTFVOSEI5UzRleFpMQXQ1NU9R?oc=5
2026-09-21,未特定,,未特定,0.0,AIデータセンター,テーマ関連,4,,,,1.0,,,,,,,,,NA,,,,,,,,,未判定,CHECK_REQUIRED,0.0,,,,Google News RSS; Yahoo chart,財務データ未取得,企業未特定,"Sivers, SemiNex ink $3.4 mn programme to develop solutions for AI data center interconnects - electronics.economictimes.indiatimes.com",2026-08-14T16:00:00+09:00,https://news.google.com/rss/articles/CBMi-wFBVV95cUxQdVBRQWVTUV9td1RNYnVYeHhlc05iMEcxLXMxelFyTVlVZElYeFQzSHhXMDlpenhJd1BuNVdrdkhKZm41WXJBQlhFWl9va3lLR3d1OW1BVnF1dlVROFVEcXdHZmpTQmZ4dkxwSmM3ZXk4U0hpNDVGcjVweGlEWGpBMXlPNzR1dmYyd3ltREgzQWdiRmpadl9EZy1RMVY2dDdYUTlFRzRNYXRNV0doZnk4d21KRENBWXU3RlM1NDhkZ2dXTzY0Ykk4ODY0R0FiUndhWGlyam5hbWJLWnZaellCOTN2dnFTNXE2VDFBMFZmYXdHLWRsblF1UnQxVdIBgAJBVV95cUxOT0paeVRtbHdSSkRLMFA1T1RvTVJKS2RRanpDSk15cG81U0VDY3FWbkkxb01QbTdKUjcwWlZqSHdiX2xyYzNpS05nU19raHV4d1Ffd19KZktzZjRMU250ZTFZbG1jYzJrZC1XbjduSzRnSFB5WExTZDB2R1MtNWY2MFVEQUhRaDBBQXZSM3FlOEJwQ2hQMGtoY1RLd0lZZnpxcnRMbXpDVDI5ZHlNZWJJWnVqRV9RbjZOQXdQUTVfTVJUUlpJOFJOSE53cldDbWRVM2J0OC16WElRdEhuS1h1YVI5aGdOLVRzakpEM08wYTIyYXhRMzhIQzBMaUpWQW9J?oc=5
2026-09-21,未特定,,未特定,0.0,光通信,テーマ関連,4,,,,1.0,,,,,,,,,NA,,,,,,,,,未判定,CHECK_REQUIRED,0.0,,,,Google News RSS; Yahoo chart,財務データ未取得,企業未特定,Samsung’s Next AI Bet: CPO Platforms and LPU Foundry - semivision,2026-04-25T16:00:00+09:00,https://news.google.com/rss/articles/CBMigAFBVV95cUxOYWh3Y0hseTJtSEVKSWZ4MXNjMmNKbkw3eHhpSU9XN2tWQk4wOEhGMWpNNnlXZFNpV0xIVFVYZTB5MDE3V2w1TVdXRFJLS0RBTmlhSlNMUWVmMm43VnpUTmFqdjNmazNnNWhxSzFfQXFYdENycTFmdERrOG9rNmRXaA?oc=5
2026-09-21,未特定,,未特定,0.0,AIデータセンター,テーマ関連,4,,,,1.0,,,,,,,,,NA,,,,,,,,,未判定,CHECK_REQUIRED,0.0,,,,Google News RSS; Yahoo chart,財務データ未取得,企業未特定,PHOX Targets the AI Infrastructure Bottleneck Most Investors Miss - AOL.com,2026-08-12T16:00:00+09:00,https://news.google.com/rss/articles/CBMijgFBVV95cUxNWnY0WGFfdXltRXhmb2FUX2Z4QmZYZEVlWWNhYnRhMDVqODYyZ1MwTXN1dFQxYUJsSjV6QW5yT1BEakZHcVVZR1ZldHdxa3E1VDF3UDYwaklacDZ3d3JWTHJ4MnFBc0JOQkFaWkpNdmhsZ3I2NmhpbkxKclI1X0V6ZjBFVjJNeW5Oal9zM3dn?oc=5
2026-09-21,未特定,,未特定,0.0,半導体,テーマ関連,4,,,,1.0,,,,,,,,,NA,,,,,,,,,未判定,CHECK_REQUIRED,0.0,,,,Google News RSS; Yahoo chart,財務データ未取得,企業未特定,3 Semiconductor Stocks to Buy Before AI Demand Explodes in July - 24/7 Wall St.,2026-07-17T16:00:00+09:00,https://news.google.com/rss/articles/CBMiqwFBVV95cUxPdkc2UUhEaUppb3lod0tMU2lWVExEU1MwU3ZnOW9xZjQ1QVVZRDBFS1Bkc0ZiM05ZUVhRQThZWlJzQXJ0NTREc3dlZm54Y3hsamxDQ0RHb0hMQWwzQU1IOGxrY3BneGU2akI3aXI4MjNYQVlzRFBoTjRGeGFnbnVaZWw2TF9NZVBFdUMyTWpUSDBiU3JFeGFTenBFOG9Ecjg2dm42a1hPbl9GVTQ?oc=5
2026-09-21,未特定,,未特定,0.0,AIデータセンター,テーマ関連,4,,,,1.0,,,,,,,,,NA,,,,,,,,,未判定,CHECK_REQUIRED,0.0,,,,Google News RSS; Yahoo chart,財務データ未取得,企業未特定,STM Raises Data Center Outlook: Can AI Infrastructure Drive Growth? - TradingView,2026-06-03T16:00:00+09:00,https://news.google.com/rss/articles/CBMivgFBVV95cUxNc1hHQ25QRjVHQm05Y2IyenZfUGVtMUlEcFI5TXk1Yk5CTmhKaDMxc2Y4MldtWEVJTGhlUDBvYmxaWThIaDltem1HamlNc0VrMGg1Sm5ucUpWRmJmazhNSzlvWTZwQ2pEcTZXbHVkVENhUE1IRVZVUWZyaGZFM1JramtaSnQ0am5ybUZOc051S0NlUFFvNlJRMFdpWjhSb2xjSTFJTkFoNjVEN1oxY3ZPOVRCZzlzc1poby1RamZB?oc=5
2026-09-21,未特定,,未特定,0.0,半導体,テーマ関連,4,,,,1.0,,,,,,,,,NA,,,,,,,,,未判定,CHECK_REQUIRED,0.0,,,,Google News RSS; Yahoo chart,財務データ未取得,企業未特定,4 Networking Semiconductor Stocks to Watch in August 2026 - The Globe and Mail,2026-07-23T16:00:00+09:00,https://news.google.com/rss/articles/CBMi2gFBVV95cUxQYW5KR05mMmJmNW5wSVg1Zk4zTElvRVpXcWtTanhFYXh1UllBalZhcjB2YXZqaVNIVU8xWmdkb0JUV2ljX09URk1kUVlnYnlmeWlFZFNzRTlXaUFMQkRjZmUtcTZ3bmx0ZUlmdllnUjYzZDY0TEl3cWF0VjRDSzhXNldZY0xRaUhPNnhPVmh0dWxlT0ppTWM5V3pOU1pLTldwSG4yWF92Q212eFctZHN0akpKalhrVkJRQVJpMUtnYVp5TTY5VHNxb3NpNDVOTTh4VHpyNF9CRkthZw?oc=5
2026-09-21,未特定,,未特定,0.0,光通信,テーマ関連,4,,,,1.0,,,,,,,,,NA,,,,,,,,,未判定,CHECK_REQUIRED,0.0,,,,Google News RSS; Yahoo chart,財務データ未取得,企業未特定,Aylight raises €4.5M pre-seed to reinvent the laser behind AI's optical bottleneck - Startupticker.ch,2026-07-07T16:00:00+09:00,https://news.google.com/rss/articles/CBMiugFBVV95cUxNdmhkN1BKMEFTVUtMMEU4aG1XTjFVUW00N3RDR1FlRVBEMkhhb0dVcy0xbDdIUkJDT2tEWnJ5WEdXMXZZaTUwSFRnS1FnSnB3V1V4SGYwRTkxVWd4Rk1JMktvaVFILURLbkk1cjZFM2J1Q0l6YV9aTVhfNFFZOXlzWnVHT3hORF82ZVhfSGFVLTNOSmluZHFKN21kTHg2RGpsN1ZmazBKbUptWWtnWWJDUWVSbUlOQkFkYVE?oc=5
2026-09-21,未特定,,未特定,0.0,半導体,テーマ関連,4,,,,1.0,,,,,,,,,NA,,,,,,,,,未判定,CHECK_REQUIRED,0.0,,,,Google News RSS; Yahoo chart,財務データ未取得,企業未特定,Chip Industry Week In Review - Semiconductor Engineering,2026-05-08T16:00:00+09:00,https://news.google.com/rss/articles/CBMibkFVX3lxTE5yU2pUYjIyZXYzTzM2NWgxUWRSU3ZkcmpWUzJJVmhqNFJIbW1ta2JmU3JCZ0R4VGZCZkhEczZVVkY3S3dDQVRSMjlldjAtX0J3VlJUcUV3ODNQM3JhcEhLcHhzWEpfR2R0RTRXREV3?oc=5
2026-09-21,未特定,,未特定,0.0,光通信,テーマ関連,4,,,,1.0,,,,,,,,,NA,,,,,,,,,未判定,CHECK_REQUIRED,0.0,,,,Google News RSS; Yahoo chart,財務データ未取得,企業未特定,MediaTek Emerges as Major Challenger in Optical Interconnect Chip Market - Pandaily,2026-06-27T16:00:00+09:00,https://news.google.com/rss/articles/CBMia0FVX3lxTE0tQnZsLVVFRExZTndsVGRpY2F0WkVYVnpobnFHSzk0Sk03VmY5aElDeTdxNjUwUS1EN0w3Zy1PTzBkck9tZUVKYUwyTVlmWGZpWDJTYVJOT3hKMzlLeWYyMEczbFVqZUc0V1NV?oc=5
2026-09-21,未特定,,未特定,0.0,光通信,テーマ関連,4,,,,1.0,,,,,,,,,NA,,,,,,,,,未判定,CHECK_REQUIRED,0.0,,,,Google News RSS; Yahoo chart,財務データ未取得,企業未特定,Co-Packaged Optics: The Interconnect Backbone for AI Data Centers - Pandaily,2026-06-02T16:00:00+09:00,https://news.google.com/rss/articles/CBMicEFVX3lxTFBRS1Z0UEctelF2TUs5ZGMtTUVBZ3VKMWNFazdwYWJCQWIzVmZEOWVlS3ZzSVlUSnJnVmFCa1QyZUJXa2V6ZVZVb0dla1kzdDIzbXlZRDBldTFyUzVYMy0wRzdqUEtTUHdtSHZqWm1ZVEY?oc=5
2026-09-21,未特定,,未特定,0.0,光通信,テーマ関連,4,,,,1.0,,,,,,,,,NA,,,,,,,,,未判定,CHECK_REQUIRED,0.0,,,,Google News RSS; Yahoo chart,財務データ未取得,企業未特定,Seoul Viosys targets DCI market with optical semiconductor push - fibre-systems.com,2026-04-29T21:40:46+09:00,https://news.google.com/rss/articles/CBMinAFBVV95cUxQdzE3aFZ0YlBENE1LcWlZS1dHLW9WWDlkSl92ekUxMTY2Ni0wS2p4eU02U3RqS054MllkSXdFVWZNZ0UyY0tKZ01EMnY4bE8xWUpYN2U4WXRuODUyZFBmUWsxNXRfOVZENlBkMFZnZHgydmpKYlpSQ1VKemFBLXlLSjRhbjFwWExVZlc5TV9TYWdkNUgtVDNJT1Y0RzY?oc=5
2026-09-21,未特定,,未特定,0.0,光通信,テーマ関連,4,,,,1.0,,,,,,,,,NA,,,,,,,,,未判定,CHECK_REQUIRED,0.0,,,,Google News RSS; Yahoo chart,財務データ未取得,企業未特定,Rewiring Taiwan’s Display Industry: From FOPLP to Satellite Connectivity and the Micro-LED CPO Shift - semivision,2026-03-20T16:00:00+09:00,https://news.google.com/rss/articles/CBMif0FVX3lxTE5mUnk3MDlFZ1JidzVpdFRUcHdGaUFEVlNWeHp2RHlMSnZDX1ExalBlSmZQU1ZSYXNva3JfSlJiTzUxVjRUTUpmYUdVdl82SnUzbm9NVEVPREF5RkJ6RHY4RHpzQ3dNZk9HYlM5dEtXU1IyU1RFM01JdE9jOXN1MTA?oc=5
2026-09-21,未特定,,未特定,0.0,光通信,テーマ関連,4,,,,1.0,,,,,,,,,NA,,,,,,,,,未判定,CHECK_REQUIRED,0.0,,,,Google News RSS; Yahoo chart,財務データ未取得,企業未特定,AI optical transceiver market to grow 57% to US$26bn in 2026 - Semiconductor Today,2026-03-20T16:00:00+09:00,https://news.google.com/rss/articles/CBMihgFBVV95cUxQTDl2MkpJdS1YT3RCVG12bS1BZmhPR0VKams3b0F4bENvcjBZNGw4RC1fV3I1TjNXNGc0b3lXNFhhQmg0UVR3di1OVUh2VGJPa2J0bmZZM3dydEx0ajhQUTA2eEdXcXVkYklDZHh2RjJnZnh5UHl3aXhFY010Tjloa1dER0UtUQ?oc=5
2026-09-21,未特定,,未特定,0.0,半導体,テーマ関連,4,,,,1.0,,,,,,,,,NA,,,,,,,,,未判定,CHECK_REQUIRED,0.0,,,,Google News RSS; Yahoo chart,財務データ未取得,企業未特定,This Artificial Intelligence (AI) Semiconductor Company Has a $146 Billion Opportunity That No One Is Talking About. Here's Why the Stock Still Isn't a Buy. - The Motley Fool,2026-05-19T16:00:00+09:00,https://news.google.com/rss/articles/CBMimAFBVV95cUxOUGZxREpXR21KbUw5OGctdzBzTlJBOENfNTFiSWg4VHBJeTJPZmt3LXBqYWtjX3lQZWVXM1FCU2wxSDVneVNUNTBGd2ZsRTZlR3VKUzFYSTltZk5VMmRjRUZyR1Rjcm5VUjBvWHVidXB0T0VEbmhZQ2hxdDNhRUlXMEdzMzZMZU91bExyd3RDTHR4NEtPbkRSbQ?oc=5
2026-09-21,未特定,,未特定,0.0,光通信,テーマ関連,4,,,,1.0,,,,,,,,,NA,,,,,,,,,未判定,CHECK_REQUIRED,0.0,,,,Google News RSS; Yahoo chart,財務データ未取得,企業未特定,Industry giants unite to define open co-packaged optics for next-gen AI infrastructure - SDxCentral,2026-08-14T16:00:00+09:00,https://news.google.com/rss/articles/CBMiuwFBVV95cUxQYVVMd0Y1MTRQc1ZuXzdpLW51azBCa0stcmlJQ2lRVHVVQXJ3UW10T1RqUk9pX2U1Rjg4bUp2QTNWd1hReDlWR0V1cmxzX0FiOVhBcVotcklSSThlTU1vNnZKQmlzdE1jU0lyVDZWSHV1X0tRNHNPTlM1N0lKTHlQNmplbXdfMlUzVkx5TGVKclk5eHBPaWpCZjRLT3QzaVZpVmdLZTdrTEJyLWRsd0lnY2h6TEhoa1VCdmRV?oc=5
2026-09-21,未特定,,未特定,0.0,AIデータセンター,テーマ関連,4,,,,1.0,,,,,,,,,NA,,,,,,,,,未判定,CHECK_REQUIRED,0.0,,,,Google News RSS; Yahoo chart,財務データ未取得,企業未特定,Co Packaged Optics for AI Infrastructure Market Size [2034] - Fortune Business Insights,2026-08-24T16:00:00+09:00,https://news.google.com/rss/articles/CBMimgFBVV95cUxPRFJUWVhJTVd4YWUwTXhiV1hpWWdKWWJOdGZJVEszSFFEUjBMUHZFc1lMYXVlX1Y5MHdzTW9RSWZ6c3NiYTVfZzZlOEVvWHBGelkyU2pQNmVLVGdmMklkc3ZoU0RiY1k5OS1PTXh2SERtSmlwdE84cjdiVEJUS2RqTGNvZ1JfcVkxS0p2bXE4d09GaUUwdkE3N1N3?oc=5
2026-09-21,未特定,,未特定,0.0,光通信,テーマ関連,4,,,,1.0,,,,,,,,,NA,,,,,,,,,未判定,CHECK_REQUIRED,0.0,,,,Google News RSS; Yahoo chart,財務データ未取得,企業未特定,"CPO, the new frontrunner in AI infrastructure, kicks into high gear. Which related companies in the optical component supply chain are drawing attention? - Moomoo",2026-08-17T16:00:00+09:00,https://news.google.com/rss/articles/CBMirgFBVV95cUxPUWxCLU5xaDRfcFlYVklqU2h1b1dpcV9nZVFlRXZEYkQyVHJfbDNmT1Vaa3VtLTI1VW9JaDFJWFR4bWJTNHNucDNuMGQ4T2tWRHRpQ3pFX1JGX2hNNmEzdXFfVUFZdXAtdmR1VUZSaWlVQzFCelYxdEoxM2M5d0dLNlVLbGZtc3VyeFhZaDItZDdJZ0hvMW9mZTVBMkdUZTRiZXRDQUQ5cTFySFBNQWc?oc=5
2026-09-21,未特定,,未特定,0.0,光通信,テーマ関連,4,,,,1.0,,,,,,,,,NA,,,,,,,,,未判定,CHECK_REQUIRED,0.0,,,,Google News RSS; Yahoo chart,財務データ未取得,企業未特定,CPO’s Biggest Bottleneck Is Not Optics—It Is High-Volume Testing - semivision,2026-07-26T16:00:00+09:00,https://news.google.com/rss/articles/CBMihwFBVV95cUxOUlRfMU1EVzc4TnJOYTFwZ1pia2JlVlpYZTFYOUd2WG4xekx0X1hwZktfeDIzQjRxODBYTTlDeERaNF8xeGRPdWJ0R3o1UGhlcFRYWnB2OGpQQ0JQLVJ0UXpQN2pFTFk2djJFQjFGR084R1AyN1ZLME13NzVEQ2V0MTBOTkdtNEk?oc=5
2026-09-21,未特定,,未特定,0.0,光通信,テーマ関連,4,,,,1.0,,,,,,,,,NA,,,,,,,,,未判定,CHECK_REQUIRED,0.0,,,,Google News RSS; Yahoo chart,財務データ未取得,企業未特定,"Lightmatter, Industry Partners Launch CPO Architecture Initiative Within OCP - HPCwire",2026-08-15T01:55:08+09:00,https://news.google.com/rss/articles/CBMiswFBVV95cUxQeDNuSjV0U0EwVGNwYzRwYlVyeXZtVTk3NlNmeTBEd2F0SHpwbE93blVsTDV3YlhqcGl2cUpWUXhQUmdpLUtURFlBVFFQeUxPcFBSVGJzWFFGUC1wVGg2VS1NZU9DeHV5YnZZZS1NZzlwYWlzQ2JTNF9yUXdUNzh3ZnZfNjVhakFjeWNrX0dISDJZLThqM2stbnRDU3BhazNQUkN6TS03YkdIbDNmTnFZalNkMA?oc=5
2026-09-21,未特定,,未特定,0.0,光通信,テーマ関連,4,,,,1.0,,,,,,,,,NA,,,,,,,,,未判定,CHECK_REQUIRED,0.0,,,,Google News RSS; Yahoo chart,財務データ未取得,企業未特定,GlobalFoundries accelerates adoption of co-packaged optics for advanced AI data centers with SCALE optical module solution - GlobalFoundries,2026-05-04T16:00:00+09:00,https://news.google.com/rss/articles/CBMi8AFBVV95cUxNaEt0MTFsS2VVX0hZbXZxejlHVzlHdTNjZ3I2b1VUbUstQk83TVNZUXBSdW1MVXFnckotRFlIdVpZUWhsbEVRMXp5TE5pSzRUQ29iTUN3c2lVSllielR6cS1FQUdYbXUzUDF5bGNZRTRaaWlaRmN6Q1dyX0RpYnJmbDQyVVkwekZuWk1EcWxyYnNCOUF2VlVGYzNkVDNIckV3c1ozemFLR0dKOEw1WmRxT3pFc0psdm5WdnpoeUtUVWpRTzNnbXhDU0dFNnl0WEhGTjFvSHl4VmR3aFBoalFudDRjUk53aXUxRVZydGtweUQ?oc=5
2026-09-21,未特定,,未特定,0.0,光通信,テーマ関連,4,,,,1.0,,,,,,,,,NA,,,,,,,,,未判定,CHECK_REQUIRED,0.0,,,,Google News RSS; Yahoo chart,財務データ未取得,企業未特定,From Electrons to Photons: CPO Test Interfaces Become the Next AI Infrastructure Battleground - semivision,2026-05-25T16:00:00+09:00,https://news.google.com/rss/articles/CBMigAFBVV95cUxNdWNNQWNTTUhVeFRhWUhuVDhtVmQ5dGI3eUlxUEhxQ3BQRUpiUzlhRFhhMUhERFg0UzhIVTZhQW4yeVlOT1lMcVh4TTIwLTl2Rm84VWluelZNNkZHbGswQkRiYUpMNGR4YmFYcjNjMGZYR2l4VVNUa04yNFBJVzFtMw?oc=5
2026-09-21,未特定,,未特定,0.0,光通信,テーマ関連,4,,,,1.0,,,,,,,,,NA,,,,,,,,,未判定,CHECK_REQUIRED,0.0,,,,Google News RSS; Yahoo chart,財務データ未取得,企業未特定,Scaling AI Infrastructure: Overcoming Interconnect Bottlenecks Via CPO And Heterogeneous Integration - Semiconductor Engineering,2026-03-19T16:00:00+09:00,https://news.google.com/rss/articles/CBMixwFBVV95cUxQTWhYeldyRDdhZW1vSHFBYmxwbHZ5aXExNjJOS3FlOHB4V29Oekt0SnBxTU1ocm4zTGRrWXEyN25JaFRQelBIMTRQdTNrdml1aVZmQnROZ3htam5Ob3puZHRiRlB3WndadTJoTGhTUnFZYUE1bDIzbmM3SHJDZ0NKZ2tTQkJPa3phUVhzWDJGNkg1aHZfSXEwZ0U1TjNPS2NHQVY0aGRCQUJLWS1KTmpiQ1M5VHFyQ3h3VDJuaHN2QnpLTEplSGt3?oc=5
2026-09-21,未特定,,未特定,0.0,光通信,テーマ関連,4,,,,1.0,,,,,,,,,NA,,,,,,,,,未判定,CHECK_REQUIRED,0.0,,,,Google News RSS; Yahoo chart,財務データ未取得,企業未特定,"[News] SK hynix Unveils CPO Roadmap, Looks Beyond HBM to AI Infrastructure - TrendForce",2026-08-20T16:00:00+09:00,https://news.google.com/rss/articles/CBMitgFBVV95cUxOR1ptOUxNYWh3LVkzejIxekVJb1Jsdi1vOFhYUEUtMHM4ckRNQnpKN19iWWpPc055OHE2RUJQMGs4Z0Z6ZHNRVl8tV0FaSlZBTXZpUllROGNJYXdESTFiZU1LbXBqVjk3cDdpRkR2T0ZkUFluYlFWbldGdWdJMm1hc0paVjAybVplV1BWNWU5NGRRM08zb3lMVDBRbnA5bGJ6VmxRM3lWMVRFcWhhQlZLd2RsUEJGUQ?oc=5
2026-09-21,未特定,,未特定,0.0,光通信,テーマ関連,4,,,,1.0,,,,,,,,,NA,,,,,,,,,未判定,CHECK_REQUIRED,0.0,,,,Google News RSS; Yahoo chart,財務データ未取得,企業未特定,AI infrastructure accelerates the shift to scalable optical systems - OFC 2026 post show report - Yole Group,2026-04-03T16:00:00+09:00,https://news.google.com/rss/articles/CBMi1AFBVV95cUxPaUtIR1hEbVltT1ZBeUNCMWZSQTZ0X21ENVhGOEN4VlFkdHdWam9MSHBGXy1KclpRUmpLUDdYU05FcUlXcXp2WjBfei1QVGtOMkJzQ3puX0dERkpZMkpRTkwxRVR3Ukh0YllJT1BDc2hsU05hczhqNTVDWEtmMkZaRkluX2dlOW5SWVlkM29BZlc0bW1GcnZKUVNKMjVHNzIwNHhMeE1GcmZhVTdOcUxOLThqTmVJelNIR0g3WDJDZUZwU29xTndxNjBfVkVIb25MT1ZfeA?oc=5
2026-09-21,未特定,,未特定,0.0,光通信,テーマ関連,4,,,,1.0,,,,,,,,,NA,,,,,,,,,未判定,CHECK_REQUIRED,0.0,,,,Google News RSS; Yahoo chart,財務データ未取得,企業未特定,GlobalFoundries Rolls Out CPO Platform - Semiecosystem,2026-05-05T16:00:00+09:00,https://news.google.com/rss/articles/CBMifkFVX3lxTE5zSWNhZUFyTzV4Q3NYTXg3UGxDMUtiRVJvcTAzckM5SXdncHRlTXYwc21Pc1VNbTduY3Z4b2tremZWMGY1VlhOaDExTzI5OU9GRWw1a0M3emU3V2JkLVlMWU8zOXoySTFRc3JvRUs0UU1VellhQ3dzNjhZTTBXUQ?oc=5
2026-09-21,未特定,,未特定,0.0,光通信,テーマ関連,4,,,,1.0,,,,,,,,,NA,,,,,,,,,未判定,CHECK_REQUIRED,0.0,,,,Google News RSS; Yahoo chart,財務データ未取得,企業未特定,Lightmatter Proposes OCP Reference Architecture for Co-Packaged Optics in AI Systems - HPCwire,2026-03-17T03:59:50+09:00,https://news.google.com/rss/articles/CBMivwFBVV95cUxPRzFkOUI4RnZjUE02M0ljeHdGbkpYbU5qS1o1TGdBZ2hwM0Rtcmg2TGgwMXpRMVRjQm9HMnFwY1V2bEY5VkkwRVBxTC1tTFpIU0tqeEhFTWNDb3NoNkNPSVp2S25mdXE0ZUs3LU95alNTVm1oTV9WRjVqNlIxVURXai1MNTdhVmtuTzRaRUdFbjAwRjJ4QnFJNjBTQWU3NjdVWWszMWVXVUZYZEhJenRIVXd2b0ozSWVNT3g0WlJrNA?oc=5
2026-09-21,未特定,,未特定,0.0,光通信,テーマ関連,4,,,,1.0,,,,,,,,,NA,,,,,,,,,未判定,CHECK_REQUIRED,0.0,,,,Google News RSS; Yahoo chart,財務データ未取得,企業未特定,Molex’s Teramount Deal Signals a Shift Toward Scalable CPO Infrastructure - semivision,2026-04-17T16:00:00+09:00,https://news.google.com/rss/articles/CBMihAFBVV95cUxQZHdldDlnTTV4a0hGaDdqX25hS1NhUncxbTlzY2VaSnd4dlRvSE51cldidER6YTFUTHNlWmNFRlpNYnhZaG9SdFMxRmpRcmxzM0VTYUY5VmxVMGdaTy1KV0U1R3RaVjlHTWtjZHlvNW1scmk3SFFyUGprUkhUeG9qMlZRb2w?oc=5
2026-09-21,未特定,,未特定,0.0,光通信,テーマ関連,4,,,,1.0,,,,,,,,,NA,,,,,,,,,未判定,CHECK_REQUIRED,0.0,,,,Google News RSS; Yahoo chart,財務データ未取得,企業未特定,The US$16.5 Billion Bet: How Co-Packaged Optics Will Rewire AI's Backbone by 2030 - digitimes,2026-05-26T16:00:00+09:00,https://news.google.com/rss/articles/CBMia0FVX3lxTFBaZFcxeG50QS1SZ3hIYUlzWHZDNlgwZjJwX1JDVWk0OGhYeGZqc1JVc29uT1FxYnBHX19xN2ZMeDJZa2doY2NIZlpaZ3VSOUk2bF91QjlySnBsYjNYU0EyYk1qei1tOEg4emRZ?oc=5
2026-09-21,未特定,,未特定,0.0,光通信,テーマ関連,4,,,,1.0,,,,,,,,,NA,,,,,,,,,未判定,CHECK_REQUIRED,0.0,,,,Google News RSS; Yahoo chart,財務データ未取得,企業未特定,OFC 2026 Outlook: AI Data Center Optical Interconnect Trends from Pluggable Optics and LPO to CPO and MicroLED - semivision,2026-03-10T16:00:00+09:00,https://news.google.com/rss/articles/CBMihwFBVV95cUxPOUdOT3RLanhQcVFnQzJEal9hU1BvbWRNemppX0xkRHZmY1Q4bDFyZUk1MGdiQjhhSGgzVWYzb2lDQTNHbzlmMmRwelhKZVV6QlZNdXQ1QXZGYTJHN1o3UGl2V1JJejlZVVZCcTJvT3JDWnY5QmxNUWhPMWFXd2M0TmNLZEhla0k?oc=5
2026-09-21,未特定,,未特定,0.0,光通信,テーマ関連,4,,,,1.0,,,,,,,,,NA,,,,,,,,,未判定,CHECK_REQUIRED,0.0,,,,Google News RSS; Yahoo chart,財務データ未取得,企業未特定,Ayar Labs and Wiwynn Partner to Bring Co-Packaged Optics to Rack-Scale AI Systems - Business Wire,2026-03-11T16:00:00+09:00,https://news.google.com/rss/articles/CBMi1AFBVV95cUxPTGYtQ1dELWxWSnhjLUl0R2VEanhMWHpEOEJmSVI2YUVZbzJIcVVkTk5yd3ViWFBHSUU5Y3VuYm8xejNHaVNLZHFPY0QwaVM1bE8wZGxGVlJCSkVTcUsxZHlKajlsV20zNVNWS2k2VUpOSnVyOHowRndKZXQ1UWJKVXVZWVpwaVhaVkFmX0FZamZ3T2FvVWtZUnZCQ01HWnFFOXZtWGxDaVoyZWJ3eFRqeE56QzhqZWRoNV9xSVZpUTRmYjBaazVIQzgxdkNUZmxGVnp6Nw?oc=5
2026-09-21,未特定,,未特定,0.0,半導体,テーマ関連,4,,,,1.0,,,,,,,,,NA,,,,,,,,,未判定,CHECK_REQUIRED,0.0,,,,Google News RSS; Yahoo chart,財務データ未取得,企業未特定,Beyond the Chip: How AI's Next Battleground Moves to Rack and POD Scale - TrendForce,2026-07-03T16:00:00+09:00,https://news.google.com/rss/articles/CBMiY0FVX3lxTE85dTJEYk8zeTJ0dXhGWkNpbDd1V3lRcUF3dmJ1M29jSEhuMWRURFhHQ3NQcVpQWm81S2FLMXFtVzBhdko0Z1B3S2ZIMVI2VGVfdURTMnphR0syZXVwMEpFd0ZpNA?oc=5
2026-09-21,未特定,,未特定,0.0,光通信,テーマ関連,4,,,,1.0,,,,,,,,,NA,,,,,,,,,未判定,CHECK_REQUIRED,0.0,,,,Google News RSS; Yahoo chart,財務データ未取得,企業未特定,"Co-Packaged Optics (CPO) Market Size to Exceed $1,923.64 Million By 2035 - SNS Insider",2026-07-17T16:00:00+09:00,https://news.google.com/rss/articles/CBMifkFVX3lxTE5YdXM4U0lpOXh0Tm1qekNGTnNvSGlGc1FXVENCcGxVNnFxWlE1LUt6YjJZSHNIakJaVWFLMGR3eE9mZnJlb3Z1X2Zjdl9hbGhaSXFnSnh3aEZhWDFsS2NzZzFIdVgzWldNYjVWMzE1a0lhOFNEbDNaMlp0bXB0UQ?oc=5
2026-09-21,未特定,,未特定,0.0,光通信,テーマ関連,4,,,,1.0,,,,,,,,,NA,,,,,,,,,未判定,CHECK_REQUIRED,0.0,,,,Google News RSS; Yahoo chart,財務データ未取得,企業未特定,"Co-Packaged Optics Market Report 2026-2036: Product Benchmarking of Spectrum-X, Quantum-X, and Bailly Platforms, Start-Up Innovation Mapping, and Foundry Comparisons - ResearchAndMarkets.com - Business Wire",2026-01-12T17:00:00+09:00,https://news.google.com/rss/articles/CBMi3wJBVV95cUxNcDlMbk8tQ213M2t4UklTRFRWSWR3UHBuNF9UWDZTekxGLTJ5Y0licEwwQTBsUUloZUdwdWhJUkRuWEY0SF9CMnpvT0Fub2o1ckxldVVDMUNVd1NZdHQ4WGhZdTRrRHJPaWh6dkVxNE50YU1hWEd4RWpiSG1vejVXa184RnZ3cW1qTnlzNHZudno3YnhIc1BlN3RRYktCbnJtd1NkQzNfV1g5bTI0VVZueUVQOEozR2hkQnBMaXg0dk80ZU9TZy1xTXYzT2h0YnhORldCSTRwdkJENldKOUlWVzJwVVNrcnVnMk5Bd3RWRUFhMmlvWjhwenY2WmRIbnI2MTlpSi14VTFLLXBRNTFPTWdRbjQ3cFNLVHdSV3ZHTDAzTHFiX215T3gwb0k5czZWbXhxQjJURkg1bVR6LVc2MWpXWjdoeG92N0JIY1ZEZnJ4MGtvOVRBZXFkWnBCUU0?oc=5
2026-09-21,未特定,,未特定,0.0,半導体,テーマ関連,4,,,,1.0,,,,,,,,,NA,,,,,,,,,未判定,CHECK_REQUIRED,0.0,,,,Google News RSS; Yahoo chart,財務データ未取得,企業未特定,US to award GlobalFoundries $300 million to develop AI chip links - americanbazaaronline.com,2026-07-29T16:00:00+09:00,https://news.google.com/rss/articles/CBMitwFBVV95cUxQNGxqaWhreVFhTnp4eEVidHJ1TXVMaGdhZVoxOXhSVzdGTGEwLWQyUnVfRDdwOGxtaFRGclVEZTJKRUZRTzBKRmxzTzcwLUJBaUF0MjMtc2pJOWhESU9HV2RSeWQ5LW1TNUxneVg4WE9nVmI3b1g5TDZYakhVXzRTZDlpYWlmRWdBaFJaM195NmJOLUpoYXBjQVRhRjBlYVdWUWdqUFlrcWxpb2tpcUhCTU5tNE1EaWc?oc=5
2026-09-21,未特定,,未特定,0.0,光通信,テーマ関連,4,,,,1.0,,,,,,,,,NA,,,,,,,,,未判定,CHECK_REQUIRED,0.0,,,,Google News RSS; Yahoo chart,財務データ未取得,企業未特定,LITE Expands Co-Packaged Optics: Can It Become the Next Growth Driver? - The Globe and Mail,2026-07-07T16:00:00+09:00,https://news.google.com/rss/articles/CBMi6AFBVV95cUxPLWRhV3lfbVd0Vjd3V3h2UDZadDc4YktDd2JOZjlwZlpBZTY5ZVNFV2VDcmFOZS0wc2JoazkyWDg3dDZhUFdvaV8tbFdTWWJ3enQ1LS1wS1ZoM1NwaGRCRV9ZWWU1d3p2U2VFWDlTV0ozOW5ZZ3JEdGpaVlo0enJoZG1FSWM3WWRGbGRNeW80Vm5DWllmWUIxZi1IVHBiUXB1d0ViU3NhdmszVXozaVpwZEM0Z3pJUGFKTmRmdmd1V2h6bmtVTldtNTNpMHd2a0JsbC12blV4V2pkTEcyeURhZWpuVG5mdkJH?oc=5
2026-09-21,未特定,,未特定,0.0,光通信,テーマ関連,4,,,,1.0,,,,,,,,,NA,,,,,,,,,未判定,CHECK_REQUIRED,0.0,,,,Google News RSS; Yahoo chart,財務データ未取得,企業未特定,Lightmatter and GUC Partner to Produce Co-Packaged Optics (CPO) Solutions for AI Hyperscalers - EE Times,2026-01-28T17:00:00+09:00,https://news.google.com/rss/articles/CBMitwFBVV95cUxOR1Q3dFUyMjEyY0FjQXF1eVRPVUlpTDlHbV9QblhqbkJYWXlIQ3Y1OE9xN19KcUpiRHNHSlNYMjdNbm1xV0loZU4wQ19Sa0ZJS19QaGNFRWJ6U0t4SVNfMHI2a1d2UjJiSjNQNVVNUTNIdEVwdGxReU5oVlFscXlIVDNkcnNiWlVPLVBrRjJTMUxlbGhqQTRRbXY4MzN0dUhmOHhmUlNZMWNjQVNGM3pRN19rLXVYdVE?oc=5
2026-09-21,未特定,,未特定,0.0,光通信,テーマ関連,4,,,,1.0,,,,,,,,,NA,,,,,,,,,未判定,CHECK_REQUIRED,0.0,,,,Google News RSS; Yahoo chart,財務データ未取得,企業未特定,SemiVision Panel - From CoWoS to Optical I/O : Mapping the Future of AI Interconnects - semivision,2026-03-12T16:00:00+09:00,https://news.google.com/rss/articles/CBMihgFBVV95cUxNTmUxRmNRN0RxTm13YTFpWXpyR3dheTdnZ3FOd2pNVnJmMlhrVkNuTUhFTmNEZEVCSDNKMzNVazN1bVhoWVZCcXdXbWJpVERNOGpOamp1dVdzQmtSV2ZCTmJpNXR0aEl1dVgtTTg1UDhNRVRhclpMNC14SzRCNkxvM2ZBS1lhUQ?oc=5
2026-09-21,未特定,,未特定,0.0,光通信,テーマ関連,4,,,,1.0,,,,,,,,,NA,,,,,,,,,未判定,CHECK_REQUIRED,0.0,,,,Google News RSS; Yahoo chart,財務データ未取得,企業未特定,Is CPO Overheating? Insights and Analysis - 36氪,2025-12-24T17:00:00+09:00,https://news.google.com/rss/articles/CBMiU0FVX3lxTFAzWkVXSmJHVm9XVzI4MEh5QmwyOWF1UlRNWFpvc0QzZE9qRUJLakhpY3ZqWW0wSzNqYnhvVVJ4VUNuQ01mb2cwc2o3UExxVEN0MFV3?oc=5
2026-09-21,未特定,,未特定,0.0,光通信,テーマ関連,4,,,,1.0,,,,,,,,,NA,,,,,,,,,未判定,CHECK_REQUIRED,0.0,,,,Google News RSS; Yahoo chart,財務データ未取得,企業未特定,Perspective on SerDes and CPO: PCB Material and Signal Routing Challenges Ahead - semivision,2025-07-08T16:00:00+09:00,https://news.google.com/rss/articles/CBMif0FVX3lxTE81eTd3S0YxNWtJd25ITFI1OG1rS2FuVHlOVURxcHQtMWJOMHE5UV9pM21OdllaMDlsaGFzLTh2SUoweWozemFfeG5hTnFiMUVKX1hwSThIcHNaTWlQSkZmaXc2WlJiNXN2bUY5OGVRS05mdmQ0LUZZNGtEQWlOcjA?oc=5
2026-09-21,未特定,,未特定,0.0,光通信,テーマ関連,4,,,,1.0,,,,,,,,,NA,,,,,,,,,未判定,CHECK_REQUIRED,0.0,,,,Google News RSS; Yahoo chart,財務データ未取得,企業未特定,CPO on the Rise: ASE’s Role in the Next Heterogeneous Revolution - semivision,2025-06-17T16:00:00+09:00,https://news.google.com/rss/articles/CBMifkFVX3lxTE02MzAzMkNPeDhSeEs4YU1jNkJGdzdhZ01YbE5ydnRfbXFKcmpNcXp1cy1XbHp6S25jRnlSVjQ3UlVqWDFIVGoyU1FIZ2ZSR0o1RFN6RFEzTWVhdmlmVk1lYVUzU0ljY1lnYmZqdFQ5X2hmSzA2cGdxdzQ1eHB1UQ?oc=5
2026-09-21,未特定,,未特定,0.0,光通信,テーマ関連,4,,,,1.0,,,,,,,,,NA,,,,,,,,,未判定,CHECK_REQUIRED,0.0,,,,Google News RSS; Yahoo chart,財務データ未取得,企業未特定,OFC 50: How the Four Hyperscalers Are Redefining the Optical Blueprint for the AI Era - semivision,2025-04-17T16:00:00+09:00,https://news.google.com/rss/articles/CBMifkFVX3lxTE1uYzBEVU9OcmE4akstd1NVLUxQMkxFU2k4MlVwSXVCLTJLSE04WHk3NGRWRVVuSUFHWmU2Q1J3Z3VvSGIxTC0tR2d1Q0QwVmNwMUIxUWFvcVBDeVU5SXEyOXlwb2JSYTJoM294MDVmbDBQV2Nrb2l5cG9vaFgyZw?oc=5
2026-09-21,未特定,,未特定,0.0,半導体,テーマ関連,4,,,,1.0,,,,,,,,,NA,,,,,,,,,未判定,CHECK_REQUIRED,0.0,,,,Google News RSS; Yahoo chart,財務データ未取得,企業未特定,2025 OCP APAC: Taiwan Sets Sail to Connect Asia’s AI Silicon Ecosystem - semivision,2025-08-06T16:00:00+09:00,https://news.google.com/rss/articles/CBMif0FVX3lxTE1iTTd0Tm9ickIxUzlNbURfVW4zVWRNVFBMTF96bHNWSk5qRUJ6SGhqbG96aktma3pkbE5rNHdPaDBwZVZRMUkwRlhpWU9TSVpVNmJESzVUREpNR0lGbnJ6SDRTaUYwQjROZV9GSjJwLTlRaHZTVmJ4OXJsRXY0Wkk?oc=5
2026-09-21,未特定,,未特定,0.0,光通信,テーマ関連,4,,,,1.0,,,,,,,,,NA,,,,,,,,,未判定,CHECK_REQUIRED,0.0,,,,Google News RSS; Yahoo chart,財務データ未取得,企業未特定,Building A Production-Ready Optically Connected Rack For AI Scale-Up - Semiconductor Engineering,2026-06-11T16:00:00+09:00,https://news.google.com/rss/articles/CBMingFBVV95cUxQVFFBaWhZSUdNdThRQUV3TEhOT3JRanlXWUFOZ09CUlkxcV92Ymw5TFdYUG83WG82dGRoOHVuYWo2UVMxc0hmWnVUeWc3ZUthNFhwZVdzY3IteGJtVUtmY3hpRkV1a3IzNHUwVDZDUUdtY2hwQ2U4Xzk1VFBjZnZjc2ZMLWhBR0tsWE10cHRGMWtaakVDSm12YWdIVkUwUQ?oc=5
2026-09-21,未特定,,未特定,0.0,半導体,テーマ関連,4,,,,1.0,,,,,,,,,NA,,,,,,,,,未判定,CHECK_REQUIRED,0.0,,,,Google News RSS; Yahoo chart,財務データ未取得,企業未特定,Kopin gets $15M to build chip that aims to replace AI servers' copper - Stock Titan,2026-04-28T16:00:00+09:00,https://news.google.com/rss/articles/CBMivAFBVV95cUxPN1plUDlEeERISkRyRzMzcUFsYmVCdTNDem9Ob1VWRDV0LW1lcFRvVnJZVklOSTdaejJwT3NSejlJUG5TY0czSjFTbDNYN1laX0RmbGRZUmhlNW5TWGFwS0ZhV1ViV0FycHhtR19waTlIYU5YN3I4NlpEZ0hvYjJWNHJGUTlSQXZXem1GZ2h2dFZkNllmcUJxRHo4aFZMUzlNcWQyYVdQNk91TUVRTlNHNGwxVkQwZTlIYTA4MQ?oc=5
2026-09-21,未特定,,未特定,0.0,光通信,テーマ関連,4,,,,1.0,,,,,,,,,NA,,,,,,,,,未判定,CHECK_REQUIRED,0.0,,,,Google News RSS; Yahoo chart,財務データ未取得,企業未特定,"Kopin, Fabric.AI partner on MicroLED optical interconnect for AI data centers - Military Aerospace",2026-05-01T16:00:00+09:00,https://news.google.com/rss/articles/CBMiywFBVV95cUxNV0tzWExkR1ljak9yRGtZeFZlOWRmNzRqdk5QUWZoTUstdVBveWhybWJBNlM0N3JzUXR0Qy1Pd1dQRGloQVFoZWhSc1VVdWNWTTF2NWZwVXF1eVlKc0VmUkVkTWNkRG5qN01iSXplUEVVWGlXSERiRkJpRDNpWlJPVl9hU1A0bUVQMVpYbnp6NC1SZDdWUmdKeXVRUUExR09YNFFIR2JKNVJ0d3pBa0hSMmNCUm9wOEpGbktoeWJBM240ZlhEVU4xbmZ3dw?oc=5
2026-09-21,未特定,,未特定,0.0,光通信,テーマ関連,4,,,,1.0,,,,,,,,,NA,,,,,,,,,未判定,CHECK_REQUIRED,0.0,,,,Google News RSS; Yahoo chart,財務データ未取得,企業未特定,"The Three Waves of the AI Token Economy: GPUs, Data Center Storage and Optical Modules, CPU - semivision",2026-04-27T16:00:00+09:00,https://news.google.com/rss/articles/CBMihwFBVV95cUxNeGtYbmVlZzhyeEVWU3pDOEsxUzZFN0toN254VDZmR1BsRTlkeHRydjRXV05RX3dYdlVBVGxIazc5TzNTLW9vS3BBNjVoOFpob2I2Q3BCckx0a3RzdkpaT3hlMXNPSXJ1SllzWTIxU0NiOUMzemIzTEJPbFplOVQ4R2kzSVpGQ2M?oc=5
2026-09-21,未特定,,未特定,0.0,光通信,テーマ関連,4,,,,1.0,,,,,,,,,NA,,,,,,,,,未判定,CHECK_REQUIRED,0.0,,,,Google News RSS; Yahoo chart,財務データ未取得,企業未特定,"Asia Optical Partners with US-Based Frore Systems on AI Liquid Cooling, Shares Surge Limit-High - finance.biggo.com",2026-04-23T16:00:00+09:00,https://news.google.com/rss/articles/CBMiYEFVX3lxTFB3b21keTlVMGNqV0pEN3ZmZzdCaHlSMllKNTQ1MU9pbjJndDRVYWNzSUNES2lTOGNVMzBhUHRLc3JmZFJvamxMakJOSnBJZlF6X2Y5Q3BXMXVLU2lsaDVjeQ?oc=5
2026-09-21,未特定,,未特定,0.0,AIデータセンター,テーマ関連,4,,,,1.0,,,,,,,,,NA,,,,,,,,,未判定,CHECK_REQUIRED,0.0,,,,Google News RSS; Yahoo chart,財務データ未取得,企業未特定,POET Technologies and Lumilens Secure $50M Deal to Replace Copper Wires With Light Inside AI Data Centers - Tech Times,2026-05-15T16:00:00+09:00,https://news.google.com/rss/articles/CBMi4AFBVV95cUxPYTVlMHhYWXlTOHYyaXZCZ2ZNWEo5eEVwVlQzdmVuRkYwbEhRNXk2UG9xRXhEWjZFMUQ5Sms3SGF4MzFtSzdoZy1pWEJUYWhIWkNtOW5OYUpSaEZKelRIS0U2MXJBTmxwelBaQmRSTzlieTQtaDVDMkNWc0l5M181X0dXa1QxT0VKel84aDY3RFgwME5TT3VuQW9Qalg1QllGLUlXNlg2M0lqeWx4T3Z6aHFGWURMeUtEbVc4Z0NHM1YtNjdYRzFOVXktT2RNMnVVd0hkQXdSLTM4MDBjU2JGRw?oc=5
2026-09-21,未特定,,複数候補・要確認,0.45,未分類,テーマ関連,0,,,,0.0,,,,,,,,,NA,,,,,,,,,未判定,CHECK_REQUIRED,0.0,,,,Google News RSS; Yahoo chart,財務データ未取得,企業未特定,NVIDIA Commits $2 Billion Investment and Purchase Deal to Lumentum for AI Optics Expansion - MLQ.ai,2026-03-04T17:00:00+09:00,https://news.google.com/rss/articles/CBMirwFBVV95cUxNUjE4TmZlRXMyZk43M3VMYk0wU2hQTzB3SDJlbXhFZTkxZ1B4Zy1lTGZuMXZOR3UzeXpJY1pyWlpHUzZHeHhRakxvMlJQS0ZkXzlNUURrS3ZSZHJ5LWpYYTVRcGp5TjhsUkJwaGlJc3htdEhySllXNUd2LWpGRnhCc0pBS1oyY0txNENmYkFqU1ZlQXJFTXdfQmV1R0kzeF9UTEowTk1xTkc3dVYyX3Bn?oc=5
2026-09-21,未特定,,複数候補・要確認,0.45,未分類,テーマ関連,0,,,,0.0,,,,,,,,,NA,,,,,,,,,未判定,CHECK_REQUIRED,0.0,,,,Google News RSS; Yahoo chart,財務データ未取得,企業未特定,How Nvidia’s Corning pact sheds light on China’s key role in global fibre supply - South China Morning Post,2026-05-08T16:00:00+09:00,https://news.google.com/rss/articles/CBMizAFBVV95cUxPUkM3ZG92OU1XR3BMa05OczFSbGtZSm5DLU16aTBVa00zeFUtWE8zemNNNWhLcmhMamNiVDUzdy1Fbm1icXNmSENvWk1IOUxiNWE3QzNNUWFlMU1GX2JJT09ueUZ1RGNIdmRvUjh3eHJWQjVxVC1ncmNPbHRoeWZMVV9WMWFOYUYyWEpVWkdDSGhpQ1FqY1VzTmxBSkR5S3NvMWFHak5lRjZRWWxrUDA2bFJMNEh4SlFnSDNFT3JiNUpONGEyWmJ5NE1nMGjSAcwBQVVfeXFMTkIwYVVzY2JCbWhMRE5PYXRXdFJPX2U3UkJFZGt1WFhRS1lEZ200WUlGbHBlYjM4WTF5QmthVHZ2aVByb1M2azB5eU9Da2J3TWUxYklfcWY3MV94cWVqZzFQMmh2TC1aWXhXM0ZqVDNVWEg5a2JCNThuaWMxSlZxdDd5YTZvLWIzWmJURjFRb0k4SjZBTkdyRVVPNDgxVFg4b0JIZlJmQUVtSkR5cWV1dll6UHJnblFQRkx2R3k1enFkazR5TUFSNzFiS0RV?oc=5
2026-09-21,未特定,,複数候補・要確認,0.45,未分類,テーマ関連,0,,,,0.0,,,,,,,,,NA,,,,,,,,,未判定,CHECK_REQUIRED,0.0,,,,Google News RSS; Yahoo chart,財務データ未取得,企業未特定,Even Nvidia Sees Lumentum as Lighting the Way Forward - 24/7 Wall St.,2026-03-02T17:00:00+09:00,https://news.google.com/rss/articles/CBMingFBVV95cUxOUlBFUi11aEVwNUNLYXNOaGxaWk5lNG9wRl9vQUxUcFN3YU9zV3g2VFVoeWF4ZnVTRlVPaFE3V09mMU1xaVhkd1VwWkU4UDJCWmFzVVl3NWZJTmRHdG95TVdPVVI5bW9aRXFnX2d3WXIyS1JjdDRDeUQ5Smo0clN4RDgzT19ibnY2M0Zsc2toWnBXUmE5a29sYkNNYi1xQQ?oc=5
2026-09-21,未特定,,複数候補・要確認,0.45,未分類,テーマ関連,0,,,,0.0,,,,,,,,,NA,,,,,,,,,未判定,CHECK_REQUIRED,0.0,,,,Google News RSS; Yahoo chart,財務データ未取得,企業未特定,"Corning Up Over Fivefold This Year. Single-Day 12% Surge Hits Record High, Nvidia Ties Become Core Growth Engine. - TradingKey",2026-05-06T16:00:00+09:00,https://news.google.com/rss/articles/CBMiswFBVV95cUxQazF3NHZ3QXR2UVZYOHk0dEhleXFJTVlyYVhiYlRhVklmR2ZyRkVEVXRhTWFyaVZrOUdzRFkxVUhaUTJ1T1FzQTdEQ3VfSVM3UnI4b2hyM3J5UktpQTMxTjdfQkZacEh3TGRmWmo2TVhaTDUydm5ZYkl5OHNzSkRaNUZIOWF6RGNNaklhcENsTTlpdDJfTjdIcXZKNEF4QTNqY3R3Z29nU09WWm15RWJ1aUgzZw?oc=5
2026-09-21,未特定,,複数候補・要確認,0.45,未分類,テーマ関連,0,,,,0.0,,,,,,,,,NA,,,,,,,,,未判定,CHECK_REQUIRED,0.0,,,,Google News RSS; Yahoo chart,財務データ未取得,企業未特定,Nvidia to invest USD 4 bln in Lumentum and Coherent for advanced optics - Telecompaper,2026-03-02T17:00:00+09:00,https://news.google.com/rss/articles/CBMitAFBVV95cUxNQjBrWjEtcTVacXV2cGVPUnZfNFN4N25hNWluTGJpS0hMWDFmTnZuSHRCRjFXS2VDTDBTallXMm5IcW42b0diN3YxSzdwSEVTaVVZbXRzZFJldzdUby1kMXdaRWcyYmFRRWVVYUFCbnAxN1JfY1o4RjJUVWlyeXNyM05EdXFtRUFRRFZIakM4TVZ3NVJHRWZxQ1UxM2VwbDRoTGs2a3Q4Ui1pTXBHYm9mdUdJTWE?oc=5
2026-09-21,未特定,,未特定,0.0,未分類,テーマ関連,0,,,,0.0,,,,,,,,,NA,,,,,,,,,未判定,CHECK_REQUIRED,0.0,,,,Google News RSS; Yahoo chart,財務データ未取得,企業未特定,Can MRVL's Data Center Business Sustain Its Growth in 2027? - TradingView,2026-09-17T23:17:00+09:00,https://news.google.com/rss/articles/CBMitAFBVV95cUxQSmhMRHRndEpBQTYzQUFLQmE0ZTYtVVhnUHhFNjczU1RPd2xXYTdnT1pvLVJRQVJiLUpQM0xHclBEblpMXzltTzEzVW5WaXNVdmVHZWFiMHc2NEFtWUZYek05Zm5qenBVTkNsQndpRGJIY3Q2NW84NGVmYkpzcnFEd2FaZUU3VzgyUFlKTXpuREQzOGpuamZGdWExUmRoV2ZkbERjUE1ZV0czSkZ3M0RINUtELVI?oc=5
2026-09-21,未特定,,未特定,0.0,未分類,テーマ関連,0,,,,0.0,,,,,,,,,NA,,,,,,,,,未判定,CHECK_REQUIRED,0.0,,,,Google News RSS; Yahoo chart,財務データ未取得,企業未特定,Fabric.AI (Nasdaq: FABC) Stockholders Ratify Kopin - GlobeNewswire,2026-06-24T16:00:00+09:00,https://news.google.com/rss/articles/CBMi3AJBVV95cUxNZEhFX0hXSFBJTTFfY2V6UmVmRnFZR1NDQnBRNjhiT2lMU3FQZ2x5SEFDVkFuazhtajVNZE9EUkQ5emZJRkhxREhHVGRaNDR3dzlTeFNhVXB3ajlkOThUMkdCR3VLTGRub0F1OUNFek9icVRWVURkaHl0Y2FIUVRVMmZ3eDVOMzRFdWg4X2lLRWNSQW1nLWlYR1oxejB0ZUZ5Zlk2Ym1DcVdRVExWMVRZWEc4V1laMUxjY0s3T05BZVhuRVBqVDlaOHFZVUV4RnNXenBPQzY3b0FGSVA0UnNRSkVwVEtxX2pBSkJDZkNoclBKX0c1Mk83OTg2bGJUVFFMei1CY3djaFl0cHRoU2IwbmprR3ZUT2I4WGR6c1NrV1F3UXN1SHJFN2w0d0ZUNzBabEpPNXF3djZ1bU42WGlVa2p1WDYtWlY4RGdweW5TM1VaQVVpVVRWVTVwa1Y?oc=5
2026-09-21,未特定,,未特定,0.0,未分類,テーマ関連,0,,,,0.0,,,,,,,,,NA,,,,,,,,,未判定,CHECK_REQUIRED,0.0,,,,Google News RSS; Yahoo chart,財務データ未取得,企業未特定,Palomino Laboratories to Participate in the 7th Annual - GlobeNewswire,2026-08-13T16:00:00+09:00,https://news.google.com/rss/articles/CBMingJBVV95cUxPZ1cxWkh6U1d1dFdOTHhFWUMyUlprNXg3UEl4Zk9tdUNNUkFKYUNfWXRmR19MTVpJZE5KbEdFNzYxZFZhZHl5cnp5OUZSSkZYN0FUMU55U2FSMWZxelIwOXpUZnVpX2tXOV9XeEoxZUdCaHRvaFNmd2lmNFR3bmVvMUVCZlpDWUhMcVdqcUF0Vy1NNUJPQ1REaWtQQ1JJemw4ZzY3ZGlvWTQ4SmxhTTQtaUtjM2IwdFlWLTN2c2R4XzV6QzFVM1BabU1aYkxfaEx1Vnd1R1JRTk1mY1BhSWoxS0RXTk5yb1RiSUxhUWlScDYzTzZhWUlCc1lPdkpjbHo5bkVhclpCUkZ2ZDUtTThKNTZac2xvakkwNGpKT1Zn?oc=5
2026-09-21,未特定,,未特定,0.0,未分類,テーマ関連,0,,,,0.0,,,,,,,,,NA,,,,,,,,,未判定,CHECK_REQUIRED,0.0,,,,Google News RSS; Yahoo chart,財務データ未取得,企業未特定,Fabric.AI wins stockholder backing for AI data-center MicroLED interconnect - Stock Titan,2026-06-24T16:00:00+09:00,https://news.google.com/rss/articles/CBMisgFBVV95cUxNY1g5azFtd3c3UlVMX29laEdleG1BNHJCRkxOSVpLc0RWcTc0cGdzcVlrYmtlM2hQUGs0bWUzbnpEQ3I3ajZBX1hSYno1SUMzdkRoUFVab2JfOEhTVHM2Z3NpamRITFU2UU9qdXVLTHZrU2hnc0Z5ZWcxeHpCZ1RfZ0s4Sms0STY1X21VbWtBZUFVMUFFTXdvLVRwQkpLLWhNTS1uTzNSUEU3WGNFbTgySkl3?oc=5
2026-09-21,未特定,,未特定,0.0,未分類,テーマ関連,0,,,,0.0,,,,,,,,,NA,,,,,,,,,未判定,CHECK_REQUIRED,0.0,,,,Google News RSS; Yahoo chart,財務データ未取得,企業未特定,"News by ACCESS Newswire on TradingView, 2026-07-09 - TradingView",2026-07-09T16:00:00+09:00,https://news.google.com/rss/articles/CBMigAFBVV95cUxPdUNTSURiSDh2MG5KdFBwczh4LS1mbzJDQzNsWGhSdjlvUm1wRTVDQ201WVY4a1V4UDhGRnM1N1JxWXhGdy1icmp0eHFNekxqR3ZzeWFGaVhyUlVoZ3o3RXdHcXZWbWlraG9FWWFtVWlQcnJHbTJFXzdPNVJ3T0JaYQ?oc=5
2026-09-21,未特定,,未特定,0.0,未分類,テーマ関連,0,,,,0.0,,,,,,,,,NA,,,,,,,,,未判定,CHECK_REQUIRED,0.0,,,,Google News RSS; Yahoo chart,財務データ未取得,企業未特定,COMPUTEX 2026: Why Taiwan Is Becoming the Strategic Center of the Global AI Supply Chain - semivision,2026-05-10T16:00:00+09:00,https://news.google.com/rss/articles/CBMigwFBVV95cUxQdGJyUGJNUmxkcVBNa1NydVcxRHFRY05jNFJ4MG5xZFQ3VllDSm10STNEOTB5eGJfRHhZS0RlVnVMeTd2elN0Uk5LeGU4b3BwYWx6UDZjYTNuR000ZUs3b3hkeGtJSU9qOTllOUhXUnNHc1dCc2l5YnNmb1RVWVRISjNrMA?oc=5
2026-09-21,未特定,,未特定,0.0,未分類,テーマ関連,0,,,,0.0,,,,,,,,,NA,,,,,,,,,未判定,CHECK_REQUIRED,0.0,,,,Google News RSS; Yahoo chart,財務データ未取得,企業未特定,COUPE: TSMC's Game Changer After CoWoS｜Industry｜2026-08-18 - 天下雜誌,2026-08-18T16:00:00+09:00,https://news.google.com/rss/articles/CBMiZ0FVX3lxTE1oZmVzQlVYdE9KRUk2Qk1mVjQ5VlpCQU1GSGRvNXRBREtJTkZiWGxZVmJNUW0xTHZNZTBjYjd5Wlhyek9jbmxhaVo3LXhsal9ENUJBTlhoWGFUSzFkaHhUbUFzZDFwOEk?oc=5
2026-09-21,未特定,,未特定,0.0,未分類,テーマ関連,0,,,,0.0,,,,,,,,,NA,,,,,,,,,未判定,CHECK_REQUIRED,0.0,,,,Google News RSS; Yahoo chart,財務データ未取得,企業未特定,These 7 Stocks Will Solve AI’s Most Important Bottleneck - 24/7 Wall St.,2026-06-29T16:00:00+09:00,https://news.google.com/rss/articles/CBMioAFBVV95cUxQRklVNG9UTFVrdGlNT3l0TTFmWVI1OGR0MHF4TUVoRktySF9tei1oblEtSTN3WGZzbnlUQWc1Q0F5ZTF6VU1UWkcxNkxDVjlnZkxJQndFeGlSdHNQNHBCOEZQN3diVTM0U2pUeWRJblJ1TmI1cTZfQUVqUmRtYjhkVmdPVzVlLWpxejluamFRTnFYNUJBNGRLNXRqVkwyU1BM?oc=5
2026-09-21,未特定,,未特定,0.0,未分類,テーマ関連,0,,,,0.0,,,,,,,,,NA,,,,,,,,,未判定,CHECK_REQUIRED,0.0,,,,Google News RSS; Yahoo chart,財務データ未取得,企業未特定,"Palomino Laboratories Inc. Co-Founder, Dr. Steven P. - GlobeNewswire",2026-04-28T16:00:00+09:00,https://news.google.com/rss/articles/CBMivAJBVV95cUxOSF9TcVNPVElIMnU5dlZNT0xDS2pBbU5hMFZJdTdGQ09zQlJiYkdGZlVQVUFteE1WbUtPS1hrUFNhSjZKNXg3aTNSdk11cGV0Tnl1WTMxZGNoYUMxY0FmQVo4M1BPZDFLazJwRnI4UXFXTW1ZR3l2YTNkU1hvRFNIcmx1TTEtODYtX1ZXVVFxLXNFNjNyWnd5c0dqaF9kbnJ6dmszSnBZVkhTaDFMSkNEWk1LS1pQdlkxajVDRmRyYnBsOVZzNTZoUFV2ZnZTZEs3U3JCdG1YbUNFLVpoQ2d3aWN0Q1l5dnNyb0lnN3JJVzc2dk0wS2FsNEVsX1lISkJLT3JINi1na0lYYVBhX250ZzFFN3Q1Y1pqdjl6VG9MSmZsSmhfSXdLc1VScmpzOHI0cUY3YVNvU1FqR3Ni?oc=5
2026-09-21,未特定,,未特定,0.0,未分類,テーマ関連,0,,,,0.0,,,,,,,,,NA,,,,,,,,,未判定,CHECK_REQUIRED,0.0,,,,Google News RSS; Yahoo chart,財務データ未取得,企業未特定,"AI is pushing data centers toward faster, more efficient connections. Kulicke & Soffa supports the shift. - Stock Titan",2026-09-01T16:00:00+09:00,https://news.google.com/rss/articles/CBMivwFBVV95cUxPY2pzdkZ2alRBWDJjb0tSOUxyOFRZaExwUzRCQlJCN3V0bUVQZlE3SkYtR0k3YjZ4Q1ZNRFlQRTFEQ2N1RnVKc09IeTZqMU1sWGZldll1ckgyMFJIYVpjR1NkV2lqTTZMdGtEV1NWR0xONHdqNmw4NDFIcVFRNXJNckIzUnFYMGpmcTBWOWdSSlhkYmhJd1VtSVJCYy1ZMDBaWVJGQ05NeVNiWXQ4cUd2MHdoU2REWURpUXNQbENPcw?oc=5
2026-09-21,未特定,,未特定,0.0,未分類,テーマ関連,0,,,,0.0,,,,,,,,,NA,,,,,,,,,未判定,CHECK_REQUIRED,0.0,,,,Google News RSS; Yahoo chart,財務データ未取得,企業未特定,Why Advanced Packaging Designs are Crucial for AI Manufacturers - POET Technologies,2026-04-21T16:00:00+09:00,https://news.google.com/rss/articles/CBMiowFBVV95cUxOWHFwdnprQ1JEbFRUMVR1S1p5T1VXRzNXT3JLN29uWmN0SXRtNDhFM2JZcXROUWpqLWYzcUtjbUxpWURIMXhVdGVkRXMtQnFab3hMeUFkdTNTZkVkR2c1RWFUaGJCTi1Jd19KeENZbnJ3U3A5azNGTER1cnF2RWNIeDJ2VXQ2Q0M4UGRuSTMyLVZIWGF2TzNhb0NfdU1aa3JWcm53?oc=5
2026-09-21,未特定,,未特定,0.0,未分類,テーマ関連,0,,,,0.0,,,,,,,,,NA,,,,,,,,,未判定,CHECK_REQUIRED,0.0,,,,Google News RSS; Yahoo chart,財務データ未取得,企業未特定,Lightmatter & GUC Partner To Redefine AI Scalability - quantumzeitgeist.com,2026-01-27T17:00:00+09:00,https://news.google.com/rss/articles/CBMihAFBVV95cUxNeGhaWnpIN09UZDBfMzJmSGNxZDQwbEo2UHNFODJjT3BINW5EWWN5Rm96TWdzaEJBc0FOcU5wOFAtTGJIcUctaDZkcFc5NHNRQjRQb25uamE3S2ZSOWtDeXVxUUloNEI1U2hqSWpzZjJVTXBDX29JYTBBbEx5b1VMSkFkWWM?oc=5
2026-09-21,未特定,,未特定,0.0,未分類,テーマ関連,0,,,,0.0,,,,,,,,,NA,,,,,,,,,未判定,CHECK_REQUIRED,0.0,,,,Google News RSS; Yahoo chart,財務データ未取得,企業未特定,Let There Be Light - citriniresearch.com,2026-03-12T16:00:00+09:00,https://news.google.com/rss/articles/CBMiYkFVX3lxTFBaeUxHcEk0bjZVMXYxcFNZMVNnZHh0eS11YXBQMkhRUlIyOW1GYzd4M1p0ZnFqSVZ0YlJVcWdhMEUzNG05ajY0d3o3M1A2QzB3QldYeklEVS1jTW5fOTRyTkV3?oc=5
2026-09-21,未特定,,未特定,0.0,未分類,テーマ関連,0,,,,0.0,,,,,,,,,NA,,,,,,,,,未判定,CHECK_REQUIRED,0.0,,,,Google News RSS; Yahoo chart,財務データ未取得,企業未特定,What the OCI MSA didn't solve for AI scaling - The Register,2026-06-30T16:00:00+09:00,https://news.google.com/rss/articles/CBMimgFBVV95cUxNRmNxUWFITVhDQWhGSE1YTVVoamY0RDN6aHNtakRweXF2bWp1MGlfQVI1TVdNM18tbzJMNTRwSlA4XzF2Xzk4dUZTOUoyN0VvZjdqbksxejd5UjlhSVBWV2R0ZVRIMUxBMUg1MjBTUDdXNVZFaEZ3ajJHbUVOZ3YzQ3hHN2RqR3FEUktEMGtfekdGWkpIWmNLS19R?oc=5
2026-09-21,未特定,,未特定,0.0,未分類,テーマ関連,0,,,,0.0,,,,,,,,,NA,,,,,,,,,未判定,CHECK_REQUIRED,0.0,,,,Google News RSS; Yahoo chart,財務データ未取得,企業未特定,"POET Technologies: Huge Risk, Massive Upside (NASDAQ:POET) - Seeking Alpha",2026-04-21T16:00:00+09:00,https://news.google.com/rss/articles/CBMiiwFBVV95cUxOY29jUzV5MlBFYTRNcGlIbGxuWmRQZHFIUHQwclNmeHpTR25oekQxRmp1RFZhMVNXdVB6Z1duMVlJLWZPMWVnTTMxeWRWWUdQZkF0cVlHSUUwWTNZX3pRNl9uUTlXUS0wVk96UzdiQWtGNWFVOXVvR2dKb0lkSVZaa25BNXZueXRPODhr?oc=5
2026-09-21,未特定,,未特定,0.0,未分類,テーマ関連,0,,,,0.0,,,,,,,,,NA,,,,,,,,,未判定,CHECK_REQUIRED,0.0,,,,Google News RSS; Yahoo chart,財務データ未取得,企業未特定,Decoding Node Strategy: MediaTek’s Long-Lasting Process Nodes and AI Roadmap - semivision,2025-07-15T16:00:00+09:00,https://news.google.com/rss/articles/CBMifkFVX3lxTE4xcjZySDQzbFM3MUY5U3NSdndMRWcxSEwtVjhZUjVPcXJ4Vk9nOXF5WjdSSEJFbnIwTGwtR3ZLSzNoM04tT3RBVjVONlNjNGhWSk43WlhrQ21UbEhaaEctT2o4UDFqNm90WUc2eUFSVmZHR1ZJOXVvMkJvY0hNUQ?oc=5
