取得日,テーマ,企業,材料,重要度,スコア,タイトル,公開日時,URL
2026-09-08,光通信,MicroLED-Based Optical Interconnect Technology,大企業との提携 / 特許・技術,🟠 重要,65,Kopin Announces Breakthrough MicroLED-Based Optical Interconnect Technology for AI Infrastructure in Collaboration with Fabric.AI - Investing News Network,"Tue, 28 Apr 2026 07:00:00 GMT",https://news.google.com/rss/articles/CBMi7AFBVV95cUxOVTRNbm1VS3FyRHdNM3RWdjVUa3VCbk9MOWF2MTNhTkV4Z0otUFRFNHcyMlJKaHFSbm10WDM4c2dYTU5GZ2JfeG1wSFh2NFloUmtsc01QbTB6Q3VXVGhOLVp1UWY2Wk4xd1cxY0x2QlNHYUJlSnlFTEdFX3JpdGdURWFKRHFYQXlrc2lzamdvN1hINlA2MkpRU0JTaU50dWMzbEM5VDliRkhnbmNqbG5NbkE4anVmZHZGYWgwWnNEcVN6ems3YTdwYW1NbklQMmstUlRKekdRVlhFUDlQLU1QTDcySm84THFrd0VHZQ?oc=5
2026-09-08,半導体,,量産・生産開始 / 戦略的投資,🟠 重要,57,"Bosch receives US$ 225 million in CHIPS funding for SiC semiconductor production in Roseville, CA - W.Media","Mon, 20 Jul 2026 07:00:00 GMT",https://news.google.com/rss/articles/CBMisgFBVV95cUxNaVpWaTd4clp4N1B0TFpIYkFxanloSExWRUM3dmx0QUQ0MXF6ODlHMlRyQmhvNnZqQnR6XzdzZUQ5TFRuSlRZaGtsZ2F1ZmhuTWN3amMxcDhfcmc4S1l2NGh2TExpOWlGdUlVTTRJd3RtbF9Kc3BjTUFjSlpVb3JjUmw4Z1pnaFA5WmJxc3RTTGNzRkkzSUN5dXA2VmpycWxNOXR2VnJSY3hWQUxmQ2tYRUJ3?oc=5
2026-09-08,AIデータセンター,Fully Automated Wafer-Level Burn-In Systems,大型受注,🟠 重要,55,Aehr Receives Follow-On Order for Fully Automated Wafer-Level Burn-In Systems Powering AI Optical I/O and Data Center Interconnects - aehr.com,"Tue, 03 Mar 2026 08:00:00 GMT",https://news.google.com/rss/articles/CBMi8wFBVV95cUxQZGxjcjBtNEJib3p1bE9NUENOeEY1bVV1U1dLYTR6b3RySE9LYVlvX3IwNlFGUHU4TTVCRnc2UTBQUWxyYXlScGNhU2lhelRoT1FMVURuVEw0X0RpRk9iWWFBYmVySmJlOG8yR25VLXFDaUlyYXdWVmFJU3c4cTAwYWk4R0RUMG9oNkpHUVFwd0Npdl95VC0waldBOVBLNmNaSGt4enNiUjROWk1RU2xVbTc3X19yUDMwVC1sYmJlbklTc0dFN2xmRmFBRkFmeEllWTFLMDZXTWY4cEdmeFlIS3BCU0RmaEgxTmRkbW9kS205eUk?oc=5
2026-09-08,冷却・熱管理,Strategic Investment in Liquid Cooling Technology / Investment in Liquid Cooling Technology Company,戦略的投資,🟡 注目,47,LITEON Announces Strategic Investment in Liquid Cooling Technology Company DCX - Business Wire,"Thu, 03 Sep 2026 10:05:00 GMT",https://news.google.com/rss/articles/CBMi0AFBVV95cUxPSEZhRDAtNUItc25fQXlpekhvaWtiM0JSUmM5dmppcDhHS215VkxzMU5MdDVJY2JFQV9QTDI1NFREa3JRTEdlZ0s1NUtoRXpHT3pNd3NXa2lZTlBLeFVRUDQxa3NKMG5kUnFUUkZ6UG9nWmpUMHRCTmxXQ29MM0kyOURNSUswQmlXSFlrRlR4NzMyZUl0Uy1POExjVTE0SDJZMklyeTFvSjhxY29XeW9uNklBNTNVblF6Mmw1MGhtQ29hNGlKeHhMRjhCTVBKaEg4?oc=5
2026-09-08,半導体,,大企業との提携 / 研究開発,🟡 注目,47,Samsung opens Japan AI chip R&D hub for advanced packaging collaboration - Nikkei Asia,"Tue, 08 Sep 2026 16:08:00 GMT",https://news.google.com/rss/articles/CBMiwwFBVV95cUxQUlFlUzVJMms0TWxjWFJyYWd2THpmQmJ3aHNXaFRFeURadThIMERGWE1jM0Y4THAybmo2SEtzT1M2YVI0b0g3cG9EZWZiQ0FWWmY4U2N0RFRZM3VmbWdaUUlQWmtEUVBVNjl2UkhuRkdHQUJzRmdUa2FNZXlrT0dUSmE3SlJjYVBQbnpDZnoyclJjYzBNeWstN0JPWktVQ2xhOVN0ckFxSi05UWxWb1JZVVNRYS1CZ1cxSHhObmZHWnRvbHM?oc=5
2026-09-08,AIデータセンター,,大型受注,🟡 注目,40,Proposed data centers subjected to local approvals under Gov. Healey's order - WBUR,"Tue, 08 Sep 2026 18:47:17 GMT",https://news.google.com/rss/articles/CBMimwFBVV95cUxObkU3bE02WW1UR245XzA1aU5wallKLUlmS0JCQ2RsYjdzUEVVcXoyVG1oUGJORndreVdPMGd6elgwTVZYdFB1QnpKSGJ1ZkxfY2VhcUdMZ2ZzMlR4RTgwdnFoOW1FeTdtT3BsS2NQcV96NGpqVnNEUzJSR1pnT3IyNG9MRlhsWUdZSF80TGNWYVFCZGdGdVM5RXM5NA?oc=5
2026-09-08,その他,Asia and SUSS Partner to Advance Inkjet Technology,大企業との提携,🟡 注目,40,Manz Asia and SUSS Partner to Advance Inkjet Technology for Semiconductor Packaging - EE Times Asia,"Mon, 07 Sep 2026 01:35:33 GMT",https://news.google.com/rss/articles/CBMirAFBVV95cUxNZFJvdm43ZkJNMW9LbW91TTItbGpYd19MNEZsNEl3ZkFVMk4wUEctU291aUJtamZSelExemFzcXl6M0JrVS1yWWhEbXB4S2U5Mi1lODJWRjZlVU5ySV8teVEwdnFxWEJHdVdtU1RtYVJoLWdPLVNCZFM2WDNvY04xMV9SNmF2WFhxNzFfWjRNNi1oWTNLTFZlT0VTMGd5ZXlnNHZUNHBwb1JKVFVE?oc=5
2026-09-08,半導体,,大型受注,🟡 注目,40,Disorder creates direction-dependent optics in compound semiconductors - phys.org,"Mon, 29 Jun 2026 07:00:00 GMT",https://news.google.com/rss/articles/CBMif0FVX3lxTFBZX2VENGItZ0xHWExYRS1CeURJc2lOc0hDdERRLVlwZkhoZDlPeVhtMVlrSmREaVlIeUpqQVU4TjJfN0FwZnp6V0J3X3VlZ3hzLTlmQ1k5a2JFNDU5TklyVFJ5Tm1VQzlldkk1cER3Z01iQ1FqcTNRbUFSQWJFRVE?oc=5
2026-09-08,半導体,,大型受注,🟡 注目,40,SweGaN wins commercial orders worth €2.3m - Compound Semiconductor,"Mon, 27 Apr 2026 07:00:00 GMT",https://news.google.com/rss/articles/CBMingFBVV95cUxONVdsU1VaZ1dlR2VUa01FWWxfYzQyRXRuZEJfSjhQbmlxN0NfYlFIVko1bGdPdmRLTEVrbTRob3J4NnFod1JwcWVSdy04NS1aYUotLTViZTZrZTdRUmJ6RENFZmNwcmx2eV8ycUlnd2VlQ00wUkUyMDVYOXVfcUdJS2dvS29LdEVBTGk3SWVaM0ZsTkV0MDRPUkx4bUlxQQ?oc=5
2026-09-08,その他,Satellite Optical Communications Technologies,大企業との提携,🟡 注目,40,"France, Cyprus and Greece Partner to Develop Next-Generation Satellite Optical Communications Technologies - Thales","Thu, 26 Feb 2026 08:00:00 GMT",https://news.google.com/rss/articles/CBMiwgFBVV95cUxPRE9mM2JLMllIRnJNS0VTVU5nWVhxRkRIcWVndG03SEhnajBIbTh5Y2NhVTBvTHloU1V3aFlmUGNwNl9zTVVta3d4YXRRNVhtcVpfVU1PMTh2QTZ1aURValpZOXdzWHVqc1hWTmk1d1VRU1ZuY3l5TmkwcjRSdkttaXBJOUV3ME5ZdjNncUNaekRSUzhzdDQ3YjgzRG9SS19hVVNqcGVHTHl4Y000dFZad2sxMjhNZ0dYV1BuVzQwWmszUQ?oc=5
2026-09-08,その他,Enables Advanced Thermal Control Systems,量産・生産開始,🟡 注目,40,Additive Manufacturing Enables Advanced Thermal Control Systems for Next-Generation Space Missions - Tech Briefs,"Fri, 01 Aug 2025 07:00:00 GMT",https://news.google.com/rss/articles/CBMi7gFBVV95cUxNc3o2X3I2MTZxVmQ4WERlUTJrNldIYm1MTlUxaDlHRHIwdW1tNjBfUTNXNGgzMV9kVHpid0V4QWZQQkJic05jV0w2Ry1xcXBITlBvMzRYUC1lUDVKT05NLUpvRUNhWDVGWFk5QzlQOVR5T3lGMy0zNVlxWjlMZVkwaTJHZ0JGRU1RR05fUy03THBVMDE0X01LRWI0YURJTW43ZVRkQXNSaWtONUhvdHJpS2Y3aUo5SF8xajZJZVRVcVpsejBNbDF2d0dJcUR5dWRJRkNiM3QtV09DUW00Y1JWMU1WMXpDOHB3RnJUV3NR?oc=5
2026-09-08,AIデータセンター,,大企業との提携,🟡 注目,35,Qualcomm Announces Multi-Generational Product Collaboration with Amazon to Build Next-Generation AI Data Center Infrastructure - Qualcomm,"Tue, 08 Sep 2026 13:27:35 GMT",https://news.google.com/rss/articles/CBMisAFBVV95cUxQaEg3TlU0dE54MjJpRk1OelViNFJud2hjUnJiOWhnTHVVVjRQUmhKOGcwY0NrZFBndG5fb3ZBRFk4RkZ0eU9VdXNfM3NvZk5SWWdJX0MwTC1UX2N6dzg2dEN5Y3UzVFJyN1hWZUZiWmpHQlNQU1dacG5jLXhJMHBCZmNMcXlfQVJWenhmUHpNMkRYWlpEZXM5OWdoUkIwXzBsQ1lqUlNBM1hhV0xCZDY0TQ?oc=5
2026-09-08,AIデータセンター,,大企業との提携,🟡 注目,35,Qualcomm and AWS partner on custom silicon for large-scale AI data centers - Data Center Dynamics,"Tue, 08 Sep 2026 16:06:02 GMT",https://news.google.com/rss/articles/CBMiugFBVV95cUxNZ3d5UXZqa3Jvd2NFdXA1aW9xeDFkTHFXbS1CdXoydnUwMzNscUF2UGZMeE8xeU5OMWd1enB4WU9aRFlkVFVJdFhPUUV3WTNwU0NPSVl5OW5lamN5NlAxQ0NTQ0s3clhGY1FKRUFRb1BYbWRDZGxTNUNJdDFJWmlDb190RjhSNUtVTldHN2k3LW5zNmVDZnNsdFdnTklxdzBoVmRaYlBDZ2FSbHljaElQbWU4c1V0UnBBRkE?oc=5
2026-09-08,光通信,,量産・生産開始,🟡 注目,35,EV Group Addresses Critical Manufacturing Challenges for ﻿Next-Generation Co-Packaged Optics - AZoOptics,"Wed, 02 Sep 2026 10:50:00 GMT",https://news.google.com/rss/articles/CBMiXEFVX3lxTE1CS3l5Q2xqMndVeXYzNHJVQ1J0ZUVhQk1ZYUZveXBOcl9RNVJjVzUzbXNqTXFYekdQMV9uc0pOQkNkWVg2b1ppc25sY1pEUVBIOWJrbU1mcjVUVkc5?oc=5
2026-09-08,光通信,,量産・生産開始,🟡 注目,35,Taiwan accelerates silicon photonics move to mass production for AI infrastructure - Global Sources,"Mon, 07 Sep 2026 11:58:09 GMT",https://news.google.com/rss/articles/CBMiyAFBVV95cUxNbTBfQmRJVEVscjY2VVF2ODAzUThZcm9SYWJ3OGtfcU1SelpuMkpVeXZjQkYwYWVVNlJuVFJTVElUbTNTVzc3RHVKVzJnOHFHakF3Y284a1EzMFhyYnN5ZmREVW9sblo5aDF2am50YTRON0YwX2h4a2tIa21tdlBJc3pCeVhISWh4dXJzZVNNQlczckl2NFFJNEVxb2lTa0JrVFUzeklUdkk0cWhPVEpfUUZRYTJMcjcxR1V4WWpUVnYzYlhaRTBsMw?oc=5
2026-09-08,光通信,,大企業との提携,🟡 注目,35,Taiwan Forms Silicon Photonics Alliance with TSMC and 30 Other Companies - finance.biggo.com,"Mon, 07 Sep 2026 06:55:00 GMT",https://news.google.com/rss/articles/CBMidkFVX3lxTFAyRlBsdXRXSlo1NnktUkdqRmZYN1VNaEN2aXFaaGlHSGFtT0JGZ1pwaXhlNm5QdW5xOHJkdlFqYjJKUUpOYlc5dXN0d1hGWEpLcExUWnJLSHhIeHlBZ1ZtNmx4U1FSQnhCb2xQaWJwZWlTaGFHVGc?oc=5
2026-09-08,AIデータセンター,,大企業との提携,🟡 注目,35,"Qualcomm Partners with Amazon! The Two Companies Will Develop Multiple Generations of Custom AI Chips, Targeting Next-Generation Data Centers - Moomoo","Tue, 08 Sep 2026 13:05:29 GMT",https://news.google.com/rss/articles/CBMisAFBVV95cUxQakQ2dXAyRlRDbElLSnJsMDRoU1YzZDE5LVcwRjl5M1VNT0UwWHBqQkZKM1RkWmdscXlIYUtETjlnTXNDbG5IdVBsZzVQLWR2cHJqUWJaN0pRekh6NjgtNjJMa0I5OXFoZzRSbTJ6ME8taFZTc0hjZTRyQ3Zzc2U0eVdVeHRfM2dTTjZvc0Y1YnVkc19XWmx0OGNRcDgzX2xwUlhDdk9jekU1SmlkNnREbQ?oc=5
2026-09-08,AIデータセンター,,量産・生産開始,🟡 注目,35,SWEP Expands Production Capacity to Serve Growing Global AI Data Center Demand - PR Newswire,"Wed, 13 May 2026 07:00:00 GMT",https://news.google.com/rss/articles/CBMizwFBVV95cUxOVUtrZkFsWV9KWlQ5WEE1U2tlZmRIbE11UVMzOURXQVRxVlhURWtKWk5vUGhNUWtBY1JwUTY3cFMyckZ6TEJvczlHUUlvc1hoekdSU3pIbTYtYlhuZXBKWGVuM3lkY2lXZGsyU21xM1hzeUdaZGM4TkZMeXZNelBIdEdSNkxVUmtmZXlnaTl2VGx1UzBrVWFPdF9jR3BkS3hzOWtZaExvbjZRR3gxWjh4Yk1rY2k1MTFwQjkwTnc4NzVjRk9zOVhVRUFmbjJ6T2M?oc=5
2026-09-08,半導体,,量産・生産開始,🟡 注目,35,"AMD Versal RF Gets Native UCIe 1.1: Six Chiplet Links per Package, Production Parts in Q4 2027 - StorageReview.com","Wed, 26 Aug 2026 07:00:00 GMT",https://news.google.com/rss/articles/CBMixgFBVV95cUxNLU56MFE5dHRySk51LTZ4UTVPd0NrQ0ZtS3NONnJCSVhoR1AxblZhSTZYSkh4cDJMVEt0TktwajRGMjBieV9xOXJicmhkeUNENEctWDUwbkpPekpXMkdhZUFnUUNNSlVmR2xBWDlHOHNsLWZ4Uk5QbFdIb21ta0M2Q2pid3d2VlhBdDB2UVRBQmRpbk9HNnFHYTB2cWNReTViQVhjVi1sdkk0bUx1SnE0OVFwOGlucWlRN25kZS1YekV2Z2JWcXfSAcsBQVVfeXFMTWszSzBhYlVHakdXMzJ5WW42M3BnOFFocE50eWFFRkY4c2l6UVRET2RfUFZHLVVndHltdVJBZkMtRUNoVU1zWTZyQUl2R1pVanBXZUFoMHpJU2FmNzNGekpyXzUwUlpZYTZ5Z2ZENmNydzRVWGhISUdjM3hBQ2EyVjBpUTlTdE1RblRIRm40VnNLSkFBbHFkV2gtX0NuTlpkVm9uM3d0U2JaaTNuZGM1TkQ2d2tuOTRRcnYzaUF4UVVIQ1VzalZMdlBXNlU?oc=5
2026-09-08,半導体,,量産・生産開始,🟡 注目,35,"SK hynix Holds Groundbreaking Ceremony for HBM Production Base in Indiana, “Beginning a New Future for US-Korea AI” - news.skhynix.com","Fri, 28 Aug 2026 07:00:00 GMT",https://news.google.com/rss/articles/CBMicEFVX3lxTFA0Umc5azhPbTVYTjFVckJGSkFrTlhOc2dqdXRrb0ljTG04MmFLTTJLc3Z1UDlnaml2N1BhelhJdWNIQ2R6TVRJUVF5aV9DU2pVVVd0a3RRQzFFbWVodjNOV1lXazF4WFlPYmRoMGZ6LXg?oc=5
2026-09-08,半導体,,量産・生産開始,🟡 注目,35,Is Navitas Semiconductor (NVTS) Using U.S. GaN Production To Shift Its Strategic Moat In Power Chips? - simplywall.st,"Wed, 02 Sep 2026 19:19:05 GMT",https://news.google.com/rss/articles/CBMi3wFBVV95cUxQT1gzY2d2X0VBQ1pPTmwxcElMYVZuUE1qQkpFS3lNT1YyV3ozV0Z1bGJmblN1V3BpNnktakNaVUFBLUNkajZWYTJDdHVjbjZ6Y2JXWEpraHpRbEF1T254QXlrT1R1YndfdmRNNkJEamJ0aWstTDZ5M1dtODB0WFVVaVdPMFkzLVcwUDJTV2laYk1zazNTNWtGZ2RRYkRqRHZYNjBKbGpXa3JDR1d0cTRuNWs2TE9qT1FzS2JPc05Xa19IaERseEh5Y0FYWnNTTGxVX1ZLRElPSGlSd2lSWWU40gHkAUFVX3lxTE04bHF4bUpINGs2VGVRZFlvZE9YdDhUTnNpdnJpcGtzWHMzWGlKNEpHbExxNFlhZmVYWHhHTW5qSk1jeEV2ZEVJaFh5bVVPeEVKM0h6SEdWZndvWTFxZ3dmUFhQWTgzNU9JT0J4U1NxTmI5ZWhJNEFRb3U3U09TZFM5amx2VW1Ob2c5bFI2WkNoQlg4dTVaV2dlUDJXZ2o4eVI2YUZMQm9CbjU0azk1TmZZSkFpc3RudnlJTi10aV9QVTlUUWtxS1BoNnhDVDY3TTZ1QUo4bWxIU0FtaGF4dThTWG5hMA?oc=5
2026-09-08,半導体,,量産・生産開始,🟡 注目,35,EPC begins mass production of integrated GaN stages - Compound Semiconductor,"Thu, 27 Aug 2026 13:23:32 GMT",https://news.google.com/rss/articles/CBMiogFBVV95cUxNQjhnSmROMEJXVkJsSmJoeUZkN0RVcXRZVG9UaHdQOVVSTHZ3a2d2LVJSQURFSVpkb2pRdi12R0hjM2NoakdqLVItY05VVHNobmtibzllaGcteE5BWHdsNGJQVHROcXNNMzF6Y0RlaEFDYUNDRmhVaUtKa0hBNUJsczROVVNYcDk3ZnNmS0I4eWFWRzY3QmtyMmw3MGVxMUJucmc?oc=5
2026-09-08,冷却・熱管理,,大企業との提携,🟡 注目,35,Carbon-Based High-Thermal-Conductivity Materials for Thermal Management in Space Optical Sensors - Science Partner Journals,"Sun, 29 Mar 2026 13:11:49 GMT",https://news.google.com/rss/articles/CBMiW0FVX3lxTE85dEVyUlJLb0RJWVhzdEwxblpiWGxyRGNQSXpXNEZ5Rng5RktWbUZhU1BlejZkWWhHaXlKcWhWV29VNUM5NGF3QU9fSnByTXppb1I0N2VzTE4wY1k?oc=5
2026-09-08,冷却・熱管理,,量産・生産開始,🟡 注目,35,"Additive Manufacturing for spacecraft thermal management: Heat pipes, radiators, and the role of Shape Memory Alloys - Metal Additive Manufacturing magazine","Wed, 15 Oct 2025 07:00:00 GMT",https://news.google.com/rss/articles/CBMifEFVX3lxTE13OVFNT2lIN0drVjhXZ1k4RVF4MWxmMmJFLVA0Z1RJRFZOVHRGZ1pvTHFnTnc5NWJRcTBiYlYwOGRydTZ3MUZSakROTy1adkxWZnVWOWJpY1laaGFWMndBLWNpSTV5RFVGeFhxdTdiOXZoTjNmb1dKOXhGYVg?oc=5
2026-09-08,光通信,,戦略的投資,🟡 注目,32,Mojo Vision Secures $17.5M Strategic Investment from Future Ventures to Advance Next-Generation Optical I/O for AI Infrastructure - Business Wire,"Wed, 25 Mar 2026 07:00:00 GMT",https://news.google.com/rss/articles/CBMilgJBVV95cUxNNmxneEVMMnp4LWZWeW00SVpyWGc5MjB4RzRzUER3SE8tb2R4d2x0UnpXT2JmR1lCNHU3NEEwaDBCaC1XN0MzQ1dnNTJNcm9rRVNQR18tclVLM04wZS1lOEJONUFTU0lhV3NKV1ZrM0dNMzhxTzhjSVZLZ25KdUdWSlhpVVZNcnF2ZTBkRU9jMkhHZ1NSemJ1bU84Z25qNjFyUG1rM0NOWkdTejJCQU5qS1N3WGd0dm5KanZyUHljWEktMVVydmtSN3BHQnR0d0xmU2cwRVE1VXdCYmJkUHpxRlZTVW9pbDhHUnNpTE5jM0NhNmNSNWwtc0JSM0x6bVUwTWhfcktRbDdiQV9YTDJkY2FQZmdudw?oc=5
2026-09-08,光通信,,戦略的投資,🟡 注目,32,Optical interconnect startup Eliyan raises $145M in funding to solve the AI chip cluster connectivity crunch - SiliconANGLE,"Wed, 29 Jul 2026 07:00:00 GMT",https://news.google.com/rss/articles/CBMizwFBVV95cUxQNHZ3VnU2NURBYTItV3JieFJVNVVQdnBLRGd5bHdWb3BiZkJxSENQb1ViX2ZDQ1JnOWVTNTlDNWV4cjFySDFJWnhld0ZzYi04ODc2NUJhc29CdW5fOHhmQlhqUHkwT2RPb0lyU0lDSHdSOHhFX0VhT2NYQVpBUlhEVkVITnJvdGh4dW9NclEwdWhEVTZ5b0cxcXNwelNkTG03SzdYdXJzc2pnWi1iOE1fSFl6anNiYWVsWGVqTUJlUnZ5R1JVQ1FnTjNwSlZuUnc?oc=5
2026-09-08,AIデータセンター,,戦略的投資,🟡 注目,32,Molex Invests in CAEPlus to Advance Thermal Management with Active Liquid Cooling Solutions for AI Data Centers - PR Newswire,"Mon, 17 Aug 2026 07:00:00 GMT",https://news.google.com/rss/articles/CBMi-wFBVV95cUxORkJVT2otd2FCWFFLSG1fWV9mY2RzUFlUcjNpYXRpaVFadWtxcWtWUlA4T0piRUExb2IwUk1ERzNpekhiT3BfeVd6STJUa3JETFZYVUowRDN4aTE1Z1FUV1FIVDRNSWpQNHB1MFRQLXh6SC1KejY1V0QycEttdGRSV3pWMjFWeDFBZjNYTWJlcVZnU2k2ZzlZbW12NVB3QjhzaVp6by14VEh3Mm0tdkloTmRfbnBiM2kwQ2MxSXlXUnI5RlUyRGlaWEk0QlJEdFZyWUhiaEJSengwbktPVWNKRGFTVUdPOF9HT0ExcWVOZk03U25oMjF5MURWdw?oc=5
2026-09-08,AIデータセンター,,戦略的投資,🟡 注目,32,"Fuel cell investment by data centers set to grow tenfold, reaching $30 billion by 2030 - Rystad Energy","Thu, 25 Jun 2026 07:00:00 GMT",https://news.google.com/rss/articles/CBMid0FVX3lxTE84MWtFUC1zSHNXeC1xbFlETnZTVEFqUW1aWm5QWVpqSHZseGoxNS14dFM0WjNmSEp2OWlkRW5Eb19BZUoyd0NHQzBkTC15TDdRR2E0ZHQwRlRpd2RhYWRYdDFBWW4xYTQ3SXdiMWFIN1dEcFp4enBZ?oc=5
2026-09-08,AIデータセンター,,戦略的投資,🟡 注目,32,Nvidia joins Starcloud’s $250 million orbital data center funding round - SpaceNews,"Fri, 21 Aug 2026 07:00:00 GMT",https://news.google.com/rss/articles/CBMilwFBVV95cUxOOVNhOE1KTDk2SkF4N21ZUkFIdklYWUZBRURXbzlZNUxkd3hkQVVMZ0RIb0tvbm0zYXhFOW02c2IwUHMzR0VDVHRXZHhUX1lnak1FSDZtbTZQSEE1VzZfYXh4R21RQlplTnlxY1RvRXlPazBSRW41YWVGcTRrMkdWOW1Ya2lCRnZ6eVVwSjJ0XzFoS21mTTgw?oc=5
2026-09-08,半導体,,政府支援,🟡 注目,30,Clas-SiC Wafer Fab gets £1.9m grant - Compound Semiconductor,"Tue, 18 Aug 2026 07:00:00 GMT",https://news.google.com/rss/articles/CBMikgFBVV95cUxOZi1LRHBXYlN1X21uOE9BNGhYRHgxakI2blBNRlhtblV5Z0pBRjRJS3B6aTNfbkZqUXpCajVPUEJiNWpoQzFKRElGNFlwcVRqNm5WMVR6TE93V29UV0tQbWFVQ1RUQkVzb0I1Y0ZGYmRLbGJZRjBjMUZ0LXlOTUttN3F2aWRRSXpuTHVUUnV1blBjZw?oc=5
2026-09-08,宇宙,,政府支援,🟡 注目,30,Government Unlikely To Allow Starlink's Inter-Satellite Laser Links Over Security Concerns: Report - ndtvprofit.com,"Tue, 16 Jun 2026 07:00:00 GMT",https://news.google.com/rss/articles/CBMizwFBVV95cUxNbXVtWUpKeUdjVVhzLW5JVzNMY1ZSa0RpTGRKUU51d1BlVjRFY2o3alBCRENaVDQ3ZzNkZHozQ1VnUjFaeWFCcl96VG5nenVKTGRWVDlkQXpURkk0LUMzOWU2RndoNnR3U0NqV0dTZXkyei1XNkJLTzV3ZF80UHlDQVlzUUhEc2paWkdXSWtkTGVaMnIzUjlrRnJzUmJvbTFJcGt4WG9ZeDhfcjlKSGZ0RWZVMXd6d2p0Smd2NzdVZmhQVmw2bWdRWmdEWUlmaDTSAdcBQVVfeXFMTjYxRWNYNVNKYlZQbW9Nck81U01jYVpWclZwRWhtRnJ3ZHhjSXFMMXlnVFRCYURONGZTLVRBUjVOX2hTX3BuRzY4cFQzbGhmUGUxZkRYSVZhZGhOSU5KMEZxaGlSNGtsQ1ZsT05ELVFWZWllWWJrc3BsOWxGVk1sYjZPMThFZUN1ZHpncFZDaE40WUJLcUpQRV8xMWcxNDhGTHdXX05ubHRDNzNBeFRDVm93aUk5VDB0WW9EN3RDMUJCUkRTaHhFNVFobWJrSzdYdXBJS2p4WFk?oc=5
2026-09-08,その他,,大型受注,🟡 注目,30,"Golden Dome Week: $19B in Contracts, an Unlit Laser Mesh, and a July 30 Reckoning - Tech Times","Mon, 20 Jul 2026 07:00:00 GMT",https://news.google.com/rss/articles/CBMivAFBVV95cUxNSFdsR19zM1A1OFlUNmtJX1daM2ctQUJTMmZLX3JWWnRsc1V4WEZHN0I3YkNUU2h6UUN6ZzFEVnJFbkZ1S01PN2Jsa3o3VG1pQ1BGVWxQV2JPTlJkeGE1VEhGX0pFTGNzakVQblE5dTFmTUxLd1E1d044WDdpbHU3VkRGQ0Y1a1M4WjczbWJVOUU1UThGU2w3S0luX29Fakk4SnppcXR1MFg5RW8tV2NYTjY3azlRbm5MN1RITw?oc=5
2026-09-08,その他,,大型受注,🟡 注目,30,Overview Energy wins Air Force contract to study space-based solar power for military bases - SpaceNews,"Wed, 06 May 2026 07:00:00 GMT",https://news.google.com/rss/articles/CBMitAFBVV95cUxQVlhfaThmM2poNl8yUzBTeHh6cTFsTko4U2ZXN0R6S1daVVc1Z2h6N24ydWpUX3JMXzFENlFkT3EtMGJoNUwzeU12dDYyeGlHalRQV0FJV25rRDNaRVU1dmk2Q3JVY2xlZ3poMDY1dXVVclc3RWZ2UU10NHVZbnFsSnJHM29YU0xuZWY5VXFCbzhtYlFTVjRTbnh2UWwxYkdQR0YxWE5ORUkxcTZkNXBMSEZ4eXg?oc=5
2026-09-08,その他,National Institute of Standards and Technology,研究開発,⚪ 情報,27,Department of Commerce Announces Definitive Agreement with I-Pulse for a $250 Million CHIPS R&D Award to Develop Novel Silicon-Carbide Semiconductors - National Institute of Standards and Technology (.gov),"Thu, 25 Jun 2026 07:00:00 GMT",https://news.google.com/rss/articles/CBMitwFBVV95cUxPZWFiNzQ4X3o5S0poUTgwd2VJN3dxcl96dnoyTVR0cWNCMzVSNWQ5NHdhQ3hLUDNTOVhsUExVbGw5YjlMQTM3NVhISE1XR0JzblJIUENuMFlvT0tqSHIzb2E4VWhoZjRRb0FuN1dmaXdkQmlZWGI0Tk9PaDN4aGxxakZQQ2VZclZXU0xiUnRYNndPRVFvb242WWhJRjhoN3daLWRJc29ldVVGVTFzd3JhVXZIZ3p1MWc?oc=5
2026-09-08,その他,,大企業との提携,⚪ 情報,25,Crealights partners with GlobalFoundries for AI photonics - Bisinfotech,"Tue, 08 Sep 2026 11:27:47 GMT",https://news.google.com/rss/articles/CBMimwFBVV95cUxOY25sUDVyS2ZqOWhZdlZ4UEZ2UXF1OS0zU0psU1l3TkJRRk5ObktYdFExaHVsenNGakpQTWJjclRHRnBWV092b1lsaDJmZzVUYVpyazg3el92YnhSYWZhMG1TMW5UYVJPaHFWbUxOMklSNkNFRkFGSXFSYkUzSVRpQjhVbzFLcEhZOXVLeU96LTRiSGdwNThVM2Rmcw?oc=5
2026-09-08,その他,,量産・生産開始,⚪ 情報,25,NVIDIA Spectrum-X Ethernet Photonics Enters Full Production With 4x Fewer Lasers and a Five-Vendor CPO Supp... - StorageReview.com,"Sat, 15 Aug 2026 07:00:00 GMT",https://news.google.com/rss/articles/CBMi5AFBVV95cUxNNmhaOFFGbC1uLUF5alNWbm03a1NuUHQxR0lkWE12Q25nSFJnUDhjcWVuR09xR2FxenppN0VIQkJwVUl2RzVBSUEzbzhIcGtYZjduTG9YNGxoYTJwWFUwYUd5OXQyMHl6dGpocnlZRDJPRTUwOExvWnA3eU1zLXViWnF4c1llYS1TTzdUVWpxOS15MmJ6aE44Rm9mMUtsZXZwbW1FbjMzS0VxWjVkUmc3cmN2TTZnTXl3ekhfWksySVFkRlFUMmNhUU9FYU5LMnNOb3lkNnQ5SVE0OHNNMVBBZ2VEN0fSAeoBQVVfeXFMT3psaUpLZUVkNGpVQ3pqbjFKbW5mM0RJaGRMeDNSY0RqTVJ1aTlYNXJIZkM0RUQzT2JVTUl5ZDN1aXktVkVTTmZvOGt0S25XVXlkeEFBOGkzYi1ERlNLeU1FcWcySERYSlQzMHduNHNWU0llWXVURWUtUE5HTUhjalZmcFRacTFJS2JfQ01wQ0xGbjMwdFVNdXJJWmYxVkgwS1JFX2FYOW4wS3FQTWRnM0g1dWlRYjJvVjJEUHNvS2NtbmN6OVZIR3JmTnNxYlZ1S2ZyUmtYV3EtMHNlcGdEWmRabkVJM216QnBn?oc=5
2026-09-08,その他,,量産・生産開始,⚪ 情報,25,After Fab: Laser Trimming and Cleaning as Photonics Manufacturing Enablers - Photonics Spectra,"Tue, 08 Sep 2026 13:02:54 GMT",https://news.google.com/rss/articles/CBMijAFBVV95cUxOdVVQellBTGZwUG5MQy1QTVFvZ3NZOHBwZGJkOEZHREFacUl1cVY3OVE5TW5KUEVNelpJb05XUXpUbmk5RzBwN0VNemFBLS1mVDZNUXF0eGh3cDA2ZU1PZHdNbXFNZW4tNFZpY3FDcGdMUEpCNmhJNTVkSEk3eklRaUVsaFZBUy1jeDJfRQ?oc=5
2026-09-08,光通信,O Test & Measurement Systems / Keysight Technologies,テーマ関連ニュース,⚪ 情報,25,"Global Silicon Photonics and Optical I/O Test & Measurement Systems Market | USA, China, Taiwan Lead | Keysight Technologies, Advantest, FormFactor Drive Next-Gen AI Infrastructure Validation - Yahoo Finance","Wed, 29 Apr 2026 07:00:00 GMT",https://news.google.com/rss/articles/CBMipgFBVV95cUxQbkJxNVNBSWdMX3lSMGlxbEg0YnlHRHdSX3JtRzFuaVZUb1dpZ0dsYUZfc1NLTkptZjg2Rmg3dXF0bGFocHZoanRvaUM0Y1hoR2ZpMlh0Mm12Q1BuX0tzVFQyYVhtU1dLLWFRcVVVald3UFpYMVAybmtWZVV5MkxINW1vMWthcEJWLWhlSHAtSXFPbXFDY1hldmxTN193VWNVTzE0QW9B?oc=5
2026-09-08,光通信,O Test and Measurement Systems,テーマ関連ニュース,⚪ 情報,25,Silicon Photonics and Optical I/O Test and Measurement Systems Market - Future Market Insights,"Wed, 01 Apr 2026 07:00:00 GMT",https://news.google.com/rss/articles/CBMitAFBVV95cUxPZzNzUnRrSG5nQkNxeDI5Mm5mZS1JWGljWlpJNjh0bWl0R1VnbEFYY2FXZW9PWnpQSmdMbDBNSXVJYk9BRDRmUHdNNXVjNmRvZkFYNXQxNGdFQm0yUTJkVnVCVEtodklBV042bHpTZWtaR2RiTFV2RkJ3amdkcExESk8tUWsxbnoySVpkZ3d2WWlkdEhKZFJJWTJsQWZsdDROeHUtVzBDc3R6YTlXdDJveEg0V0M?oc=5
2026-09-08,AIデータセンター,Optical Data Center Interconnect Technology,テーマ関連ニュース,⚪ 情報,25,Quintessent Expands Leadership Team to Support Growth of Optical Data Center Interconnect Technology - Yahoo Finance,"Tue, 08 Sep 2026 16:07:00 GMT",https://news.google.com/rss/articles/CBMipwFBVV95cUxQdENzSmt6aGlaUGFSVGFaZHpWUWdkUGdPRUlpRWZIV2ZzanFYODE1OUlDYU5mQ1hwRVUwazVnODFNWnp0TFVvZFphZHJzTkNqTUp0TzExQTJ5b3Z2bDh6TW51MFNVbjk2RHEwR3ZyR1BpTGpqWVFvVVpzV2Zka0Y2SEZacDNlZUVJaE9zQzR5YU5zUjFlRVVJQTBhQWd4d1BvaGlveHNjOA?oc=5
2026-09-08,AIデータセンター,PO Technologies,テーマ関連ニュース,⚪ 情報,25,"“x”PO Technologies Accelerate Evolution, Reshaping the Optical Interconnect Landscape for AI Data Centers - Data Center Frontier","Fri, 24 Jul 2026 07:00:00 GMT",https://news.google.com/rss/articles/CBMi9wFBVV95cUxPQlhyWW1UM3FuY1FTNmozTHdjQjlpZ0VxNHRaTU1JZFd5bUF5Nk16NU90UG9lOUkyTUFBRi1WSlNySzQ1TGRTZ3R2OXZkLXhxRHh0cFRBQjI4ajJpNGp6eldEajJINi1sUlBEQXBLRHhWOGZ0SGxNT3NQcWtHVWxEbUtqSnBNU1VMbUdueVNCR1VUM2tQcDBmdmIwZHRlQWpZcW1fY2xvS2hFNkNxTzFoUjFfYXhMOTFxNGg0TF9vc21OekFwdmlacktqU3FmU3pNUjByZUg1ck9DRk9yNm9TaGdjbDc5ZzktRWdFWHZlbnR4ZlRLNkIw?oc=5
2026-09-08,光通信,,特許・技術,⚪ 情報,25,"C-TOUCH & DISPLAY SHENZHEN 2026 to Showcase Breakthroughs in Micro LED Optical Interconnects, AI+AR Smart Glasses and TGV Glass Substrates - Yahoo Finance Singapore","Tue, 08 Sep 2026 02:00:00 GMT",https://news.google.com/rss/articles/CBMihAFBVV95cUxNbTR4UGZSWUxOeEZwRTRIZEZjZERRSm0tdG83YllPZWJRcHotNkI2N21aOHp2eVk0V2RWR2NYRlFOU1lwaUJDQ05BQ2ZmYlRXZkpGbGxjbXA3UUJhNlB4OWs2UFhJM1hwS0Zld21NRW9lMGl0VmRTYVRBZjZpOC1LUGIweVk?oc=5
2026-09-08,AIデータセンター,Texas-Based SLB Acquires Thermal Tech Company,テーマ関連ニュース,⚪ 情報,25,Texas-Based SLB Acquires Thermal Tech Company Kelvion Amid Data Center Expansion - thetexan.news,"Tue, 01 Sep 2026 21:12:00 GMT",https://news.google.com/rss/articles/CBMi-gFBVV95cUxNT2dzWmZaQ1MySVVaRWl1amh2clp3MWpqYk1JUDhOSm1qQ3U5NlFpTVZmWGgyT2pYVno2OXBaekJhbHJxRU96bFlhM3F1MXR3bXA4YmUzZFAtWnU4M2JiSFdOTWdka2lsZ082N3hibU1Fbkl6SmkwMFJ1SEMxaW5xZWtCT0ppdDd0WGdHTXJCU0F5cFk5UklJZVZMLXNOdElyLVdfR0l6d2x1LXhrMDAtT2h2Wm02RUxhZzlSbEJ4U1JxZndQaHQzbUVzLUZOaU9vcjBkb3Etc3JnSWJrUXBYM1BCRmxzVXlhcDZMbnZYMXdzZ0pQMFVSRXJ3?oc=5
2026-09-08,AIデータセンター,Data Centers and Battery Energy Storage Systems,テーマ関連ニュース,⚪ 情報,25,Data Centers and Battery Energy Storage Systems Project - westchicago.org,"Tue, 18 Aug 2026 07:00:00 GMT",https://news.google.com/rss/articles/CBMihwFBVV95cUxPYmpIaHNBX2hUZFg3UmI5Y3RPeE90eHEySDhGVGNIOUk4NkZMZGtFcExZOFlydnAzUVg1MnlYWFVyR2pOcnJfVUZIMkFKanFORWNmb0dKbi1GdHNyWm5TSDVFTTE4RlhYV1p0eGx1aTFGa0JQNmY5al84WEt6MHRWMTBDZ3Vvb0U?oc=5
2026-09-08,AIデータセンター,Data Center and Battery Energy Storage Systems,テーマ関連ニュース,⚪ 情報,25,Data Center and Battery Energy Storage Systems Survey Reopened Through September 4 - westchicago.org,"Fri, 28 Aug 2026 07:00:00 GMT",https://news.google.com/rss/articles/CBMisgFBVV95cUxNeGFFbG9kd2Z4OVU2NkJfWjRzZy0zQVlOVEVxYUNLNjlXMUNkektDalJIeGluTzV6YWxUNm5FQWdiTTFqeWJ0QUhDM0tIYmZKY1BPWEtWMGc3TFBlajF1dE1UYlB2T3hJRlRvQ1NueDFGTmE1RllNQlV6Y1NLdmowdkY4N0JKS0JCMnhLeGloeHdQaDdCSUNsRVp3Yy14Tkh1V3NrUTRxSU5LM1gxMjVrd3V3?oc=5
2026-09-08,AIデータセンター,Data Center and Battery Energy Storage Systems,テーマ関連ニュース,⚪ 情報,25,Data Center and Battery Energy Storage Systems Project Page Now Available - westchicago.org,"Tue, 25 Aug 2026 07:00:00 GMT",https://news.google.com/rss/articles/CBMipgFBVV95cUxOWnpnYmsyVlJIRmc1REU2ZGMxX2NMUlpLSEZkajFxaG5ibzMwZV9wdlg4YlhpNG1ERlhKV2dlYktzMFlfT24xSVZTZEdjS0s1a1FRNEJ6QW5VZUt0b21TQTRubVl1U3hkdEFxYS03MS1BNGlOUEJURUJFVFhGZ1l0M3hzcDZFNU9zTTFiUUpCN3Y1R29EcGJrQjBwb1N5TVhvSk05NEdn?oc=5
2026-09-08,AIデータセンター,This Fuel Cell Company,テーマ関連ニュース,⚪ 情報,25,Beyond Bloom Energy: This Fuel Cell Company Landed a Huge Data Center Deal - Yahoo Finance,"Fri, 10 Jul 2026 07:00:00 GMT",https://news.google.com/rss/articles/CBMijwFBVV95cUxQRWkxSW9pWjZBUWd0b1YteEVGZU1yaExrRGxTOGYteV93YU11TkJObldFcUc1SnJqaXBPd2ZESjBTbVJGUVBJdVB5Ukpob1phR2tkenBkdzB3NUpoNEU3WnAwc0lKY0MwQnNGSE56b2tfckotU21TdDlhejZsSWdHYWFNc21iV1BTdENCaHdVSQ?oc=5
2026-09-08,AIデータセンター,,特許・技術,⚪ 情報,25,New fuel cell breakthrough could help power energy-hungry data centers - sciencedaily.com,"Sat, 08 Aug 2026 07:00:00 GMT",https://news.google.com/rss/articles/CBMib0FVX3lxTFBia1BxUEZKbVZhUDBuSEJlSHA0QlZTb1NfNG1qZmYtMjAwdTlQaEIwYU9CcElXWmp4LTdJS2pqTzdaMWpsVjBBZHZsWFpWNzJ0MGpmZWlXSTZ0RDdDN29DRFc1SmFheXljTnlUaDFHOA?oc=5
2026-09-08,半導体,Chiplet Summit 2026 - Marvell - Marvell Technology,テーマ関連ニュース,⚪ 情報,25,Company - Events - EE Times Chiplet Summit 2026 - Marvell - Marvell Technology,"Fri, 19 Jun 2026 21:47:31 GMT",https://news.google.com/rss/articles/CBMifEFVX3lxTE9yOC1YN3kwRTMtVzJGckxKMEdoLTlmQ00xRGV1Sjg2dzFYMjZJeWRaZUMwZFhsbko1RVlENHFXdC1May1UcHprek5HVUhiRVJUYU9QSDMzdHhSU1dFcE5yUTdDaWlhNTU3RHI1UUxlQy1keXhZVDBqNUtwMUc?oc=5
2026-09-08,半導体,Latest Technology,テーマ関連ニュース,⚪ 情報,25,Latest Technology at the 2026 Chiplet Summit - Electronic Design,"Tue, 17 Feb 2026 08:00:00 GMT",https://news.google.com/rss/articles/CBMiuwFBVV95cUxNUTYyT0FvM0phanZMVVN5U0NtRmRfTy1NMFlVQ3E2ZmZGLU9EaEk0eGYtckk1UTZFMTc0YktDSVlHSUY2bTBONHRYQkJ3LVh1dFNWY1RITHU0enFTY05GMkxpSjV4UGtQLWFPVFZJRUF1c0lLcXk4Sm1UQW5IS2dtdFZYaEt0UEVhTFdjMF9raG5aUjlTZTNmajVVUjdRWWQydTNWREROb0VxYVBWc1R3YXhDRF9qcGViYTc4?oc=5
2026-09-08,半導体,From Standards To Systems,テーマ関連ニュース,⚪ 情報,25,From Standards To Systems: The Chiplet Era On Arm - Semiconductor Engineering,"Thu, 30 Apr 2026 07:00:00 GMT",https://news.google.com/rss/articles/CBMigwFBVV95cUxQeERodkJZSzF5SUNPQmRzb2JVdE1relRFd2hiYmxLSWpQZl9WLXhxX2JvckVOdjFiOFZkZ1lyd1dXT1NpTURFSjd4VlNpZGQwbTRpQmNydEtaZWVIdVd0VnZQYnlOZGcxbzdmbzNVVjU4M3psb29wal9qTzNBN0VfRkgzbw?oc=5
2026-09-08,その他,,大企業との提携,⚪ 情報,25,"Purdue, GCCS partner to scale the future of silicon carbide - purdue.edu","Thu, 28 May 2026 07:00:00 GMT",https://news.google.com/rss/articles/CBMinwFBVV95cUxQbXNBOVU5ZjRVQlVaSkczR01mV21BWFNaaHB4SmpnY2YwYldzcy1VbGgyS2R4LU1Hdkh4RllyWVRlZzRvREs2ejE1M0NJblkzUDBMcnJfTG5lSlRuSlFUazBHeXpCcmtSY3kyNDBqZTIwV0lQZWVsNnFoM3k3Slk3LUliaTVfWjRYV0NkNjhjR3ZJWmFVc2lOc2Faemxwdk0?oc=5
2026-09-08,半導体,,特許・技術,⚪ 情報,25,A breakthrough for the bidirectional switch - Compound Semiconductor,"Wed, 12 Aug 2026 07:00:00 GMT",https://news.google.com/rss/articles/CBMilwFBVV95cUxQVmNuX00xV09zbjJSRTlpTTFmdlpreUtYOFRxSWRjb3JoQ3FfN0xheVcydWZsQTRjelB3bENuSHlQRmJISV92T2E2NzBjX3R3ekp2cVZDeVRyc1M1TERyS2tJWDdMWjBQLTdodXNrZURzMkRzNmRUVGNfU2ZzbUpmSzF6TEJ1elltNGRrX1V6TEJUVVZ5V2ZB?oc=5
2026-09-08,半導体,,特許・技術,⚪ 情報,25,RF GaN patenting activity slowing as technology matures - Semiconductor Today,"Mon, 07 Sep 2026 07:38:45 GMT",https://news.google.com/rss/articles/CBMigwFBVV95cUxQTm5wdGI2eTNFNThMVzRRcTd3QUtxODJCWnlqQ29IcnpqWmV6M3d3cWpzVVVEanJQcGo5QlZ5eEFpOGtzM3dIN2JZNHE0SXIxZFRWakFmWHd2VUNUZFl1bDRJSXNfYlRyVzBxOE1WUFRkcng2Wk9tR0JaakNjdlp6YmxoVQ?oc=5
2026-09-08,半導体,System Efficiency Using GaN Semiconductor Technology,テーマ関連ニュース,⚪ 情報,25,Porsche Improves Burmester Audio System Efficiency Using GaN Semiconductor Technology - autoevolution,"Tue, 25 Aug 2026 07:00:00 GMT",https://news.google.com/rss/articles/CBMizAFBVV95cUxPSEpKWFZPUzd6X3IwMTdGQUhtMTFWQnZPWkRveXBPQVdoaktfNzJ1UkFRbFlrUHM4bHdrVVFkTzBQX3lka09uem1USjE0c0E2WW9aYk5TeVI2aVR1SXk2dmtRZ0gyM1EwUzhuRll0RHRoZUM1bFpKTkdXRVdZZFhfQnpxd25vRHZFQ0RfR3hpQzRLSTJDS3Nfa0phanUteFIzRFMxWUlCc1ZQVzR6SmFYaFAxbGUwSGt1WDliVjNCZGRVSzlnXzBwN1Y4VHU?oc=5
2026-09-08,その他,,大企業との提携,⚪ 情報,25,"36Kr Exclusive: USTC Team Secures Over 100 Million Yuan Financing for Space Intelligent Computing Platform, Backed by Bohua, Matrix Partners, GL Ventures & Multiple Investors - 36氪","Mon, 31 Aug 2026 04:34:41 GMT",https://news.google.com/rss/articles/CBMiU0FVX3lxTE41Z3J3MXRVT1hYbVFHSVdFVlZZMHltYy1NSjVFZmFxcW9FbndoTFVrTDVFUjVmend2aC03bDVlcDM3VGFvWm1iQVB5cGhkU2ptQ01N?oc=5
2026-09-08,宇宙,Adaptive Free-Space Optical Communication Systems,テーマ関連ニュース,⚪ 情報,25,AI Weather Classification Powers Adaptive Free-Space Optical Communication Systems - Bioengineer.org,"Mon, 07 Sep 2026 01:52:07 GMT",https://news.google.com/rss/articles/CBMiqwFBVV95cUxQZkhkekc4VEpLVGJsTGJvbWQ3QmUyeFR5MnJlQ0dmbzlxVERKVEIwZ1dsRVJ6OTRRS3Y5UjlzX1Vib29vQWJkR3BPLWNjUnpqM3VnUDRfMllzdnJEakd2T0Z5RndPRmJ2OTBFSlhnLXZjSTdWdm5PdzhOMVlyVmVvS0htN3AwVV9tNFJsT21FZzhWTHctUjR5NEtuYlJ6YUMxdWdoQzN0blY4X2c?oc=5
2026-09-08,その他,,量産・生産開始,⚪ 情報,25,TakeMe2Space collaborates with QOSMIC to build indigenous laser-based satellite data relay network - ET Manufacturing,"Tue, 30 Jun 2026 07:00:00 GMT",https://news.google.com/rss/articles/CBMijwJBVV95cUxOYlZRRHliNEd5Z2lRZ2pzNWZBeGxha2RTTl9fRUVfbF9SN3pESXNpUGRHYUdjRHRURi1xTnlEVFpNYzNwdWtRMnFPdDZzVDNXeHctZmVsaXhkX1BHLXJQMVBwamVJQVd3bm15Vklva2hxVEE4UjAzbk05YWxDcml1S09kUUF0WEVXRERSOEp5Y21VT2pQT1VBVTNpaE4tNkNnX2xUY3dIbGxwbDU3aC15VHlhMFpkVnZYejR1YURtVGhqclRyRmNEaDloVy16eDI1N09ucXlfUGRXZmlFdGxuYjI3eWUtOXlGci1jbDhxTWRHamtOOF9xYlg1OG5ENFEwUU56MUUydzM2VDZzZWxF0gGUAkFVX3lxTE1EM0lzR0hIOU9NeHZEQzktX05WQlFLS3hUXzZ1RDBXSmhSWkQ4WEstU2FDVUFBakYzVnVMZTNJZkJKVURiM29DblFkazJhOG5Id08tUVJOTkVLVGxDV0tIUENwd0FpQXJpZTF2d1ZfbGxwUnh3LU1nOWNxeXcycUhHOVFyQ2F4ZGtxOVg2OHJGc21HaUQtVXp0X29YMGNXc3JhcWJJNkhJa3JfVnQ0V0c4U0VLTDQzSmFXdWZSbEhacnh4WjRGUkFhU3pPbmV3YlhtbUVCd2JicTR4dlJGcEZ0QTNKdHJrSFVqenA1WW5QbTRpZHltWG94cDdBdFFWNFc3OUx0X2NPcjZiYTl2X0dHLVVzdw?oc=5
2026-09-08,AIデータセンター,,特許・技術,⚪ 情報,25,AI plus IP: Sophia Space and Caltech secure a patent for orbital data centers that use passive cooling - GeekWire,"Wed, 29 Jul 2026 07:00:00 GMT",https://news.google.com/rss/articles/CBMiigFBVV95cUxQU3AxU0VBbmM0UVhyZ2VQdEdYdlhtX2FPcjYtNkNtamdMWWRld2NpX3pVWS1TZk1xdnBvZjhjWDBHbDhLYy1BVzlWVGxsVENmazAxaS1CekZLRmkxOXhzVHNkZjB1YjJvdHNURVVnbXdCZDVVTUZEUGtZdDlJVlZmSlprZDA2TDZqWUE?oc=5
2026-09-08,宇宙熱管理,I.S.T. Corporation,テーマ関連ニュース,⚪ 情報,25,"I.S.T. Corporation Introduces White TORMED®, a New Polyimide Film Platform for Spacecraft Thermal Control - PR Newswire","Wed, 26 Aug 2026 07:00:00 GMT",https://news.google.com/rss/articles/CBMi7AFBVV95cUxQYkxVYzNRYVdkVzNFTUlRbjVxSzJCUjltVGllNDRwUjNQZTd6TEJ3cDI0Z2hpcUhFT3Z2QWh0RFY3Nk5CcHFfbExRY2E0RmZxLXFUeHRBeHZLZ3liMkxobmYwMzRUa05kOFVpa3Z6d3Bmb09OSXNDRjlzREhkSXZwRl8ydklZOUt4RDd4RGxEMVRZTGNuTVotWFdqdWw2aUI3MmRycEI3SXVsQVJxWlhYdk1jdWstZWJHcUpTNHZ3eEJueXhsUG1ZUXJsNmZrS2dEYWJUN3VGekVtTVVOYV9pZkJoalNQNFlGNlJrUw?oc=5
2026-09-08,冷却・熱管理,Phantom Space Acquires Thermal Management Technologies,テーマ関連ニュース,⚪ 情報,25,Phantom Space Acquires Thermal Management Technologies - Payload Space,"Thu, 02 Apr 2026 13:02:31 GMT",https://news.google.com/rss/articles/CBMihwFBVV95cUxNSmJRbTRuUzcxRkdXdEctaWxEMTdmWnpETGh0TGJBTG5WeDZWb09lN29CcWg1cVhUcHBka0VDWVJ3cUxlaEE1RlNpTzlUUEhiNktHek5YM05aeXlrRHNQQkVuQXBOa1ZxVURqdVR6ZG9HYjVBYkFmaVpfN3Y2b1Y3MXc5cUsxM1k?oc=5
2026-09-08,宇宙太陽光・発電,,特許・技術,⚪ 情報,25,China hails latest breakthrough on space solar power technology - South China Morning Post,"Tue, 19 May 2026 07:00:00 GMT",https://news.google.com/rss/articles/CBMitwFBVV95cUxPb2hqYnRhNU9DTnFwdlg0U1FmZVZZZ2FnRnBqNnBBUXNaR2tiaTRLRVFDdXJYRUdpVjVReXhiS0Z5ak9LNXVVSGdzbmFOLUNfbFdJMG1fNnlzRGs0S0JoMjdTUDY2dzBHWW5MbGJMWGFLc0xISUFkems2LXZORU9fdHpIY2lrM29XNlF4SW9WOF81WnBkdWkxWWI1VUJ2bFdybHVrbUVYTFotTHpkWGxWeXVidTNPajjSAbcBQVVfeXFMUHJSM2F6R05NX1lwLW9qcTVETXlFYXFxZUpLUDNoUU9pWkNvSTdrRzBZNlFkYVhtUi01NUZ2bUsxeS0ta01QMGRQUWlwdklpU0d6NDFuRmU3NGhKNEZmQ25jOFRpYkpmaktDTVBMQTNrcWdHUXoyT0VKWXRkV25xWndXR2s2V2JwSXdOVEQxWGZRMWlDM1puUXRhdlhIZzlUQ2ttVDdkOFNlSlUyMHF4S1Y0Tk1rdUFB?oc=5
2026-09-08,AIデータセンター,,研究開発,⚪ 情報,22,Healey announces new regulations on data center development in Mass. - NBC Boston,"Tue, 08 Sep 2026 13:23:40 GMT",https://news.google.com/rss/articles/CBMiowFBVV95cUxNSmVxUDh4OEFDOW1IVFg5U0NyTGJBcHpvQzFad3I4Tk9IOUtTdEFRakhSRVhldUhvUU5ZSWgzeVNFeVNMXzNCaUJZQ242YV9FSTZiN1gtYmxXdTBwaE5Ka01jZHQtMVZaSkh3S0ZMQnhFMHItRy1KNGJ4eFlUREhueGVQRHVWOEhiYllvdkNhRklkOEo5Y3B4NWJaMmJVM1VEeFlB0gGrAUFVX3lxTE15T1NzVE1lSFFncWZET1ljTDQtdVJtejRsWE93WXNxNEcxcGZmcjlfRmp6UTV0Vm54MGZZcGllRkpPYi1TUHozclhhb2lHUzRzM0xGRXdCcllIVV9mbmxBNjlsZWpKVnluMGs3QmhIczBRMFBTUmFmcUltQ0h5elpPZVQxM2hRbWRocHVkc1hJS25ZT0JtTnFiSkpHX2NUWll0NW5mZXdVNTA5SQ?oc=5
2026-09-08,光通信,,研究開発,⚪ 情報,22,"Fujitsu Prototypes Diamond Quantum Computer Expandable via Optical Interconnects, Targeting 1,000 Logical Qubits by FY2035 - finance.biggo.com","Tue, 08 Sep 2026 10:25:00 GMT",https://news.google.com/rss/articles/CBMidkFVX3lxTE1aWmFacmUxNEkySDFIdmdQaTFoeGM4bk9FeWtHRDBQT25FTC1TMlRqZjA5R3lROGxGNnhOQzE5WjRYRFpEWU5mR0NoVlhvNGU0ZHo2ZlBkeXQ4VW1Nck9WeXdPM0V6VDZOYXNrYnBVQmUyckRaNVE?oc=5
2026-09-08,その他,,戦略的投資,⚪ 情報,22,Castrol ON: Investment Signals Data Centre Cooling's New Era - datacentremagazine.com,"Mon, 07 Sep 2026 13:51:45 GMT",https://news.google.com/rss/articles/CBMimgFBVV95cUxQQWZRZDBCaHhiYXB6SDB0cWFMblB1ZTBNM3dPaFJBZVYycXppZHhOTHNMMHlCbHFGcTh2Y1ozNDhneDRaSlJzVmpXN2c1QVUyS0VVM1pMc1hqaEVEeEJGTWZIQ0M5WEhqZGVFT19XQ0xuNGJUN2lGSlpGTkZtZW93MWNLU2hyRk1mSkVDOE8zd05qRUlISVZaUTh3?oc=5
2026-09-08,AIデータセンター,,研究開発,⚪ 情報,22,The rules of data center development are evolving. Is your strategy? - Utility Dive,"Mon, 31 Aug 2026 07:00:00 GMT",https://news.google.com/rss/articles/CBMirwFBVV95cUxPS01SRmg3SzhUN3dLc3R5N09pWjdkckFaYVhSM0t5bXZOanVzajhRMUVUbVJmcm9jYmF2bVRIMERiZ3hpOTNjZzhGc19oMGhaWUNwOXFPWnlMSVNUTG1XVEpUQ3R1RXFnNnBYM2VLbGRES3RLYzZkdlhydEZ4TUhfYzBMMnVYWU1uWkpoNnA0YkJRU2UtdEtFcFVEZnltMTgyVmRvT2tRTjgzZXFvaHN3?oc=5
2026-09-08,半導体,,研究開発,⚪ 情報,22,Global DRAM and HBM Market Share: Quarterly - Counterpoint Research,"Tue, 01 Sep 2026 07:00:00 GMT",https://news.google.com/rss/articles/CBMigwFBVV95cUxNYlIzVHpBVzJfYjhXUWxYSUg3VmFvTDF5Q3k3OWVzeXVpRHZVdU14OHFOZGVkRDNTTXhvMGN0OVllR3FNd19rVlRTTXp1U0NHSFd5RVFmc29UZk1vR2VmT2pINWZLcGxNTU8yYnBMWHZYUFZlTFI3R3o3T3RjMzQzN3FWNA?oc=5
2026-09-08,その他,,戦略的投資,⚪ 情報,22,Samsung backs Mistral AI in $3.5 billion funding round to deepen AI ties - KED Global,"Tue, 08 Sep 2026 11:08:00 GMT",https://news.google.com/rss/articles/CBMie0FVX3lxTE1tbnVKOEJHbjBFRFNfYnVXQW5WS3dVa1hGb2Iyb2hhNUkxSzhhX1RPTE1Lb1RZazh2TmFrTFh3Q3ZJbkZxNHpjbUJOUnUweUdXZFFZempBdlVBdl9uMXlWVmNpdDNpLU1xeTBDQVRVcGtpajlwQ2RjQ0JEVQ?oc=5
2026-09-08,半導体,,研究開発,⚪ 情報,22,Belgian-Chinese semiconductor researcher arrested over alleged GaN trade-secret theft — prosecutors suspect BelGaN insiders transferred chip IP to China before the company collapsed - Tom's Hardware,"Tue, 08 Sep 2026 09:50:00 GMT",https://news.google.com/rss/articles/CBMi2AJBVV95cUxNZnpGa3dmcjJneFZFeTdadlVvc3JOVkw0WUtpbWYyVE1DQUxxWlZpOWg0dVJadTFZczA3T3Qtbzhva3BfUFBYN2ZRRVlnVTdPSHFvRUJ1bU9qUVhlNnM0LTBLYnRVWFRtQVZxbjZDNVoxaU5PZnZNQ1U2Nk5xbW41OHpkaEhaVXZ1bmxvbERBdHJ1dVBIT3VnSzVzbTU2SFc2UlpYam50dmNMSkNFRS1DdWw1VUsteWlPYV85eG9la3UwVlA1V25vNHpEeWo3aHN0a2QtaWtYM3Jyb3NUazVoeWRJVV9aOU9IZnRENU4ySGhtc19TVlhWaFdFaVhSTE04VDJwVkt1RUpuby1TUU9YWHRNcC01dEdnU1ZxQUJfV0JJQ0hnZjF6dWJSclFyelR5MGNwZzRCTjg0T2lyU2RHczZMZ25XOGRxbHJKWlZNNklCV2tZRl85bw?oc=5
2026-09-08,半導体,,研究開発,⚪ 情報,22,Suporting the Electric Vehicle Revolution: Next-Generation SiC Semiconductor Chip Development - denso.com,"Tue, 31 Mar 2026 07:00:00 GMT",https://news.google.com/rss/articles/CBMihwFBVV95cUxQa0stQ0lvbXZ4YWhnenlfVXp6dGlpcHNuM3lybWswS3ZxeVljR2ZWQUt0TFlBcUx4T1hPUFZXZk5DRnhUSnlHck9HbEZuVnFoM0JjSkZEZklzMjdPdzdIajV4VThWLXJJVE5pMjVJSzhuMk5rM3VSTUx5OFNXN0ZtSGw3MlBaQmM?oc=5
2026-09-08,その他,,戦略的投資,⚪ 情報,22,Setanta Space Launches €3 Million Funding Drive - Business Eye,"Thu, 03 Sep 2026 11:44:48 GMT",https://news.google.com/rss/articles/CBMilAFBVV95cUxPUkdfUkxWTDN4cmwyaWROM3NuaC1fVHJjOTl3Q3dwMXJDSlFnb3dQZ3FOMDMzSkNUU195Tnk3MlJzLUI0c2ZiQktxQWFMcVVvSVhjUlBiT3lHamd6N2JMQWRWMTJGVGVRd0NtQW0tZmI2b1pLbEV1S0dqazktQm1MZzBycE53VzB4VEg4emh4YWpRYnlS?oc=5
2026-09-08,宇宙,,研究開発,⚪ 情報,22,Research on thermal control technology for ultra-high-speed inter-satellite laser communication terminal - Nature,"Tue, 28 Apr 2026 07:00:00 GMT",https://news.google.com/rss/articles/CBMiX0FVX3lxTE93b21OWlRMTFg2LU5UXzBONG55bEVOT1RtdEpsY0ltNEtnX2NfemVoamlSc3JBZmh5R1lfZ3V6aU91bDZ6TFJubnNaT2ZkcTZRZXl6QVBGVVF3OGtOamxv?oc=5
2026-09-08,宇宙太陽光・発電,,研究開発,⚪ 情報,22,DOE Launches Next-Generation Space Solar Panel R&D Initiative - Aviation Week,"Tue, 01 Sep 2026 20:50:04 GMT",https://news.google.com/rss/articles/CBMipAFBVV95cUxQMWFxSWtJaThjbFdSUy1KTlhPdzZhYXhqTVdYd1dONXYtUVREOG91ZlFFcEQ1TS1ubndqTUl3NHFDQ01pRWZacW1QQjN1MG1RR0VzbFhCTEFkN1lGd040Q3BBZTFXREZwdFFVVmR1bHBSdXhUU0QxdUJRY0F1X29WdTlJb21Ba3NXdXR4cjJaT2x3Y2hFM0xzdHNrejF2eTJ1d1hiYg?oc=5
2026-09-08,宇宙太陽光・発電,,研究開発,⚪ 情報,22,US DOE $12M R&D Fund for Space Solar Panels: Applications Open Until Oct 8 - News and Statistics - IndexBox,"Tue, 01 Sep 2026 16:07:00 GMT",https://news.google.com/rss/articles/CBMimAFBVV95cUxPRUtMeXg2NjZSOHdZVVV1UEZxcU9UbEdQQWw4cHJJTDdfejUySk5nb0gzN1g2bThIdzBmUS1ZSF9PRDNTdjZoZzJzUHZMU0h4UktONlBScU9CWTVYQVNUbzN4RVNXbXVDSjZ2c2NWMnJ1TEVDN2tQR3h5QjRRTklLN0tiV2pZSFlmc0ZfaFhGMXk0Wk9oY1NGaA?oc=5
2026-09-08,その他,,政府支援,⚪ 情報,20,VisionSpace lands €300K grant to build its own satellite computer - Dealroom,"Thu, 03 Sep 2026 03:42:27 GMT",https://news.google.com/rss/articles/CBMinwFBVV95cUxPQjl4X0NiWWo5VnZyNDl5OTVVYVEtR0NCS28tZElLVktRUHJ3ZGpOOG5HS19fYnNGSEpOWWlwSS1rUEdvYWV2c25lWUNMQk51QTVBbEJwSFRIRXlrSjlPLUNMeDVRZlFlbVpFSTR6aXE0RDBYVTUtZmMtSnI1Mmg2ZG5DUVVyYWdxaU84cy13X1VtNHdTd0hXSkFta2FmbzQ?oc=5
2026-09-08,その他,Intel and Lens Technology,テーマ関連ニュース,⚪ 情報,15,Intel and Lens Technology Collaborate to Enable Advanced Semiconductor Packaging for the AI Era - Intel,"Fri, 24 Jul 2026 07:00:00 GMT",https://news.google.com/rss/articles/CBMi9wFBVV95cUxPS2Z6OWNQQzB2cEROR3ozc1V1YWhBTGI4N2FMZHNmNFd5ODdpUGJMcVg0QlNDOVpUYWF5dFMyS202c3hVNTFqdVV1anBweXp2Sld0c21JOUVqcGFUQWlZQTFkMlRZeEpoV2kzSnZJVGdXMFZKVTRNc3Frb291V1BnTC1MdkE1ZHlPUTQ0NV9CWFo4cEJNQTBBSkFLYTFma25naHVHeG5KUjk2amRBQmxsTjBQWjZtcGc5QlRCcFh2LXdKZWNKal95Y2VfaU55REFSalNhUTluMXhHckFFVnU2Y1QwVVRHLUg1UVdDTS1sVVZTSmo5RTNF?oc=5
2026-09-08,その他,Caught Stealing Advanced Semiconductor Technology,テーマ関連ニュース,⚪ 情報,15,Chinese Spy Caught Stealing Advanced Semiconductor Technology Shakes Europe - 아시아경제,"Tue, 08 Sep 2026 04:48:52 GMT",https://news.google.com/rss/articles/CBMid0FVX3lxTE53VnBLYUE1VWZkTEhEajlpOXFjZzUtMWtNaEdlLXVVTENTYW1JdnFERzBPMFVWZkdEVGxvMXVQWEF4VVNrbUFKem5tSkpndVlfVGF4WVM3aTJaSFUxeDdhV0lDLWpGb1FEaVV4YktWOU40amxQU0Uw?oc=5
2026-09-08,その他,Porsche introduces Gallium Nitride Technology,テーマ関連ニュース,⚪ 情報,15,From lab to listening experience: Porsche introduces Gallium Nitride Technology for high-end audio - newsroom.porsche.com,"Fri, 21 Aug 2026 07:00:00 GMT",https://news.google.com/rss/articles/CBMiqwFBVV95cUxOQk1qcTkzU1lGYU1ZYThDQTRHdlFfeFFsckkxUjg1RkdvSVNYQjA1OXZwMUN6RnRwY0cxZ2RzdEdYcE5rQWt4UWc1YWxWNWVwemhuWkZKajFrRUoxVkU4d3NWN2l4T25tR3pqU2RKZ2d6bTZOdHRQckRwVGpfTmNTNkNERExFM01TcF9GODZSSm1HNlBaU3Y0Y2lnTVlVR21OQk1DX2lEdjExN28?oc=5
2026-09-08,その他,Interoperability Standard For Subsea Systems,テーマ関連ニュース,⚪ 情報,15,SWiG Releases Optical Modem Interoperability Standard For Subsea Systems - oceannews.com,"Tue, 08 Sep 2026 14:49:39 GMT",https://news.google.com/rss/articles/CBMiqwFBVV95cUxQUm1yOXZ2RW5MVVdlNmpPeHZIM2haUWtNQWVCZ3NIQlRyWjZBRFYyVHdJcndpV2Jaa042S2NrcnViMUhxOVhFSkI3bTZ0WEFZUUVneXQ5NWR4WkR1NnphWlBsYmlvMDF6RnEtYTN4eDJmWjVNTEZ1Vy1IeHR5RzhvWVl1RGRlQzViODVwYWViNml6UXJqamU0Wm91Y1VUejAyRjFGeTFOa3ViUjQ?oc=5
2026-09-08,その他,,特許・技術,⚪ 情報,15,"MBRYONICS, ANNOUNCES OPTICAL COMMUNICATIONS BREAKTHROUGH FOR SPACE - PR Newswire","Tue, 09 Jun 2026 07:00:00 GMT",https://news.google.com/rss/articles/CBMivgFBVV95cUxNYmxPdlh1V0lxbjBPVVNxLUU0Z1V0R2F1NE9BS3c0SmVJVE5SWGk1NEVlb3dkdXp2Z1JzYmE5cV9QVVptRWUtOFB3aFlYeHZSTWlkQ25SY3BkLWtpM3o3Rkp0V2FMX09CdXZqMVZvRW9waFUxeUh2QU81R2hzbm9YNVFRSXMzelliUjhhNkphV1VQaFFKUDcwVjhvRjU0cVd2TXhBWFNyRXFIMjBQQlFiMm5FVU52SDVlNEJ0TFNB?oc=5
2026-09-08,その他,Optical Inter-Satellite Link Systems,テーマ関連ニュース,⚪ 情報,15,"Optical Inter-Satellite Link Systems Market Size, Analysis Report 2035 - Global Market Insights Inc.","Sat, 30 May 2026 22:53:45 GMT",https://news.google.com/rss/articles/CBMimAFBVV95cUxPMFc4NDhlSEhoeUhCWk81d1dVYXVoZXVrcUljNnJHUTEyZU45ZzQtSllVUEdSZjM0X1JINGpoLVd0UFJBMlRvWlY0LWtjRF81cDRWNlA1RkdtYVhqa1lHZmRjTHkzb21acjh3Sk5nWjNHSVVlNWlOeERWdFJwWEUwN1JycDFiVE5pQjdVZVZRem42THRHTG1ZMA?oc=5
2026-09-08,その他,Advanced Cooling Technologies,テーマ関連ニュース,⚪ 情報,15,Advanced Cooling Technologies Acquires Canyon Composites to Improve Thermal Control Offering - Via Satellite,"Wed, 01 Oct 2025 07:00:00 GMT",https://news.google.com/rss/articles/CBMi-gFBVV95cUxNYnJ4VlNXYWs2c0ZEeExHcV9xZW80cVBzS296RHZBdGdsYTZVZXpwTDlnanl4d2xKcUo4aXpKU0UyWTB1aGEzQjhGN1JUZWNpWVlDM2lRT3hJZUZDR2ZwYzRoTHNUcE1qNUwxWXBLNnFySTVUT1I0MkZsdjItVzRObXhvbzQxMnh2Wll5RjlBaXpsVWkxUW9NN2RJRmthN2NKa3c1SzNvVm8zSEpLRXVtQkZrNEp0S3JCOExDNnNPYWlzR3ZTSFB1RlBoRTYtMVJxd1pzWEd3ZV9wY0gwNHNVbjNvelVxUWNwQk1ZZTdBNGRfNV93NjI2ZXdB?oc=5
2026-09-08,その他,Aerospace Heat Management Systems,テーマ関連ニュース,⚪ 情報,15,The Role of Nanomaterials in Aerospace Heat Management Systems - AZoNano,"Fri, 24 Jan 2025 08:00:00 GMT",https://news.google.com/rss/articles/CBMiYEFVX3lxTE1ZU3V5bzI4ZktMejV2ZEZVNUxTekFSX1RGUkI3TlNzU3dsbWJrQmc0RWdySllLM2pZSldxZllpRHJGbEZZYS1BcG5VNHg1WU4yQXJfX1lPR21WVU1QS1Q2Zg?oc=5
2026-09-08,その他,Orbit - Mobility Engineering Technology,テーマ関連ニュース,⚪ 情報,15,Edge Computing Advances Enable Smarter Spacecraft and Satellites in Orbit - Mobility Engineering Technology,"Mon, 08 Jun 2026 07:00:00 GMT",https://news.google.com/rss/articles/CBMi3gFBVV95cUxPaHBkOTVFaVlZcWdVUWxDbEZ3WHlEeVVrU3hPMWtvdHpiUlMzZnUtcFhvU2NPQno2VDBJRXZJeWdwRUFpWjFuWVpzRE9XcWxpVFkyczFUUTdoNU84WnpzMDN3Tk92UHh4WWhsLU5XUkhlVTV4b1JIMzRLenRUc2lhQWh5aU1WOW5pcmtDMkZQTHpCV3NRWFotaXdCakhkODFxZkNnV2xFZFV2YkJEQ2wxbVRaZHZsXzFTOTV3NDgwRm05X1gzYThkd3Z4ZnoweGNpMVFkUWRxcEFFZ2xLdlE?oc=5
2026-09-08,その他,Australian Broadcasting Corporation,テーマ関連ニュース,⚪ 情報,15,The engineer trying to stop NASA's Artemis II launch going around the Moon - ABC News & Headlines – Australian Broadcasting Corporation,"Wed, 18 Feb 2026 08:00:00 GMT",https://news.google.com/rss/articles/CBMipwFBVV95cUxNNFpJMGpIMXBEUExzMS11RVRndkx0U0dEeXNxSjVsamVucTJRSTdTMHZfZE1FYmZRSHZWUTUwZklHLUREQU93bHJjblFabFJnVUdsV3BUUkVieVhRUmhKb0IwbGhYZHlQTDVLZUJ0ckQ0b0RKZ0R0SDAyZHNPamQ2UmRRX3YtNmhQS2VReGc0UHdyUzZsX3B3Z1VGSnV1ZFRycFdEVVdnSQ?oc=5
2026-09-08,その他,Perovskite solar panel startup Verde Technologies,テーマ関連ニュース,⚪ 情報,15,Perovskite solar panel startup Verde Technologies shifts focus to space - SpaceNews,"Thu, 02 Jul 2026 07:00:00 GMT",https://news.google.com/rss/articles/CBMimgFBVV95cUxOdThzNUpXNTdrZk5xbkYtSDMwVG5BMDZHLWFVdkMxdm1mX0NJUFJqNUtJYXo2d2dTcnJ6NzdRV1poZmREZ2t4ZlQyc3dpYVh4WFVwLTJsbUVET0ZKWGQ2d0tVRTdDS0J5LXozNGpOcTBkdmJHVXkxRmF4NEtOV0hkblhoNnJYd0hWUVFrRENxTGVONDJGNjFDbDZR?oc=5
2026-09-08,その他,Australian Broadcasting Corporation,テーマ関連ニュース,⚪ 情報,15,Have we got dark energy wrong? NASA's new telescope may help us find out - ABC News & Headlines – Australian Broadcasting Corporation,"Sun, 30 Aug 2026 07:00:00 GMT",https://news.google.com/rss/articles/CBMivAFBVV95cUxPQUViRHVkdUJHSVdIb3doUFpJbkN2RmF1VEV6cUljSGdTWm05MGlsTWcydk85TEEtRi1qR0RIR2lKN3ZjY0IzSkYwaVFiYnREMzdYSWJZQVh1eWVEQUNIV0FsbTZnZ0tFd2lkMnNabjNOeHZmY1JNcFlwTGJMOXF3UkhKakk4Mm9XUUU5YVRvMVNhY1dLWWZZSWFuTE8tQi01Tnh6VkR3eEhOak5RUDVIYU04NF9sU0xDSU84Nw?oc=5
2026-09-08,その他,,研究開発,⚪ 情報,12,Samsung Opens Advanced Semiconductor Packaging R&D Center in Yok - GuruFocus,"Tue, 08 Sep 2026 10:04:00 GMT",https://news.google.com/rss/articles/CBMiqwFBVV95cUxOQ180OUFjOWJQVi1XeDNKZy03VlV1QXJUYWJzMGFLZXJKT2tXdkkzV3c1M0JKVVg5WG9uekpCOHQwLVVZRzFJV2lmaExiUXI0NkRUUElhQnZydFVVal9GUmEwMVgwUWxMU3dNMWdFeWVaZm12cEUxcWF3WTExNUdLOHRicXlGajh6Nm9XY2NGend1WXdRSlhLcFJDLURDWEtKZTJOemx2XzBrdEE?oc=5
2026-09-08,その他,,研究開発,⚪ 情報,12,Samsung Opens Advanced Semiconductor Research Hub in Yokohama; Japan's METI to Provide Up to ¥20 Billion in Support - finance.biggo.com,"Tue, 08 Sep 2026 10:05:00 GMT",https://news.google.com/rss/articles/CBMidkFVX3lxTE92cHFzU0lyQWR5UkhmZjBrTFR2dkxDM3NZOXFpTEQ0ZGc4amU3NVlsbGtnRk5mdFpTR1prdmozeHNWQldxVFFyN0NDRjRxa0N4WWs0SVhBaDhCVmVTV3NybnBReXNkN0pjaFp6b1ZDMDJINEJlb1E?oc=5
2026-09-08,その他,,研究開発,⚪ 情報,12,Researchers create polar wurtzite nitride semiconductor NbAlN - EurekAlert!,"Mon, 07 Sep 2026 11:13:03 GMT",https://news.google.com/rss/articles/CBMiXEFVX3lxTE9RT0w2cnlLNWw0RFFHb3BsdkdERHV3cnlHaUgtcjdWaDNxdV9lVGwzdTB2WnZEMjhhS3l3NmRpWVNETnRfZnpDYzhlbHgyRzU0emFuOEdNWUhlUEJH?oc=5
2026-09-08,その他,,研究開発,⚪ 情報,12,Belgium holds researcher over suspected transfer of chip technology to China - EU Today,"Tue, 08 Sep 2026 09:39:46 GMT",https://news.google.com/rss/articles/CBMiZ0FVX3lxTE5KQmcxekR4cE0yUHJESVJtVE9oRDdmamZZTEVTMzNkb29ZVVhhZU9abmVHSGk5TFM2WTRNTlNTVUtoQ2dfcWp2ZHItNWgweFZpX3Y4Q2lMajZwQjRnWmpsX044UWhwZmc?oc=5
2026-09-08,その他,,研究開発,⚪ 情報,12,TXST researchers help solve a persistent problem in next-generation semiconductors : Newsroom - Texas State University,"Fri, 10 Jul 2026 07:00:00 GMT",https://news.google.com/rss/articles/CBMijwFBVV95cUxQRncxLW9vXzUzaFQ4eGIyUHJIZWFMRnVITnFpRmpYZ1lySjZieTJHLXF4QmRyNF9pbXVkckxTb1h4eUc2dl9UV25PMGw5NnhOckhtR2tkc19nM0lSQnkyRWRtN1duZEszenEydW1HY3VlOWtBWDZ4SlI2MlZOaHJqTWVGUmFnNnE3RjJ6RnNsZw?oc=5
2026-09-08,その他,,研究開発,⚪ 情報,12,EDGX launches first in-orbit demonstration of its AI computing system on SpaceX Transporter-16 - satelliteevolution.com,"Thu, 09 Apr 2026 07:00:00 GMT",https://news.google.com/rss/articles/CBMizwFBVV95cUxNU2FpRnItTkJkUWV0YTJnNXI2c2QyampQQTN6QjZTTzhfcGJIWnd4N3FQdkdITG0yWUNlNExuSi1BWHVvQVIyMVZObkJqTHZhMmxiSWpIWXdGUXZLUHIwb00xZ2w2Z1pqTFBHUFFtWHFtLUNHWlZZTUo4b2k4ZmdRZXZJZmxlU0F6WVlNeFRsOWVmSlpDWFVDYkNSNVZFbWNCUjNPSmUzQktfeXQwWU1vdDVQTlRabzJ6OGhrNHhxd0R1RlVJY2VkWmtDbEhBbXM?oc=5
2026-09-08,その他,,研究開発,⚪ 情報,12,"36Kr Exclusive: Ruilai Thermal Control – 3 Years In Orbit, Full-Stack Independent R&D Aerospace-Grade Thermal Control Solution Provider Secures Tens of Millions Yuan in Series A+ Financing - 36氪","Mon, 24 Aug 2026 11:14:23 GMT",https://news.google.com/rss/articles/CBMiU0FVX3lxTE80MW9TNkc4bjh0UzNFc2FXQnJkcmZpQ1lFVG4xTFRSeHNuUmJVdnFIRXA5ZmFnU2tjTlZlN3BsYzBYM0NaRHBxZVQ3eFAtdzNpajFV?oc=5
2026-09-08,その他,,研究開発,⚪ 情報,12,"The most powerful electric thruster currently operating on a NASA spacecraft draws about 4.5 kilowatts as it pushes Psyche toward a metal-rich asteroid. In February 2026, JPL fired a different lithium-fed prototype at 120 kilowatts—more than 25 times the input - Space Daily","Sat, 29 Aug 2026 07:00:00 GMT",https://news.google.com/rss/articles/CBMieEFVX3lxTE1FUk0zUk9zbExXZUYxb1BlMFVJTkhXTjQ1cHBxMnZzWHRRMWVBSXJuSTZHWnJCSzhvX2VoekZpQ2pmZzd6WVFWeDM1ODRTdEhFSjVGQ2ExaVBTR2J2WnpMVUpzenNYYldlVnQ0RlV5dkFfcHpPYUdyaQ?oc=5
2026-09-08,AIデータセンター,,テーマ関連ニュース,⚪ 情報,10,AI data centers are transforming rural land markets — and fueling a backlash - CNBC,"Sun, 06 Sep 2026 12:00:01 GMT",https://news.google.com/rss/articles/CBMiqAFBVV95cUxQc0VSWlFxcndIbkxjaWdlNFVNVktJUExoYV9KdXMwT0o0enczbHRraGNINE8yVlh6cHd5VW9nSmtMQnlvTFJXSzNFVmpYVVpIZmNlcHh3NUlJY1NWRkNwSVA0WXFRU05fZkxmVTRyYTlGN0hyRXg3bWNEWVVYLWh1VUp2YjRMUVZUR0ZIcGpzQXFabEt6dll3N2t2Yk5pMnFKOVhTU1lJbWrSAa4BQVVfeXFMUFNBdi0wVVM5X3ZfSU1ZTEV0MFdyY0tueVdJQ0xTZ20ycE9xdW5scHQ0Uzg5SXVkUTNpLW5UaklfcmdTeUxXbExFdzNfS3VxSXJrWHlvWTNnWnhrRzF5Wk5TQXFDR1pWVnJkRnlkdEloTHdyRUxEbl82Y2hJejVTUVRRNzNJdjVXQ2Jva04zZGVDRVNfU3BhTVFvb056NkZ3VXcxQW5QMGMyWFg1b3ZB?oc=5
2026-09-08,AIデータセンター,,テーマ関連ニュース,⚪ 情報,10,India's TCS unit to invest up to $7.4 billion in AI data center campus - Reuters,"Sat, 05 Sep 2026 12:27:43 GMT",https://news.google.com/rss/articles/CBMiqgFBVV95cUxPMUtHcGEzeDRCRGZiVEZVT0M4cUM4SktyLWxnY3ZsY3ZHVEFoelhtU1IzUlo5Qm9DRzAweWQxQmZCU01kQXVBMkFsb0JqWkNKS2w2ZFpRSnAxMnFKU2NNeFpfMmpOYVd3ejJZeWZNbW8tWC11RlRGSXEyY29KTUpnbkc4UTV1emlla0VLWm5vRGRLY0Vka3I0QlpJZkZjLVI0YXZBdnp4ZVRHQQ?oc=5
2026-09-08,AIデータセンター,,テーマ関連ニュース,⚪ 情報,10,Trump’s Embrace of AI Data Centers Adds to GOP’s Midterm Peril - Bloomberg.com,"Sat, 05 Sep 2026 14:00:00 GMT",https://news.google.com/rss/articles/CBMiswFBVV95cUxQbW1pUUx6a3A1dDZjd1R6R2tFVVhzb2I3dHoxbU9HR0xXQjJEU1VVNXFxODk4bVhjaE9GSFFsWVRPUzR5MFJJcUNMZUtDRkRlN2taWGhycTVnVGhoU1pTRnB4VU1VcVdrdmQ5dlNYTkxnZDg0MWYyZXZ0cHlOU2lrZl9qbHB4WndxVnlISTNHMElXcF9uaDNDT3p1ckFJdTRzTUhxTmNfa0FnUVFtaEdodlpiQQ?oc=5
2026-09-08,AIデータセンター,,テーマ関連ニュース,⚪ 情報,10,These dividend stocks could catch a tailwind from data center pushback - CNBC,"Tue, 08 Sep 2026 19:29:41 GMT",https://news.google.com/rss/articles/CBMiqwFBVV95cUxNaVREMEdxd3dvcUpRSTBrdVhGc0RGV1c3Vmt4TzhDbDJMemNpMDU4c2ozeHdGb3Etb1NYZDg2WFctZjlXTVFZLVVfQkNSa0V0T3lRVVQxMGhvN0diaXRuSjRlVTN2TGdRdl9RZVhLa2RUWE1weVBBelpydlVTY21EZXQxLTdOai0wTXV4NXF6Z292TkV6bU1qdjFhV2hNSm1FY296Y29EbjFsc0HSAbABQVVfeXFMTm9rRTJPZnhFMVRKbllwci1yZXRncXlCQ3RieV84dUxESEc3SnpOdjZLbmxLTkFhVFZCV2NyOWRmR0d3TVpuWGNIM1djYXVwVS1henBBVFRiYUFUeDFRY3haSjVaTlZXWF9kSDdqRkg0OEtqN2ZGS3RBUjdUNnduRzdwVFpFX2pJaGMzQUp1c2Nlcmd6ZlpkR21WMWVhU1gxeUtqdkVWdEV6RXBVdGhza0w?oc=5
2026-09-08,AIデータセンター,,テーマ関連ニュース,⚪ 情報,10,"American truckers are benefiting from AI data center boom, and that’s exactly why they don’t share the same opinion of the majority of Americans - techradar.com","Tue, 08 Sep 2026 18:35:00 GMT",https://news.google.com/rss/articles/CBMigAJBVV95cUxNMmhpcWlQSXNhN0RCMURMeEJuc0xWbjlDOURNMVZfZlk4TG1PLXBiTXdlOGM5MzVLOXVJTmE3LTBvbkpuRFRiSEdMSVBpVnRQcFgxcTdNUGNaaVZKRTRBZ3JUMUlrcExueU5XTVRlNjF5b3VicGtUTzFxZF82SlFOc1YyRDdmU280WHBDREhxOVdqRlJJa0xWeGZrT1hCRTMxX3ZYSUpCUGNrYU1hYWx0TW9rbjMtVGd2V0pyV0ZPRmloenlscENGNmczZV85NUNKWTNhNU9qUFM5V3NRWHdqMHQxVDNxMGowOUdYVWFVSGx6TmIya3R2R18yWFAwTk5I?oc=5
2026-09-08,AIデータセンター,,テーマ関連ニュース,⚪ 情報,10,Many truckers don't feel like the rest of America about AI data centers as business booms - CNBC,"Sat, 05 Sep 2026 13:33:08 GMT",https://news.google.com/rss/articles/CBMic0FVX3lxTFBwLVVsX3VUZ3lBT1R4REFEY3RQTHF5SEQtVWxNSDhtalFvZGp2WHl3UEZPb1c4UDY3U3VaZWFGRmdQNW9LYTJGRHBLUW56SFJhZ2hNNFIxRC04WElZV0VtYkdnWk5TTXNaTXp6ZnRselJMOUXSAXhBVV95cUxPWW5SaEZRRjBWNnRuamh1SEhWQnY3UnVOS0FuXzl2dVFINW9xbVYxSWJQTFAzcmR4RkZDb2xkbGw1NElVbVVjU3prLTMtc3dPNFpuNTRxZDBrZ3M1NFNLdEppNXdjM3kxV0N1ZkZrVmNWOHRuTnVWOTc?oc=5
2026-09-08,AIデータセンター,,テーマ関連ニュース,⚪ 情報,10,Anger over planned AI data center drives Missouri city’s voters to recall council member - NBC News,"Wed, 02 Sep 2026 14:59:09 GMT",https://news.google.com/rss/articles/CBMikwFBVV95cUxOcjRmTXp4ZG5DNVB3b1B6Wm5vb01aVG1mMVJzcDUtazhsbGV4eTBhTUlJVWJkRXF4X0txSUl5TlFWdHZ3eUh1YWJyaGRURG16dmJpSzRmS2FOUHF5QWhXdUNONENqWnVtV1kxSXhjcFoxZkJ1a0stOGNKVUFYRkxac3RsM3pzUUw1dlBRMmxuOUt5TlE?oc=5
2026-09-08,AIデータセンター,,テーマ関連ニュース,⚪ 情報,10,"Lutnick claims that data centers, known for water consumption, ‘don’t use water’ - The Hill","Wed, 02 Sep 2026 21:15:00 GMT",https://news.google.com/rss/articles/CBMijAFBVV95cUxQb25wZTJaczVHTzY2NGNZN1NLQmYyemJlaUdmdDFiTlJycEQyS05iUkRpY1NOb2IxNHBHOXpWS3RDd21YSWctbmN5dFlmRmV3UVRaTlVkMWJjUEstNkJJekd2MmREVnNvRkdkQ29vNXZraF94YzV3djBfS0YtSExWTF9qdlBkTkt6a241MNIBkgFBVV95cUxPVlE5X3kwUEFGOXR1Ty1Ud2pXTkVDLWo3VlNPdXBNUXYxdXVKSWIyVnZ1RnBYTzBDSzhucGxiS09McnZxLURRaS1LVjFETlhKSnJwUmVRLWg3Q0ZyaUl6UzU4TEZCMmVWOVgtdUxZZUdoRWxRY2ZtRXNrS01xdU1nQ2tVVGFPeXJYYkxSR0NOdFlQZw?oc=5
2026-09-08,AIデータセンター,,テーマ関連ニュース,⚪ 情報,10,Voters are fed up with data centers. Both parties are trying to cash in for midterms - NPR,"Sat, 05 Sep 2026 09:00:00 GMT",https://news.google.com/rss/articles/CBMigwFBVV95cUxPQTM5UUlUd1VDdHlBZ0s1YjMtRnRUUmM0bWJGeUQ3RkZadGl5TUtsNTM5QU9BSjJISi1mcFBNNGlQNlFYeXgxRmVGYnVaZHRqamtNRm5WdXBiZ0h5NTlzZVE2VmxTTHl2cE5MVDJSc1ctb1haZ1J5cU9CRUM4bUgtSGVIMA?oc=5
2026-09-08,AIデータセンター,,テーマ関連ニュース,⚪ 情報,10,Americans love AI. They don’t want the data centers that power it. - Politico,"Wed, 02 Sep 2026 19:48:00 GMT",https://news.google.com/rss/articles/CBMie0FVX3lxTFBpTjZySTFoVC1uUFQ2YngxUy1zUlEtMkNMMl9HNzd1b2FvLVh1QVpqNnp6SnZHMzNrS3BjTDE5bWV3enJZNi15UHV1Y0xtdXhhRldqRURNMDBPdnlfYnpOX28zeEJ1SlRRTXZqMnZ3TE51ZUpyXzdkeVJzOA?oc=5
2026-09-08,AIデータセンター,,テーマ関連ニュース,⚪ 情報,10,Navajo leaders raise alarms about planned AI data center near Horseshoe Bend - Tucson Sentinel,"Tue, 08 Sep 2026 21:27:00 GMT",https://news.google.com/rss/articles/CBMi1wFBVV95cUxQbGd1cXJGZDEtNkdsUUoycmpNWVlQOGljWVlvakxlNkF3ZVp6bUtjMERaMlkzS0hoS0Jqb0FjU0hsU184VGhLVmdicHhyMDR2NVd3YUFPdnd5dXU4X1FzYWk2LWtxQkZTRUw2ZWJoWVF6MTV5RFB1WTl0RnZLWnZpSTJMWklGeEFOdzlHUXN6Y2psUm5lS1lJVUo4eFVsUlJfeVZQeGxRS0JVaWpfRWFkM3NOakg2UkQxbHNIWlIyUHppNjFNbjhHZHZLT19tZWZzc0pFZmtUWQ?oc=5
2026-09-08,AIデータセンター,,テーマ関連ニュース,⚪ 情報,10,Opposing AI data centers is one thing Americans agree on - Good Authority,"Tue, 08 Sep 2026 21:00:00 GMT",https://news.google.com/rss/articles/CBMikgFBVV95cUxPM1RGN3JHZjRyR05BX1MxS2xKMHBOWmpMdWNTREplTlNWTEtWN2FENWN6aHFwNEpXQUQ0bl8xTUstWm1qV1U1Sm00Vl85NGhsOUpqNlg0dzBRRkhxVGpqUDE4QllBQmtlMEd4VEZKNHl1akhLMm1aWmtRVlIzZ3pORmhEeGFKTEQwc2dkREs3eC1IZw?oc=5
2026-09-08,AIデータセンター,,テーマ関連ニュース,⚪ 情報,10,Data Centers Could Fuel a New ‘Gold Rush’ in Tennessee - Broadband Breakfast,"Tue, 08 Sep 2026 21:40:52 GMT",https://news.google.com/rss/articles/CBMijAFBVV95cUxORDFFTUZqcTBWdmlkYVVXNjJJOTlKdHVlcXdKbEVGT1FTWTh0UHJLWGpqWjNlcEc1OXV6LVpFSGRvMzZSM2dETWNpVF9FOGg3RzRaTUp6Q3JpWDRyV0JTZDlJRXI1WTNHMHVZbC1NaDF5RGoxcGhzeE9rX0pSRTE0NUMtbWtQS3NjRWlnRg?oc=5
2026-09-08,AIデータセンター,,テーマ関連ニュース,⚪ 情報,10,AI data center support has collapsed. Here's what happens next. - The Business Journals,"Tue, 08 Sep 2026 17:49:00 GMT",https://news.google.com/rss/articles/CBMimAFBVV95cUxPMTdvS1RHN2FaRGIydnFtMndkcWVYZ1FKY2hyajdGTUJKVTlQejN3OWFRamhFMlhJZGdUaDBoamZfMTFuTldYNllobGk0bTBDQnZ2dVJWWmVTX2cyRjA5Q19FOHNXRkQ1LXU1VWEwNUVGTDJaNTkzeUpkQ0duUnRMbU53NDlZR0NiRHVPLWVCRjYwMjd0b1puaw?oc=5
2026-09-08,AIデータセンター,,テーマ関連ニュース,⚪ 情報,10,American data centers in just seven states are reportedly using more water than all the cities in California - Yahoo,"Tue, 08 Sep 2026 00:25:00 GMT",https://news.google.com/rss/articles/CBMijwFBVV95cUxPcTR2YWtOVUV2ZzFTdGxURVdfT050bnRSUUZld01tN1VtZFR6Qll2UFlfcy04M1A2LW1kSXY4LV9SWUQ5X01mbVIxby01Y3ktc0V1T2FtMzNFeWRLTzhJT29mazlmUHBkUTg3V05BZUVxQ3pnZ0V6eWxoeE0tZlc5bjdobm5xVklXM09xTHdrYw?oc=5
2026-09-08,AIデータセンター,,テーマ関連ニュース,⚪ 情報,10,From land purchase to power: How data center projects move forward in central Alabama - WBMA,"Tue, 08 Sep 2026 02:44:32 GMT",https://news.google.com/rss/articles/CBMitgFBVV95cUxQQVp5czA3VlBXbjV0VnVyVGVYb1lPSlpJUlJZa24xWWhQeWswRkF2c0ZlMW0yRHJKRkduTkJnV2R3QU8tWlozLXZTYVpjR0YwV1ZxbjhLYl95WTFLeDZ0d0lteHNEX3BKWVkzeXBtNjJjUHJYVjhPa2xzZjJ2OEVmLThJZ3ZtR2dQNURzSlpCTF8tVGRuQktVOXVjSl9OTE5pQjFNNnJYSVkwdVkyWU9SdTRwYkpHZw?oc=5
2026-09-08,AIデータセンター,,テーマ関連ニュース,⚪ 情報,10,Tech explores Argentina's Patagonia for mega data centers - Reuters,"Mon, 07 Sep 2026 18:30:57 GMT",https://news.google.com/rss/articles/CBMiyAFBVV95cUxQRkVISjNZRzJIQ2xhRks4c21WN0ZvNE1LSHBjMDhldFdwN0ExVjcxem9JLVJkSUk1ODdYQ0RhT1hrMDctX19HSXFXUW40c1hINDh0VDh6cjdMNHMyWFFsYmFIU0NrRzFSNzBPekRGX3lHYkNKMDRCRHE2MkEyalBoekw1cXU3aWxuZTY3Q2dudWFKc0trTnJVOTFSd2hKZVFOLVZwWnRSOUFXRHlfaHRObExwN3Z6dDNyME9RekRnZFhYMFAyOTVveA?oc=5
2026-09-08,AIデータセンター,,テーマ関連ニュース,⚪ 情報,10,Oklahoma law aims to shield ratepayers from data center power costs - The Oklahoman,"Tue, 08 Sep 2026 10:15:00 GMT",https://news.google.com/rss/articles/CBMi5gFBVV95cUxNSHp3WEZURUxtSFdHQmp1aC1FMUxaOC1yemI5ODJxR0RXMjZJTnlsWlVNRTZiOU5LUUszWFQzRkJZV01FQTZCT0tsOE9aU1lXdmc3WXVGbUtxUUlWejV0Snc0RmRlMGpkN3pINWNFTWRaVUtyQ003UXUzR1dqb0o4VEdIaXMtNHJtUXFMNGNpSVBkc0xiNEdFV01xdGNFZmQwbV9nOS1xMzA3b1hhUFFsbTNPcDE2RTByTVhqMV8yVXRpaTBWQ1hGR3E2UEViUUJFcVVoZHRjRlJuOHRjRzliXzkwY205UQ?oc=5
2026-09-08,AIデータセンター,,テーマ関連ニュース,⚪ 情報,10,"Enid natives announce local data center, power generation project - Enidnews.com","Tue, 08 Sep 2026 15:00:00 GMT",https://news.google.com/rss/articles/CBMi6wFBVV95cUxQeFZMWHNSRnBDZmd2WnU2QnotYTEyc0phdWoyYlVTVV9wdnRlYXVTaHJlUFdvOVU5NGhIZC1fejZBNWlYNHNiSHVBNUJUSnQtMzVQM2hXbzlVeGFwM0Vzb2lwZmpvOFdQNDFuczhJWFJ5Q000dzRVMlVHNklscE1vOGtJODVkTkdQUnNBXy1LVnJEczNvV2R0cWpyUXlQaFNocjlfSGJSUzR3VmN1Nlk0bUpfaTBlaklSYTlvbVlfVlVZcDU4WmFIb3dUM0VyWmNFRzNIT3hUY2c0b0xOMWRKOUJPMldNSGpIUEFV?oc=5
2026-09-08,AIデータセンター,,テーマ関連ニュース,⚪ 情報,10,How much power will Pa.’s data centers need by 2030? State regulators give new projections. - PennLive.com,"Sun, 06 Sep 2026 09:30:00 GMT",https://news.google.com/rss/articles/CBMiygFBVV95cUxNYkRIYndFTXk3LUNoeUZubnVnUkRmdFJSU0Z5UFZhUmV2UWdSUGxhbHl6OGd5aUNiaXVmMEl2d2hSallwaFVKQ2wxREFSQkkwYmVoTmwxajlCNlhQSnNTZEYzWkdJN3ZTajhma29PbUxaZjFvbzhlbzNud2RpdTlZbkV2cTh6ZExHSlJQRkdCVERTRDJsUENOSXhEblRYblJfVkdjUmRCNl9nYWNZNFgyZGdNaHRucTlOSXB4ZFFlTjBxT2dFUV9DRWh30gHeAUFVX3lxTFA4bFg4eURiOWxYWGJNZmRZb202UGsxX2ZQem50VThKVGxJWDFESlZDYjhUXzZBNm54eWtzdU5sMUIyRTdoRldBUnlJRzR2V2Frc3c1cVhteUdoUFotUjUtNU1uRTVySzVZSlJZU0ktRGxmU0U0ZWU4X1ZsS1dvMnpfZ2w0dW12NHJ5ZnB0TndGRDN3dFZiV2lNN1I3WGFTSm1DVU52MzEwYV9SVjQ5dGZZY19KUm05Q19aYnFtcmlNcEQ0RjFmV3lEMWFWRFZleXRkc0NTZ2x6bzdYZDdJQQ?oc=5
2026-09-08,AIデータセンター,,テーマ関連ニュース,⚪ 情報,10,"Tarrant considers data center pause as city weighs impacts on power, water, neighborhoods - WBMA","Tue, 08 Sep 2026 16:06:14 GMT",https://news.google.com/rss/articles/CBMiugFBVV95cUxPOUdjZ0lyczdsQUU3SmhfdEp2dXlETnNYdmp1LWRDb2d1R2VtbEttajN0dWgxcnpzT2tWYW4yc3Z4bW9jdndxRk9NUkZ4Mkx4eUZhZzF2ZWJLQXdHckZWM0ItdUFRMFZBdjE2X0RYYUJtcjBOTmQ5RXZyVGFUdzNxRjB5SURPRGxkVWI5QlQtd1k5b0dITzQ4bWIzVDY4c2k0bWxXLVZ3V0V0TzA3TmRRRlJIQ3U5Ymp0c0E?oc=5
2026-09-08,AIデータセンター,,テーマ関連ニュース,⚪ 情報,10,"Floating data center would provide water and electricity to 32,000 homes - New Atlas","Fri, 04 Sep 2026 01:50:06 GMT",https://news.google.com/rss/articles/CBMie0FVX3lxTE9ZVjBzVGZrZTJiVU5Pc3JKTVhWbUp1TmE5WW91SHpuaEdrclVQbkVxbVU0RS1fVWc0TERfQ0trelVMZENPWmZEQkp6cURvYmVQREIzWG44SE5ZNE42bEtyd0pmN3Jtb1BjRWRCTUQ4TXJLS2pmOFNSSHlxbw?oc=5
2026-09-08,AIデータセンター,,テーマ関連ニュース,⚪ 情報,10,Hidden China risks are emerging in America’s multibillion-dollar AI data center boom - CNBC,"Thu, 03 Sep 2026 09:29:04 GMT",https://news.google.com/rss/articles/CBMif0FVX3lxTE90aUdnWGFYbGV4dEV0SlZYbWExY1p5Ym5BWDk5dzBZZk5ERUZ4aGhNNGJMNjBVY0tXS3VyblkyaEN0cFVSTHpwTjk5Q19vMHpjdVZPU0pkUGp5cWpVYzRPREU0LXpnWmRyY1JMNGNCaGY2TzFIMDlKclhKLVdNM0HSAYQBQVVfeXFMT3dDVWtUX3NBc1lJRXNOOGZGS0NxQ1UzYWlwWllHa3hFQWhIUEJyZWdoZ1paQ09oVUtQaG5VdGhCQ3ZMREZ2aWlkSTc4TGFJRUFBSVFtbDVsdTFPd1pHWF9rUDhfS2RsTkVFanU2aE8zTURkODhCUWtWaUlPWmxzdmZ6MWIz?oc=5
2026-09-08,AIデータセンター,,テーマ関連ニュース,⚪ 情報,10,US Data Center Power Demand Projected to Double by 2027 - Goldman Sachs,"Wed, 20 May 2026 07:00:00 GMT",https://news.google.com/rss/articles/CBMipAFBVV95cUxNelZKSFBoQXV3S2N0aHZXZFlJa1JGVG90STNhMVFwZTV5RmxKSWFoa2JXZTNwd2pVTkg5TTlTdTNURmphN1pHUUcxMHR2TUZoQUZmSl9Nc2lqcmd4WkVSclQ0dFA2VjdtX1pfVnMyMURGMnloUFU5YlVQTVQyb0lkaWRQdTJnai00SUhHemo1VXROX2QwRXhJekFzZEluaU1LdG1UNw?oc=5
2026-09-08,AIデータセンター,,テーマ関連ニュース,⚪ 情報,10,"New data center project coming to Mason County, WV spearheaded by Florida-based real estate group - West Virginia Watch","Tue, 08 Sep 2026 17:22:25 GMT",https://news.google.com/rss/articles/CBMi1AFBVV95cUxNSEYxUGpnX2lRMXZvbVZaWDVwZ3NocVl4RkhDRDJEX2hHTWI5NUtkYlh3RHBNdW43YjRwTGtheF9ZYUxiblVGbEtNVzBSR3lSWjZkY2JQdmR4NHAwM3dQdEFVWlNYWnFmazJSTVFadG1vNjBsUmNFdVVENDJGUEZWdzV2OEhwQk80ZTBQV0VGU3JrdzlBZDUzYVBpQnVYT21lNkR3cTItcGtBT25QTE5zeVFfU1NFREhpSTVZVVIxZ2ZsME9XR3lNLWExcUtMQ1Z2eHJEZg?oc=5
2026-09-08,AIデータセンター,,テーマ関連ニュース,⚪ 情報,10,"Kotek halts data center projects on state land amid water, energy concerns - KGW","Tue, 08 Sep 2026 20:47:00 GMT",https://news.google.com/rss/articles/CBMi6AFBVV95cUxPR2VtT0RzWlVCdTJFN2tiSm1lTGk5bEtMUTlGMHFOQld1aFNIekdhM2dzSC1UOTNjUDNhWVRMeFN3SS1HQVZ0MkRROUpLVVdDVEtmYmp0OXJ4YWlRNUFVLTMtTkRfVFZLcjFxUXVicW5qY2k2ZmpUbVo4SzhuRVM4STN6LURFTUFBZ2tFeDBYakt1OXBnXzNXdGpyMmwtUVhFcEN2R1JRUW0xUnV1dTVmb01RZ1pMcDRrb1Azc1Q0aXpnLVdDNng2ZWpLREdtUzJsRkt6VFh5RnNWRGRBeXU1dW1XczdTZHUx?oc=5
2026-09-08,AIデータセンター,,テーマ関連ニュース,⚪ 情報,10,Geothermal and Data Centers - Department of Energy (.gov),"Thu, 03 Sep 2026 19:21:47 GMT",https://news.google.com/rss/articles/CBMidEFVX3lxTFBySzlkZmd2MlBDVmxkZkdERlV3OTg3aUV4YTlIU3J4VGEyZ2RRN1hMRnhuaVhYUlBnSkZxUjZxUFo5UTJtN1ZNUEthdENUeWdxb2pUWmYtdXdkSWJzem9BQnZQbElJY2R5V2RxcGZKUkZINnc3?oc=5
2026-09-08,AIデータセンター,,テーマ関連ニュース,⚪ 情報,10,Ask an Expert: How could data centers impact public lands? - The Pennsylvania State University,"Tue, 08 Sep 2026 12:00:00 GMT",https://news.google.com/rss/articles/CBMimAFBVV95cUxQUG5TcHQ4T0xWYkxHN2F1VURiYmJ2d0Y2V0pkWFNmY25hSUlzdDBqb1llVDB1dk9Nemg2R1YzcV9zdmVLOEhzb3VMem1jdUpQYmZGSFBXSjQ1bHBaVkRPaGJjcUpNM3JDQUtJZnZkZWxTU2dKU09VME95MEFsY3F4MW55dHF4a2RQaW40RUh3U2lIMUpIeDRTYQ?oc=5
2026-09-08,AIデータセンター,,テーマ関連ニュース,⚪ 情報,10,Big Tech wants to build a data center in your city. Is it worth it? - Minnesota Reformer,"Tue, 08 Sep 2026 11:07:02 GMT",https://news.google.com/rss/articles/CBMiowFBVV95cUxOQUZ6RmxlUnlDZnNkdnF2T2lkSkoxbWFpQW9Wcms2dW1idTVPTzl5Q0FYbmtLV1AwVklsUmFLcXAzSjhmMWN3eVZyZ09MWHpFLV9NV0NmeThQS3ktNmUzT19aWkgwc2xKcWxWQ3VHdFh1VUdXcFc3M1BXTzVEek9BT19BVHlUY3dTeVIxTUEtX3RmU1czT09JUDhqQ2ZQcWhobEZB?oc=5
2026-09-08,AIデータセンター,,テーマ関連ニュース,⚪ 情報,10,Massachusetts Will Require New Data Centers to Use Clean Energy - EnergyNow.com,"Tue, 08 Sep 2026 22:26:44 GMT",https://news.google.com/rss/articles/CBMimgFBVV95cUxPdHN0Y2Q2OUJ2TFNNVWNQZ05vZEMxOVdKaXQ5RjFteXVONGFLcFROSmZuQ1JrRTNRT0FIS19GTm9BaFphRnZRb0VTREpsbG9sUXJvZ29ZamFYVU1iX25PZ2lDSzltY3hWcHdNWW1Gb1lwdzMxMFJRdWRWdGVPT2lwbDFlZF9Db2ZyMi1Mc2llTlplcVVBYy0tQ21B?oc=5
2026-09-08,AIデータセンター,,テーマ関連ニュース,⚪ 情報,10,AI Power Demands Push Data Centers Toward Clean Energy Innovation - eponline.com,"Tue, 08 Sep 2026 17:25:07 GMT",https://news.google.com/rss/articles/CBMisAFBVV95cUxOX3VHS2J1dHhTN21VUURGMXdwOEFxUnNuTkIyQUNEbVUxOVY3N0UzZGh3NzFZNXdQalk4enRmNVQ3T21BTGZKb2pTa1ByVUxVZGxmMlJQV19FV2I1dUg0bHh3SVZHMy16QThfSDh5VkF4Wm5yVVNBajBqVVVpTDFHZjFicmdfZTZQZ1VlbVhhai1yenpmMzNrNFFnekhNa0VudnhnOTRUT1AzTjduT3NZVg?oc=5
2026-09-08,AIデータセンター,,テーマ関連ニュース,⚪ 情報,10,Public Hearing On Data Center Power Rules Scheduled - West Virginia Public Broadcasting,"Tue, 08 Sep 2026 19:18:45 GMT",https://news.google.com/rss/articles/CBMinwFBVV95cUxPcmFaY1JHcmxkWEJkbXVYWWVjUHd4WnNBZy1EcW02ZDBNRGg0cDJkZjc4MmZPa202X1E2MlhwdDFFRlNiVEhMWjRwTVJDZ2U2WkswSjJFakF1VlRteF9BT19yNmR2MkRhLTNlODd5Tmk3XzJqbTJILVRoVUw1WHoyNFJER1FidUhSSkY0MXFCMWNfV0ctLXJmcU5Ia3RUVTg?oc=5
2026-09-08,AIデータセンター,,テーマ関連ニュース,⚪ 情報,10,Oregon governor pauses state land requests for data centers - KPTV,"Tue, 08 Sep 2026 20:19:00 GMT",https://news.google.com/rss/articles/CBMikgFBVV95cUxQdVUtakVaOFlqdlVjS0hKNjBGM2s4bWY0TGl1S3N1WTBQUGJGVHk0dDd2WGJfSVN6S2lsUWZDcnkzNFdFVWY5UmZXZVFfSkl3a0FGZ1dsTENQQXpfVzlhUnVoRHJWY2dlZV9LS2RCYS1Tbk1jQmwxbUlxWVVVT3pldnlpek4zbDRscDBNR05ibnRXUQ?oc=5
2026-09-08,AIデータセンター,,テーマ関連ニュース,⚪ 情報,10,"Data Center Thermal Management Market by Solution, Component, Data Center Type, End-use Industry, Technology, Type of Cooling, and Region - Global Forecast to 2032 - uk.finance.yahoo.com","Tue, 08 Sep 2026 14:50:00 GMT",https://news.google.com/rss/articles/CBMijwFBVV95cUxQc0RDSTBJc3RXZkJiT0YzSmRGZkpQUEE1a2JpTXlWY3BuYW5yLUJiaTZHdTUxaVpXSHJjdjBYNlNVQWM1aHE4WVlROHJDek5KQ1Utb1JTUkRmUTRqSE1HSkNUalh3OWxoWFZ6MnRDSl9BNXc2b1dOUzhjdUNfaFhrYnlwX1BLMjN5SUtxWFBRYw?oc=5
2026-09-08,AIデータセンター,,テーマ関連ニュース,⚪ 情報,10,America’s Data Center Boom Puts New Pressure on Local Water Resources - NC State University,"Thu, 03 Sep 2026 21:51:52 GMT",https://news.google.com/rss/articles/CBMidkFVX3lxTE5VV2pKcE03Y2lickNTdUh5M2Vha3dna3N4SGZpT2t4VUE5ZG5XeklrazliV0luRnFQbV9nTXBkSEREWENxM2pEYlhlb2NBLVRoUHZ1QmVBQ1BSMGEyZjlZclQ3YzFyU0R4N1Y0SWsyNWtHRjdlWFE?oc=5
2026-09-08,AIデータセンター,,テーマ関連ニュース,⚪ 情報,10,Engineering the Future of Data Center Cooling - Machine Design,"Tue, 08 Sep 2026 19:48:25 GMT",https://news.google.com/rss/articles/CBMiogFBVV95cUxPR2gzQjdnSWphSXcxS0tHRlN2Sk1Fa0dYVE41dTluR1VCYjBCdkludkFGRGlKZDRyaFg1aWZuNG85U0lWVXVpMTBVeXdtSXpTZ1c2TXBwcTltc3BMT1NZSC02RmVTUzRQV01iS25Cd0FfbFBMODNObHFnMU9LTEZaekdUUldMcVUtbFlCMVFvYmZQdnVlNXNCWUtxQXlaZ3RpSFE?oc=5
2026-09-08,AIデータセンター,,テーマ関連ニュース,⚪ 情報,10,Why data center cooling is now business-critical - Data Center Dynamics,"Sun, 06 Sep 2026 14:04:53 GMT",https://news.google.com/rss/articles/CBMinAFBVV95cUxPT3ZfaWtwUmRQZjRvd25YZ1lOOEltUGhQZHEyYlZaUmFHdzBTLXJDOXpnLTlxMmJjOHdQeXZpRURtRV9EblpkZ01zX3ppMDBVTzBmamxLczMweGlwVUVYY2tRcTkzRnhSYV9xNm45UldHZkJZdV9jV1lhOFcxdjBEeGtHUUtLN09tWFFqVzYzbE15eERkVVF6ZnFBa1o?oc=5
2026-09-08,AIデータセンター,,テーマ関連ニュース,⚪ 情報,10,Designing for Maximum Free Cooling - Data Center Frontier,"Tue, 08 Sep 2026 18:35:30 GMT",https://news.google.com/rss/articles/CBMimgFBVV95cUxQeDhnUDJZUlgtcTVMN0E5MTBPbWY2dkhXSXhLZnJuTEN1dkx1WXBISnpSaEdKQmpBSzV6aXJHZjFnQjZ6NjVVWlFralM1X1lHOHpuT1M2aVJ4NWhucXZaR2d1RldSTV9lQ3BlMmRoSGpGUlJRS2tvck9yU1VYcjNralVqbUhZcUpxZ1RMQ2JFb09BV2l5X1ZYOHpn?oc=5
2026-09-08,AIデータセンター,,テーマ関連ニュース,⚪ 情報,10,How AI Is Reshaping Data Center Cooling - Facilitiesnet,"Mon, 07 Sep 2026 04:05:46 GMT",https://news.google.com/rss/articles/CBMinAFBVV95cUxOMjBLUE1Cb2tJeHctWl9Ya1d6S3JiZ0lxSzlGWjhiTlRTU2VMZFhYUTVVUE1GX3Z6endOVGttd291NDNmZ1Mybk8wM1otTUFkZlVUQW9PUFQzUlB6RXI4d1N4MDhkdUpWcDhMNndLek1Vd05WRXpMdk5ORDQ4c21JSEVOLU1QNmF3dzlITllzWDgxUzhUNWtZNkQ0WFM?oc=5
2026-09-08,AIデータセンター,,テーマ関連ニュース,⚪ 情報,10,ChemTreat expands role in Ohio’s growing data center Infrastructure - Water Tech Online,"Tue, 08 Sep 2026 20:02:58 GMT",https://news.google.com/rss/articles/CBMiygFBVV95cUxOdk1qaGsxNUlGZ2pnOUt4VGZreTByMTlGNENRU2lQeU5ZRldIWWREbjZkeXEwQWQ1Tkh5cklEMTFEeHU4NVhsZXRLZ1FzRWxPQUVVOXFzSjhKeDdCMm5tNVUyRk1DaVRqVkxSOFVkYkJRLVdtcTVQaUgtclY1NWZkNnBLQ0pQT3ZXMXAyUXNmMTRDd2Q4ZmZEYXV4cEl3Sm1vT0RBeEVSV1pRYWNNMkgzOUJqUHd1Nk9IelAtal9oR1VBSlVXcElEdGhB?oc=5
2026-09-08,AIデータセンター,,テーマ関連ニュース,⚪ 情報,10,Mark Cuban shared a 10-point checklist for towns getting their first data center - Business Insider,"Tue, 08 Sep 2026 10:46:00 GMT",https://news.google.com/rss/articles/CBMinwFBVV95cUxOY0RRS1BGVnoxZnYtS2t4bHpKcTJRbEg2VnZhVWJlcjlyM2d2ZUdYTm9qUktzOE9iY1B0c0otVUt3NEt6ajBhX1I3anJhVDJUS1NpeloydlZtODdwTWJ0TlZONXRFUHJmLXhqRG9OMGtnakJ2T1hyVnVrZDhINXhLNE9xbGl5TzI0T1ZhWEFEdndxMm5PYlpaR3d0MlNxbE0?oc=5
2026-09-08,AIデータセンター,,テーマ関連ニュース,⚪ 情報,10,The Rise of Flexible Hybrid Cooling for AI Data Centers - Data Center Knowledge,"Mon, 07 Sep 2026 10:23:47 GMT",https://news.google.com/rss/articles/CBMiqgFBVV95cUxQYUZHa196NExPTkI1VXJfOVNjdUtlM3laU0lZR1lYakVfV2MzUzVnN29wZU44bjFscmt5OFhXT2JuYWVjckItZ2lHMW9qVGdPNE1UQjNpMDJnN1lCcVNTOWRGQlZ0YVMwRDRubnE2cnRTc1lJb2NLbGQ1eGV3ejBOanZ5UkxJYnFPYldJbkNHbkRwYWt6NE94NHhNVWZjSkY3NlBTdlFGVWIzdw?oc=5
2026-09-08,AIデータセンター,,テーマ関連ニュース,⚪ 情報,10,Water required: Why data centers use so much water in Southern Nevada - ktnv.com,"Tue, 08 Sep 2026 03:13:57 GMT",https://news.google.com/rss/articles/CBMivAFBVV95cUxNbzNWNnVUVEtMVW9DUnZhckhHLXZPeWlxR0d2MXdNTzFaZlVXZkN1QXUzYUkwc2Z0UUZDZzlwTkQ5SjlfN2V4clM2Vm9xbUsxd05nQXJlT2dpdHlIa20yZllRb0stSVI2YUNMVFZhN3VJZkFlTkVYU3NvSWtoS0kxTnVxRlRvVmhOeXp0YngyVzdCRjU0M25DS3hrRFZVbEx2aktMYnNrVkpsLXpfYW9vUktaNkdMdk1mUUNDMg?oc=5
2026-09-08,AIデータセンター,,テーマ関連ニュース,⚪ 情報,10,"As AI data centers expand, new cooling chemicals raise PFAS concerns - WRAL","Tue, 25 Aug 2026 07:00:00 GMT",https://news.google.com/rss/articles/CBMisgFBVV95cUxQVDJ4XzE4UUE5SFdnVDdyTGtyZk83aFNsVHlySS1uME9abVc4YkpDekhDenpHdk9WWXkyd1NkRFpYeDJqVXVud2NyWUQ5V1pJWjE4cDNLVkwyTjBlTXNLVDh1eEVKSTdCRDBhUDZ3SlZXMTVOZzdBVEROVzVUQkswSldIZ3lrQkVpOU1fMGNYdTI5N1ViWW9MempudEFsVklJRFdYY0FYXzg3Mm5wdkNOaUJR?oc=5
2026-09-08,AIデータセンター,,テーマ関連ニュース,⚪ 情報,10,Data centers in space: Four big obstacles and Elon Musk's ambitious timeline - CNBC,"Sun, 06 Sep 2026 23:55:41 GMT",https://news.google.com/rss/articles/CBMigAFBVV95cUxNaFhwWV9xV2lpYnZiUjhLQzVEZnJDLVlxZnVNYllzLThmbVRzVFBSVjFtU0NZQ04yelJmTXpzTllXajZrVHpfS0dkOHRyWTZkeUM4ZzJOdU8yanVZRzQySmxZd2R4ZkRsMnpXTkdmbjdKR1BGWUlGb05FMWp0NVNsbdIBhgFBVV95cUxNaWx0SVdkeTFxanhBOXpXeGsxQjNPdi03Z0ZvT0JweHpUVFpmQW5vVWtPQWtDM25fSW5fSkJvY3M2VUlDLXFvLVhFbUt6T3B6LUF4TDV0cUFQdzhiYmt5WmxEQk1XZVQ1Y1ZGZWtlM1FJUHhTcE4xbDl2MkFhV1EzaF9KNTFWQQ?oc=5
2026-09-08,AIデータセンター,,テーマ関連ニュース,⚪ 情報,10,SLB to Buy Data Center Cooling Firm Kelvion for $4.1 Billion - WSJ,"Mon, 31 Aug 2026 07:00:00 GMT",https://news.google.com/rss/articles/CBMirAFBVV95cUxNZjNkLVlhWFJPVjVsX3VGb2VwSDQ2UmVmenhCQjU5cktza09NenIwYjdPYklvZU4tdkNDRkhNMnBIbjRSbnh2THdJQ3VNNkZlc3BtUzRxOG1fVDNjN18wMTJsT2pMMlVncHFxMldZRW4yQTBxal9NbHpJNWIzbGkyRDBwNGhKem1LMm1hekdjWVl5S3N4TDdkS0ROSV9SaUtwT3dQQW41TkVOaGxJ?oc=5
2026-09-08,AIデータセンター,,テーマ関連ニュース,⚪ 情報,10,Retrofitting for the next era of data centers - Data Center Dynamics,"Tue, 08 Sep 2026 11:12:50 GMT",https://news.google.com/rss/articles/CBMinAFBVV95cUxNOXUzSnRzMWxyM1RNVEwycUhyX3VBZ3JtSHNEUHlnUDJ5dXdDTGJYQzlYUmMwdFFvVnZTcDZka2lMZ0MxV0k3bzdlamdlcjhxdThfZlZQdEwyNHE3NlVhRnR2dFNKekcyUjBDY1ViUlRtUkQ3QkJiV0tIRmk1ajZPU0NIYURkWXE4V0RZTF9FUmZuQU5mUGNjSnhRMmk?oc=5
2026-09-08,AIデータセンター,,テーマ関連ニュース,⚪ 情報,10,"A data center in Denmark gives away heat that data centers often waste. It runs water from the city's heating network through its cooling units and into heat pumps that raise it enough to fill the radiators of 11,000 homes - ScienceBlog.com","Mon, 07 Sep 2026 18:03:22 GMT",https://news.google.com/rss/articles/CBMisAJBVV95cUxNYUEwbmRjMkpkZzAxcnM0U0JCb2dRQVFQWDZpYUNUU0ZLZmtqM3NYTTZDeFlXYzZwam9uX1JUUHhuSnlMekQyYzREM3cwNjJmdGQ3RGV0Wl8wUFJtaWRzR2hJbWpLQ09xUXRmRE5HM3ZOZUJQTlc0NV9fTjVfRGVmWVhOZk91N1ltSFVyYm5Qb1YxNFhDMW14R0NnMlNvSkJBMEgtOWJFOGpUNjQtSVVvRDBITmpibS1GcnhFYWQwQTVRX2J5bGFwdHlVVU9mMVZMQjIwTHVXbi1FellaUUtKZzE3bU41ZDNaN2p0MW1lVmE3NXBoZUdOQjFUYVNlWkVpeF9RTWphZ0lFbUtCdVlJY2UzV1ExM1BzSF9wSnpKRG96cUtET3pWRWhEaFBqcjhx?oc=5
2026-09-08,光通信,,テーマ関連ニュース,⚪ 情報,10,Co-packaged optics for high-performance computing and artificial intelligence - Nature,"Wed, 19 Aug 2026 07:00:00 GMT",https://news.google.com/rss/articles/CBMiX0FVX3lxTE44eG5iRFQ2RVc1Z203TEg4c0QteWIzRzFTMTBSTEs0MXB0VUppU01tbWlhTGd2amlZYUhtYzRxaEJpZzBORHlXNW1PbEhiSm12eXlfTjB1NjgxWC13Mml3?oc=5
2026-09-08,光通信,,テーマ関連ニュース,⚪ 情報,10,"SK hynix’s technology roadmap for co-packaged optics features in ‘Nature Electronics,’ as AI competition shifts from chips to systems - news.skhynix.com","Thu, 20 Aug 2026 07:00:00 GMT",https://news.google.com/rss/articles/CBMiZEFVX3lxTE1JQkVPNFB5aVdSRWoxN0p2NHdNQklDUEIwYjhIejhESzdKdldtQ0RZeG52OWxzdjB0Njk5c0xXTXMyclFNTW40c1cwb3FoTUV0X0REN28yR0ZFWlJkcjN0ZTBlN3M?oc=5
2026-09-08,光通信,,テーマ関連ニュース,⚪ 情報,10,Co-Packaged Optics Market Overview - marketgrowthreports.com,"Wed, 02 Sep 2026 07:00:00 GMT",https://news.google.com/rss/articles/CBMiiwFBVV95cUxPUXgyRnBZanN1NUQ1M2M3NFRPWEt2VVBBNWhmWDdzQW5vbFNSVmV3Q3FoTkw4RG1vQVgzc25NOHZFMC0xRjE0a0twaVlJbmExQ1dleWFUcDFoa0hjZTN0SHJXV2F1MXVqMkgyanltMWtJX3ZzTjM1UTc3SWkwdjJxdHlEaHFSS2V6eV84?oc=5
2026-09-08,光通信,,テーマ関連ニュース,⚪ 情報,10,Fiber Alignment Stages Market Growth to 2035 Driven by Co-Packaged Optics - News and Statistics - IndexBox,"Sun, 06 Sep 2026 18:51:19 GMT",https://news.google.com/rss/articles/CBMipAFBVV95cUxQT0JoU2loTF90RUhXSkwwVTdTSHh5TkFkYXE5MmZYU1I0SDUyZmN0akJXdGh6MXYzRS1IUUhSWEc1UkFQVDU4U3RobDdfdmpIalQwU05HbGdxZjBDTjVYdldpS1c5U2JIZG5zLXhtMm96dEVPZ0lzY1FCVndNWGdKcW5oWFQ0QXk2bUx2SEdYRFpick5OQzFJendiQk1kVXlZYm4tSw?oc=5
2026-09-08,光通信,,テーマ関連ニュース,⚪ 情報,10,"From Co-Packaged Optics to Nanolasers, Photonics Moves Inward - EE Times","Wed, 29 Jul 2026 07:00:00 GMT",https://news.google.com/rss/articles/CBMijgFBVV95cUxPdi03TklJZF9JNXhHZjc4MmdVZHpPVjM3YU5RNkQ4WnVuV1JsM3I0eEFCZ2VtMElkcUFhRjdVY1ROQ1Z5V0s1Vy16cWo0UVNtbUpzVnhZY3RMR1pmRlh5bzlRd1I0djY4V1h4UFpSM1FTSmZxVElOTUQ3NTVJQkdjU3dsSDZUNWFCTXVHQ0FR?oc=5
2026-09-08,光通信,,テーマ関連ニュース,⚪ 情報,10,Samsung Imports TSMC-Certified Probe Stations to Build In-House Silicon Photonics Testing Capability for CPO Foundry Push - finance.biggo.com,"Tue, 08 Sep 2026 08:05:00 GMT",https://news.google.com/rss/articles/CBMidkFVX3lxTFBZcTFmTWtrR0E1bEJkQTlxZHpZSUJJX3U4MTI0TXd4Q0xjcXE4UHlidHZTMXBUSU5FVU5tYzNSeUF2V0tkMGRmN3JhQXZNVURDZmI3dWFBeEZZMlNVYlBrQlZzNEFCOXhydVM1UmFNdm5Ud3kyamc?oc=5
2026-09-08,光通信,,テーマ関連ニュース,⚪ 情報,10,"Silicon photonics expected to dominate AI growth, TSMC vice president says - Taipei Times","Mon, 31 Aug 2026 16:00:00 GMT",https://news.google.com/rss/articles/CBMidkFVX3lxTFBoLXZObUlYVmFDTEtDaXdyalFCM2FBT0hteTRKbHozUTVoaDNTaGhEdTVDdkk2Y3FRRVNxQTFrTWhYM1pPX2kwZ0x2c2p1bVFFVUpNN21pSVNaVzNraHdtdHFvelVPV0dNdTFwNXJ5Y19TZkNZR3c?oc=5
2026-09-08,光通信,,テーマ関連ニュース,⚪ 情報,10,Industry giants unite to define open co-packaged optics for next-gen AI infrastructure - SDxCentral,"Fri, 14 Aug 2026 07:00:00 GMT",https://news.google.com/rss/articles/CBMiuwFBVV95cUxQYVVMd0Y1MTRQc1ZuXzdpLW51azBCa0stcmlJQ2lRVHVVQXJ3UW10T1RqUk9pX2U1Rjg4bUp2QTNWd1hReDlWR0V1cmxzX0FiOVhBcVotcklSSThlTU1vNnZKQmlzdE1jU0lyVDZWSHV1X0tRNHNPTlM1N0lKTHlQNmplbXdfMlUzVkx5TGVKclk5eHBPaWpCZjRLT3QzaVZpVmdLZTdrTEJyLWRsd0lnY2h6TEhoa1VCdmRV?oc=5
2026-09-08,AIデータセンター,,テーマ関連ニュース,⚪ 情報,10,GlobalFoundries accelerates adoption of co-packaged optics for advanced AI data centers with SCALE optical module solution - GlobalFoundries,"Mon, 04 May 2026 07:00:00 GMT",https://news.google.com/rss/articles/CBMi8AFBVV95cUxNaEt0MTFsS2VVX0hZbXZxejlHVzlHdTNjZ3I2b1VUbUstQk83TVNZUXBSdW1MVXFnckotRFlIdVpZUWhsbEVRMXp5TE5pSzRUQ29iTUN3c2lVSllielR6cS1FQUdYbXUzUDF5bGNZRTRaaWlaRmN6Q1dyX0RpYnJmbDQyVVkwekZuWk1EcWxyYnNCOUF2VlVGYzNkVDNIckV3c1ozemFLR0dKOEw1WmRxT3pFc0psdm5WdnpoeUtUVWpRTzNnbXhDU0dFNnl0WEhGTjFvSHl4VmR3aFBoalFudDRjUk53aXUxRVZydGtweUQ?oc=5
2026-09-08,光通信,,テーマ関連ニュース,⚪ 情報,10,Co-Packaged Optics for Multi-Die Designs - Semiconductor Engineering,"Thu, 16 Jul 2026 07:00:00 GMT",https://news.google.com/rss/articles/CBMieEFVX3lxTFBHeklPcGNwQ0FvTjI2NnloQXZEWXVlT0RJVXVPcU1zYU1lMnhVODZLcHV3THNCUHhkOFNLajRacUUwRDZiTkJGb0RDWmFxZGFaaU9UWmdnM0JLV1d2bzdYMmRuc1ZLSk1rTFFvSEY4dUh4a3JpREVoRw?oc=5
2026-09-08,光通信,,テーマ関連ニュース,⚪ 情報,10,Kulicke & Soffa Advances AI Infrastructure Through Co-Packaged Optics (CPO) and Advanced Packaging Leadership - Yahoo Finance,"Tue, 01 Sep 2026 13:05:00 GMT",https://news.google.com/rss/articles/CBMipwFBVV95cUxNRVVwRGhCQ3dfZldxV0czS1NWN2dFNnVWV0RBdWFjZWhJWWFJalBiZVI4SzRidWtfRzVycUw3ZHlydmItbHVqdDMzTTZGelJxQTVKQ1FVYUI4bFVMRDJRV29LU0RXdGMySC1Idk12cFYyc2picDdQaTJJQXVibGdKRl9HY2poQ0xwMDdJR3k5bUNleEVyOW00UWMzV2tWUHNDTElwT3Rfbw?oc=5
2026-09-08,光通信,,テーマ関連ニュース,⚪ 情報,10,Co-Packaged Optics: powering the next wave of AI infrastructures - Yole Group,"Tue, 07 Apr 2026 07:00:00 GMT",https://news.google.com/rss/articles/CBMipwFBVV95cUxOQVRFb2pCZzZoRk1rVndPb1Y3MUdSSmp3QmxqQzNuSTlOMFRsaXpOU0VVZ3ptQTZBODdPY1U0SHhaSU1oSzBoeFhzeV9CWVpvOWxJMnJteVJHUnZNWXpUdEhSWFdoSGNXY01laU9NQl9ZYWUzc2tocUc3azN1YzE2U0tmTFItbVVzb0M3UjdGUFFFWXJhV1lQeTFSTC0wUktVQ3NRQVhYTQ?oc=5
2026-09-08,光通信,,テーマ関連ニュース,⚪ 情報,10,[News] Samsung Reportedly Eyes In-House Silicon Photonics PIC Testing by End-2026 with TSMC-Qualified Tools - trendforce.com,"Tue, 08 Sep 2026 04:15:56 GMT",https://news.google.com/rss/articles/CBMi6AFBVV95cUxNVHJLcjBNT3pRY0tmZVZKY24wbXI3dExGak52S1hXQlFaYkduVGpHc2lZWWpsWThNQ1o1dEZpYlR3SVJMenREQ1RrbDhmSkxCN2VVa3RrMDh6Vy1WRG1vOFFGSk1VUFFhbzlDNkhKWU9PbW1oZmZ3eHZ6dzRpMGdzMmtncmt5TldmZXBwMlh6cldDQ1dTc3hJN2puTHcxZFZCZlIta1NYQXI5SGI0bXdVbXhUX0t5cEI0NE5PRGRsY2NkOFJ5eF9XckV2WUEzVGNYcldGUnk3SWZ4dlJTSHNndFkwWDlSbWZW?oc=5
2026-09-08,光通信,,テーマ関連ニュース,⚪ 情報,10,TSMC COUPE Is Evolving: From a Silicon Photonics Engine to an Active Photonics Integration Platform - semivision,"Mon, 07 Sep 2026 03:26:44 GMT",https://news.google.com/rss/articles/CBMihAFBVV95cUxQU1dXVTZQRmFvN0ZnXzVRMHlsV0VtN09lTm1qT1pIeVpGdVJXYjc5Ylg0Y2tjLU82NTFZRTZTdkdSYUUzUmJpNWdEUTd0SnRMcktNZ1NVNWliSHFsY3RVbzVSTzJtb1kwOE5rdVhyZmVhbGFpb1RwMk5zZzFUeHlJYTA0NVM?oc=5
2026-09-08,光通信,,テーマ関連ニュース,⚪ 情報,10,Rolling-Enabled Nonplanar Heterogeneous Integration for Polarization-Diverse Nanolasers on Silicon Photonics - onlinelibrary.wiley.com,"Sun, 06 Sep 2026 02:43:09 GMT",https://news.google.com/rss/articles/CBMiZEFVX3lxTFBiTDFDYjQ4ek53c2xYRGw5TFRGSWQ0ek80aFNXWTU0MHNVLTVhU18xeEQwVjJiX1puR2ZTUWFYcmVaWl9PRWRkTkYzWFU2eTNKQy1INmpqcy1kNDFDdE9UeG1yZzQ?oc=5
2026-09-08,光通信,,テーマ関連ニュース,⚪ 情報,10,Samsung speeds silicon photonics test plan with TSMC-vetted probe vendors - digitimes,"Tue, 08 Sep 2026 07:06:00 GMT",https://news.google.com/rss/articles/CBMilAFBVV95cUxNZFdZZGpVR3pidlFwX3JnWVVYbU41cHFUQW9BeHRlSmpqbHVqVm4weDZPczhOVVRHYUY5UkhRTEQzZzNaR3dISzRNUXlqNzlMVmpzYkQyTmN0RDFPRWRFcUpEdUlfQUkzTUtSc1lGSDNsWm10QnVnY2lYSzVFQTlrV3JUYTlDX1RoZnJDWmhBOF9wZVBo?oc=5
2026-09-08,光通信,,テーマ関連ニュース,⚪ 情報,10,Taiwan eyes silicon photonics as next big tech leap - Taipei Times,"Sun, 06 Sep 2026 16:00:00 GMT",https://news.google.com/rss/articles/CBMieEFVX3lxTE55ektzSXlzV3pJakY4U2NMVl9oS002c2dqbGJoNG5FcVQ5RzkyZ0FHSy1vcFNpSnYxOE5McVJaalJQdW5KbFhZdEVHdUNkN3p0d1N5TGpsQXY1TERGUmk5X28zZG54SlpKcUJzYWNwRWtzWmVTcmpiSg?oc=5
2026-09-08,光通信,,テーマ関連ニュース,⚪ 情報,10,Taiwan Bets on Silicon Photonics to Power the Next AI Boom - chemanalyst.com,"Mon, 07 Sep 2026 14:17:45 GMT",https://news.google.com/rss/articles/CBMirgFBVV95cUxNWkxhbVNpNmtuOHFzYVE4UGw4S0Q3Ym1VN3JvV1RuUTNXYzNqZDJ0enVoT2U5OEhIZ3VWc1c4dlRtS0xfQ2xsWXg3RGtsZjJRYjNHY1dGLUVzTVNodWl3bWN0a25VUGw4NVZKcllVRE5YZ0JKSk9qNThaMDNoY1dISDR0Z0ZkaXNfblZvT3Y0a1BaZVZUVlptSEkwaDFXQ0ZzcnRScFQ1akYxckVrVmc?oc=5
2026-09-08,光通信,,テーマ関連ニュース,⚪ 情報,10,"China Silicon Photonics Market Size, Share,Trends, Growth Analysis Report, 2030 - marketsandmarkets.com","Tue, 01 Sep 2026 21:26:21 GMT",https://news.google.com/rss/articles/CBMiigFBVV95cUxNMTRtWFNULW5nXzBUNkRHQ3ZhSnRtcFI0NGRpY0hwTVBpNHpRWkFlbVRIVXZrZUpTVEFwQ2U2bzI1SVg1WEo5LVlielBHLXprYU1Felh4Tkl2VHgwbkJzSWlVdnUwS0ZIdXdRT2MtS21PM3ZxekJITm5vZGZOOTdvdVZoNE1UMy1kcEE?oc=5
2026-09-08,光通信,,テーマ関連ニュース,⚪ 情報,10,"[News] TSMC: SoIC, CoWoS to Drive 50× Compute by 2029; Silicon Photonics to Top 50% of Transceiver Market by 2027 - trendforce.com","Mon, 31 Aug 2026 07:00:00 GMT",https://news.google.com/rss/articles/CBMi4gFBVV95cUxOckFGMDlyanJwRW5hRjRtY01NR19mTU5IZGFzNnhQb3o3c2ZHUlNWOXVCVE9HZmZtaGdWV0NhTkJBR00zMkVsZlVMQ1hlMlp3U2pSbXlpbXk4SldwekdZZ0RoM3cwODdLZEh3TURtQjRORXl2QkpjckR5emRTY2FqcjNMVUYxZjZmOWY3TnFaR2xyTF82Rko0Tmg3dXcwLWFyblVVZHZmU1FudC1SMGc5ZTNlak1Ed1EyWVo5U3pNRi1tX1BzMXBRdllzeHFkZFFYNmxVcGdsM185UjBCaGF4Z3Jn?oc=5
2026-09-08,光通信,,テーマ関連ニュース,⚪ 情報,10,"Optical I/O for AI Chips Market Size, Forecasts Report 2026-2035 - Global Market Insights Inc.","Sat, 29 Aug 2026 07:00:00 GMT",https://news.google.com/rss/articles/CBMigAFBVV95cUxNNVd2X3JOV3J5dmVQZmxiekxMVmRhUGQ0WkRtMzI5OHhSOVdwVnNzckVWYUxiLVdBRHN2YWU1LS1KaUhrZjRmeDFPSFVHYzhBS0N2T0ZOQUhXVDFXZjNnM0hndUFtQm5fTWNBRUYwakRoZkpvelJqZ01KOXlCZDQ3cA?oc=5
2026-09-08,半導体,,テーマ関連ニュース,⚪ 情報,10,"Beyond Moore’s Law: The Rise of AI System Scaling ：SEMICON Taiwan 2026 — From Advanced Packaging and CPO to Memory, Test, and Thermal Innovation - semivision","Tue, 08 Sep 2026 12:57:54 GMT",https://news.google.com/rss/articles/CBMifkFVX3lxTE9RVG91OEk5NDROTnhSd0hhS1BPaEEtTUJhQVl3enczN09mdEhXdzNLUXRvNE9lMkJiQU5wTU5XRHNXVVhvUGlidGlRa25SQzQ5ZmVMbEdwUU5GOURkTUltQkplTWtHdzY3eWdvbGwwc1h4OUQzZ3ZmYW5QamhqUQ?oc=5
2026-09-08,光通信,,テーマ関連ニュース,⚪ 情報,10,Understanding In-Package Optical I/O Versus Co-Packaged Optics | Features | Mar 2024 - Photonics Spectra,"Sat, 27 Sep 2025 02:58:45 GMT",https://news.google.com/rss/articles/CBMijgFBVV95cUxNSnd4UU1tcHZCY3hMb2lJcHhTQm5sNGZ3UWJoNU9OOEVXSHN0ZFdJdDBVbUxiNFNNc2FkUXlCOW9iUmc2Rjl2YmI0WDBfdElPTHpiQlg4ckNpaFg3eldLb2QzRWNWRWYyTm92bFNvdm51NWxxam1FdEpLYmdtYmxlS0dDMEZhZU1BeGhjaDNR?oc=5
2026-09-08,光通信,,テーマ関連ニュース,⚪ 情報,10,"NVIDIA, Lightmatter, Optical I/O... Why Is Nobody Talking About SilTerra? - Moomoo","Fri, 05 Jun 2026 07:00:00 GMT",https://news.google.com/rss/articles/CBMisgFBVV95cUxNMUE0eEFUVkJoSFZkaUpWczBoZFo5R2xlZ2VZdkVhOGw1eFB2OG1TSVI2bVZVTW43YnJsdkJUVWQ3eTYydEJGM1ExSzZQTTFGZ0gyaF8yOUdtUzJiNUZWOW1KUmNnYmM5RENBeUFtOW10amtvOTE5elRkR096X1d4QzIwUHFaby1JYzhaSjFoNEVkUFdvRjBPaUsxUDFEQkpVR001RS1VQV80ZUR0ajZ6ZEJR?oc=5
2026-09-08,AIデータセンター,,テーマ関連ニュース,⚪ 情報,10,Industry insight: photonics to scale AI data centers - Nature,"Fri, 30 Jan 2026 08:00:00 GMT",https://news.google.com/rss/articles/CBMiX0FVX3lxTE1aSEZwNk1tM0FhUUo2RnotRWo1YXltYk5EYkRmbTBpcFZkd20xN1NhUk1ScXFMNDh4UWNCSWdvZ001eWZwSExPeHlSZFZKMUY0bWw0c2EweW9YdmZZa0Zj?oc=5
2026-09-08,光通信,,テーマ関連ニュース,⚪ 情報,10,InPHRED Advances VCSEL and LED Solutions for Optical I/O - embedded.com,"Mon, 20 Apr 2026 07:00:00 GMT",https://news.google.com/rss/articles/CBMiigFBVV95cUxNMUEzSHpOVS1uUWU2Y0x1VWY2Z3V2RklXS2xmRVlzQk9TdG9CWmRJaUhwenZ4QzRNWXJwVUlYZ0htNmVPSkZBZE1YLUhzMlMxbWlmSU5VOXF2enU4R190TVExSU1lNm44aVhJWGpRcTM3Ujg1VC1PNzBIQWxIVk1fZWFDR0RhUUEzQUE?oc=5
2026-09-08,光通信,,テーマ関連ニュース,⚪ 情報,10,Mojo Vision: $17.5 Million Raised To Advance Optical I/O For AI Infrastructure - pulse2.com,"Wed, 25 Mar 2026 07:00:00 GMT",https://news.google.com/rss/articles/CBMinAFBVV95cUxNTEs1SlhPcElSdUd2cTdib1Q5TUp0VFRfOEpiVE9pb0ozM3J3bnRjNVEwS1lCM2c3WFJnVV8teVBhdTlqYlFlRGlvLUtubmpaZExUaXQ2MWxOVXRqSk5ocjR3NHE4dUFVMWhvUm5zWUxybHJqQzR6SnZ5TTRQTWpMRlZFekN4b19lRnVPUUN4cTJsR3ZtV3dpMW9xajPSAaIBQVVfeXFMT2VGZGxTMFV3LVY2Z3o5cURLakdKaF9zWDF5czZUbkFvZlVoRjRvNktfS0laT0xyc0ttX25LLUhGSkFsZzBDY3d4MGR3NDh4X294QXVpMmtRQmFNTFlubWNXT0lYUDdua0RmQjBuNkpDZkVBODItN0dsYUlqYllCVUNqMmJBVnd4SlZGNmlSZFFfRDAyRmJVeUsxcU9IUWJIVGJB?oc=5
2026-09-08,AIデータセンター,,テーマ関連ニュース,⚪ 情報,10,Silicon Photonics Lights The Way To More Efficient Data Centers - Semiconductor Engineering,"Thu, 16 Apr 2026 07:00:00 GMT",https://news.google.com/rss/articles/CBMilwFBVV95cUxObl9UNXhlMDVzTVhtZ254Uk1hemRKYzFYQ19iSUE3YlhfdmZ2QUs3ZWFwMzc3TG1mdTEtTk9oeFozRjF5MnhBYzhKT2psYWlTRUdwOEtkTk93MVJYRWwzSlRCUy0tZWdkLVg4eXVOY1RBSGpFcHJHRVlhR2kzMWFmTWg0aVh6aktJQzhxdm9GWFRYaFlTR0pN?oc=5
2026-09-08,光通信,,テーマ関連ニュース,⚪ 情報,10,Optical I/O for Next-Generation High-Performance and AI Computing - AIP Publishing LLC,"Mon, 03 Nov 2025 22:34:22 GMT",https://news.google.com/rss/articles/CBMizwFBVV95cUxPaXp2Sm9ueWV5YlRuQ2JRcVh4YnloNmZlVmRhV3JHTjNMWTNGY2dmWVpOVm5sWG9TSjdvM2Z4TVhYQlktQ2pseHRRSjFiZzBKd0tNOVRvV29Cbjl5TFVrMGNrWnRLVWVPY0VDVWpOTEJpOFpBYkVUMW96VjNPbGowWEloMkdoN3RUNDVxOS05b0NSc0tqd1JWNXI4LVRxMWdZb0Y2OE1fOG9kZlpfRWpIT1ZYRlpGXzBVQklsN0xUN2ZPYzN0N1R1TzZucmloUFU?oc=5
2026-09-08,光通信,,テーマ関連ニュース,⚪ 情報,10,Intel Demonstrates First Fully Integrated Optical I/O Chiplet - Intel,"Wed, 26 Jun 2024 07:00:00 GMT",https://news.google.com/rss/articles/CBMirAFBVV95cUxOU19zcm9uclpYNEdWY1VINEtYdWw3R3JKczBxOVhCa1AxeTNSNjNSX2Y0MTl3NUtOaHhWX0pjNXhsbVplRGtIWnlVR1RoclFDLTFFV3FHQXRXQnJPdEpXQm9Bc2NhOVhXMEliRXo4S0N0UkNNWEJsbUV4V1VVcFBmdEN0WC1RTDBWczBna0EwaXdIM2liSzR1b0xlZnJCb3lIMjA0NE9SNDZocnlK?oc=5
2026-09-08,光通信,,テーマ関連ニュース,⚪ 情報,10,"Exclusive: Marvell says AI's copper wall is nearing, with custom silicon and optical I/O set to scale - digitimes","Mon, 08 Jun 2026 07:00:00 GMT",https://news.google.com/rss/articles/CBMijgFBVV95cUxORkNxZGdpa3cyUUg2aFFkcHRVUmNUWkQyU0NsbTNEVnhRbmxyUzZmVTdLVHl2SnJLWW5nMTRFNEw1ZVFuWmJXTUhSUWFxNTFpSmstVm4zVDNJVkpIYTBjbzJTX3ZwdnE1TmNsb0FQcjVpdXBOZWVwX2VaY3ExZGVEZXd4MThnSTBJdjhPcFJB?oc=5
2026-09-08,光通信,,テーマ関連ニュース,⚪ 情報,10,SemiVision Panel - From CoWoS to Optical I/O : Mapping the Future of AI Interconnects - semivision,"Thu, 12 Mar 2026 07:00:00 GMT",https://news.google.com/rss/articles/CBMihgFBVV95cUxNTmUxRmNRN0RxTm13YTFpWXpyR3dheTdnZ3FOd2pNVnJmMlhrVkNuTUhFTmNEZEVCSDNKMzNVazN1bVhoWVZCcXdXbWJpVERNOGpOamp1dVdzQmtSV2ZCTmJpNXR0aEl1dVgtTTg1UDhNRVRhclpMNC14SzRCNkxvM2ZBS1lhUQ?oc=5
2026-09-08,AIデータセンター,,テーマ関連ニュース,⚪ 情報,10,OFC 2026 Outlook: AI Data Center Optical Interconnect Trends from Pluggable Optics and LPO to CPO and MicroLED - semivision,"Mon, 09 Mar 2026 07:00:00 GMT",https://news.google.com/rss/articles/CBMihwFBVV95cUxPOUdOT3RLanhQcVFnQzJEal9hU1BvbWRNemppX0xkRHZmY1Q4bDFyZUk1MGdiQjhhSGgzVWYzb2lDQTNHbzlmMmRwelhKZVV6QlZNdXQ1QXZGYTJHN1o3UGl2V1JJejlZVVZCcTJvT3JDWnY5QmxNUWhPMWFXd2M0TmNLZEhla0k?oc=5
2026-09-08,AIデータセンター,,テーマ関連ニュース,⚪ 情報,10,"AI data center optical interconnect market to hit $144 billion by 2030, an over ten-fold increase from 2024 figures, according to new projections — silicon photonics expected to account for nearly two-thirds of revenue, driven by co-packaged optics - Tom's Hardware","Mon, 17 Aug 2026 07:00:00 GMT",https://news.google.com/rss/articles/CBMiqgNBVV95cUxPVXphMGU4T09TU1NWZkR5RFlmN2U2Ylh3YjBzeW9HaXMyTDFTOFNSdFE3VU52VXZFVlNoZ3NMVVJzM0kyZjRQMk84cFAySU1uVk5vVVFCcDdkMVA5V2hHVGxXMEZVelI2bG1vYzFGRlBhd21iLVgzVG4ydFlvOUk3MHZmZzJqcnpjUnhLd0Q1TnFnLXlNbEJyaDFzNUhWazV5eFAxdUtQMXRxT3FWdWhPMkQzRjJSRGh1ZnlPNDJwREZIZGs0MnZRd1phQzRBUjJTMVBxU3Uybjk3RjdaM0ZJMS1pY1F6Skh3azdFUlZWM1dPQlBKX0kyTkRPeXM4TUdpQ1lZekphVGlIVDRsTmZfM2hJT3FaZW9yRU52TXlsZE5BZTZNc255V0tscERfYlN6RGh1X3Awb0pSVDZFekxDTTBPVGJZdXJna01RZEl2RVJMR1NlcUR1V2xIYzBuZURqbDZwMVVuN3Z1YVhsRGRIOUNfMDVTckVhcVZFY2VHbk9iRGVDWkZySHZic1ctUVYyT3hCUGUzVlZPanRxWC1LUl9STlNnOXBKZEE?oc=5
2026-09-08,AIデータセンター,,テーマ関連ニュース,⚪ 情報,10,Vuzix Ships High-Bandwidth Optical Interconnect Solution for AI Data Centers - PR Newswire,"Tue, 18 Aug 2026 07:00:00 GMT",https://news.google.com/rss/articles/CBMizAFBVV95cUxNSWNtZlQyZV90QW10dUtCeFBuNFdDcE9WVk5rdWg2Y3A4V2NBdkJadzRkWXkwZlZrWjREeDNsOHo4aGYtQ0hCWi11WmRjOWRuSkNBY0pHQVp6My1GU1F4N2hZdW1nNHBDWXNSN1NMT2tTQ0FidXdkckFnd3NQRUJsbFNtZDQ5cFV6cGJsN0Y4TTNjc051TmdBNTFOLUR1b1ZESXF3QUYyUTgwZHhMVlU4VFp6b2w0TkNIcVh6d1dDN3BIM2NialdjWGJVZ08?oc=5
2026-09-08,光通信,,テーマ関連ニュース,⚪ 情報,10,[News] InP Shortage Emerges as AI Optical Interconnect Bottleneck - trendforce.com,"Thu, 06 Aug 2026 07:00:00 GMT",https://news.google.com/rss/articles/CBMiqwFBVV95cUxNM1N5bU9ERTN5WkZSdUJpMm1oem1uMmREaGZYN2dSNzMzemNyc1NTbEg5SFlOSHpXODgtR1BnWnNPWXh2MUJYelJEMW1kY2xjNWM4UEdtQlhvWG5KNTFkeFVVZFNrNURRSlJwSmVDeUQxODRvZ0lJQ2FDeS1NUGhrZUVNWHdJakNHZVdyYWxnanRYN2NxajFWRHFUdVJDNFJBdlVxT2RKbnFlNGs?oc=5
2026-09-08,光通信,,テーマ関連ニュース,⚪ 情報,10,AMD to join the optical interconnect party with 2027 Instinct GPUs - SDxCentral,"Fri, 24 Jul 2026 07:00:00 GMT",https://news.google.com/rss/articles/CBMioAFBVV95cUxQZHVLekk2ZlBIVXRIRzRvRFpzTUJoT0hPZlQzeTZiTkV0dm1BVS1nR1huWFVmTHJtV0NUVmdEb1EzN3BsVE1EV0VpU0VkM0lmclB6S3JBbHA5aGlCVktSSkVKVFJFSEZ3TlF1TTBQWUNxSnBORTNxUTRRWDE2ajdzNnNEQ1JaaElaZVZZLWpmSDZNRXU3M3NsdDZxelQwUlps?oc=5
2026-09-08,光通信,,テーマ関連ニュース,⚪ 情報,10,Inside the Next Generation of Optical Interconnects - HPCwire,"Mon, 24 Aug 2026 07:00:00 GMT",https://news.google.com/rss/articles/CBMikAFBVV95cUxQRmkwdVVZeUIxM1EyaTdGdEhNUTBPTzZsRTd4MkVpQmJ2Q1paeUNaN1VRTHVrV00xZVJad3MwbExEOWt6OVNjZGV4SUp1RHE0d0lHWjdnNGNOVlB0cjlZZ3M0V1QyR3J1SC1odzJUWXpXYlpHdENibFE2cXV3T2VOckZuWGZFbGFQcUZmNG5XRXU?oc=5
2026-09-08,光通信,,テーマ関連ニュース,⚪ 情報,10,Transfer-printed yellow and red InGaN micro-LEDs on diamond for ultra-low-power high-speed optical interconnects - Nature,"Wed, 17 Jun 2026 07:00:00 GMT",https://news.google.com/rss/articles/CBMiX0FVX3lxTE9Xd1djRTJnU2QwVmtybGRPaWJ1bjRnZXRvRWZHRHVqaFVOajNqbjVfNER6VlN4U0ltU0tHaEp1LW54QlEzeXJudnA5X29YT1otUmJSeUZJN19yRXN3YmNF?oc=5
2026-09-08,AIデータセンター,,テーマ関連ニュース,⚪ 情報,10,All AI Data Center Interconnects Will Be Optical Within 5 Years - Semiconductor Engineering,"Mon, 06 Apr 2026 07:00:00 GMT",https://news.google.com/rss/articles/CBMilwFBVV95cUxPVVZhSVU3YWFwZG1Sam5WbEtDMlJSUjFPNFItV1N2aS1Ebm1kcVdkTEdDNjAzVWpMOE8yXzhTaENOeElpdTZLV3oxSXQ0dWRkVkV2bGladEt4SjhsZGtCakRyWVdjSE5ZalBWTzBIMnJCV1h2TlVDYXZZTlM1am9PR19lWUlhcHpPR0ljRTN1MXBGQ21qcWRj?oc=5
2026-09-08,光通信,,テーマ関連ニュース,⚪ 情報,10,AI Compute Puts Optical Interconnects in Focus as China’s CIOE Expo Opens in Shenzhen - Pandaily,"Fri, 04 Sep 2026 02:25:14 GMT",https://news.google.com/rss/articles/CBMiiAFBVV95cUxPS0VqTmlvVDV5U3JWYXNISFNKdm9LYzVLa1p4UUlqcDRPUVNIMTZWVWRjWUMxdEJuc3FJeGJOemVwajJTdFNhYUhqSnM1Zl9iaG5BZVFySTRsQmI2cmhJc2NXSzFaalZ5ZDZFM2JZQnktX2lsZmZnem51dEhfRjNrUnBIaEVmRFhM?oc=5
2026-09-08,光通信,,テーマ関連ニュース,⚪ 情報,10,Quintessent Raises $40 Million Series A and Begins Sampling First Product for AI Optical Interconnects - Business Wire,"Mon, 24 Aug 2026 07:00:00 GMT",https://news.google.com/rss/articles/CBMi8wFBVV95cUxQT0lBOWdxczBfa1A2cTl2UXl4RTFEUzBaMW83c2wtdk1PTXd2UXRGaGdhZGRvTGowYTViNnNhcVRfR2lfbEJSZmNaQTVRZjRFcTk0TUpENm1NTkVfaG12ejJGMXhFTld3XzJMLXYzTy1ENmNnRWFPZ04wZC04N2R4V2RxR2poVXpoeGU5dG13Qnp1U09FbFZDZkY2TDZrU1RMZFYyc0J5YU5ScXdCUEdveG9yZlpPdVNGZGpiUzhaS0k2a3NvYVNBVndzUS1FMUZXQ1dKemJoaXlmVDFxNFdyYkNlZzA2eTBzTmxxbWVuVWVBbG8?oc=5
2026-09-08,光通信,,テーマ関連ニュース,⚪ 情報,10,"[PlayNitride FY2026 Q2 Earnings Call] Micro LED optical interconnect achieves sub-1 pJ/bit energy efficiency, Tantium chip slashes power consumption by 50%, PlayNitride targets 2028 automotive volume ramp - finance.biggo.com","Thu, 03 Sep 2026 13:14:00 GMT",https://news.google.com/rss/articles/CBMiYkFVX3lxTE4tSjJUT3k3SFFsTWhBWHp6NEFVN09IbWRFWDdqalM3MHRpMm0talpZcmNkUThxM1VuYTZoeVQwcmNPT0xFaXJnYmF1Q20yVjNzY21DaWgxRTBVajY4T3ZOMTVR?oc=5
2026-09-08,冷却・熱管理,,テーマ関連ニュース,⚪ 情報,10,"NN, Inc.: Liquid Cooling Takes The Center Stage (NASDAQ:NNBR) - Seeking Alpha","Tue, 08 Sep 2026 18:43:20 GMT",https://news.google.com/rss/articles/CBMijgFBVV95cUxOSGs1Ry1PVUowb1Y1ZUFxUGZ2dDJTVFl5cVVGajdSUVg5WWdqTnJzUTVWV1N3RU4zellQbndUdDByR08zQWJpLTk1MzVVLU93WWl1MUhhUkM4TVM0djV5TThoSXFkZ3B2S2xhandTWTk1bUhhVW16MGIwY2NnY1N2aTF5LTlOY3Q5OFc3Ql93?oc=5
2026-09-08,AIデータセンター,,テーマ関連ニュース,⚪ 情報,10,"Power, cooling firms see gains from data center buildout - Finance & Commerce","Mon, 07 Sep 2026 20:49:43 GMT",https://news.google.com/rss/articles/CBMigwFBVV95cUxONW1CT1N3UER4OEE1a2NzajZJTmpSOXRrYlBBQnNTbHlCSnphbnhJaDRDNnVlbk5Pd3ZTQ1pnS192WUI5amhEakxZaDhENUJFS1FZWHpsdEl1SFFWaG9TbC1ScFo5VTIzYklwTEE2QldjSGFHN0pYcWJxWkZaVXVEREp5bw?oc=5
2026-09-08,AIデータセンター,,テーマ関連ニュース,⚪ 情報,10,LG Electronics targets liquid cooling growth in AI data centers - Investing.com,"Fri, 04 Sep 2026 16:54:45 GMT",https://news.google.com/rss/articles/CBMivAFBVV95cUxPMFMxQldxLU50WTdZdFdveklJaEdXU0xZVlJPS2lodW9ON0U4R3NxdzloT05RTkF4ODJRZXNWUW9TSVNHMjZBVmxoTElMQTE1VHEwdTY4Zk5KWkhDNWZWSWZCdnFBRkpHWlZhSXAwOTF0aDg4dk5oZ0ZDSTJGRXdwaTI1QnZYaEJlelFVT0V1cTgtSUZDVUt0bXl2V09obkpGSzRxNjFfYVhmX0N2M1RvRy15YU9mOEZCeVFUYw?oc=5
2026-09-08,AIデータセンター,,テーマ関連ニュース,⚪ 情報,10,Stäubli Enables Next-Generation AI Data Centers With Integrated Power and Liquid Cooling Connectivity - Morningstar,"Thu, 03 Sep 2026 14:23:00 GMT",https://news.google.com/rss/articles/CBMi8wFBVV95cUxNdExVNHZvdGJLc3BSQmh0NUdSQndCWEZJNWc3bl9kQlZLazBhdnNwMDZCLXpnSUxITG5zc2J1YThHaHl6UElkZko2M29jbXk4R2JhMUh3VDdZSk5fQWV3M2ZrdnU5Ukw3WHktLXU4Rm5EZlJwU3R4RmR2VHN1azVkRzZYOERwd05SalRtSm1uV0UwcmVyYzJZRW1Ea2NEQ1ZVRndpRFl0VWlNRXVzSDFBWUNRVllqdFBnejYtOWJMRU5MMnhaQlJCX3lDdHRTRm9PdllxR05tR1Bfa3VESGF1LWxLVDJTRUVzU1dLcS1IUmJqV0U?oc=5
2026-09-08,AIデータセンター,,テーマ関連ニュース,⚪ 情報,10,Data Center Liquid Cooling Market Size to Achieve USD 40.25 Billion with 21.0% CAGR by 2035 - EIN News,"Fri, 04 Sep 2026 13:53:00 GMT",https://news.google.com/rss/articles/CBMizAFBVV95cUxOZXZLZFNYXzc5OVVmejNCOFZ4SUxHY29Jd0xHZElPNGMzOFZ6RW9BYmxndG40Tkk2M1JQOExITDBQNmpkV2hOb0dCa29kaHVkcGJ0VlpuejZIYUZLeHcwNjRZSlFMOVl5UDlYT2kxdWdpRThmemJuU1c5VFA2dWQwRFlkcXF1TUFUMzN4c1hCVTNVNWY0ckFSWWlfem5kbV9aMWxuN0pxTDJ1QkJtcTdDdVQ0VjExSkF0TWRyYW1LRkJQRVdQNUFuQnpzMmc?oc=5
2026-09-08,AIデータセンター,,テーマ関連ニュース,⚪ 情報,10,The Valves Driving AI Cooling - Data Center Frontier,"Fri, 04 Sep 2026 19:19:46 GMT",https://news.google.com/rss/articles/CBMikwFBVV95cUxQN3VtU3VXaHR0aVhpYnBkZHpRS0hBcEx5eFBtNmR0UXJFVC1WSUtlMEtidUhJMmxvcnR1Q0M0cHdPZ2lYMlYtbmxZNW84VDNJQURLRTdWbXhOTVFiV0pTdmVfQkdHWmMxX09TQlpMM3BKUjllVUlCMkFUcUdCWlo3TVNwQ2xfbGF0QmNaQUV3dWlnOWs?oc=5
2026-09-08,AIデータセンター,,テーマ関連ニュース,⚪ 情報,10,Liquid Cooled AI Data Center: The Future of High-Density AI Infrastructure - Nasscom,"Mon, 07 Sep 2026 10:28:37 GMT",https://news.google.com/rss/articles/CBMiuwFBVV95cUxOcGRnc1JiUjFrQUUxMGM4WU1URVpRRjUyb1VxN3FIRkpkVmpoQVZSVHY3Q1I2ZUF1bEQ5N3Zhd09QcHIzdGJVN0liZHdLNFJpelExcFJFYVpqWGQ5dWJqa01qWWtjNlhzUUNYN3YwQ2xucjFqQUxPcGNxTGN6NkQ0WGl5VHVJdGU0MS1ianZRTk5tREhpNmFjNzRtYWJXTnQ0dGcyR0YtYTM4eF9qNWR2YUY2S1U4Q0tiZlFz?oc=5
2026-09-08,AIデータセンター,,テーマ関連ニュース,⚪ 情報,10,Stäubli Enables Next-Generation AI Data Centers With Integrated Power and Liquid Cooling Connectivity - Yahoo Finance,"Thu, 03 Sep 2026 14:23:00 GMT",https://news.google.com/rss/articles/CBMimwFBVV95cUxQU2U5N0dxazJTeEdoWkVWRlpjYmxPUWxJc0hBdkVTSng3STNhRTBpcldMV09yYTJuM1pFYXg0d3FwU091TkdBT1ZmdEJod2FaaHhjd3h5Rm9IUEQ5cENFOXh4LWFQZlo1dW9ZMXBBSmduR0hkTmZyLTREcUs0VHY2X1lzdkk2R0FKV1BNWUxJb0s1M3BOejgyVzVWOA?oc=5
2026-09-08,AIデータセンター,,テーマ関連ニュース,⚪ 情報,10,"Liquid Cooling Options: RDHx, Direct-to-Chip, Immersion - Data Center Knowledge","Tue, 25 Aug 2026 07:00:00 GMT",https://news.google.com/rss/articles/CBMinAFBVV95cUxPdUdyRll0WWZXMDhjLVF6dVFTMmdCaU5ZN1VNejdwWDV4MXE4MTgydFhHZ0xwYWVET1ZrWDZEbnZDSnM5eHA0amI0b1lMZTJuX0hfUTNDRHJpNDVTWEdwVTc3SEdyMmZodVlTOUFjTzQ1cV9MQ3BMcnFuWllaRWFqUGNfZDdxNUVqX2g3Smc0d0t4WmlNU0k0OU03eTg?oc=5
2026-09-08,AIデータセンター,,テーマ関連ニュース,⚪ 情報,10,Immersion cooling vendor Ferveret is thinking inside the box - Data Center Dynamics,"Thu, 03 Sep 2026 16:02:39 GMT",https://news.google.com/rss/articles/CBMiowFBVV95cUxQSEI1aXpCRVhLZk5pM0VibFlDM1ZCbU1Selh2MFBPSjFldUx6VGFzdHY3YldmR1RNSjNmUUdYVEI5REp1X1VTMU1SM21jdElqemVVMXNYcnE2YkV4MlZ6YXUzaVdEMmdwTi1wWkJIUm50MHpGUEdoS1I2TFFxTWJuQUxsLVFGV0gtU2wwUS1CYjNBWXVreVFiTVM0dzR0STI5Z3RF?oc=5
2026-09-08,AIデータセンター,,テーマ関連ニュース,⚪ 情報,10,Liquid cooling enters the mainstream in data centers - JLL,"Tue, 01 Sep 2026 07:00:00 GMT",https://news.google.com/rss/articles/CBMikAFBVV95cUxNQ2hYbWUya0RLUTNSMVY4eGh5eFVDV2hFaTdKMkdseWppS1JXVlhOSkpxWFhHV2dud19PbXhlamVkU2NJQzFrNmtRQzZENTQ2SVRWS0ZfWnUxWWJEbmVWNXBoOTAyYWNnb0YxSVkzcEVlRFZ2Q3ptc1RzRkR3YzZpQXd2TEFrODc2X2NzNFdydnQ?oc=5
2026-09-08,冷却・熱管理,,テーマ関連ニュース,⚪ 情報,10,New marine battery uses immersion cooling to prevent fire spread - Interesting Engineering,"Wed, 02 Sep 2026 23:20:00 GMT",https://news.google.com/rss/articles/CBMimgFBVV95cUxPSlJtdm8wQVk0b0xYUE5MLXlqRmEyN2pSVFhsOVRERmFWZjdtckNaUUNwZk8tRkZ5d1RLVEUwYjB0UC1BNTlVa2xtS1JDbUI3dXEwa0xJR2pnZU13ZUZ5OEhIc1RtZUFkdkh2Y1p1a2h3cjl4d0lpOElqUlpteGU2NW53RUFzN0tUWUJJYjJvR3hqYzN4UEVZUFFR?oc=5
2026-09-08,冷却・熱管理,,テーマ関連ニュース,⚪ 情報,10,"Northeast Securities: The Era of High-Power Heat Dissipation Begins, Immersion Liquid Cooling Media Breeds New Opportunities - Moomoo","Mon, 07 Sep 2026 09:43:42 GMT",https://news.google.com/rss/articles/CBMirAFBVV95cUxPN3o5LV9uOU9RT1RDdHNhZ2UyYWJtdEFlODNpbV9FNGczWWpQY01wOFU1R05CaDBhd1BBMzNlRG1HRmN6OGxaNHg3VFlmY244b2R5cFVVYjUzTnVEN3g4aF9yMzV0R3NmTUdoWURsOHJHNUtHZzZKbF80WTVrNmp4MlBvLV9OblI3R2gzRUFTclZBcF9sYnhJOXBack8weEtNSVQwdFkwSjBvNDhw?oc=5
2026-09-08,冷却・熱管理,,テーマ関連ニュース,⚪ 情報,10,"Immersion Cooling Market Size, Share, Trends, Report, 2034 - Fortune Business Insights","Mon, 17 Aug 2026 07:00:00 GMT",https://news.google.com/rss/articles/CBMie0FVX3lxTE5LWjFQMG5rdVhyRi02dVNQek1lWjNPbW5qNkhtMWIxbzNPSHFyZ0p0N2s3RGlTS2RTWGJ4RE00OFgtRlJsR3hlMDdINmg3cTY1WTlhaUJBcGFRa0F4dHBhNmR3MTJPVGpaOXI3ZWE5Y2xUUkdZeDlQRzZBNA?oc=5
2026-09-08,AIデータセンター,,テーマ関連ニュース,⚪ 情報,10,What FMs need to know about data center immersion cooling fluid selection - Facilities Dive,"Mon, 06 Apr 2026 07:00:00 GMT",https://news.google.com/rss/articles/CBMiuAFBVV95cUxNVFVsT0dFTXZRYWRHT1VBOXgtc3lxQ0RpTXFCTmJuYkRHYy1VdnBvRkxCZ0VjMDNNMWJFS3ZLUUs1SnJUMDU5WDFJZ3N2N2ZtYTdLNlZUTnFUTGx6S1R4TlNpalllNWFwVWJ3RGp2ejhneTVyYzBSOVlZSmhDOHR4Rk9KY2Ywdm5QVWgyZWNDZ1JvWThibXV0eXJISXBaOW1FSGtlUlp1OG96Q1R1R0RfZkdmaEFqRHg0?oc=5
2026-09-08,冷却・熱管理,,テーマ関連ニュース,⚪ 情報,10,Beat the Heat Clips | Cold Water Immersion Cooling Technique - College of Medicine – Phoenix,"Thu, 30 Jul 2026 07:00:00 GMT",https://news.google.com/rss/articles/CBMipAFBVV95cUxQaVpSeEgxUFVfNzRuREs3eWZuT3hrRnM0bGJ0T191NjJfMXZaS293Z1NESURSNmRqVG9CVWV5cnJLRTRCYlRyNG5sdFRNek1xRFA3VV9UYjA2RS1jcm5haS00bDAtTHdtb0J3SG1kRHpoaUZWYnJGOTVSZ2FJcXNzYk5NdXhBQXhfRDlVcEdwTHZ6OHR3UjBwbnI4WHZuM1E0bjlWNg?oc=5
2026-09-08,冷却・熱管理,,テーマ関連ニュース,⚪ 情報,10,Enhancing battery safety under fast charging conditions through spray-based immersion cooling - EurekAlert!,"Tue, 14 Jul 2026 07:00:00 GMT",https://news.google.com/rss/articles/CBMiXEFVX3lxTFBBdVkzT1FsVGZPV2FzZkxNM2FrQmtfX2xuQlhVdkhxU3FRYmJ5Mm5HTXhsT0RNcHlrdDRaZGNjRml0VjUtbzhLVWNJa1FJVUlmb010Nll0b0ZhM1RH?oc=5
2026-09-08,AIデータセンター,,テーマ関連ニュース,⚪ 情報,10,Direct-to-Chip vs. Immersion: Choosing the Right Liquid Cooled AI Data Center Architecture - Nasscom,"Mon, 07 Sep 2026 10:28:37 GMT",https://news.google.com/rss/articles/CBMivgFBVV95cUxPamxobDVfMVlwU004eHRVVGc2WmJiOC14cGNxNEdHeVF4MmoyUnRrUDgwb3p3RlE5VHN2VXBITF8xX0RnYm1LNXBfM2ltbEl2V3R4cnBaRTE2T25makZFYzlJNld2U0dyMnFHVjZoN01HMTNSdV9IODdzRVRXc1QxRk1ySGpkVUxaZ2I3SlFiX3g3ZlJLcTN5N0RkaUxEQmw1ME5YSVJuWDVMYXZVaWxHUVFPRkI3QnVhQzk1TXBR?oc=5
2026-09-08,AIデータセンター,,テーマ関連ニュース,⚪ 情報,10,Transitioning to Immersion Cooling: Ensure Success with High Performance Infrastructure - Data Center Frontier,"Fri, 30 Jan 2026 08:00:00 GMT",https://news.google.com/rss/articles/CBMi4gFBVV95cUxPaUp6c2ZqR1pXazl0dVJOeDNmYVpYZHFUMDJOV0VNQlhNQzJydGk3cXU5ZlNDdC1rV1F2QlVrMUZLdHBISWpiblMza3VOUEh1dDJXbHl3TmotOXBHREl6X0M0UW1SSV9neHR6eHp2RXhpMXhKVXBRLW4xXzBvckc4bTF1NlEtbjhRdVNISnJXSFNNVmlFb0dKcHBrZWJhWW9MRlJ5QmdHa1RyNkZyTlBpQ2dEVDZSamRZbU1ET1hURU81ZkVRZTlvSjV1Z2UtekhjbG9ja0l4TV9TcncwTEo1ZEZ3?oc=5
2026-09-08,冷却・熱管理,,テーマ関連ニュース,⚪ 情報,10,EticaAG contends that immersion cooling is the next evolution of BESS cooling systems - Energy-Storage.News,"Mon, 27 Apr 2026 07:00:00 GMT",https://news.google.com/rss/articles/CBMiugFBVV95cUxOQW1Wd0p1WXRfd0g2N1hMZ1o3aDRDNTdkS0R4ejA4WlVWNXJBSWZXSnpHcDNOLU1VVzFqVGlTTmt3M2YxZzJ1QXBNTlQ5NEtnZlZXUmtpOFRIRVNOajBfX3VTXzVzaUFJRFoyMi1sVV9uQ29XaENXU29TeGxaaXUwU0NUSUk4WV9EZ1NxRGNseUVDMzU5czB2QXN1Z1hfOVdwekNJbm1mVWlIZ2dhSzZqTDZneENrR1EzNnc?oc=5
2026-09-08,AIデータセンター,,テーマ関連ニュース,⚪ 情報,10,Infinium Launches Infinium Edge™ Platform for High-Density AI Data Center Immersion Cooling - PR Newswire,"Thu, 15 Jan 2026 08:00:00 GMT",https://news.google.com/rss/articles/CBMi3wFBVV95cUxNdnA4UHBvSUhnaWY5ZlVtaE9UbXlRTGpPSGVSUWJrWk0yOVNhX1BKeWZaa1c4eklMSEQ0SERwbHc0dksyMmNWYlA5QWhjUXkxUUhqV0o2b0FaWmN6R2JzQ2hxSEdpRE11UTRVSDh5bXYxYnZFMnVQZ3ZPY0ZSWE9KRXZrNFpBWnlOTTRpSDV4UTlDYXB3X3htcE1VV2dBY21OYXVuVEM0eUlDSTNmUXUyWl9uYmVIQVVxTVdlbzFqLW9rbWRwbnZkel9zSDRlWW45ZEp5R2prbDUzM1ZLZDRj?oc=5
2026-09-08,AIデータセンター,,テーマ関連ニュース,⚪ 情報,10,The Liquid Cooling Revolution is Here - Data Center Richness | Substack,"Thu, 30 Apr 2026 07:00:00 GMT",https://news.google.com/rss/articles/CBMif0FVX3lxTE1CaXA0MDNwZGhvZW5TcWl0dmh4UXc5RFZUblZrRWZuX1p1RENpQklTaWJGa1psU0xoZXEyajlnVXkxWWZFZHI3VnlPQUNkdGJOMUhMTjBhTjVLbFBTMXJBV1hnT3ZtYnYtNVpYa3RNUTF1ZWloR2Frc25xVlh3UW8?oc=5
2026-09-08,AIデータセンター,,テーマ関連ニュース,⚪ 情報,10,Malaysia to launch palm oil-based immersion cooling fluid for data centers - Data Center Dynamics,"Fri, 14 Aug 2026 07:00:00 GMT",https://news.google.com/rss/articles/CBMiugFBVV95cUxNM3VzekJIMTB5X3F6cnVZcGp2VkVaRXlRMlV6Zm9tRmRZSmxRVUhIcWQ3UGxhcDNPZk1keC02V0NJQnU2V21zQkVZTmU3ZzluZUVINzBveXZKSDhpY0RDZC1zSmRmMnZRVndCTE1ZSEFEMzU2QmFQWWd1bXEydkxUR01RLVBwRkRCRGlLSEsxb3ZTZC1WZUx3TDkyV09vc0JYLXJ4RFZUMkZEaXJNMl9UcGZKRzhtdTFxaGc?oc=5
2026-09-08,AIデータセンター,,テーマ関連ニュース,⚪ 情報,10,Castrol signs MoU to bring immersion cooling to Japan - Data Center Dynamics,"Mon, 27 Jul 2026 07:00:00 GMT",https://news.google.com/rss/articles/CBMingFBVV95cUxOb1I5ZzQ3RW9GSWtKNkpDTEdJWWlCdjJnNjJsdDhaY244NVlNWGMxb1JKZm5UcURzYnRmR09CZEVLM0sxZl9OYTJ0UWY4akFhaXRLc1FmWUlVUmFIemhGVFZiVmRHeXdJWUl6X1NUOS10Y1h2WGp6YW42NHpJNTNLcXlwWUxxYUVZREVmRWlEN3hCRGxHT0FFOHlNVjkxdw?oc=5
2026-09-08,AIデータセンター,,テーマ関連ニュース,⚪ 情報,10,Immersion cooling and IT reliability: What do the numbers say? - Data Center Dynamics,"Tue, 13 Jan 2026 08:00:00 GMT",https://news.google.com/rss/articles/CBMirAFBVV95cUxQb0tLVTJnUmhIRFFySU1peTIzVEVCMGRHOWtUdlJkMzRwNncwU3MzUVNmbEJ3eHFuLW00NUlhZFVQTEtKM2VUUVlGWHk0bEtZaHBHNXk4WEM1RDNFQlhXQ0V4bTA1SkVtcHVHaG1mckZoVDdXQjV4WWJrNERiZ1lMRWNCS1MzUUFrRU9IUzVCQjJyQWZMS0xVeWZQYjQyT1JlMUpMa0dxTDh2emtM?oc=5
2026-09-08,AIデータセンター,,テーマ関連ニュース,⚪ 情報,10,Korea's S-Oil and GST team up on immersion cooling system - Data Center Dynamics,"Thu, 14 May 2026 07:00:00 GMT",https://news.google.com/rss/articles/CBMiogFBVV95cUxQcDEtNk9TdkVsN1NiS0h4bUN0RktHUl95Sk9JUERUZ28zSHBsaWJYUXFEbG43OHFsN2ZCbFprSTU2OFJWMVphMzRuR3dsMVd5RldQQWxoby1nZ0VDN19CMEVJWkpSN2JpaFpnNTZuMWQ0VEROYkdVTjJuX2R1dU5FczNkcnFxa2NocGppRzUtOGM3YkJLTkJuTkI1aUtRV1hXOUE?oc=5
2026-09-08,AIデータセンター,,テーマ関連ニュース,⚪ 情報,10,Trane makes data center reference kits available in Autodesk Revit and Forma platforms - Facilities Dive,"Tue, 08 Sep 2026 16:28:12 GMT",https://news.google.com/rss/articles/CBMiuwFBVV95cUxNRlVIRWRubjFqdVRxUXhrRThNeUVJOUxNenA3bW95UVd4YTQxU282S1VmQ1MtM2hESXUzdVE1OHNPa2tMWHRUM2JidWFQZmt2d3hQQlQ1ekVsN3pPem9LTzFDRVFJSFJ1MXpUWkt1WWRsSTVidlpZa1hWNnU0N3ZxWm5rb21od0NzY1FzemxTeE9idUpmNkYyTk4zdUlXU09idmR5dXd2RTdkcHlmdzRITXllTzNFNkF6SFFJ?oc=5
2026-09-08,AIデータセンター,,テーマ関連ニュース,⚪ 情報,10,Data Center Liquid Cooling Market Size to Achieve USD 40.25 Billion with 21.0% CAGR by 2035 - EIN Presswire,"Fri, 04 Sep 2026 13:53:00 GMT",https://news.google.com/rss/articles/CBMi0wFBVV95cUxPYkZqSkZzb2tDWEdEUEJVQlE4UVZOVERDZXdLQktoY3ZFQVdyWVlmWW5YTW1YTHItRHkyM1laRzBreTJDaU1WSFgyakRERlRuS3lxX0R0MFdXN0VRQkw2VHFpb2Z0cllSTFh6eE91bVVyVXZHMEpxM1NnTU44SnlVcHlBSUIzZTV4Q2NrQTdwZXNWNUY0TVpqWHExWXo2eG9ydmtwbU5TMDZZNmhLamJMelI2bXhPTzE3UnYxVE0zOVVhWWhfUGJfb2FSNWttUmNHN1JR?oc=5
2026-09-08,AIデータセンター,,テーマ関連ニュース,⚪ 情報,10,Data Center Thermal Management Market worth $32.38 billion by 2032 - Exclusive Report by MarketsandMarkets™ - PR Newswire,"Thu, 06 Aug 2026 07:00:00 GMT",https://news.google.com/rss/articles/CBMi8wFBVV95cUxPVDhMUUhXV2xBMTk5U0FGcmtmTHVsYzVTVUVwQzZ2eTBpMzNCV0E0cmJfSjZPdU95MEk5NjZwOUQzZF9lVldNQWwzOF9oSzJwMFBaZW9CRm45allXOGNaejhIT3JIN1ZwcnVSajBReGdhU21QazFsSjlfMXlGSlhxRFNEdWhRNXoteWFfdHYzMXRaV2Y3UExZLVBPMEd2NHZnTDhCWW51WExERTZkbUh0X2NqSU55MUJYM0dKYlk1VVIyYzVNeWZOY3M5Rm1CS2N4cXA5ckFzVlhiNmQxWUgtRmVxc1haZlRsWXhsaWJ0LWdobFU?oc=5
2026-09-08,AIデータセンター,,テーマ関連ニュース,⚪ 情報,10,Data Center Thermal Management Market Report 2026-2031 [300 Pages & 250 Tables] - marketsandmarkets.com,"Wed, 27 May 2026 12:49:16 GMT",https://news.google.com/rss/articles/CBMiogFBVV95cUxOUFdqSGpFckJTSUdmSkk1dEU1V3Fhd2o0bFBBZ0ZhTDVyMmJfb3hBYlREQWllX1R6dHZjLXBDNUNPbDZNdktKbWVKVWdJSzdGTDJVbTZFQzcycFpqOUVHRFFpTmpMS3ZsQ2tzdzMxQWh6OWJud2ozYXFSX1NpTW9STFZtc0d5blBYR1UwZzJVdnJzbWo4a084SEpFTVRnU25mcUE?oc=5
2026-09-08,AIデータセンター,,テーマ関連ニュース,⚪ 情報,10,Why cooling is now a strategic design function for AI data centers - Johnson Controls,"Fri, 28 Aug 2026 07:00:00 GMT",https://news.google.com/rss/articles/CBMi0AFBVV95cUxQdVFfcGc0T19GVFltaUUtMjFzQ2RENGxrSmVtSllsTmdRVXppZG8zT21mODkyMTdVN3FiSlg0RWpRR3NDWUtYaGNmR0tzTEd2UjVKRm9jdjM1QmswZ1YtX09UWHVCT2NuaHBCcHNmT1V3M2xVZzBpdlVBTzBXSVE1dDg2Q1Y3NnlHMnRVNzllX0FCSkN1cThFeUo1LTdzNWM4eVAzVVN5U05EZkgwdUhuNlFoUWZPSEYtRTRwYnNBcUtJLS1jOHN1S2ZuUFg2OFBP?oc=5
2026-09-08,冷却・熱管理,,テーマ関連ニュース,⚪ 情報,10,Valeo and Calyos Revolutionize Thermal Management of Chips - Valeo,"Tue, 09 Jun 2026 07:00:00 GMT",https://news.google.com/rss/articles/CBMi_gFBVV95cUxPc0J4VlVuN1VBTUZMZTl4eFJIV01kWkdvRnV4YjBLNUxIOTBGRHNmcTgyZTY5aFBhU2pMN2ZOX1V1RkRQd2FzeExSTTJ4b2p3OUt0dWkxclhza240MVFKa3lzallzQ19PWF9aOEh2dXpZbU5Ea25JSlhKcWt5eC15Q0tydWpreGdHZVJlemZCcHB0SUJnYjJ6bWtHN2Jxdy1pWmZKXzlwejJiejdWT1lhdUZYVHlXWTdtM3h1cUlJalpMQ1F6SmdZSWt3RE9MUk1iRS0wTDJTMW9hWVVrTXZtVlA2eGdEcXFid0QwU250NUs1Y2RVZ0xjMGdGN0lyUQ?oc=5
2026-09-08,AIデータセンター,,テーマ関連ニュース,⚪ 情報,10,SLB’s $4.1B Kelvion Deal Expands AI Data Center Push - Data Center Knowledge,"Mon, 31 Aug 2026 07:00:00 GMT",https://news.google.com/rss/articles/CBMiqwFBVV95cUxNSmx1NWExZ0xadkR5UFJIbzJhenJ2Q3FNc0FaZVRZclo1SkVaMXRoQlJtQ0liWTd3OUNyZVRlcjVIRHJWMnFDQVFXbG1wMkNVUzZqNDF4cVpJNWxqU2UwUnAxakJ2Zl9Kb09kSXNmWTdfWmdYLVIyS1dnRlM4enA4NnN4eUpLeG9tOFY3bS12bnhQTDZtOW5EOG9iMkc5UmJOVnpTUDFNNmhjZG8?oc=5
2026-09-08,AIデータセンター,,テーマ関連ニュース,⚪ 情報,10,SLB Expanding Its Role Across Data Center Infrastructure - Energy Industry Review,"Tue, 01 Sep 2026 10:19:18 GMT",https://news.google.com/rss/articles/CBMipAFBVV95cUxPYVVKcDRVVlZ2NjAtOXZ1THdPOVdIYXdJTndBMWxPWjJubkZ0SWhGVmxOaWlqT1c3Q1MzNXlmZDRoeUJ2am8tZ05vVFV5M0N6QXpvMW5KY2d0cHUwOU5WXy1aOGJMV1NxQ1ZEY0FvejdDU0tfREd4NDk4TEMwU01MZnZ0UnFyajgwUHgwdDF4a2laNEdhNjBaTzhZeEZzWkVMckdFaw?oc=5
2026-09-08,AIデータセンター,,テーマ関連ニュース,⚪ 情報,10,"Data Center Insulation Market Size, Forecasts Report 2026-2035 - Global Market Insights Inc.","Sat, 29 Aug 2026 07:00:00 GMT",https://news.google.com/rss/articles/CBMif0FVX3lxTE5ZT3dRb0dCcGM3ZXQ0bmF4QmhpUGlKRnlWRGJISXdhT0pqd3kxUkV5WkJ6NE9USjFKTXZ1OWNzalg5Tmc3SWhCazFyQjkza3ZFcWZGU2pqQ05taWsxQnRJblRqMW5FQklUUE9ISk5MSFd4MktQSkRiLW9zQ2NnaW8?oc=5
2026-09-08,AIデータセンター,,テーマ関連ニュース,⚪ 情報,10,Trane and Eaton tout integrated designs for AI data center power and cooling systems - Data Center Dynamics,"Wed, 19 Aug 2026 07:00:00 GMT",https://news.google.com/rss/articles/CBMixwFBVV95cUxOS0pjVUFTQS1feXd0N3JVN0JTaDlqbXZ3Z0doaG1YRXZ6RlRvd3RUTXlWc3RaejJWaTlsM3BIUDBLZTdDbVNNWVNSVTlJdmlYUnY2UHo3YWtkWXJKVWtKV0RuWnk4Q1dSc01SOWcxYVZZMm91S05lNHduVTU2R2YzSmRybzYzOUt2ZElqaWR0c0h0UUNkNzRmTXBfd2RiLUpIaGZzLTRVeWlIcGI5dXpsTmkyYVl0QWw3V2xCSmd4QlRBZFcwU28w?oc=5
2026-09-08,AIデータセンター,,テーマ関連ニュース,⚪ 情報,10,Thermal management becoming inseparable from data center operations: Trane executive - Facilities Dive,"Tue, 12 May 2026 07:00:00 GMT",https://news.google.com/rss/articles/CBMiuAFBVV95cUxQWkFvN3NnRTQxU1VSUDNtd2FqNm5hLV9kWEpGcjJlZFpKOTUzdVVucVdpYXVId3A2RTFuaGhfWVRTbzJpWTNOWXlxTTA0NFJGNkZHX2gtcFlqem9fcFIyYllVbnJGaDV5RzBEb1AxOFU2ZWphb3lka3VINGhUbXktWU5fME90Qy1sZGQtTWUtZ3NJNGxnMHdSalNESFIxUTYxcmpEQkhuNmZWVFNHZndRSjE4RUlsS3VF?oc=5
2026-09-08,AIデータセンター,,テーマ関連ニュース,⚪ 情報,10,Orbital Data Centers: Power and Thermal Management for Scalable Architectures - SpaceNews,"Wed, 20 May 2026 07:00:00 GMT",https://news.google.com/rss/articles/CBMiogFBVV95cUxOQVZiRzRfaGE2M0RqeVR2UDdRYURyY01qemxxYndBUVdVcVVpSkZwR1pXckdremZhSldhSTVmUUNEZkV1MDZIZzhBY3BZMUhHS0VwYXlNS0tZaTFlbjNLWmxfMTZSNTQ1ci1FMEhHcEJHd1dVRkM5TzJwNWtpQXpfMHdGYkd1VW1ZQjYtc19OMmwycGN5YUw0VnJxVTJTN3JTMkE?oc=5
2026-09-08,AIデータセンター,,テーマ関連ニュース,⚪ 情報,10,Johnson Controls touts absorption chillers to cut data center energy demand - Facilities Dive,"Thu, 30 Jul 2026 07:00:00 GMT",https://news.google.com/rss/articles/CBMiuwFBVV95cUxNdGdwajZNamRsdVV0ZzZ1NTRZY2tjc1daQ2x6ekZzSnA1QnowaU1DaHg4ZGNUYVFjYzFMbFF4VWcyUHhwU1ZvMFRIMzZoYk5XanNLMjA3bEdMdmtoVFNsYmxkSExNSmZVY29CRGNHcURfTnE4TldwY0tKMmJWN2Q5WmpYWFJrbWkwRHExMFBDdEYtLWxrcTN1NTJaVTJiVFpuYlFPa0ZXaFdLVEMtWUFIbG91Yl9XRHZuTDA0?oc=5
2026-09-08,AIデータセンター,,テーマ関連ニュース,⚪ 情報,10,"SLB to Acquire Kelvion, Expanding its Role Across Data Center Infrastructure - SLB","Mon, 31 Aug 2026 07:00:00 GMT",https://news.google.com/rss/articles/CBMibEFVX3lxTE5rVW9iUk4xd0pRWnc5RzhkZWV3VEQ2ell5S2JLajBmMzhfdERfVzRwR2lhTjIyajYyOW5iN1RvSzRSYkRKNF9fbnp4YXZJUHpfRkFZMUlNTDZkWDg3OWZuSU8yWU85cy1xR19BMw?oc=5
2026-09-08,AIデータセンター,,テーマ関連ニュース,⚪ 情報,10,Part 1: Driving Data Center Efficiency: How Alfa Laval Turns Heat Into Opportunity - Natural Refrigerants,"Wed, 22 Jul 2026 07:00:00 GMT",https://news.google.com/rss/articles/CBMiugFBVV95cUxNNW1KLVJtV1RBclg5S0RKeHNZZ0xhQWNBV1ZxdloyU2kwX3NEYV9IQ1RrNDMzVFFxUFYwY0x1a3BsWjJZbm0weklWOUtlZDQ2bkd5QUgyQm56MzJZVkoyRENHZWVuRGd3NXJYZ3g5S201dHBLLURqVWhxTWxUd1g5WkNkZEo5WGctUnQ0TEtwbVJhYWV5Rk95blRBLTJRX1VBQ1BTNHh3NHVIUTc0UElFSjNyR2pEODEtRUE?oc=5
2026-09-08,AIデータセンター,,テーマ関連ニュース,⚪ 情報,10,Data Center Heat Exchangers Market Report 2026-2032 [300 Pages & 250 Tables] - marketsandmarkets.com,"Fri, 26 Jun 2026 09:34:28 GMT",https://news.google.com/rss/articles/CBMinwFBVV95cUxPYXVGVnZVOVNPMXZpai1YM25fWUFCTUpBSk1DV0ZSd1g5TjNkUlR5Q0Mtb2FJSjN3OVl4ODN0RHZkMHB0N2REMWlHTmNKeHFFcHdON2VlcmNtTzd4WmQxaDU0TnVSMXBrQWN3ZWVSTkJhQVBmd0VnTmRVSnBRM0xyYmx4SUd1M2JXaTJhNklyUGw5Mms3RDhTTDNVeldpX28?oc=5
2026-09-08,AIデータセンター,,テーマ関連ニュース,⚪ 情報,10,Data Center Heat Exchanger Market Size | Growth Report 2035 - Global Market Insights Inc.,"Mon, 23 Feb 2026 06:13:23 GMT",https://news.google.com/rss/articles/CBMihAFBVV95cUxNVkJDUjBfbFhNYlR6UjJhaG5YdTdLaFFaU0xELXhtZUY2MW83R19mRTNFVW9MYWx2ZE04ZUgzWnpTci1DdHp0OHBNS2IxT2dzMUhiMm8zaXpfd0ZqMENPSF9yYndxQmk0enVYTEF0NjdCUkdQeUtZN2o5QzJZUlpHQW1Hbk8?oc=5
2026-09-08,AIデータセンター,,テーマ関連ニュース,⚪ 情報,10,"Tech Explainer: Data Center Cooling - Air, Evaporative, Liquid, and Hybrid Approaches - Data Center Frontier","Mon, 20 Jul 2026 07:00:00 GMT",https://news.google.com/rss/articles/CBMi1gFBVV95cUxOTFhIWFhxcWs2MXJ3WmlaeUh1Ry0zV3pQX2R5NkZRRzB3cS1paGZ1T2ZpVUhxcGlLcTNUb0Y4MDRIU2VVeXdFbUxJSmhKS19oVWdFaXk5U251Unk5dlJSTzBtVHFUSGRCREtESDYxeWRsT2hwcWlKdjZpQS02eGxYVEVsckthNDNOYlFqcU5BaGpDWXRzUW1HV0RzTkNXcFp5UG9JX0RxMDFiTExGUi1pbEJOSVQ0SFVOS1VUNlNENkNyWXNGaEhoTHplRnlEUVRha1luS1pB?oc=5
2026-09-08,AIデータセンター,,テーマ関連ニュース,⚪ 情報,10,SLB Pays $3.4 Billion for Kelvion to Solve AI Data Centers' Cooling Problem - startupfortune.com,"Mon, 31 Aug 2026 12:05:26 GMT",https://news.google.com/rss/articles/CBMiogFBVV95cUxNNlZaNktvZ1ZTTkJLanZFU2pyTVRabVhfVW9QdXMwNU9yUTJFSVhhQ09KUERHOC1FOUdsaklLUXRNZjhlNm5zekFDdGFaZFRkSXBhbGlhYV94WXJRQW1RbU1lMDZPYjN5X1pzeUVUMVg3Q0NfMjZLdUNFY3BLRlRIYnZKM0hoTktBbXFKbVhLNHQyZy12SG9Td2RRQUhiQUd6UHc?oc=5
2026-09-08,AIデータセンター,,テーマ関連ニュース,⚪ 情報,10,"Data Center Heat Exchangers Market to Reach USD 14.40 Billion by 2032, Growing at a CAGR of 11.1% — MarketsandMarkets™ - Yahoo Finance","Fri, 14 Aug 2026 07:00:00 GMT",https://news.google.com/rss/articles/CBMimwFBVV95cUxQT19YVVA4SzB0ZnI3b1dtZDJkcUZ0NEkxY0h0MTR6Z1kzLXFJMTJKZDl6eGdVTHFibWpCVFV4TmFnVEE0aVJaTEtqOVgtclJMcXdvOEE4SllXR05wTVZtOFdhU1IyUnppQ0hOcmtIREFRU2Y2Z1lHMndhMUszRGNmN3VCUk1IWTFCbVM5SFdTUU5zSTBMcDVDY3NQNA?oc=5
2026-09-08,AIデータセンター,,テーマ関連ニュース,⚪ 情報,10,$15 Million Wieland Expansion Adds Data Center Cooling Capacity - Refindustry,"Fri, 28 Aug 2026 11:30:00 GMT",https://news.google.com/rss/articles/CBMilwFBVV95cUxPbThuQzN3UUVMN18zaFZzdGxzbDd0bXBJbGdRcFRzZ0dxQnBjTUpNNDd2UGhSVm1pajBiWDlxSkpQMS1RSVQtTjVURVExby1vU1p3UVlVQzFDajNBUi1RMTMtVHk2VGpabVY4X25qTVFhRS1KTXZpRDBOSnB2U1JMZjRsZ0ZUVzE0ZTJ0VzZ2NXhnSWo2YnBN?oc=5
2026-09-08,AIデータセンター,,テーマ関連ニュース,⚪ 情報,10,Startup’s nuclear-inspired cooling system could make data centers more sustainable - MIT News,"Wed, 10 Jun 2026 07:00:00 GMT",https://news.google.com/rss/articles/CBMisgFBVV95cUxPU1A4OU82OWZFREZqSFdqYnQ2cW5jd3ZJM1pydkctdEI2TV9PaU03bU42cEFXbzJ2MDYyelA3cmtQRkh5N0JidHlibjVBVkJOckxoQXEtQnFNYml6R25jSV9PeXJRMDFFZW44bnBYMkoxX2pYRFRXcURCWGVtci05VXY0alp2OVRfLWFiNUN2VFZiS1ZoU1A5NHFoR2hISHhLRjRRejZyMkZPdHRqY0RjTWlB?oc=5
2026-09-08,AIデータセンター,,テーマ関連ニュース,⚪ 情報,10,Data Center Heat Exchangers Market worth $14.40 billion by 2032 - Exclusive Report by MarketsandMarkets™ - PR Newswire,"Thu, 02 Jul 2026 07:00:00 GMT",https://news.google.com/rss/articles/CBMi7wFBVV95cUxQbkNuWXhqemhzOE1EZXd0TGRwekpFT3VVc1B2dVBwY24tcFdwQXo0R0FObXExYndiZk9LWlRjS0F2TVF3X2d3ZFpCdVN1R05SXzUzZzhVOEo2Y3hkUjRzck1zMzUwMHp4d0VHZlU3LTd4YnhWcjJGTlJVdW5jbHdiSzc5QVlNdWEydHdhYUg4TWJkUkNld0dWMGIzbnFIdzRUZHBsVlQzVVlEaVVuRWFCQUt4bENkMFJ3TVVUdFVtYjZ1WGktRmZ4MFlXbnU5SlYtMnUxYnRydzRGYWh1YmVwT0ljUVZ6aktsUkx1cnd1OA?oc=5
2026-09-08,冷却・熱管理,,テーマ関連ニュース,⚪ 情報,10,Supermicro Expands End-to-End DCBBS Liquid Cooling Portfolio with Rear Door Heat Exchangers for High-Density AI and HPC Infrastructure - Supermicro,"Wed, 15 Jul 2026 07:00:00 GMT",https://news.google.com/rss/articles/CBMixgFBVV95cUxPT3NKMktyaElCQW1QNnlKSlZ2bjZCRzl1UlF5VUx3TkpRLUtmRXppM1lzUDBoSWtRc3UtbEFmQmdRbGl1MndROWprRHk3WTdIdmtPWlV4QUdYcjR5bXY1R1Q0MGtlSF9ZQ1pFQXJrb083OTlhZkktTnA3ckZPY0dPLVpyNW1Uek5VcWZHNlBheEJRa01Xbk93S3NuNWpjSlZPY1RYYlhld0VYZW1RcjJpQVptVk5XRzk1TlU0MXFSNjEtVFRPSGc?oc=5
2026-09-08,AIデータセンター,,テーマ関連ニュース,⚪ 情報,10,Part 2: Driving Data Center Efficiency: How Alfa Laval Turns Heat Into Opportunity - Natural Refrigerants,"Tue, 04 Aug 2026 07:00:00 GMT",https://news.google.com/rss/articles/CBMiugFBVV95cUxNN2twNWQ0cTc1Y09vQ3pVT1NtU21LNGdlbW1XX2tZXzRqeDhxNFB3QUxaN0FVM1pabW1lREdLOVlJODJQczQ4Z0xtZC1mVDBUQzZXZ1p2MVVNTW50ZE00WFdUMUVOUllYN0p5bmR3QnpiZG43MU9kQjhlUDdXNGRkQVJ2c1BidmFPc0JqUUVzUG9QdmlreE1HdXNYaWZrYmI1MGZub18xNlNwSXl6Qld4ekFXRXQ2VmllT3c?oc=5
2026-09-08,AIデータセンター,,テーマ関連ニュース,⚪ 情報,10,AWS in-row heat exchanger to reduce water use by 9% over evaporative air-cooled data centers - Data Center Dynamics,"Thu, 02 Jul 2026 07:00:00 GMT",https://news.google.com/rss/articles/CBMi0AFBVV95cUxNRVhsbVFSX1pHc2M0RDRFNS15cUo2aDZUaU1JbWpiMURUenRpWE5aQ250SGllSDlKdDExdDVzejhMRlM3SjBwQVZ0dzF0LTcyLTlKVnVhWmExNkFMUVBvNm9JUE9qd1BxeGY1eHJHbno0RmxNTTlqVVcyT2habzhYanRVMlBtNzZUcHVoalRhWHJiaWFabFRrUU5TZzFYX3Focm8yNEV3UlhUbWNZQlBnZEw2dlhfZ2ZYMjJUX1ZfSTdKblphbnZXOU8tM3MxTzM3?oc=5
2026-09-08,AIデータセンター,,テーマ関連ニュース,⚪ 情報,10,Part 1: SWEP Brazed Plate Heat Exchangers Turn Data Center Waste Heat Into Energy - Natural Refrigerants,"Thu, 02 Apr 2026 07:00:00 GMT",https://news.google.com/rss/articles/CBMiugFBVV95cUxOb19ZRDQxNnV1OEVJVTNmZlFzeTEwcnVIbmNTeDM0QVd1ZGN5UG1LZ29iQnhIV1VVbGRrNWQ1eURrMGJSaElNS3FhaHR5Y2hiVEhfRFhaSXZabmZDMVlYQlhONTVaMWFHaTc3RFF6bDRCeWdjUkQydF94UE0yT2pRT0p3Zm1lWVNjeUNPR3JvdXJKSjVLb01CM3BqbktIYXl0QjZrZ1hQYkwzZ1QxRUZTOFBBWG5YdEN3dlE?oc=5
2026-09-08,AIデータセンター,,テーマ関連ニュース,⚪ 情報,10,"Power grid auction falls short of meeting 2028-29 energy needs, organizing group cites data centers - The Richmonder","Sun, 06 Sep 2026 17:22:48 GMT",https://news.google.com/rss/articles/CBMixAFBVV95cUxPRTdjcjVFSWc1SUZxTUxkT2pkTnlrcWUtR2MyVlRPNElWcTdaWHpRMDlOY3ZaRlZrQXNubnFtRC1QT2ZMUUh2WjhYSDZ3R2J6TXBqN2s0TEpqQmkxYU11N1VTWFdIeGlyVTZCWXplOWUxWU1wSXlOSDRCUTBMXzJJV3RTa2FWeTNGTHVZc1JwZHV2R3dSTmVfd1hGZHJkLVM3ajhxRWJpOG1lVDJXbnBYY3RUYjJKZnJKRU44bVNCT0N4RG0y?oc=5
2026-09-08,AIデータセンター,,テーマ関連ニュース,⚪ 情報,10,World’s first 22.9kV solid-state transformer developed to electrify US data centers - Interesting Engineering,"Tue, 08 Sep 2026 00:08:00 GMT",https://news.google.com/rss/articles/CBMijgFBVV95cUxOU0xaQmoxelJpMmFYV1AtY0JLUm9wOUdGQUlHVkhBcGNmeUc2ajBMMEJjVkEwcndUUDhBM0pRWWlmV0tIbkZvajFVZk42cEFEOW50U2VLZEwyb1dXaloxSTBBWWRkZEozX245QzNZeGdmSGM0UFltR2hkN2llSmIzdHhOdTVIYnNBcEthTEpn?oc=5
2026-09-08,AIデータセンター,,テーマ関連ニュース,⚪ 情報,10,Opinion: The Lehigh Valley has two reasons to change how we get electricity: Flash flooding and data centers - The Morning Call,"Sat, 05 Sep 2026 11:31:57 GMT",https://news.google.com/rss/articles/CBMi1wFBVV95cUxNa0lsWXo2NkEzaHNoYkpVQVBlcHZ4eXQyeS1XbUU1Vnk0bnh1TW9ra2Jkci1QWkhkVHFDWGJ3X3BKanFEU3RSendkbkd2N05zeng0RXp0TXBoeExaZUdWOHFBXzBEQzY3V2hGclpmZ1RPb0ppR0JpQ3ltcTdXMnYtZGhoeTdoTGk0djNzM25NS0lMeU5ISnhJbUVVdmhxZkV0ejVtUWl4VjJJLUtmN1JHMFUzTHR0NTZ6ZnRaeTZXV3MwMWFkQ2VhZ19oa1VjMGRGYUYyTFc0RQ?oc=5
2026-09-08,AIデータセンター,,テーマ関連ニュース,⚪ 情報,10,Texas' halt on powering data centers reflects US reckoning over 'ghost' demand - Reuters,"Tue, 01 Sep 2026 20:38:01 GMT",https://news.google.com/rss/articles/CBMiuAFBVV95cUxNX0JFMjBfWUxIY3p0OFNoc09iVWtIcXJOWkI4M2tkVFVFdkZ6bHZMeTJJLWc1UDZCVXNhbWc3MDF4QVBmaEREeWpoOHRJZTlad19NcGxBRFlVRmVpTFdSNDdnOEszUG43dW1VSUhSb0g0ekxOcUZadzY5dEdxM2ZhRHdPbTdzRnVHdWNXZHVvX25RN0c4WDJnSDN0eGNlTXR0Rl9HZllhU0RzUzdyaXZ5dWVCVk9oQk9v?oc=5
2026-09-08,AIデータセンター,,テーマ関連ニュース,⚪ 情報,10,New Amazon Data Center Stokes Worry It Would Be the Most Polluting Power Plant in the U.S. - The New York Times,"Mon, 10 Aug 2026 07:00:00 GMT",https://news.google.com/rss/articles/CBMiigFBVV95cUxOcTZPMTAxS3FINHdEcmlIV3pqSWpUOVI0MUFJMFRlZ0MxeDJyc19aekRLMFA1ZF9RaU00TXZxWGFxSTBGbEhyekxneHZ3QTFfMXVJZFBRZWlLYlNmamROS1ktTUZVOVJHZElkUkVWYWtpUFRxbDcwenFBQkFMdGc2aFBLb3JOejRGMGc?oc=5
2026-09-08,AIデータセンター,,テーマ関連ニュース,⚪ 情報,10,How much energy do data centers and artificial intelligence use? - Our World in Data,"Mon, 20 Jul 2026 07:00:00 GMT",https://news.google.com/rss/articles/CBMilAFBVV95cUxPZTdJQ0Ywb3FHcmNHRHFScm9RdzlIcWNRa1NZV0ZJVW0xTVFHSFdwTFk3VEMyTDBuMTlDbEFMTWZ2WlpPTGZXakx4SnJUQzgySGlmZVVZemRXUXpnYV9UWjhQenlBazl0X21pbEtQSzdRUFlRUFVfX3RqMk1UdzhOd1FkN19OTUtYZE5fc2tvbG01Uno1?oc=5
2026-09-08,AIデータセンター,,テーマ関連ニュース,⚪ 情報,10,California lawmakers reach deal in high-stakes fight over regulating data centers - Los Angeles Times,"Sat, 29 Aug 2026 07:00:00 GMT",https://news.google.com/rss/articles/CBMizgFBVV95cUxOU19ndzhGQVBuNm9NdEN0VVUtcmFKcnF3dmNSZ0FyZGZuUXZEYjRWbGJUN3NoTWt6T1I5TTF6UzVzSU1VUkVseGNWR0lCUGVTUkJHSDBVbVNJSGU3Y2l0SWo1VXNVaDQ1d3UtcHFtSGQyR3lhQ1VwWWM1LXV4cVhIZVZKM29Sc3VOU3p5dHprV2tnbWtPUmZtMGhUUy05ZnhwYUFxMnRQbnNVSjNUenlrN0pXVXRPeWZLNkJuMFc4TVF3N1ZodEwya2toNmhBQQ?oc=5
2026-09-08,AIデータセンター,,テーマ関連ニュース,⚪ 情報,10,"Data centers must report water, energy use under new law signed by Gov. Sherrill - New Jersey Monitor","Thu, 27 Aug 2026 07:00:00 GMT",https://news.google.com/rss/articles/CBMif0FVX3lxTE1nNHZSa3lpR3ZKR1pON2wxLUNSSHA5R3d6eDV4RUktU0llY3pBR1dTLVg1aTc0MDhITnk3MVpIMnhSTzJpT1VGZExtb3RzOHIwMDFLZWRocDNWYlBfOHkzMG9JaHJGRDBJYS05dGpuakZudWxHemdfTThXRXV2ZmM?oc=5
2026-09-08,AIデータセンター,,テーマ関連ニュース,⚪ 情報,10,Clean Energy Resources to Meet Data Center Electricity Demand - Department of Energy (.gov),"Thu, 03 Sep 2026 19:21:47 GMT",https://news.google.com/rss/articles/CBMijAFBVV95cUxNS3BpVTdBYWozS0QzbFdJakhBcUltUHd6T3RDQ0ZJZ3VYZjFNejEwWlR6MUlLdklGdlMycXpQbkhGcHBXRVFiVDhSQ3J1dWdJT0RxT3AzdXhnRFlWcEJUdzA1Vzdmb3cwbGQ0eWR6aWVUWTNuYlc3Y3BuUzRiRHVwOEdrN0dkUnIzQW9tYQ?oc=5
2026-09-08,AIデータセンター,,テーマ関連ニュース,⚪ 情報,10,Data center faces backlash in Fremont County - WyomingNews.com,"Tue, 08 Sep 2026 18:50:00 GMT",https://news.google.com/rss/articles/CBMivwFBVV95cUxNbGQ3UUxJZkpGeDl3TmVYVHRNUWhOZkFlTmhyNUVvRTA5WXVmLWVna1dEbjVxTFJjMGNxMDJCb1JUUzVhM0RvQTAtV19QcG9CTjRYRXJ0aGRjZE12YjVhaEFPSkJuZnVLUXRZU0c3eHdWeEJMS2hvdE5NSFJPS3h2RkcxT0RWWWJfUnI1czlBUG9mTkNQZnhKNzBFQzNfYzl3eWhHbHc1LWVzUXZWRFBGRTZTbnp3UHZGSG52T2NpZw?oc=5
2026-09-08,AIデータセンター,,テーマ関連ニュース,⚪ 情報,10,Massachusetts Will Require New Data Centers to Use Clean Energy - Bloomberg.com,"Tue, 08 Sep 2026 20:01:46 GMT",https://news.google.com/rss/articles/CBMitAFBVV95cUxQaElsWnFDd2ZucUw5eFphTmtqa1p5VXpXMEc4MkdxcjQ1RkFGcHBybTJNaDVZQWlIVFlPUzR1OVRBbmt3YjF4VTVCMF9xR3Qzck92d3ZZMG1kbVlFZF9XOXlaWnFUY1BZcGFfbkZGY3A4UE0yeDBuZUMyZTFJUVhzU0J0UHV0TWJFU2t2aFNyenpHdDRNWU1ZclhpUkQxMnZlMzRlTTFXeDJhRklDOEFRY296Y3c?oc=5
2026-09-08,電力・蓄電,,テーマ関連ニュース,⚪ 情報,10,AI wants electricity now. The electric grid needs years to catch up - fortune.com,"Thu, 03 Sep 2026 16:12:00 GMT",https://news.google.com/rss/articles/CBMid0FVX3lxTE9xQmdLTWVjakx0N1AzV0VWZWhweFFHSXZfdmc1Vm14SEVNREl3SEJzc1R6ZnpCYjRZWEEzd2Z1ZTZrT04tVHplU1lYUTdMbEFQR1RzdUxXM0kzSGNoRkFrQ1Rfd014dUhWa3Rrd3M2V3IySXZqeC04?oc=5
2026-09-08,AIデータセンター,,テーマ関連ニュース,⚪ 情報,10,Automakers target data center energy storage market - New Orleans CityBusiness,"Tue, 08 Sep 2026 20:05:36 GMT",https://news.google.com/rss/articles/CBMikwFBVV95cUxPdnk1UTlldXdiUG00XzdfWGVxSElJT2xMU3ZpZ255SllNUmRWWWR5dERfMHFyQkZuT1dWVXo3eDVxRVJHS0UyV1lodjl5Y2dKT1I4Uk9kdVB4WEJfXzY4SWlPblBUbjFKUld1dm5QQURJQ3pMWDU5eDZEUERIU0Y0LWFnZVpJcC1XY1hPcVFWaFpWSDg?oc=5
2026-09-08,AIデータセンター,,テーマ関連ニュース,⚪ 情報,10,National security expert warns of power grid vulnerability due to strain from data centers - nbcwashington.com,"Tue, 01 Sep 2026 23:41:41 GMT",https://news.google.com/rss/articles/CBMi7wFBVV95cUxPSGZBTUdIc2k2cGZ2enBvUHQxRlM2OUxRWnpGNzZ3VUNGcGZ2cnlPb0VOaUptV3FGTXBqMTVjOW91eWRpanJSeEJpODd4cElWQ3AwaVF4dmFuaVVQWHpzTWNJZWRjLWZiblRUa1NENHN2VDBQVWtydHZrb09wVjFEbmdnUmZPRzlaNFR2Qlp5Tm1mSDYxX3BFWnE3YlE2U3h0MDU0aWM3anNnb19TYVRsRGJiYzdBbFI4VkdqbzB5TktoUm9aS254V0t2YkdPV3FqN294OW1SaVN6SUxObGdoUUVURDhsMkxMcXAyVkFYQdIB9wFBVV95cUxOVFlCUHFySFRFT1FMMVRqeDVXNWNEUE4tbmVKanpSQ1lJTWlrUWVQSDBpY1BqbkNKS0l6UGZtU3V5VWFkYVZoZVFrWWNOa1ZHeC05Y0Nrak9nbXBQdUl4WlM4MTNMb3BwYnpVZm1leGJRR0xIYU5FZXRqOVE0dGtDRUJGdFVJVnRxQWNqS1RTNzREUTJJeWtNX0hNOWZhcVpwVGx6QzYzRGJQdFFxRE85UC1YUTFOR2d0NU9KQzVVZVhIX3h2RDVHbHpaaktON0JsTGlFUWJVbWdmMVY4R1ZfelVBUHdNWWZxREFoLUtRWUZ5REFGdl9r?oc=5
2026-09-08,AIデータセンター,,テーマ関連ニュース,⚪ 情報,10,‘The Evergreen’: Data centers are everywhere - Oregon Public Broadcasting - OPB,"Mon, 07 Sep 2026 13:11:19 GMT",https://news.google.com/rss/articles/CBMifkFVX3lxTE1yOEhWRTFIVVRtZXdVNW15aWt4X1ZPVFVvcWlhYnktWmI1U0dPQ3otSnRHM3dxUXJOM3BEMnF4VnZNSkVCTGhQZFdFTF9CN0V5TFVoZ3YxU0lvWnpaaFlzNExuV2pCT2gzNE5lMUFmXzB1cEhZaU5VTDNQSlJFQQ?oc=5
2026-09-08,AIデータセンター,,テーマ関連ニュース,⚪ 情報,10,AES Tech Wants Data Centers to Lean Less on Your Power Grid - Ubergizmo,"Mon, 07 Sep 2026 15:50:00 GMT",https://news.google.com/rss/articles/CBMimgFBVV95cUxQb0FoZHluaklmM0pzbVVxMUNvQVd6cjA2UVdCRWVoQnZGcEZXNEsxOVU5el9OMS1KMHBiZHVxRXo0SG5ncDc5NUtPdWNweENlQmpnbGtYYktxTmIyNW11U3NrTDNtNzBWRVNxSXhfNW1MNGF2R2RhdDZMVDNUM1lCOTQ5SU5Qcnd1eDREX0JKbVFMVzlXY2xZVjF3?oc=5
2026-09-08,AIデータセンター,,テーマ関連ニュース,⚪ 情報,10,The race to secure power without burdening the grid - Data Center Dynamics,"Tue, 08 Sep 2026 07:40:51 GMT",https://news.google.com/rss/articles/CBMipAFBVV95cUxNbUtKcEMwSWlwUWtBRDk0S3ZPSl9QbzlWRVpYblBUSy1jbTNiTTc0ekVGaGZCSGw0eTZsMWRCQnBsdHplVzJiMXhTUlc5RHpBX2xnbHl5NDFfME1nejlmbWkyaldqU2Y2UUE5T25CYW5pOVpiY0FIYXlHZENJX1M5bDNxUHhLSnUxSHo5cTdQdE1ac1FEQUNUbzI3dGhDMjdEWXI2Nw?oc=5
2026-09-08,AIデータセンター,,テーマ関連ニュース,⚪ 情報,10,Beyond Santiago: Chile data center investors seeking govt land for projects - BNamericas,"Tue, 08 Sep 2026 19:30:44 GMT",https://news.google.com/rss/articles/CBMiswFBVV95cUxOM1hQRjZzZEVFWVBwMUl3Q3ZjalZUd0Z4QkFoVU9tV01PYk9zd3lveE1UUnV3Mjh5WGhGWTM5WHZfdUpvdklkODZNRW5McnhvbldpSDJLY0dGR2k2TlZxaWpRT3R6MUNGcWQyOHlBZ0UxVEVSb0dpbkdwU2F1ekVSN2FzMnNfekJHQUk0UzNRWVN0MWRJZ3EzbDhWeEt0b1dmMW56anJrS2s0YUJsdGZnRnZSdw?oc=5
2026-09-08,AIデータセンター,,テーマ関連ニュース,⚪ 情報,10,The UK Power Grid Has a Phantom Data Center Problem - WIRED,"Thu, 27 Aug 2026 07:00:00 GMT",https://news.google.com/rss/articles/CBMieEFVX3lxTFB2TXpLZnVkWWtwY2NJSkIyWEdJYVNBVmpoTHEzTHBlbGdUeVZ1OFVnV01iaDdVN19VSHRqT3ZKVllOa0RpTnJNdURIenQxTVcxb29XazhELU91YlZIX1V1dmlIZ21YVTI5QUt6NUtFaF83cVdyUHBjVQ?oc=5
2026-09-08,AIデータセンター,,テーマ関連ニュース,⚪ 情報,10,"California 2026 legislative season: Data centers, grid reliability and clean energy - USGBC | U.S. Green Building Council","Tue, 08 Sep 2026 14:09:50 GMT",https://news.google.com/rss/articles/CBMisgFBVV95cUxQb29neXNfQU9nMVR0NV90eV9Ta1hUTXNwdU9rSW9RUm5oQVFtWjB5UDV1eFlUVUMxanVMa2lfbDVncDNtRWF2UU9oRFhIM0VZX1djVEZPdzF4RDQtZG5jc05SQmpXemlrMTlSVEQweGNxRmhaV2lKVkh3VElibnFQSXFyQWd6OU5Bb2FEZ09nc3VncW5MamtFVzV6RDJXWVRMbWUyX3hIVTJrZkJpMWs1cmR3?oc=5
2026-09-08,AIデータセンター,,テーマ関連ニュース,⚪ 情報,10,"AI Without Friction: Mindstream Energy's 400 MW Answer to the Data Center Power, Water and Community Challenge - PR Newswire","Tue, 08 Sep 2026 12:32:00 GMT",https://news.google.com/rss/articles/CBMi9gFBVV95cUxPT0Z2MjVXNGJoVW1nZ3dxelZIcUFXNnp3UmJ3SWdsNTBUaldJb2t0TGNIVXJiYnlodWtVZXNaM2NOQXhyNC1hdTl3Q2EzdjZuZk5EU0Z6akE0NWFZRWZQdHZJeFpoMkttenFoWnRTclliZ2hYVm85S21ZTW9PMXd5UG9kcHlkbXpOMTByVE4weFZIanE2NFRqNURQa2Jtc1NyX2IyYmVfVXM3YUMzU3NzN2ppNEhjak5ZdDR4cndobi1fd1J0Qm9pbTl6VHliUUE5eHFfSTRVSm5IbFFzLWp1endXX3I0bUktU2FDenNhQjNQZURGTGc?oc=5
2026-09-08,AIデータセンター,,テーマ関連ニュース,⚪ 情報,10,Sturtevant presses Spanberger for data center pause - thecentersquare.com,"Tue, 08 Sep 2026 15:37:00 GMT",https://news.google.com/rss/articles/CBMilAFBVV95cUxNWHhwZEZiT1gwN2l4d2gyUHhTYnhnYzBScmk2YmpkNEhlbGFIZEQxYVYxU3ZER05pcUt0NEhXWTlsbC1ZOG9jVnZESU1PcU9hMlQ3d212TXNQQ0xvS1JyeUJJb1Z1QXprLTJDMXBScVNkaXlYWXZFY1k3ckdKSEt6aHp0ZHJOeUxhZzd2c3g2NG5VMXpy0gGaAUFVX3lxTE9WcDR6T1ptV01QR3VFZmY1MWR6alVIc1ZjbmVkRE1rbHV3c0dMWFRFV0gyU25vVzZYUkhtdzJzdWpra1cwb1BSWVI4bTZ6RVRmVTlIRDRYZGRJZWw2UkMwbi05TXNYdU14VkVtSUdDaWFGWV9oYXZ2ejNrUGRxYmNrdkV4OFYzOVdObmxRQy1mV2hBTXRkX3YyX2c?oc=5
2026-09-08,AIデータセンター,,テーマ関連ニュース,⚪ 情報,10,All the latest updates on AI data centers - The Verge,"Wed, 02 Sep 2026 10:00:01 GMT",https://news.google.com/rss/articles/CBMiqAFBVV95cUxOb0UxRGMyQ3VLZ1hCY2U3dVVzZnYyX1FZSGJ6OElGOFZ3amc1NnY2Z3Fhb2NIcUp4UFNQNTBQZ3RPa2RiaGEtYWROcHpadFpCV244Nng2VDZuOTBMZDNwdHR3ajl4RXhSSEFjSUZQMVlFd25GSXNZWHZxaVpJYXN0VFJSYUtwcWpOc1huZENJSTRjTlJtTUN3RXh4WFgxRkhOZnBLNVFwSHc?oc=5
2026-09-08,AIデータセンター,,テーマ関連ニュース,⚪ 情報,10,"Hundreds of data centers to be audited, possibly added to state power grid - The Daily Texan","Mon, 24 Aug 2026 07:00:00 GMT",https://news.google.com/rss/articles/CBMisAFBVV95cUxNSlpCXzJxSWF1bGZJWEE5ZjIxLWR4blViN3VSUkRKc2xQV3JOaXZMSmFqaUVIbk90MHpkZ2QwQ0wwLUVNM19JMjhTMk5OdHd6bWxsNmpudUpGWENfYTRsaXo5SDhSbDBpMXBJaGlVMGhtUHZFbzdUd19GQ1ZoZVRFRGlycDZST1o3b2QwX29lR2RjNElhbnc5cFNBWmJiY2pya09LeFBURjktbDlETDNRbA?oc=5
2026-09-08,AIデータセンター,,テーマ関連ニュース,⚪ 情報,10,Americase International Regulatory Expert Contributes to OCP Guidance on Data Center Energy Storage Safety - PR Newswire,"Tue, 08 Sep 2026 18:04:00 GMT",https://news.google.com/rss/articles/CBMi9AFBVV95cUxNSTdpTnJ6RTYtaUZiOGNidmZwazMzMWxsTER4UDROWHA2YnVDb0JSVHhVa3RHRDYybFFBRXBRQ0ZlekJlU1lFQnQ2NGJkVXVxVzlOdXVzX2NTT2ZadHUyeng5RUI2dUNYNFJXX1dVWHlaSDRSdnVfTm9HMktpZl9JNHRHWllmU1RYWTNrd2hoTElxbEhDeTlmY0dxZU14MG9iTU8xbjhoR2N5ZmZXZkNNTFNtbi16STFhc21qZGtETjlWckNaUTdlWGw1eFowX05abkpBc2gtWWp5R1dmakxWbTF6c29rN2VoU1N1NHZ5eExKa3hk?oc=5
2026-09-08,AIデータセンター,,テーマ関連ニュース,⚪ 情報,10,The evolution of data center energy: storage and orchestration - latitudemedia.com,"Wed, 02 Sep 2026 03:27:38 GMT",https://news.google.com/rss/articles/CBMioAFBVV95cUxNRGVHeU5IQ01GaFowaWEzY09kY3BPU1dDMjIzZmpleXNxVk96ZEdPNlc3cmRuQjNxVW9GOEQxNHlvQTVuM3NranctUF9qbDBfVkt6Ulp1a1Fvc3ZxdkVTZDVyUEhOQXVQNmtacWZkNFhvUDhDemV6eHNvTkY5RnpYZzJQQUVSY2l3V3hRWWI1YU5hcWZZTGxVOV9rNjlBYXI4?oc=5
2026-09-08,AIデータセンター,,テーマ関連ニュース,⚪ 情報,10,Battery Storage for Data Centers and Safer with Solid State Batteries - IDTechEx,"Sun, 06 Sep 2026 22:48:28 GMT",https://news.google.com/rss/articles/CBMivAFBVV95cUxNUm5GVnRUbGw0eFpoWnFSdV84SzUwX2owRWJ2OHVyRjFua0xnZUxRQlBjSDhkeU5jSmktelliTm9qRkRNSkN0VHptaXNvMmowbmhkQnRRZ3JwcU1oSk9uRTRfUllfZnNoZGkwNWw5REZZZGpaMGl2b1ZNSW1ic3M3TnFKc2QxM1k2V0hyaUVrRWxDb2Vpa1RJSlFrbmNKZnBqaml4WUxsdTR2VkZRWW1MRVJPSUxkeUo5dXBVdQ?oc=5
2026-09-08,AIデータセンター,,テーマ関連ニュース,⚪ 情報,10,This Energy Storage Stock Jumps on Deal to Power Google Data Centers - Barron's,"Wed, 02 Sep 2026 18:54:00 GMT",https://news.google.com/rss/articles/CBMif0FVX3lxTE9vck5ITzFvYUNTcEU2VGhjNkJSWkZxT3Zkb2JwYnJieDZTaE5SYmcyQUhuNkNVRENISjdqd19YbF82MU04NV9FanhFa1JYWnJXUWt0SXczdHdaYWppQ3FGSzlQZlA5aTNidWs5ZUFFTFVOcml6SkpuRjRHejdjbms?oc=5
2026-09-08,AIデータセンター,,テーマ関連ニュース,⚪ 情報,10,Italy accelerates AI data center with hybrid power - Inspenet,"Sat, 05 Sep 2026 19:00:00 GMT",https://news.google.com/rss/articles/CBMigAFBVV95cUxPX0dHbEgtTTkzWW1XdWpGY1g0MmZzRW1WV0xnSmQwN2RjdWJiSGNuNERoQ0VuZ0ZiYmFYYTM2Q25PTnhFcm8zRjU0cl96N3ZSTExkMTMtcVpzZGNuVHlLRWdCUjZnU21zbFRiRnNPVlRKOVVqZ1NfRFNoRFdISHR0cQ?oc=5
2026-09-08,電力・蓄電,,テーマ関連ニュース,⚪ 情報,10,"GM, Ford Turn EV Battery Bust Into Energy Storage Bet - Crude Oil Prices Today | OilPrice.com","Mon, 07 Sep 2026 20:00:00 GMT",https://news.google.com/rss/articles/CBMiogFBVV95cUxQVlZncXlWekVLSHpBaHFNYnVFb3laTFozdU9uLWtHVU44WjZiOUo0NVd5V3UxMEVtZFR2QWM0dC1yM3lua1R4T1R3SUViLUtha0F5WGJ5UWxqUm9IdndKby14UV9MTnZubEJ4TkphUk5aMWJVREN3bTc3UDdmUlFiUHQ5ZGFKU2F2V2F4V2xMNERYR1ZqclFaVmVab01SQVdVWGfSAacBQVVfeXFMTjV3SDg0eXFQWDFpX0gyLWU4dXQ2NU1MV1ZkbWh3MVR3SUhSUm9FRndqTEh1TkFiMHVpTl9DOHlJVGp3TXk2TU1lazhOOEVXa3BCZHFqaDVuaC1ueDBkN0pFY0tZeGo4UVJScnZ3SEp6RlNUNDh5ellHeEc1c1QxeFd2eEtyZF9oa05Kdnk3cFNELW5nRGtERzdBb1UzaW5pOWZoSEFYS0k?oc=5
2026-09-08,AIデータセンター,,テーマ関連ニュース,⚪ 情報,10,"Not-for-profit utilities turn to energy storage as data centers drive cost, reliability concerns - Utility Dive","Tue, 09 Jun 2026 07:00:00 GMT",https://news.google.com/rss/articles/CBMitgFBVV95cUxPTkhmbVFObWJHU0pPY2wtRGp5M3I1b2pDTkY5TllVbFJJbDl6b1FUMTdGb04ybUFDSXVMbXB6dlVzZ3VqZmNsdjROckdNS1BUN2pwN0JNWFFUZzByeERyV0lvS05kRGFWczhoOUktUGhWbnlveWczU1dmRnhTZWszUXJ5a0J2WDN2Rm5fVGtzVk0tSzR3NTBVZlltUm02SGN5b0RqU0h5dkswRC0xMlhQc3M0WmhTUQ?oc=5
2026-09-08,AIデータセンター,,テーマ関連ニュース,⚪ 情報,10,1-GWh energy storage project to be sited on Ohio data center campus - Solar Power World,"Thu, 30 Jul 2026 07:00:00 GMT",https://news.google.com/rss/articles/CBMitAFBVV95cUxQQXZiRGlDNjZ3TG1YYkU0RHd2RVZKYmNPWjBtNkJDNnd2cUk0U2dNOTFSdVgtM3ljZ2ltTktlejRteWRPLTVERmlscEo5aVk1OTVzck9QY0dCVkRMUFhOQWN4dGdsVy1MbDl0b1E1N1hCNU9VY29fMG9zZEo2WktyOG9OSDJfOU5GZFFFcktJMmJmTy0zXzZhNE9fRm5GZWRLTDM3WEhQUzVibHFIdUxXUnVPUXc?oc=5
2026-09-08,AIデータセンター,,テーマ関連ニュース,⚪ 情報,10,"BESS Edges Closer to the Data Center, but Questions Linger - Data Center Knowledge","Thu, 18 Jun 2026 07:00:00 GMT",https://news.google.com/rss/articles/CBMiwgFBVV95cUxPTi1mZkgxSVVJaFpWcVlLOENWNktsWV8zbHhOVGhWc3VrSXNfNDlQeU43YW9OVWxUS0VPSDJQWlZWZWw3YTdISmo3ZGlpOTBMN1lBb2lnbTdiSmR3LWtUVUtjcktNX2lsZGo4d2hBR1NqR2ZrOXZ3c3RnSG9FNHB3OFNCRzZRTzJ6WWpiLTZoV2Qya3BFMENCODRyMG9hZ2lWY1l4MUJldjJpdnVBM254cHJzOW1JcTVFQkYyWkV2N2cydw?oc=5
2026-09-08,AIデータセンター,,テーマ関連ニュース,⚪ 情報,10,City Pauses New Data Center and Battery Storage Approvals - westchicago.org,"Wed, 05 Aug 2026 07:00:00 GMT",https://news.google.com/rss/articles/CBMikAFBVV95cUxOUlVsVVd5dzhJc0tsVlJVQWdnMFVzUFVlOElfMktwMUhXekxkcDdOYTJ6U3FJOEIzVE1INm92X3ZHcG0wWWZQVXRzaDdkM1VnNXJfQUdoODBwOGNTZFV3cGh3M2YyMnhDLXNZbUx0a09xenZTRlZyNXV2UlRNaFhFRExNSmgtQVpiLUFZOTFJOXQ?oc=5
2026-09-08,AIデータセンター,,テーマ関連ニュース,⚪ 情報,10,"Yakama elders are fighting to save their ""mother of all roots"" from a pumped-hydro project that may exist to power a massive data center draining up to 80% of its output while a sacred plateau of irreplaceable plants and ancient heritage faces permanent erasur - Energies Media","Tue, 08 Sep 2026 19:40:23 GMT",https://news.google.com/rss/articles/CBMiakFVX3lxTE9pejRWZTVsX1NIZ0pqMmgwM2VodThybGsyRTlyM0lYbkI5dHAwMTZ1SmpoYVptY2ZLaG5peW11VlctQ2liRGhwVldUbTJBeV9SWWNwOTRtVVZKZ2xKQWU3TlVUWkw1a1JtNXc?oc=5
2026-09-08,電力・蓄電,,テーマ関連ニュース,⚪ 情報,10,Bloom Energy Added to S&P 500 Index on September 21 - Fuel Cells Works,"Tue, 08 Sep 2026 15:47:00 GMT",https://news.google.com/rss/articles/CBMiiAFBVV95cUxNWWZZRmNhM2xjbmRnZEgwU2xwVzI2T2xXbzlSQ1NQSk5KeWpyZ0dHbkRfeEJDNUFXRmpsUVM1TGE4TElIUVlITnU3dGtOTm1DbGxNQTVjX05IQmhuOHFBWWFaVXVZbVo2ZzhvWUJ4cXFja1NSdGNzUmJBaHZkZUNoSEo0Qjk1ZUVK?oc=5
2026-09-08,AIデータセンター,,テーマ関連ニュース,⚪ 情報,10,Why data center companies Equinix and Oracle are buying fuel cells - Trellis Group (formerly GreenBiz),"Tue, 04 Aug 2026 07:00:00 GMT",https://news.google.com/rss/articles/CBMikAFBVV95cUxQRUxjOXp0ZDc3LWNfY21Bb1I5RWtrR2luYUJJRWZfRzNkcFRpQmlBTHFfYWQ3eW9NamFtQTBxbEVCY3oybTctVGktQm9BZU04T0ttdzhNWHRvdklaUXpuN21OeFBQQTZvQkFlSFVYSmtDMzZINlZfbDJYVGtZYVBjR0tVVVo4Ym0xYV9penowNno?oc=5
2026-09-08,AIデータセンター,,テーマ関連ニュース,⚪ 情報,10,Vineland data center makes case for on-site power generation during 6-hour hearing - WHYY,"Thu, 06 Aug 2026 07:00:00 GMT",https://news.google.com/rss/articles/CBMifEFVX3lxTE1IclZnWGNJZE9VRVhORzBqUm1HNU52Mm93Wm8xUndveVF0OFQyXzVLOURGT3dMd3ZiSFktVzdRTTZFaVVQZXpXMEFBcHRwZFpfRU1GeHlmSTBhRDlkc214T21OSjFDWVVBVG9FTS1aUmFiWDNKQ3hfMko2NlA?oc=5
2026-09-08,AIデータセンター,,テーマ関連ニュース,⚪ 情報,10,"FuelCell Sinks 13% as Wider Loss Overshadows First Data Center Reservation Deal, Bloom Energy Slips, Plug Power Barely Budges - 24/7 Wall St.","Wed, 02 Sep 2026 13:13:00 GMT",https://news.google.com/rss/articles/CBMi-gFBVV95cUxOd1FYVDlKRTRoeEJKMEh6U2pnaVhiQ3g0a19qX0lPRnVfVlkxYi1GWUJJZ2FXTjlvX29SNXdtdV9zV2VrcC04aEhzM1p0bHlOMlFPaGg5aTN0Ui1BUF9rbDEyRlRnWHgtcWVwUTQ4ZFBIMjZra2hMMFY4SUVqbEd1NDhXMTBTcDhacEt4VkZtZXlvQ20tRUVJU3UxMV9jRmE0WDY4eHFmVnhSSlhOckd4cmk5RmoxM2dCTEhLelJXZXpuMExlaDRLZjBpR2hoWE01MmtGS05nczdFbHNGV1FrVnhFRFFDd29ERTd0Q3JFMmNJMWJMMXB3bGhn?oc=5
2026-09-08,AIデータセンター,,テーマ関連ニュース,⚪ 情報,10,Big Tech Can Build Data Centers People Won’t Hate - WSJ,"Fri, 04 Sep 2026 12:00:00 GMT",https://news.google.com/rss/articles/CBMickFVX3lxTE1JcHNLb2RFM05GeEg5RWVkajQ1Q1VnTkZ6Y2syZWtqdEtRNVJkcldRZXZ1UFlGcWVpemVJZHBOVlRDS2FSZWxXa0lPUUhxVEJFRFR3TXhCaHFlWFZuLTBENVM5MUMxZnEzVVZGR04zdDRaUQ?oc=5
2026-09-08,AIデータセンター,,テーマ関連ニュース,⚪ 情報,10,Why Did FuelCell Energy (NASDAQ:FCEL) Sink Even After A Landmark Data Center Deal? - Kalkine Media,"Tue, 08 Sep 2026 20:10:00 GMT",https://news.google.com/rss/articles/CBMiuwFBVV95cUxOeDZZOXN0ejBoV1FIaTJRZE5XeTVhUDF2a2owNVQ1WERZT25fTWhZd1J5dDNVVU5GYjNBSFJ0elBsM3RaLWNsdU5tNkVOcS0zVzIwZ0J4T3hTVTI3OE1GYkRjUDJuRHY2RERnUzl6dzZIT0lPR0RUOGREamd4d3VHM01laDdIdGhjV1BIVXExQ0Y0M1ZyWEtPYVNCbmVtY3JTN3phOF8tMTBhY3hrZXJhVmxDNl94WXhVby1r?oc=5
2026-09-08,AIデータセンター,,テーマ関連ニュース,⚪ 情報,10,Giant Data Center In New Mexico Will Be Powered By Fuel Cells - CleanTechnica,"Sat, 30 May 2026 07:00:00 GMT",https://news.google.com/rss/articles/CBMioAFBVV95cUxNT3JvY1hlTTB3T2M2Q3drWkVxM2pUU3U1SkhUb09iYjhNdE0yVU1xSk9ZXy1TSWdybXIyVWstMF95NDBwN1phYnFmUTZfNG5GTmppaXB6ZEpIRjN6ZFJlaWE0SHI0Tm1qWGZfZUxRdmVvSlhCVVZHZ1ZpbGhWYnA3Z0FOUDVsNWVFYkhyLXBLXzd2Q09vUHNicXdSWjZwN2dB?oc=5
2026-09-08,電力・蓄電,,テーマ関連ニュース,⚪ 情報,10,AI Transforms Hydrogen Fuel Cells Through Smarter Materials and Performance Optimization - GlobeNewswire,"Fri, 04 Sep 2026 15:21:22 GMT",https://news.google.com/rss/articles/CBMi8gFBVV95cUxQWXoyZ0ZKelBWbEFQQ2dabi1OTlV4MENGMHkwaEw0alBFN2xnQTJjc3ZLQkdGRXJodmFxTUxiZXJVQlZHRHVaeERwVW9GWDRPczBpNkRkRmNfeExrSGFXNmdiLXM4QkNXM1dRYnhjSThWQUwzbFlQeWZMN0ZXQTRLcTJoVHBudTlrN0ZKek9OU0NnYnFIT3NEaEozcFBVT0hOVnY0Qm0tZDR0NlVJYkIwNFZFMXEtVVhHOWNTcXBCZlZpUHc5b3AweWp0U2Q0a29iYXc5SzZxbkdrbWVHUnpfZ3Jlekphajh6VnJPMHZ6LV9fQQ?oc=5
2026-09-08,AIデータセンター,,テーマ関連ニュース,⚪ 情報,10,FuelCell Energy: AI Data Center Push Likely To Remain An Uphill Battle - Hold - Seeking Alpha,"Thu, 03 Sep 2026 02:53:04 GMT",https://news.google.com/rss/articles/CBMirwFBVV95cUxNNU9Pb0w1SFRya2IzUUZOekxaVW9xUDdjUkdzbzQyeFRRNVFJNlVseTd3SlJGZVFwbmp4VGZFdGVuZVpTWVpUX1BWaXJqdU9GU0VGNlYzdFJMS1BKR3dqT1c1UTB1a3NWemt3bUFtc2RPa1RrTU1RcTZnTGhwNU9jRHh4R3BSX3RhRE5EVkdrZ2t6aHl2XzdJT0FYZ2Z0ZjV2dWtTZUdHOEJKVXc0bF9V?oc=5
2026-09-08,AIデータセンター,,テーマ関連ニュース,⚪ 情報,10,Vineland planning board approves 2nd phase of 300-megawatt data center plan - WHYY,"Tue, 18 Aug 2026 07:00:00 GMT",https://news.google.com/rss/articles/CBMiggFBVV95cUxQV3QtLTlyU29oNEpqcWJESk5VZ21CNlkzWnhGM1o4MFRfWmNwNjlGWDBFMWZzNzJOOG9hYnRsck1ubVRrLVFNNnFQMl9DMUU4UGY5dzBGMGs5ZVdJNTJPWHVPTi1kSGtUYkd2d0NaUnplU3JfVm5XeVhYaVBBUkxoZVd3?oc=5
2026-09-08,半導体,,テーマ関連ニュース,⚪ 情報,10,"Top Advanced Packaging Companies, 8.6% CAGR to 2034 - Fortune Business Insights","Tue, 08 Sep 2026 03:05:50 GMT",https://news.google.com/rss/articles/CBMiiwFBVV95cUxNMU1tSEdDeHZiZWNXaW1zdUlFaHpNXzJma1lGWjlNdDhVc2N4cHRvajFmcnRBMjdpcHJNWGlSMjlwNldZNFA1Yk0yMG1lVHZkLWNaZ2duVkw1Y3lac2l1TzlibjFEVFJRRVdfdVhETUFLUnk2RExwaUFRUXJIR3NZYzZWdEFSem1mTlkw?oc=5
2026-09-08,半導体,,テーマ関連ニュース,⚪ 情報,10,Samsung Electronics Launches Advanced Packaging Lab in Yokohama - 조선일보,"Tue, 08 Sep 2026 15:38:22 GMT",https://news.google.com/rss/articles/CBMiiAFBVV95cUxNUW40LUxTWEpCaGk1bkVSSURDRXNiVE9neWFvRFpnZnhaa1QtR0dCcUVNWjVaWWppcW50dXFWMVdEWlE0NEdPWHNTRHRaT29HVC1peFpMV25KYzJlZUZnOVVNV0gwWWFuY0ZsOWtWdnVKdnFzUFdodlRTQWk0SHVqMU9IcFg3MGg5?oc=5
2026-09-08,半導体,,テーマ関連ニュース,⚪ 情報,10,TSMC expands Kaohsiung operations with new advanced packaging verification facility - New Electronics,"Mon, 07 Sep 2026 08:09:18 GMT",https://news.google.com/rss/articles/CBMiyAFBVV95cUxOdjdKSDY4N1MwbWVhRXJpLXJKZHBWem5kMWp6dnNvZmRGNjdYN3dFR1c3RVBSRzlkYVVXanY4aDFSSmluRjNFOUtEZTlUT05wemhrLXMzTlBXcHJrUXF5a3haMXZVek5zV2EyeHV5RktrcXJWVm01clItZ3huTmstWUMwbVJDd0p2WEh0WVhFYXJqVGhnVUx2NG1RaUppSVhGSFI1YjItRU5BTUh6czhBNlhPRmNMNm1yZllyQ1VmV0VNSEJxem1lMQ?oc=5
2026-09-08,半導体,,テーマ関連ニュース,⚪ 情報,10,Why the Advanced Packaging Semiconductor Market No Longer Moves as One - TechInsights,"Thu, 03 Sep 2026 14:10:18 GMT",https://news.google.com/rss/articles/CBMigAFBVV95cUxONTFGTGVGU0FRYXRBVUdOQWxNamoyU3EtX09IZVdEWDlWX0cwcTB5ZVpkRWZSRkVlak5nS3pFTUZZX2Jyb1dUWi1VMGRFaGhYTld1M0l2Ym1ZZEdXVm5TajBsa044MDBoaGdUTXREdi1kOFZQUWw4N2lIbU5vc2pyUg?oc=5
2026-09-08,半導体,,テーマ関連ニュース,⚪ 情報,10,Intel's U.S. Advanced Packaging Enables Next-Generation AI Semiconductors - Intel,"Wed, 29 Jul 2026 07:00:00 GMT",https://news.google.com/rss/articles/CBMi2wFBVV95cUxOY1EtWVoyZnI4RVJaN1VvUEw1Q0x5eXZoREVlVjFSVlNQRWhlOUtOZTBkYWg4N1dISG9neEdPMWN3Y1IxaEpQRDhkMHYwQTBteVJRTlY1VzhEelAxM01lZmtyNWdCX082LUpGOGVIT2x2TGZrZWNNN1lkc0lBU2hEdTJNMVV3dkhtMGdBeXQ3cXZvbGpuNWQweWZfYnp4NUhwRWgwcjBTNUF6M3N4LUQ0VVQ3X2hZMjhSWlJmTWZ0czc5TjI0UGp2eFluZWRLYmFMN0VLSmFvemhlNEk?oc=5
2026-09-08,半導体,,テーマ関連ニュース,⚪ 情報,10,KLA Gains From Advanced Packaging: Can it Outpace ONTO & AMAT? - qz.com,"Thu, 03 Sep 2026 17:00:20 GMT",https://news.google.com/rss/articles/CBMifkFVX3lxTE9mQ00tQk9UZVZOZThnRmM0U0JrWm91N1JxaFBVSHBzZlllcFRXSEZyNU5VTnc2a1NfMWk1WUJVMXhEUmFxdHRMYzFNcjJOMTFGWWRublh5djJLVy1HN1lKOFMxTmdPZmRralIyMWpoWFB3WjB0Y2lTeUE2cGhVUQ?oc=5
2026-09-08,半導体,,テーマ関連ニュース,⚪ 情報,10,Samsung Electronics Opens Advanced Packaging Hub in Yokohama - 조선일보,"Tue, 08 Sep 2026 08:53:12 GMT",https://news.google.com/rss/articles/CBMiiAFBVV95cUxQVFkzTWthWnhOd3EwS1NjVFdHRm9uNGxOSy1FdkJQalJwSzZWNFpGTU5VUkMwVjU5SXJvY09uM2dQVHhPSk9pbWR2c1drTXRjMTZGRWk5WXhqV2hLVGxwU2Jmc29jdFduSU5NV21ncDM5RU9ZRWIxNERERkpzT29mSzlvNm0waXlE?oc=5
2026-09-08,半導体,,テーマ関連ニュース,⚪ 情報,10,AMD to Bring UCIe Chiplet Connectivity to Versal RF Adaptive SoCs - All About Circuits,"Thu, 03 Sep 2026 07:00:00 GMT",https://news.google.com/rss/articles/CBMipwFBVV95cUxPZ2FlU0w4WGhCZFlUZWRPM251WWMxWnowM1lFcXU2Qk1nZmxRamhDSDI5SjNBUGZlQVZMTy1ZaE5CbU9WNVo3ZVBad29hWnplcEZaTHRaV0FDQXBhR2VPVUJDXzM4OU1abW50WU9uOFBlSWZIYUFIcVJFajA0c0RXUmhXdHQ1ZFA2TDV1QVBPQWFhRkRpZEJhaDFyT0V6OGg0T0V3UWw2bw?oc=5
2026-09-08,半導体,,テーマ関連ニュース,⚪ 情報,10,Photonics Forces A Chiplet Rethink - Semiconductor Engineering,"Mon, 31 Aug 2026 07:00:00 GMT",https://news.google.com/rss/articles/CBMicEFVX3lxTE5UV3BXVFB1X2VIS0NFZXZEMU9wQ250dU1zdFljdGFBaFNQbzdvRkNnbzBEOTJCTnlVNUpFLTQ3eG5vQ2JDNkp3YTV3LXJjNXktRGJMYTlReUdKdWhfWWRhektCQW80Z2h4ajRRdHVNcjk?oc=5
2026-09-08,半導体,,テーマ関連ニュース,⚪ 情報,10,TYLsemi Raises $43 Million to Launch First Full-Stack Chiplet Platform for Custom AI Silicon - PR Newswire,"Tue, 14 Jul 2026 07:00:00 GMT",https://news.google.com/rss/articles/CBMi4AFBVV95cUxPaEkwcDJQLUNGTkN0aXhvV1FaU0Zlb2JFcjZKRmVuUVZLTjNzR3RZNlVsWWtHTDZjMmZHSkh2bVRPbUVYNTVIZS1helI3QzM0eDdfUjZ5QUhSY0YyNE1CWml0elJqLUNMQ04ycDM4N2xvM3NPUU53QjItdmhhT2xVdnptbGs4cktIMTktSFNDVXJMUnZMOWJvM0REWTdLQWJKUjFfekN0c2ZfUEtXeWdkVFp6dmU3UC1EaUlqQ2E5S0VkeFRDUkFwMmFaaWN3eHdCN2pTTl9felFWZG5DZUtEMA?oc=5
2026-09-08,半導体,,テーマ関連ニュース,⚪ 情報,10,TYLsemi De-Risks Chiplets With New Business Model - EE Times,"Wed, 15 Jul 2026 07:00:00 GMT",https://news.google.com/rss/articles/CBMigAFBVV95cUxQWHhpUDBwdkFqazJMdWFZYnBnS1phRnJpbmwwMkdmWTF0OXUxTWR1LWdhSi1lT3BMa2F6bmtuY0IyWlFnUkY5LTc2X002TFVwOWlDMml3YUV3X3JJUHFwMjBJLXNPZnFORG1jUDRUdFNTUEpPY00ySU1QRGxCQUdKcA?oc=5
2026-09-08,半導体,,テーマ関連ニュース,⚪ 情報,10,China Develops Its First 3.5D “Infinity Chiplet” & 3D DRAM Tech As It Tackles External HBM Constraints Through Domestic AI Supply Chain - Wccftech,"Wed, 15 Jul 2026 07:00:00 GMT",https://news.google.com/rss/articles/CBMisgFBVV95cUxPTEc0MEpQbGtkc1d0M3BKczlWcFoyZ21TaVlsZ1ZybHRwZV9uaFNScWtoYmw2dXNzYml2M245OE9QRlpBeGZmMWoxdHV2VG9ZbHpPUUJ3VDd1OG9ULUdLd2RoWHZ5bzBvUHNuRG5kS2RNeHVSYmx2UzBGOW9DaWFMc2MxME1jMkhCS0owQnVQbXp6Z0dNMHdLV256WkJKUV9oZkd6VVhnNjdnWW0tRThoQ0JB0gG3AUFVX3lxTE80MWJfeFVzMTN4TF8tanBZRG9SckV4bTRLSGlyejg3aGFlc0RzWEw3RlV5NjIxWXQzS2RTQzExZXkwczd2eWVXdktjc2YzT0NkbEZFcUJITGk3SzJTZ2lMUUwzTUpnY3lxZ1cyZXQ5blNfcnVTMWw5bDZJX3dvcmdBQVdYUkNkenI2YV9xTTlILWl4YzV3b0kyQVhaZG1GaFVvcnpnVkZCZ0dxVzFqQVZGSE1DODFsaw?oc=5
2026-09-08,半導体,,テーマ関連ニュース,⚪ 情報,10,Samsung Foundry and Cadence: Accelerating Chiplet Solutions for Physical AI - Samsung Semiconductor,"Tue, 14 Apr 2026 20:44:01 GMT",https://news.google.com/rss/articles/CBMiywFBVV95cUxPeHdJM2dlRVdqdEc0TlRMeGRRSEtiSEFXTjAzZEdLNzhGTktTaEdrQ1J6STBxbVcxZnJ3SmpDS2lSaU9yN2pBc0ZqOUZOT0IwMnpSOTdxbkwzU25pV1VxSjFqeU5OYWIzVzA2bng0VTVwbU1FSWtmalJZOVhSRExpN0lTSlBDTnJRYTgxMi16OGNNVDNVTjA3SUhHT2cxZE9HSGNBUUpwWGhrTXFRS2VXN0hsb05BYlhKWTN2RmdZOW5sS1RHdFF1R2VpSQ?oc=5
2026-09-08,半導体,,テーマ関連ニュース,⚪ 情報,10,"Chiplet Interconnect Market Size, Share & Trends Report, 2035 - Global Market Insights Inc.","Fri, 13 Feb 2026 04:06:00 GMT",https://news.google.com/rss/articles/CBMifEFVX3lxTFBlZ2hEU183dVRGVVI2SDBFUmZwWmtJM1NULVJMbTFWWk9VWE1lMTJadU5LWWpweTZFNEVFTzlLb2h3SWpzNm5FNnJkZTRiUVdfajY4LXduVE5SNHJiX2ZhSkdIM1pZdTBsN3VPVGxTVThiekIxZVprV0xlU3A?oc=5
2026-09-08,半導体,,テーマ関連ニュース,⚪ 情報,10,AMD Adds UCIe Chiplet Tech to Versal Adaptive SoCs - Bisinfotech,"Thu, 03 Sep 2026 12:06:50 GMT",https://news.google.com/rss/articles/CBMihgFBVV95cUxPVUlRaTZuTXZFVzhnR04tblZQTFdSOFZKaVV0Qi1rRTRPNVhaOVdYSkoyYXJQdGYzRWdCZWEzYmRkcGFXWHJjMC1ZZmN1VUh3c0U3WlJfTTNkaGJIYk53Q2MtLXZzYXNqaHFFS0dJWUwyMEt2OU0yQWFJZktjVDZQSEdicjl4UQ?oc=5
2026-09-08,半導体,,テーマ関連ニュース,⚪ 情報,10,Chiplet Fundamentals For Engineers: eBook - Semiconductor Engineering,"Mon, 02 Feb 2026 08:00:00 GMT",https://news.google.com/rss/articles/CBMieEFVX3lxTFBveUZHU283X2hsREFqYjRxcllyTUliRzgybVVycXlsTUI1a0EyWDN6cm04eGVHUnd6d1gzTmJwd0Z4LWphNU1INi02VnI0LWVrbGhnVS1naDd6MWFWd0s4Vm94cFlXWmNXS00tT1BOQTg0NTF5QkNNUQ?oc=5
2026-09-08,半導体,,テーマ関連ニュース,⚪ 情報,10,"Athos Scraps Multi-Vendor Roadmap, Plans Chiplet Tape-Out - EE Times","Thu, 30 Apr 2026 07:00:00 GMT",https://news.google.com/rss/articles/CBMiiAFBVV95cUxNQjNWbkJ1MFZ3TVp5N2hiTEFjMVJ6d1VTZmdnQ0VmVzVFMmRPLU5Oem1sTHVKcHBOaDJCSnZsLTI5NWd4LTJBWk1aYUtNNS1ycUlOa19KQ2xzRWNNeFJYOTdEZEpfU2Jzam9aQ2FqLVRhb25MM0dwV0VVWk0tcDhEZGdzMkUyWGlv?oc=5
2026-09-08,半導体,,テーマ関連ニュース,⚪ 情報,10,Chiplet Interconnect IP Market Size 2036 - Fact.MR,"Wed, 19 Aug 2026 19:05:19 GMT",https://news.google.com/rss/articles/CBMibEFVX3lxTE5mWVlGZjc5YUc0eDlaTWlsaEpEQ1BSdU82NnFSRTc4dHptMzl4cmpraE02b0xhOG94a1hVZms4RFp6QkhpX3hnZ2MxWE1Ob0xGMVpHMFNzNDM0NzROSGFUMTJHNEpBakF5eUFkag?oc=5
2026-09-08,半導体,,テーマ関連ニュース,⚪ 情報,10,Chiplets 2026: Where Are We Today? - Semiconductor Engineering,"Tue, 24 Feb 2026 08:00:00 GMT",https://news.google.com/rss/articles/CBMibkFVX3lxTE9HTjZOMEluYktnRmlkc2R2bEREZmJIS3lnT0M1MEROQmtZQ0x5X093eUZQYjQzVWJDMUY0bXRIeUFYTUExY0V0clRmb092ZkRjbHBsZmExX3Z6d1hzNU1PUFRKamNrZzlCSU1GU2ZR?oc=5
2026-09-08,半導体,,テーマ関連ニュース,⚪ 情報,10,Swapping Out Chiplets: I/Os Vs. Compute - Semiconductor Engineering,"Thu, 28 May 2026 07:00:00 GMT",https://news.google.com/rss/articles/CBMidEFVX3lxTE9nUWFxQ09FM1BuNW5Jd3NSbHE4VDRQSkxhcG5tSXlNeTZ1bmZsejV0bFBGTVlhRlM3SEc1TUNDNGVhMk84ZVQ2VnZwTm1nRUR5bXRIOXVjWFNoYVU4MmFRd0c1cWRqdVJfeVZsRmYxZ0dkQV9T?oc=5
2026-09-08,半導体,,テーマ関連ニュース,⚪ 情報,10,"AI: China’s CXMT’s #4 HBM rank, & Apple iPhone bid. AI-RTZ #1203 - AI: Reset to Zero","Tue, 08 Sep 2026 05:02:37 GMT",https://news.google.com/rss/articles/CBMifkFVX3lxTE5OTG0zZ0tKaWJsNGVCakU2RmtFZUFYdGI1TUZyeFhTd0NaVll2WDNSb3UtUXZUamdIN2tuQVNQb2NvbWJUQS1jT3BJd3lpa1kyTHlXdm9lLUJUREw2dWRucXkyMkNndjd5dEtnZmk3ZGtJRkY1dVdwWTI5R0NFZw?oc=5
2026-09-08,半導体,,テーマ関連ニュース,⚪ 情報,10,Nvidia reportedly shifts Rubin Ultra toward 8-high HBM as memory costs rise - digitimes,"Tue, 08 Sep 2026 04:50:52 GMT",https://news.google.com/rss/articles/CBMijwFBVV95cUxPOXp5cUplZE5vSndHVDlyMmtBdXFNX0pJSkNjV3lCQlREajh1a1RMUXBjN3hZMUdiY1ZVM0dLT1BxZzFTeHgzZHlTSFAxS0d2eDdKRktDeHItOHkzWUFWMDFMWC1jZWtFMGE3dEl2dVU4WVJ2Sy1QNVRkYjFSU3NsUHdwZGNhMGxFN2hFZHdodw?oc=5
2026-09-08,半導体,,テーマ関連ニュース,⚪ 情報,10,Dell’s Monster Quarter Just Confirmed Micron’s Biggest Opportunity Is Not Just HBM - Barchart.com,"Sat, 05 Sep 2026 14:00:02 GMT",https://news.google.com/rss/articles/CBMiwgFBVV95cUxPckVOVlZIS3dPZzdIQ3BGX3pCelhjVnFlX0ozcElLYVdGem5xOE1pMnJlZUEtZGVMY2VkSmw2SXVlUF9SRVd2Uk5sVUJQV1FTbHNVaDk0MzY3V0RQbWk4eElvZzllandsSUJRN0NmTUQzNlQ0d1pxaFI1cGlmRGVWblFwZElFd0d2Y2FqcVJGdjBod3BpNkRDMjk1UTYzU2NmdEJ5dTNFNGlaUU1vb0hMV0lHTWJaYzhOci1MSE5qenVIZw?oc=5
2026-09-08,半導体,,テーマ関連ニュース,⚪ 情報,10,South Korea's AI Growth Depends on Power Semiconductors Post-HBM - 조선일보,"Tue, 08 Sep 2026 14:49:11 GMT",https://news.google.com/rss/articles/CBMihwFBVV95cUxPLUl0RXdIZ094ZEUxUDNobTh3M2ZLUlZNZktYOHFTZFFZWWIxOFhrVktsSExERjRyODduZmZPSXZRbDZtWFhzME1XYllaYVZxdTVuOWJTczA5cTh2SmFOUWtsUlY4WkRiaGtQY05iR2FKdVBxZzVsamtEd3BVV2pWUlJEVEJYSlk?oc=5
2026-09-08,半導体,,テーマ関連ニュース,⚪ 情報,10,Samsung narrows HBM gap with SK hynix - The Korea Herald,"Fri, 04 Sep 2026 05:24:03 GMT",https://news.google.com/rss/articles/CBMiV0FVX3lxTFB5NFJ3aVZxWDZoUnN2NWg2M2NteHQ5S1NySjktbndUTEJ0b1FUclV0WnBMUDRTLW1vTXF2X0h0RGtuMFBQYmdodnBNLWNXaFNGZFhmSWY4RQ?oc=5
2026-09-08,半導体,,テーマ関連ニュース,⚪ 情報,10,Hot Chips 2026: Samsung reveals a three-phase HBM roadmap that puts logic and compute inside memory — zHBM ultimately stacks DRAM directly on top of the processor - Tom's Hardware,"Tue, 01 Sep 2026 11:06:15 GMT",https://news.google.com/rss/articles/CBMivgJBVV95cUxOMEVZWHRkVm45Q19lY0x0S2ZLRzhqTkdaOExrUmRvSTRvNTNhV3NveFBScTktYW42RnUyQjI1RFdDY25hQUVCZWxjNDZrSThKTzV0WWdKTEtzaEM0dGRTcHM2enh0cTlRN09RXzBTOWdqOVYxVkZaRE53UTNfOG5yQkJUSU8zSzN0a3JxNV9xLVZ4Y3o2WUszMzlOOExpbm9nMl9HckRia05UQl9WNzBQQWJBVV94RW12UE9EbzNlQnhwVUQ5TVlZRHRrWF9rVXpIV2J6eWpvSmhsWVUySVFmVzZmMEdIR3E0V1RiZnRFUmxaT1BmWkpEd0NldkJhczVmVmx0WWhlY0w2T3YxbnZ5NzdnZ0VuV21UWjZtSFd2VVRGcFBxdEZuUWdzTG9ieTkxdXRDTU5HaUR4a1RvdFE?oc=5
2026-09-08,半導体,,テーマ関連ニュース,⚪ 情報,10,"Samsung Locks 70% of Memory Capacity Into 2031 Deals - Long-Term HBM Deals Run 5x Cheaper Than Spot, as AI Demand Chokes the DRAM Market - Wccftech","Mon, 31 Aug 2026 11:40:18 GMT",https://news.google.com/rss/articles/CBMi6gFBVV95cUxNWUxYYWVIQzZGdm14dzlmOHhidUhDLTVTaWlVZk1FX0p0MUpiVXVXdFR6R2ZqYk5uT2hUUnpPelk3ZzhkZnBmazZtWFlPTzYxTzZ4eks1alZIRmtQekNHdGRYUFk5ZmpubEJiUHVuR210QkZpWGlDd1UxNDUteENzZnRibUttOGczMkVTZE5HaUpuUU9lWDhhQzE1OXQwdEgxcXhtaWJEaEEtdmZ3a3J6ME5obncxYzVtSk5uVWF2U1dMM3l4cXdacEZnRjdLVHFHNl8yZ3dDYW5ZdXRaRTcxNnBTdURNUVNKZGc?oc=5
2026-09-08,半導体,,テーマ関連ニュース,⚪ 情報,10,HBC vs HBM vs SRAM: Part 1 - Comparing each approach's ability to scale the memory wall - Qualcomm,"Thu, 30 Jul 2026 07:00:00 GMT",https://news.google.com/rss/articles/CBMihwFBVV95cUxQcVpxX2MtUFVUSkV6amhSVFdTem1zQjJHeDdmSVU0Nmk2U2RlMnVYOXoyUlJ4RzBFcmhlbnZLZndyMGh2N1pEMURzSGF4WXJOc3dSQkh3YXJCZ1JpY3J0Q2xROXV5bm5hU3Fvd0VwQnRILS1LWElDWURSSlBsX2o4SWtESG5mTlk?oc=5
2026-09-08,半導体,,テーマ関連ニュース,⚪ 情報,10,"Intel, Softbank Announce Z-Angle Memory to Compete with HBM - TechInsights","Thu, 03 Sep 2026 14:10:18 GMT",https://news.google.com/rss/articles/CBMijAFBVV95cUxNZjIzUVVqN010RW1pb0ZPaUkwMFd5YTBfMV9UM1AzQ0NTN0dZZmpDbkNwTkhGVFpUWk5Mb0ZyRXhMbjNNc2Y1Vkxaa1lyUGFMeWRMVHU4NFVMMmNycVRNdWJOUFk4MFl0akw1ckFYd2ZjREVkaGdCS1hXYmp5N1BuRW9iUG91OXlQSzFFOA?oc=5
2026-09-08,半導体,,テーマ関連ニュース,⚪ 情報,10,"Hot Chips 2026: HBM Base Die Evolves from a Memory Interface into a Computing Engine — Samsung Unveils a Three-Phase Roadmap Toward Custom HBM, aHBM, and zHBM - semivision","Sun, 06 Sep 2026 01:00:08 GMT",https://news.google.com/rss/articles/CBMiggFBVV95cUxNUkNpbDZ6SFZ1ZlZRQXUzMjU3TmtpMWg4N2xnWTRBSHJ1Z2xtdW9BZWpLUE1xVGdNTlNYaXlqX0VteE56Y2VjbXNzNV9zRlNBTHBJa1VzbUJiVVE1OVhLaTUxMFhHMUZuM0NVSl9tTHY2VzBRNVpsTk1WUG5ZUk1uM253?oc=5
2026-09-08,半導体,,テーマ関連ニュース,⚪ 情報,10,Micron: The AI Memory Shortage Has Spread Beyond HBM (NASDAQ:MU) - Seeking Alpha,"Thu, 03 Sep 2026 12:06:08 GMT",https://news.google.com/rss/articles/CBMilwFBVV95cUxQTnhhMWZyX0hVbmhuYVdCTF91RFd0NE5wcngyM08xN0xycy1fN0FHREVyS0p4b21FVXpja0FjbUItcnUxb2xvamFlUElLTl92LTl3MDMzTkZoYUcxZnpIN3B5MW1JazZNOF9QVXRfV1VlTzlwcXVJZkhBZ01Ra0dJNXJYWVVmVFBycm52RGRqbXJ0d0hjWmpv?oc=5
2026-09-08,半導体,,テーマ関連ニュース,⚪ 情報,10,Why SK hynix’s ‘Made in USA’ HBM starts in Korea - The Korea Herald,"Thu, 03 Sep 2026 05:26:56 GMT",https://news.google.com/rss/articles/CBMiV0FVX3lxTE9MVVBtaHlkQWttejFkaF9wZWtjS1ItVTFLSzVWOXE4enVGUVZGQzRfMjRQcS1sTnZwc0ZxRnNVSHZlUHVHOEhnY2hTeGJtelVxMUhLbldZNA?oc=5
2026-09-08,半導体,,テーマ関連ニュース,⚪ 情報,10,Infineon and Skeleton to collaborate on AI power - Compound Semiconductor,"Wed, 02 Sep 2026 10:39:44 GMT",https://news.google.com/rss/articles/CBMingFBVV95cUxQYWNmdHV4ZWg2eE1vQmVod2NPR2JQSWxvcFYtSUVMekxUVjNGcTlwZnlDWHJUb1VyQW90cWc5ZGZtUzJLbElhbDBVN3BnZ0JSdmtfb29vWlFsZzNjaDhHOVN4TzlSSzRoOHlCNUVma0ZzdnNudEdvSlhDRm9hc0gzd2FlQnVOMkZQbkNZNEJNN2VOQ3JrM2dwcjNaRlBhZw?oc=5
2026-09-08,半導体,,テーマ関連ニュース,⚪ 情報,10,Compound semiconductors enter a new growth phrase powered by AI & electrification - Yole Group,"Mon, 23 Feb 2026 08:00:00 GMT",https://news.google.com/rss/articles/CBMivAFBVV95cUxNVTBxd3NnaGNDYUhfWDc2SVdWd19mWEFNTmNVXzJJa3NybzBoRG9pN2tQbDZPbzBpMzBWcU95X0otSy1YYlBBcGgwWTRUY1ZOY2RyNGtGTlNMZGNZVGJmU3BfdVBfRUE2WlBvRXBoYUY1bUdqTEFGOGlMcTFoaS1mdHNaTkVETnlnS2hBbnpzTEkwdkc1OW4tbnlzQkkwTDBlR3UwYlVSMHJjbjBCX1U2WmRjMjJvVTNkLVEtaw?oc=5
2026-09-08,AIデータセンター,,テーマ関連ニュース,⚪ 情報,10,"Visual Photonics Epitaxy: Compound semiconductor leader with robust growth, targeting 5G, AI, and data center markets - TradingView","Wed, 02 Sep 2026 07:39:01 GMT",https://news.google.com/rss/articles/CBMiogJBVV95cUxPWW5YaWFMQTJ3dUhpRFVhbUFaYWZ1VnotQ0U3Q1hQOGRGWjBKcUtHNjlNTEszVFF5VE9lbWRDN0xfY1FiQkl5MVpHV0M0YlBlVmcwQVk4RXNlRUxKSFlFWGlHeUtzNHNJbldTWlZGQ01oNXhHR3JaZ0tma0tLV2ppQUVQUldTN0pWaGQyQWZQTDFmcG9jX2htUDdEOHBmaEhpeC1CX2xaWk1KeTY5VDRjWkdNU055WURsYjY1bEttZTA3YURydW5JVXF4QlZza25weEdtLWxRRXBncUNBTjVBc2JXVk5Nc3RTa2pTWFRWcnpMcXl6d2F2aEt1bEJHcTZCMXlsazJXR0pPMGNfbVZ5dEplaVNiWUw4RzJ0aWI5bWhNQQ?oc=5
2026-09-08,半導体,,テーマ関連ニュース,⚪ 情報,10,Infinitesima enters next growth phase - Compound Semiconductor,"Thu, 20 Aug 2026 07:00:00 GMT",https://news.google.com/rss/articles/CBMijwFBVV95cUxQOXc1LWd4ZVppTmJ0VnF3cmQtN09pM3VGcGpSbU5jNENReENUQ0F3eDA1dWZwVlJHN2xLOERpb3pVOERuVUNNNVVXbTVSMjlHMUZhc3pRYWlRMi1XVDZEd0VUY2l0d3I0OEFsS3RoU2VLQXpSTnAzb2k4ZkZvcndCbUx3OWZDQzJFOTZnM2ZBNA?oc=5
2026-09-08,半導体,,テーマ関連ニュース,⚪ 情報,10,The quiet war beneath our electronic chips - Compound Semiconductor,"Wed, 12 Aug 2026 16:03:27 GMT",https://news.google.com/rss/articles/CBMilgFBVV95cUxPU1pTTGNHV19uTnBNYkNVQWpiTng3anpxZW1ZSVc4TFV1T18zdzR4NUFSSFJqVHZfc3U3NThTT2tHamlzYW1WXzlKTFFTT1FzbFdmdy1XbHhvSjAtWE1CSVk3MGtDb2RVaWh3QTh1LWJON1pqWHQ3UlRtVFFhWkdLdVEySlFpUmJCd0piSE9RMG1sakhnMnc?oc=5
2026-09-08,半導体,,テーマ関連ニュース,⚪ 情報,10,From charging to AI: power GaN’s next chapter - Compound Semiconductor,"Thu, 20 Aug 2026 14:28:13 GMT",https://news.google.com/rss/articles/CBMiowFBVV95cUxOQ3BKN1YwTE5FVWk2ZmFlNjlCV2I2SXUwQ0RuSU50dnBhQll0ZkpYcXViQnktWllLREhkOFpIX3VtalZRZXpId2haUGZNNWpTamFrRXF3cktOV1FOc0xvdXlDQkZzOWVhUmstUU14MnVLSUxMQWpfZk92ZEJWaXVDYmtYOUV4NER2THE2MmhJdjB5OXVpa2hCYXlMRUJCVnN3bDlj?oc=5
2026-09-08,半導体,,テーマ関連ニュース,⚪ 情報,10,Semiconductors: 'The oil of our generation' - Compound Semiconductor,"Mon, 10 Aug 2026 07:00:00 GMT",https://news.google.com/rss/articles/CBMinAFBVV95cUxPU0NRdVdXclhsdmhTOU9iLUNXcHc2Nko1Z0wwcUxpVnFBQ3lSS0M5LVlFaFhfQTBRaDQzM095UFdaRHdOT0hrR0VTMUtWZHgtRWVzVk1jZHdnLVlyREFSY1k2aklYN18xU1h3OGw2a0lKMENGU1dkLTZhOEFrRkdod0FkZTFXZ3NaXzNkejNkSWgyUlFreGNnYlhVcFk?oc=5
2026-09-08,半導体,,テーマ関連ニュース,⚪ 情報,10,Strengthening the world’s first CS cluster - Compound Semiconductor,"Fri, 22 May 2026 07:00:00 GMT",https://news.google.com/rss/articles/CBMioAFBVV95cUxQdzd4UGxQSnBaN3JrUl9UdjlkQThkd1gzcE9WVEFuQ2Q2dEdHWFF6cEhHbW5fOGloQkdKZWh1ZV9la2Vsam83bXpBbjBMSzFWN1JWOExkZlBjM0Z6V1Y1anJtTnFNOXNsZWRVTW04Ym9zX1pPaFY0NndKU1Y1bm5YYmlnUmZmOWJNU2xnZERMbWpNYzkwNjZKNXN5ODd4VzZ5?oc=5
2026-09-08,半導体,,テーマ関連ニュース,⚪ 情報,10,Space Forge to use Texas A&M University System - Compound Semiconductor,"Mon, 17 Aug 2026 15:47:52 GMT",https://news.google.com/rss/articles/CBMimgFBVV95cUxNMzZzT2J4N3ZnMUc0WGxBd3dsTDhuaHlEdWRzR2ZYNlZkODRpYnVHV0R2NHhDWEkyNGJldmJyMlhCcGxFbWxTcU1OOHNHUEgxRmhYYlNTblhDTThsdFJOQmN5TnpaRW5qVWZnTm1lb3pYY241NzE3LXl4enVIcmhtSEQtcVc1UGpEQWZrdVNGVzdQU2duWG5qajhR?oc=5
2026-09-08,半導体,,テーマ関連ニュース,⚪ 情報,10,Joint US-Taiwan initiative to scale the future of SiC - Compound Semiconductor,"Wed, 03 Jun 2026 07:00:00 GMT",https://news.google.com/rss/articles/CBMipAFBVV95cUxQdDBtNUZPQklWNEh1al9mNUVrdWdUbkZjWWF0ai1qa3RtZHVXeUlVZTZqWUl3NkpQQ2Z2djdMR0Ywb0dGWGxpSk8yaVhtY1NVYmx5RDdrYnN6OHhjUzhGaVVUWnM1cDlVNkFnSHd5al9mRzF0TThXY3FGd21iNXhORzFZdEY0VXVGUW9TbnNPNGdOS21oMWoySUI4QU55WVNTcTNkNA?oc=5
2026-09-08,半導体,,テーマ関連ニュース,⚪ 情報,10,UK CS Catapult to become 'Semiconductor' Catapult - Compound Semiconductor,"Mon, 08 Jun 2026 07:00:00 GMT",https://news.google.com/rss/articles/CBMif0FVX3lxTFBGTzRxYkFEcUZUMlF0TVNFV0M3ZUVZOGk2QjN5dzVDN3QxOHlFMGNLd3dXNldIRV9CTGF2QlRRLUFfZlpXUkZjQWpHVDBDcndVTDdFREdqNWxuR0V0QVhEU1NlZFlCNjF3VWZMMHE5QWtZWUk1TmFPU1dXY1VDckk?oc=5
2026-09-08,半導体,,テーマ関連ニュース,⚪ 情報,10,Get ready for CS International: 20 - 22 April 2026 - Compound Semiconductor,"Mon, 23 Mar 2026 07:00:00 GMT",https://news.google.com/rss/articles/CBMinwFBVV95cUxQZ3F2ZWZvRkdIN2pfOEhVU2ZPUjY5VlpUcjVXS25hQW92bFRRbm9JdklDV2VBNjN3Rk9XSUFnVzJVLTRZV0FHUHl3ZEtGTzRtZ1VfejktekN1S1B6M1RCbUQ5ZEx2R3ZKanVQZEZjYzdPWnJKVTBuOVhJT1ZLUzcyNmdEMWNOU1lubkwxWlpYQ3VRRlJRY1AyTWh1VGNtMzA?oc=5
2026-09-08,半導体,,テーマ関連ニュース,⚪ 情報,10,UltraRAM: A viable solution for post-silicon memory? - Compound Semiconductor,"Wed, 11 Mar 2026 07:00:00 GMT",https://news.google.com/rss/articles/CBMioAFBVV95cUxPNW9rR1RtRkE2WDhvOWVsWTNCS0JXZThLdm03aUw1SFBjbi1XQ3JmT2poSWJPMTdOS3RIbFcxeFBCd2p1YmluNG91LWx3UG1zOGJSeVFmWTR1QmxhdjV6YjFqWUFJVUhnMEY2dnZoMl9IeVpEb0ZfSS1rNlBGN3RkSUNxTlZnc1QtVkthTFZtcjZwSXp0dzBUaWVtRzJ6Sm9u?oc=5
2026-09-08,半導体,,テーマ関連ニュース,⚪ 情報,10,GaN foundries aligning efforts around system-level solutions - Electronics360,"Fri, 04 Sep 2026 12:14:02 GMT",https://news.google.com/rss/articles/CBMisgFBVV95cUxPLVlGRWdJdlkzbmpaMUx2QkpzYzdlSm9UUk9RajhFV0pkOERrUEdpcUR6OW5EU3NzUkFpTFZ1OFB3M2trSE9mMlNySFBGMFVxZXRodTlwS3M4bVh4eXY5LUI1QmQ1dklKMmFwRm1EZWJ0UnR6UHZNYlBYY045V3R2Z1hRS0w1R184V2ktRmN5bk1QNG41UjE4RVRzbEJteWhDVVhsZzBGdHBQbG9WZHI2X1Jn?oc=5
2026-09-08,半導体,,テーマ関連ニュース,⚪ 情報,10,EPFL group redesigns GaN - Compound Semiconductor,"Wed, 02 Sep 2026 18:40:42 GMT",https://news.google.com/rss/articles/CBMifkFVX3lxTE1oTG81Rm9CR2ZCa3F2U2dGWE1PbE5OcHdnZHBaN2xzRDRxMEtkTl9BTmE2cFRBM1VUY1VwZjlFQ2xxOGVRV0NKcmd3cHpKTkRNUVU3OXN1cDRta0toZTNDUTQ3WXFVV2M0OU1nOWRkQmFla1Y5dnF6OVJYM2c1QQ?oc=5
2026-09-08,半導体,,テーマ関連ニュース,⚪ 情報,10,"NbAlN: A New Polar Wurtzite Nitride Semiconductor Containing Niobium —Enhancing the interface electron density in GaN-based heterostructures, expanding polarization material and device design— - t.u-tokyo.ac.jp","Mon, 07 Sep 2026 02:52:39 GMT",https://news.google.com/rss/articles/CBMiY0FVX3lxTE5ZNVVuQ0d2UFFOY2JNNlMzanlNS05RLUloaE5iMVFKSlNiN1FMMG9TemdKb3JfRHVMT1VZZzVpUG53V3Z5N0pEWkwwbGFadVdWVGVKaEc3VnE4WkZSU2JfeVlVNA?oc=5
2026-09-08,半導体,,テーマ関連ニュース,⚪ 情報,10,V-GaN Tech Hub Opens New Test and Characterization Facility to Accelerate Microelectronics from Lab to Fab - University of Vermont,"Fri, 24 Jul 2026 07:00:00 GMT",https://news.google.com/rss/articles/CBMiuAFBVV95cUxOSXlLSnU5MTNuX1hOdEVTd3hmRVBQTXV3clV2eERSSGh3Ry1WcUFScVJjZmd2eEsxY1lrMzltUDA5TzZmc3JjeU5rRkk4SXpYUkRCbjczQ2NLRmlWVkRIM3FzTnJYTzE1N0V2UXROM2xxZE9oQldxd0pKT3ktclpmbENTZDU2VjdwMjJUYmpBUXpFS1BuZHVsREIyRHlfYjlxZlFtODBCdjU0WnozWUNmcXpOQWI0OTVW?oc=5
2026-09-08,半導体,,テーマ関連ニュース,⚪ 情報,10,The U.S. Should Fix Its GaN Problem - by Aqib Zakaria - ChinaTalk | Jordan Schneider,"Mon, 20 Apr 2026 07:00:00 GMT",https://news.google.com/rss/articles/CBMiYkFVX3lxTE9XYTNHYlY0NEg4clBKdXVNSUVlNEs5SU1JdVZSU2t2X2J6M2hEbUtzN3JYUmdmUTQ1cWJ2M1duQ2Q4d05kMkhaRUhWUGg0TXlzQXdpOHIzWGFRd1A1V0w2bGVR?oc=5
2026-09-08,半導体,,テーマ関連ニュース,⚪ 情報,10,GaN Power transistors: What 700 V and 100 V PowerGaN Bring to Power-Supply Design - eletimes.ai,"Tue, 08 Sep 2026 11:30:40 GMT",https://news.google.com/rss/articles/CBMipwFBVV95cUxNYjJpMDN2eTVmZjc1LWlpLTM0NTdTQmpVdm1xbXFPSU9IeklxR1phamhnSHZ6ZDcxN0taQ29PWkRmVXMyeDgyUGlucmdlMm5ZMHJLM28zWXFMRkoxdWJRek55ZEpQaWZoUFJUOW1Eck8zWEJLb0RSMUtPX0Z0THlRWjdlcUktUVJRSVRUV3RqanJGeVk5X2ZGNk5sRnlENHpaUGtBaUNnSQ?oc=5
2026-09-08,半導体,,テーマ関連ニュース,⚪ 情報,10,"Silicon Carbide (SiC) Devices Market Size, Share | Trends [2034] - Fortune Business Insights","Mon, 17 Aug 2026 07:00:00 GMT",https://news.google.com/rss/articles/CBMiiAFBVV95cUxNMkN2ektsV04xck9hR0hzaG9ZWmhzZFFWUmZwTWozNGNSZy1sejFwRWh0ZS1NdVlZLU1pR2ducWRIanFuZjV3Z184dUU1TE1IOEd2RmxJaWhqSHQzSTQySS16NEhDeU5vZEhzT29fNGVJWEVvZHFpSTZmZXhBUkQ5WktENmpWTENT?oc=5
2026-09-08,半導体,,テーマ関連ニュース,⚪ 情報,10,Power SiC enters the AI age - Yole Group,"Mon, 15 Jun 2026 07:00:00 GMT",https://news.google.com/rss/articles/CBMid0FVX3lxTE5lR25KZzd6QjF5NE1tY0xOT2t1MnVCdFdTbVhxaVB3Q09kNHYzOHVrX2FkLVVmNFZHbzBxRkFHSUlfbVJXYzR0eEl6dUdZS2tfcjUxODNqdnI5X3BhRUtQTEVuSlRWSDRMSnJndmJnUFBRMWlnYWlJ?oc=5
2026-09-08,半導体,,テーマ関連ニュース,⚪ 情報,10,"CVD SiC Market Size, Share, Forecast, 2035 - marketgrowthreports.com","Wed, 26 Aug 2026 07:00:00 GMT",https://news.google.com/rss/articles/CBMifEFVX3lxTFBsWklVdE9KaEhpOFdiU09wNG42OHkxbEZ5a3oxTHQ4RzJTc0NNUnN3U3AzdGZ1eVdjV0pyRXVUVjFCaE1fMTkzODE1MmtkRlhuQ0hFYWp5MzZid1RxVWw2QzVBVXJqRjd3SThsWXBHZW5fem1LdlBVZ3dTWWo?oc=5
2026-09-08,半導体,,テーマ関連ニュース,⚪ 情報,10,Fuji Keizai sees China SiC semiconductor market at 970.2 billion yen - International Business Times,"Tue, 04 Aug 2026 07:00:00 GMT",https://news.google.com/rss/articles/CBMimgFBVV95cUxOZ09YNFFKNHRtZ3RXMEhlVGpEV1RyYjVRV0drcGlWblVjMFFiMUh0Z3VYdjNydEh6bGpKSHlRY01mS2pXVUdMM2ExWkJBZUZvNURWd0l6UG9UaFprMDdsWWpHYmdHam1QMDRrSU1FaWNJcnVFZkwtS1RJMnN4RnFOMHgzanQtc1NNTE1Ic2RaaWstTEc5eU1PQnRB?oc=5
2026-09-08,半導体,,テーマ関連ニュース,⚪ 情報,10,"China Silicon Carbide (SiC) Market Size, Share,Trends, Growth Analysis Report, 2030 - marketsandmarkets.com","Tue, 21 Jul 2026 14:10:12 GMT",https://news.google.com/rss/articles/CBMioAFBVV95cUxPN21Ba2dERG1aZ2VfN1M5bDY3ak5yOFJMcGk3RWhzajdXcnF3M2g1OWQyN1lnZHBqUGROZy02Yy1vZDFpS3RQSEpMeTZhZWI3Q0p1eFRndXA4Y1FBZEVxc3NBTThLR3ZNcG1LNXNJRFhzdmg3VEdyRU9EYjRReEtLUDFoaDNTbENMV1dmUEIwTjdIdFl6NXgxQ0g2OXNnSW8y?oc=5
2026-09-08,半導体,,テーマ関連ニュース,⚪ 情報,10,"Navitas Semiconductor (NVTS) Signs SiC Deal, Is It Still 17% Undervalued? - Yahoo Finance","Thu, 23 Jul 2026 07:00:00 GMT",https://news.google.com/rss/articles/CBMiowFBVV95cUxPX05vdEtsQnhTaWl1ZThlaVBQX2FTT0N1cWlaU19aZHlZeTVqNGxfOHgzUnVQRnh6SlJxMlFYZnJLNzRaa2VyUnpoUkJRZ2x4RTJtM2ZJUkZodzM3dkZDTDVEZ253Q3doNHNPelcxZmxDWk53cWM5VXFlc0lJVVczX3l0X0JTclZ2elRlT0tFbDdVcGlFZFU4Q240UDdBcGE1WUJz?oc=5
2026-09-08,半導体,,テーマ関連ニュース,⚪ 情報,10,EYEQ Lab reveals 200mm SiC wafer - Compound Semiconductor,"Tue, 28 Jul 2026 07:00:00 GMT",https://news.google.com/rss/articles/CBMiiAFBVV95cUxNbVAxUWp3N3BJQ2JXS3VhWlRvSlhVRl80QnU1Y0pHVjlkbU5uWGRHU3VxVlNaaEdBOV9HUDZ3b0pwWDRKNVdVX014ZU5hRTNtSzg2RXE1a3lUSEE4UWx0SmRjX2tJTHU0U1RTd3IzcTJKMXBiZlJPWFZZS0ZmT3QxNHhkVnN5WV94?oc=5
2026-09-08,半導体,,テーマ関連ニュース,⚪ 情報,10,"Automotive Silicon Carbide (SiC) Market Size, Share,Trends, Growth Analysis Report, 2030 - marketsandmarkets.com","Thu, 23 Jul 2026 20:01:23 GMT",https://news.google.com/rss/articles/CBMipwFBVV95cUxPU0pfXzExY0x5LVRyNDBKYWtURDJ3RmtkX0k0YlN3aXk3cllCOUNyenp0c0RTZjE2RU45bGFzV0Z5TW5kVWZjcUprcTBYVlliYmJVUVFrbmdseUdvNjBoVDFrOTlmNDJtX0ttT3pUQVMyY3pldjF1U1dhUG9namFUTk0ySG9TaW5ZdU5tX3poaU5ObzZKMWNtbHBWb3h4MTFIX3RwOWliWQ?oc=5
2026-09-08,半導体,,テーマ関連ニュース,⚪ 情報,10,Bosch boosts SiC capacity - Compound Semiconductor,"Mon, 24 Aug 2026 07:00:00 GMT",https://news.google.com/rss/articles/CBMif0FVX3lxTE1VUHg4U0hxbW1vU0hKRWc1NWdaWXMxUHcybG9sbklFQkV1cmFTaXFKMzVzdzZzX21ETTNUWjRidUhsN0Jyck50OEhMemZUbnBZLXVnV1hmMjZmZmZRSm5ERG1YNDRFbDJITDBLbEFPT1dKQ2YtTG1Ubm1DQnMzSGc?oc=5
2026-09-08,半導体,,テーマ関連ニュース,⚪ 情報,10,Coherent samples high thermal conductivity 300mm SiC substrates - Compound Semiconductor,"Tue, 18 Aug 2026 07:00:00 GMT",https://news.google.com/rss/articles/CBMisgFBVV95cUxPNDZ5OXQxaXZXX3R6Tm5TUjgzdWZpaU1vN3NobWgzZko5RXN2ZHJPcnphTGpXOEtrR2dpd2RjS09ndGRlMlZjSlFyR00xR2lpblY1QUhRZ25yZXdXUVZSRUJEajJSM05mb0t4MjVfV1V2RnRBVEtKV1d0OEVFY2dzMGtTR211MC1QTmpZYjhPWGdLVHowUGdpcG1LVmZiem5zam5ib05BRUtUdkVYekVNdnNn?oc=5
2026-09-08,AIデータセンター,,テーマ関連ニュース,⚪ 情報,10,Cowboy Space leases a huge facility in the Seattle area to produce hardware for orbital data centers - GeekWire,"Sat, 05 Sep 2026 20:37:19 GMT",https://news.google.com/rss/articles/CBMieEFVX3lxTFBxcE9wNnFZZFU4dlhYX0V0Uy0wbWZiQXpjZHBPX1pmRmdtVHpLSTF6ZFM5dzdtaXltcUxOMUF3Vld6TEZyMGtEX3hDZTBFaklaZ3lpRFNVUzhNUTF5VTBBZlYzY3UzdU1aVnlMRWtQYmw1Mm5Ua0dqcw?oc=5
2026-09-08,AIデータセンター,,テーマ関連ニュース,⚪ 情報,10,Elon Musk wants to put data centers in space. Should we let him? - vox.com,"Thu, 03 Sep 2026 14:00:00 GMT",https://news.google.com/rss/articles/CBMid0FVX3lxTE55U1ozMnhrMWhiX09IR1FSaDNzb0hQVGxMMW0yaExUQ1JObDJRbTVRQ2RCMnl3d0EyQTVkYmxMQlcyNE9sX2oybXFtSXFDMEVESjRieHEzNHhTVXJzaE9kUnNuZG0zRHUtY2I5OFItMno4TkVaRzMw?oc=5
2026-09-08,AIデータセンター,,テーマ関連ニュース,⚪ 情報,10,"AI in Space: AI Data Centers in Space Promise More Power But Raise Legal, Security and Environmental Risks - theaiinsider.tech","Tue, 08 Sep 2026 13:00:59 GMT",https://news.google.com/rss/articles/CBMi2gFBVV95cUxQU1ZlQzlpMFVNeXRuYTBEWTJtTWdlM1prRDUwLWJqSEVsMGdsaS1uMmNiUUFtQ09rb2FkalhXSFc3RGZ2MDFGWEMzbTQxd2Rma3huU1ZnOHh5eWdldm1fRExDOVlwS0NBTFVMVjVQeC0ycXozWnF6SEh5VDJkWG9KWVdEcHdjdnlELTNGOXJ4NVNDSGoydHh3bnVmc01jQW1uRHVKQVhxZ0ZrSDBYdUhCeE9fZlJPdjBmZDJ5YkdtRzg0Tk1HdU1nTmFLTVZob0FKS3pZSm5oYXZ0dw?oc=5
2026-09-08,AIデータセンター,,テーマ関連ニュース,⚪ 情報,10,Altman-Musk Feud Escalates Over SpaceX's Space-Data Center Claims - Stocktwits,"Mon, 07 Sep 2026 17:43:53 GMT",https://news.google.com/rss/articles/CBMirAFBVV95cUxQSkMwRmtqQTJnZlZyRzlSRGNQNFAyWlFGWUVKczB2VFEwa1VSaURrekwxaHJJVW5QclQ0c2FtX0RFcXpqY20tNllyN1RDdXE2WVhpcFNTMzltVlZVeGNvZUNONzlQMWNWU1Y0Rk9RRF8yYmxtT2NIdTJod1RIUi12ZnIzNUpRYy15ODNWbDhVRUV4bGhsMmd5SlNCWUFkT0hqbTZoZWJfNDZnb1Fl?oc=5
2026-09-08,AIデータセンター,,テーマ関連ニュース,⚪ 情報,10,"Musk Moves Up SpaceX (SPCX)’s Orbital Data Center Timeline, Again - Yahoo Finance","Sun, 06 Sep 2026 20:41:03 GMT",https://news.google.com/rss/articles/CBMimgFBVV95cUxNS3V6WjZhMVdqTV9SVnNyOVpON0d2UC1RRzB6WENzYjFXVWhkenpscGtDdkx6UlU4ZVhmLVl6d2RWeVM2eVdxYW52R3RzWWlLSVlxTkdkd2pFTXBtazRnTGlOc25YMGYweXlCbUJsQ0NLd1ZCM3hZMDk2NWFMZ1dxNzktMHhocU1FY1hrSF9zb2VYLTJuTGJwaXpn?oc=5
2026-09-08,AIデータセンター,,テーマ関連ニュース,⚪ 情報,10,Elon Musk’s Space Data Center Bet Faces a Reality Check — Experts Says It Could Be a ‘Next-Decade Event’ - Benzinga,"Tue, 08 Sep 2026 07:56:11 GMT",https://news.google.com/rss/articles/CBMi5wFBVV95cUxPSHJ0LUNkaE5yUEFjWGY1Mm1haUxwVk9xZ0dMZFhQN2QzU0NOWFJLM256SWIyVVpPbFZSRVM3N0s4TTRFTTVWMzZILWI0T2dhSWd1MkxBaVdXOEl1Z19mU0NSZ3pHLUhFWnZsTU1SZlRKTEw5NFdkVHlpMmpfYUV4Z0taR2xKZUJ1Nzlwa1VjckhpVko4ZHQ1RVNtZFNrT0JUaVBPYzRLWC1LcXRUcEI4OTRNYlVKVHk3RG1WOXY5U05ZVnROMG1Gam5NR3RVaXo5R2I4bnJmanFaTHVpWG1Ba0psWjBRSWc?oc=5
2026-09-08,AIデータセンター,,テーマ関連ニュース,⚪ 情報,10,The Space-based Data Center Hype Machine Is Already in Orbit - IEEE Spectrum,"Wed, 01 Jul 2026 07:00:00 GMT",https://news.google.com/rss/articles/CBMiX0FVX3lxTE8zdHR5cGpadzFtZzNRSi1FeWRBc21UcTVYYmJhcTVYZW9TenA3b1pmcmpGN050UzlJQTQ3bzlZZ3ptVWZpUC01Q0lQbi1WWVFocC1aS3pSbHpfeDdIZmI4?oc=5
2026-09-08,AIデータセンター,,テーマ関連ニュース,⚪ 情報,10,NASA administrator suggests putting data centers in space - The Hill,"Wed, 26 Aug 2026 07:00:00 GMT",https://news.google.com/rss/articles/CBMikAFBVV95cUxPbHZ3azJ1dDkxYkhqZndPeUZJYVZYTFRaMXBwVGg5a1YtZU1WaEJiSE9LMnN2cUE1VjNTcWtDdmFQbnJlbW14VkNoQ1hnTVBrTG5rNzgtLV9wSHUxNFhYN0RzRmo0cFlXemxuM2c3Vkl1cjRBdi1nNHVrQjJJYTRxTDBlV2pQdzJYSFBvU1dVckXSAZYBQVVfeXFMTWR5NTR1N0JJYjFsb25qVGZmOWxydDRlMVhqOGJQWUM2NHJIUXNSb3ZnNy1mTl9YOVRoMlBsS0tzQ0dtWTgxVHFFREVFZnhIcFlhcDNPUmI4TmdRTlJ2Z3BYcVBUUmtraDJrNkNucEEyb2hFaENPQVdBN2hQSW9Vak1XenFnUU1KQS1GS21taElDOVhjTFpn?oc=5
2026-09-08,AIデータセンター,,テーマ関連ニュース,⚪ 情報,10,A.I. Data Centers in Space? A System to Cool Chips Could Help. - The New York Times,"Thu, 30 Jul 2026 07:00:00 GMT",https://news.google.com/rss/articles/CBMigAFBVV95cUxNYlhkbDdzYVQyRHBaSE01N0trZ3hvYlQwMjVEazVHQk9KZExnUnF3WC1mWGV2ZEdIWUIzU2VYVy1JREs2WWdDbEsyUHIwb3hlNEFQRWhldlQ2azBVQ2ZndU5SVE9fd3BxNmFVbjVsMnRfck5GV0ZuLTg0WE1SVGJZZA?oc=5
2026-09-08,AIデータセンター,,テーマ関連ニュース,⚪ 情報,10,"Orbital files plans for 100,000 orbital data centers - SpaceNews","Tue, 30 Jun 2026 07:00:00 GMT",https://news.google.com/rss/articles/CBMif0FVX3lxTE02RHlZWUU3U0JWV3lmRVNJMURxaTFVT0p1RUhNblowZEZGVm45d3YtRG5XeG1sYU80MlgwaURpSXRIVV9TcEhTV0tUZzFFbl80MXJZanJ5RDlxd1JTUGZGajZHdFQ3bmp1Z3lnUnRNYldsa2FqbVhkNTgzWEU4LWc?oc=5
2026-09-08,AIデータセンター,,テーマ関連ニュース,⚪ 情報,10,Data centers in space - JLL,"Tue, 09 Jun 2026 07:00:00 GMT",https://news.google.com/rss/articles/CBMiZ0FVX3lxTE15RVYzNW8zQTRINzFsSlo3ZFBpQ2pobV9Yb1FESDN5ampzUjZGRVlfTkZkckpKU2RFZERobFBTdlBIZ28wUElkRnk4WGUtZGVXRUdzbmxYTjJnNWNsM3VDRGlpWW1PYlk?oc=5
2026-09-08,AIデータセンター,,テーマ関連ニュース,⚪ 情報,10,"Space data centers could be ‘catastrophic’ for planet, scientist says - NewsNation","Mon, 27 Jul 2026 07:00:00 GMT",https://news.google.com/rss/articles/CBMikAFBVV95cUxQYzc4b2ZPX1paVU5OMC1oRWhWaGtFZnVSNU13QUtSLWlwUkNnZ1Z0SmRwTl9Qd1p6emFQckFVN3pyQWZGSExRbjBGRFhqeVhBcTNreGFROTJXNHVGdnpSNnotT0hWMVlZVXppM2JtR2w5MWVnbnpYMzFxbncxUXFmajN2cWZmNmZnVlpJX3NBTWnSAZYBQVVfeXFMUG1XRkp5WVk1REl5MHpvMVNKQVZqcVJzVDlsc1VWb2wwZ09RS3g1ZWFrRDE4N3pjbEJoeWduRTNua3U2UlFzeWlqQWVtS0RlNVpsQVV4bWtWTlBINEx2VWF2X0pfbkQ3a1R6V2NtZnN6NFJELVptZ2cxLV9ZaFRsYm00ckR5ekpGeHJTcVkyNHR6bHJoVDB3?oc=5
2026-09-08,AIデータセンター,,テーマ関連ニュース,⚪ 情報,10,"How hard is it to build orbital data centers, actually? - Ars Technica","Wed, 15 Jul 2026 07:00:00 GMT",https://news.google.com/rss/articles/CBMilwFBVV95cUxNazdPRFRsYkVHbnN4M2J6Z3ZTWWt6WGhacnBnOWtDWGgxck40T2dkYlBzcWE3UDBHQW1PT1p2SWtKc1c5b3otSWplSmxNbDktLW80TUh1bjVDZjhJQW9vc3NwRTFraDJUcFpDMExHNktuMXlFUm5oRnJ6MlNYdEFzT0s5LUVseHFDOU1Rai0zS3Y1OWlYOE40?oc=5
2026-09-08,AIデータセンター,,テーマ関連ニュース,⚪ 情報,10,"Rapid City data center backlash: EPA rules, Meta cash & space tech - KOTA Territory News","Sat, 05 Sep 2026 15:00:00 GMT",https://news.google.com/rss/articles/CBMingFBVV95cUxQbjdKZDJfX1ZfTUxPYUwwdXl2RGpZNlFETHowQmhidjhiTkRDaC1tRWhTSzlCdzJRUVl6M2NwQVBWaUYyaHNUUzdXWTNiVVVscHZmbFc4TDBDd09fYXdjelJibnZ3Qy1fTWdxUUwwbUZxSHJzWEV3cUVBZmtpSmlGTUhzYkxCRXQzbU1iX203V0dlXzRDemdsMGF3YUZOUdIBsgFBVV95cUxPNjBKaDZtN01haDMzNy14eVNPQ2Y4a01zUVA5X2hhRnBsZ1cxUGlIOUZvVFdjSFNaM1JGaWpxTnVVdGI0RWNwNE1GelhUQWRtMlNZbjVNUTRYbHdUV0lZWVY1YjJHYWFiMWU3X2RlZVFYNG1zcThUWWF5X2YyX0NBbUpnMlR0S1ZtVVJOY3RhNjdSWnlnMlhSSlVRRXl4MnFyRkIyTlNRb1pkeTZLUEhnb2JB?oc=5
2026-09-08,AIデータセンター,,テーマ関連ニュース,⚪ 情報,10,Data centers in space could be a new frontier for insurers — if they can price the risk - CNBC,"Fri, 14 Aug 2026 07:00:00 GMT",https://news.google.com/rss/articles/CBMimwFBVV95cUxPanlzbTkxbHVrT0dsb05kNnhrZVNzOFNNc0JKTm9xZ1BUWUpWQkEyWmRUcGhLdXNFbHM1X0U1NnoxbU91UGo1Xy1DQzdCR2ZmYVd4UXpaYkwtNTMtNWJmd2FYTUtNTW5mYWZJV0VlWlQwWnE1S3VzZEdIZFBFRDlmS3JjMkdYa3ZTRUdTd0kzWWRQTkxsbWJZa04zVdIBoAFBVV95cUxOX2ViSzFsb0JfakozR1hrcUlCNGV5bHdXWlFPSmJ5NHFHQXQtQmo1T3ZmTUpCN0YzLUcxMXoyR2doTnRNczg4VkFNSnc4aTdQN0djdDRhbC1MazBJYzc2dHo5ZzBKbFR3MXYzMUNVLURsY1IwRTNOM2F3UnFYZHZLUUR2a0lyX3draEVraHFGcXQ0WDBGWU81ZGxlOUJ0djRO?oc=5
2026-09-08,AIデータセンター,,テーマ関連ニュース,⚪ 情報,10,Jared Isaacman’s support for Musk’s space data centers did not occur in a vacuum - The Hill,"Sun, 06 Sep 2026 14:00:00 GMT",https://news.google.com/rss/articles/CBMiiAFBVV95cUxQVFhBMnh6NzBiSHNGOWE0bGNaeHRzb2JSNV9HanQySktPYzlweWszT09BNHZiMk1heDhHdi1VMXpCeWdETnhEYzU0Rm9RbzFkcHdsUEdiMmhYNF9Xd29mWlBfaWw3MHJ4NW56OGUtbGZUSXJkdnZ5RDlqaloybkJQN1RFLTd1THhy0gGOAUFVX3lxTE12VFlmb1pmdDBzdGI3Njg1SXFCT2tqeFpvTkc1U1RRclVrZFMtSDEyMXZBSV80RzhLZ01BdF9RczR1UFFPa3FUNjRYRm9SZ0N6Vk53MHIxX1lkMTFYQzdIX1VVZkJoeThSR0JKWVpRS0xXaWRBX2RMMHV1eVBPMEo1Zm8yS19EVUdCZ2NNeUE?oc=5
2026-09-08,AIデータセンター,,テーマ関連ニュース,⚪ 情報,10,No one wants AI data centers on Earth. Do they make sense in space? - CNBC,"Sun, 21 Jun 2026 07:00:00 GMT",https://news.google.com/rss/articles/CBMikAFBVV95cUxNckN0aU9QN2xCT0MxZGN1NnZkN19ZY3loUTdJUHc5dlBiUzV2bjgyVW85OTQ5czEzUDgxYU8tTnVMMnBEQUNOdUhGdGU0NmRDODJ1SGlEUGVxQm8wYVg0bVRRR0Y3U2g4djFUdFF4SEx0SS1lV3p3czM5NU9KWEROby1DNzdBcGhVb2VTakxOMTXSAZYBQVVfeXFMT05mN21fLUdwQTV1UnRjWHVneHAtR3RYTV9jMW9GMldVYmJNVlRmT055alVGTnJfVkU0Y2RWVElydzFJTUI3bkxxSGxYeE1BVFFlLWVwU1BmWFZGNVFDUXlNVHgwVkYyM1VhOF9zdHBrWXdYNUtHN1ZzWDBOYXE0cWx3SzFxRzY2S2ZWUWxBNnFQU2lRdlFn?oc=5
2026-09-08,AIデータセンター,,テーマ関連ニュース,⚪ 情報,10,Orbital data centers could outshine the Milky Way - Scientific American,"Thu, 20 Aug 2026 07:00:00 GMT",https://news.google.com/rss/articles/CBMipAFBVV95cUxNSDZLdUV4UVNVakNZN0hTZEoycjM3VlV4YlhwbXVVUVZsMzQ0NU45eGtwNWZVZWhjQUd3VVBTcTE5SDZELW00dTRsVml4UTVjV2VIVUVRLW9nY1M3NnJIRjBjM3lDZEZpcldqMl9keFlWWlllVDFEWFktckVHZWtmdXhEY1dWMkFPSGROa25HRlZwSkI0S0NrdHB4Q0ZPTWxsM1N0Ng?oc=5
2026-09-08,AIデータセンター,,テーマ関連ニュース,⚪ 情報,10,"With Nvidia on board, SpaceX orbital data centers to hit 'significant scale' in 2028 - Light Reading","Tue, 25 Aug 2026 07:00:00 GMT",https://news.google.com/rss/articles/CBMivAFBVV95cUxPV2E2NlVRdXNUczZLR1FEZ3Fid2NSa3hfeW1LaEtieDZNNV8yVENwQ3pJY1I5VzEtUWxScEpma1FXWEpjUEliYldEc0ktVVhoRUYtNTlSNzFMNlNNYkZCak5Sc3pvclhqWVhOZ2tsWUdkeXVDY0RZM1Q0OU01YlJJUTh1Zkh1SzFzZlR0YWxlX2J5MnR2RFJfZVBTVXJ1SmNzcFFDRW44bWtWVnVYRS16cV9zNnJ1SjNfMUxXRg?oc=5
2026-09-08,AIデータセンター,,テーマ関連ニュース,⚪ 情報,10,Musk Sees SpaceX’s Orbital Data Center Launch Near End of 2027 - Bloomberg.com,"Mon, 24 Aug 2026 07:00:00 GMT",https://news.google.com/rss/articles/CBMiswFBVV95cUxNenFaRnNzODc0bFNvdzRhU0xrNko5Z0JQc01JYW11T2JId2pFclg0OUVwMmJQdXBqSHRIcUV2aTQxekI4TC1FV0VpVnB4a09oMzdRTUcxREJvdXNxZVNSSnliX29ndnhvbDFiMEIwUkt1M09vNnUzLXNlazhNb041RGR2ejFrLXIxWkZwY1BQdXNkRlpMbllWcXVMd09YSDZIWEc0WGFnaDFVZkV6UFNfZXJPSQ?oc=5
2026-09-08,AIデータセンター,,テーマ関連ニュース,⚪ 情報,10,"For Orbital Data Centers, NEPA Could Be the Next Frontier - Morgan Lewis","Mon, 31 Aug 2026 18:57:14 GMT",https://news.google.com/rss/articles/CBMitAFBVV95cUxNcjVYMGItQU9QUW95aW1SN1F4TFVvQks4bFNYb3R2cktVcHJyMEx3UTdaVnFBYmh4SWR0UDM3UGlUQlpHcVl6aFYtcHhfLUEzZEJpUEdDOTFndk5idk9ZcUlCVTVCUldWTGZWTW1PTS1ZS0FuTm9iczZwRWFwOEwya0daUXBnQ21KVzRVdDdhTlpHUkZELTBVQzU0OEJDWVVaVFFFbklwRjBoNEdldlFWZ2pKUG4?oc=5
2026-09-08,AIデータセンター,,テーマ関連ニュース,⚪ 情報,10,How Orbital Data Centers May Test NEPA's Reach - Law360,"Thu, 03 Sep 2026 18:54:00 GMT",https://news.google.com/rss/articles/CBMimAFBVV95cUxOaTg1c0ZKN2UtWGVFSzhGSlFyVmY1RlBlcndvQUc5eFFBTlN1NWZEQy1HRW96dnFvaEZ2MXBtN05XXzNFV3dkN2RUT2NLeUw1MnNlUTRlTHVia2ktbk1QQnNPZjFNSWN4c091MjJ1TUszY0tBQXl0ODBMSEY5eWxLbkUyank5MEtDRDBDeGRTbzZGTnZudjI0Q9IBVkFVX3lxTE53T3hMblV2UkFLaVVEWUVYOWxpU2F0d0ZCNUprczd5N3pERXlhX2J1NHB3cDFTSkVHbElPS0Rpck1fMjBBRllEbXZYd2o4bURtUEprVi1R?oc=5
2026-09-08,AIデータセンター,,テーマ関連ニュース,⚪ 情報,10,Starcloud raises $250 million for orbital data centers as launch options dry up - TechCrunch,"Fri, 21 Aug 2026 07:00:00 GMT",https://news.google.com/rss/articles/CBMiswFBVV95cUxNeXVPM3dmSzFKVFBVX012dWE4cmNSQ0xvamRkYUJBYUttT1U3ZkVnc2Z6YXVKSmFMMk9TWEZOTGV6eFgyLWx3LVIyTmw5cWdQZ0NSTWNmMTVkSFZ2WU8tRXp4MjlKc1ZHUy04MjNhVFM2OFAyN0RzR0ZlUGxpZjV6SGx2ZmplWXFzdzNJVEhlbDJHRXc5R3Jja1dXaW85Yjl2cVVrMTRfVmxmMUdod2RhY0g0WQ?oc=5
2026-09-08,AIデータセンター,,テーマ関連ニュース,⚪ 情報,10,Elon Musk targets launch of orbital data center by late 2027 - UA.NEWS,"Mon, 07 Sep 2026 00:32:49 GMT",https://news.google.com/rss/articles/CBMirwFBVV95cUxNWlA5MUgyQnVBWDU3YWdrenEtUVA4Q0loUVFaSlJzZkVXc2wzeFVFVkZybURZdjkwYW1VMnE4TnVvRE9uMmpXLThEcHVuZ2E3UktqUC1SS2NoSVpwMm9TV0ZtdjRsYXhhZkZVTEJkTGwxN3RLdUgwN1RJc0ZFdVZmWHVoWWxQUXhiYVJxSXlXWmVRZnNEQVdLeVhQNWMtSW4xWDlGajQxWUtxaVdYWVNF?oc=5
2026-09-08,AIデータセンター,,テーマ関連ニュース,⚪ 情報,10,How do we solve the data center problem? Build them in space | Opinion - Austin American-Statesman,"Thu, 03 Sep 2026 10:22:58 GMT",https://news.google.com/rss/articles/CBMisAFBVV95cUxQak10QjN1YjYxdEdkWEVyWjlBRDJOZV9FUFAtcktFS3hOV0djYTN4c0p4MnF2RGJYYUxMTkxudTBKZThrV0FZc0dOcVo0cEhmQWV2VzZXdFl5ZTRrMFlYQVlmeGl6NlBYQWtDc04taHhjZGV2b1dKckxZY08tWnhvS09NYnhtaE5abExYR2VQMzk1NUxuMkxfend3MTJrY2E0dldyNTV3QzNKVl9uMkR3Uw?oc=5
2026-09-08,AIデータセンター,,テーマ関連ニュース,⚪ 情報,10,SpaceX’s orbital data centers would create a new category of e-waste - Ars Technica,"Thu, 20 Aug 2026 07:00:00 GMT",https://news.google.com/rss/articles/CBMirAFBVV95cUxPOTc1dUctQVVzbDVpTFdGeEtyS0J2WXhKT1lHYW5CYW55bHhJMnNWd2d2anZUQ2o3aENtVF82VjRuMnZRYjR6c2VFaUFVZkRvcldzSUM3bFlSVFlpakVQSGwwWGk1YnQxV2pqemNVQ3dVbkRBUWdwc3o5bnJ3Y0p4bmVseVcweGROeHpZSFF1U1dIbGt5c2l0NHJRSXBIaEwxNDllUHE3djcwOFU4?oc=5
2026-09-08,AIデータセンター,,テーマ関連ニュース,⚪ 情報,10,Orbital Data Centers Could Put National Environmental Policy Act to the Test in Space - Morgan Lewis,"Tue, 25 Aug 2026 07:00:00 GMT",https://news.google.com/rss/articles/CBMixAFBVV95cUxOOHRRRlFwZ3NyVkUwaF9KNXRNR0lwYVRsTF9id19fajJidmEtbkdzQnk5bWdMb0M5YXROYkhTSk1lVFZIT0xvVVpoQVRBSkV3RXBvanNCLXpsMllNbHlhSVZPeEVtX0JuZkhKVTk1ejVnWFFxMzJwWnlISldtQjE2WUhSSDN4WW1ZdW45ZFpKNmZsWVpfMlpvN0VwdzJTNktDTnlBNFk4WG1oYmJ5c0FLUmJGUzdEeFJKdHJLX09ZVzNwQ0hI?oc=5
2026-09-08,AIデータセンター,,テーマ関連ニュース,⚪ 情報,10,Elon Musk is about to launch an Nvidia data center into orbit — and he's betting everything on its chips - Yahoo Finance,"Thu, 27 Aug 2026 07:00:00 GMT",https://news.google.com/rss/articles/CBMilwFBVV95cUxPTTRRaC1RQ1dJNTkxRUVHNW8wNi1DTkd2TnZGU0EtQ2tybW4tbWVtcWVNX19qR3ZOd1I2RGZrZENoQlJSQU9ZYnYwSFJrUlBVdW1CMEZWZkJXMmdVNXNhVjVLWC1BdUpWNGFKQUotRTQzN3psVFZQZllDd0dnYm13X2RqbWVJQ3B4d0FuaGdJbFBNZ1VrQ1Fv?oc=5
2026-09-08,AIデータセンター,,テーマ関連ニュース,⚪ 情報,10,Musk Says Nvidia Data Centers Hit Orbit in 2027. SpaceX’s Own IPO Filing Said 2028 at the Earliest - Yahoo Finance,"Wed, 26 Aug 2026 07:00:00 GMT",https://news.google.com/rss/articles/CBMimAFBVV95cUxNb0k1RFRTTEtuTWxyUVUtdUY4cUNINENXdWlZR1JFcFBVOUF2Y0JDX1ltRjdXMFN2UVg3V19fbnlVd3lsOVdzNEZ4NVdiSjdMSWt1ajhhSGcwYm9fY2stcmU4eFlWTkFCQzZRX1FLS2pKbnFFUUJzejNUNmlpUTBYbGQ1OGxVQXRsX1dIWkYxR1M2T3k4dGl2eQ?oc=5
2026-09-08,AIデータセンター,,テーマ関連ニュース,⚪ 情報,10,"SpaceX unveils Starbase launch site in Louisiana, moves up orbital data center launch timeline - Yahoo Finance","Tue, 25 Aug 2026 07:00:00 GMT",https://news.google.com/rss/articles/CBMi7gFBVV95cUxPMkV3M2t0cHNmazJ0QmxKSzhlR0QzckF4c1dSMWpQdktrZnpMU3JUdkg2VmVObFlQb2ZsazMtZTZqVTFhUHNQelA4RFF6R1Jzekk1Nk1Pbm5ERnY3b3pJVTJmWnMtSGk0cEJqODV0T0FYUUFyX0NtV1NkM3RlamhfRkpWOWpVbEtLcU1kRDZGQTNfb29hdTYtWmg0eEc1a1RBQkhXNlJhOVdVZm5KV3lRZWZBM3lSQ3BiTGZVRHN2THJfSEtOUmJ3QnhYeUZKSURYbzQ1X05ncTdKSFhKYkJ5QUtfMlVJM2NyTHpYaXJB?oc=5
2026-09-08,AIデータセンター,,テーマ関連ニュース,⚪ 情報,10,"AI Computing Race Heats Up in Orbit: NAYUTA SPACE Unveils 10,000-Satellite Constellation as SpaceX Builds Gigafactory for Orbital Data Centers - finance.biggo.com","Tue, 07 Jul 2026 07:00:00 GMT",https://news.google.com/rss/articles/CBMidkFVX3lxTE9aWURvdFRSNXNUNERJeUxwenpZZnRNVVVkeE9vQnZaT2lYOF9DQXcwRFVIWDdpRER5bW04eFgyR1BabVFLd0pxaGZ1MGdRSVJ3NDZ0ZFpaZ2k0MVlnMlp6QmVvNElHZlpLZ2lHaElMSFU5SVJWckE?oc=5
2026-09-08,宇宙,,テーマ関連ニュース,⚪ 情報,10,"Blue Origin Plans 51,600-Satellite Computing Constellation - Aviation Week","Fri, 20 Mar 2026 07:00:00 GMT",https://news.google.com/rss/articles/CBMioAFBVV95cUxPSGVON2RkZGJJSnFGSlBvZ1pzTG40dUpvVzl6YW1va2dwVm9sZUMwcndhdksxSDU5N0hrRHRDWmwtX2J4aU52WXI2dFVjUE14RjRUVWtPOEZhM2J3b1NkaWFIRlU4Z0ZpaFU1dDFnR0VQRUp6amlDcUhINFJ4aERPT2JLUjZUS0lqd3lKM2NGbG1FUEI5UGhESV9NZnZLNU9X?oc=5
2026-09-08,AIデータセンター,,テーマ関連ニュース,⚪ 情報,10,"ESA Installs Quantum Computer in Data Center, but Satellite Advantage Is Decades Out - Tech Times","Fri, 17 Jul 2026 07:00:00 GMT",https://news.google.com/rss/articles/CBMixwFBVV95cUxNUWdQNE1BQ3lCTU9QVndmSzMzQ2RTNExsUy1xcm05UHBvX052UGgtbEtFbURmeGVwRDVDajBoOVhialZ6aWxldGlhRi1kSlhtUnd4dlBISElFeWEtZ2JuM01BanlJN0NsVFJ4M2lDUmF5NzJCb0hIQ25JMXJMdlVlVk41ZFR4NUdyVmdzSXVNbUxyaHp4XzloUThQbnBaRnNLUmtXMU1seVhFMDY4Z3FYUTBsalhhMV9SLUJWTTJ6QkpCMWtZdERN?oc=5
2026-09-08,半導体,,テーマ関連ニュース,⚪ 情報,10,Free-space optical communications at 4 Gbit/s data rate with a terahertz laser | Communications Physics - Nature,"Wed, 04 Feb 2026 08:00:00 GMT",https://news.google.com/rss/articles/CBMiX0FVX3lxTFByTjBPZ0dZUkRjNENjUVhOOTQybFRtQnQ0WmpPdllOV29Zdm9Mc0p0SHQ2U3N1VzhzczZ3a19hMS1xelIwZVg5YWdQTUdHejJMbTF0QnM0NVlHMFlLQU5r?oc=5
2026-09-08,宇宙,,テーマ関連ニュース,⚪ 情報,10,PI’s Fast Steering Mirrors (FSMs) Enable Free-Space Optical Communication - AZoNano,"Wed, 15 Jul 2026 07:00:00 GMT",https://news.google.com/rss/articles/CBMiWkFVX3lxTE1mcFdpaXdGSzNvNDA0dXVaRXhFeEY0T2dkUFJQdXFRVUxoYnU5bTlnX0pWejRSa2hFbGVEQURQMWh6MzNjbW9KaWxaMEtDN1RBdTB5QjF5S1R2QQ?oc=5
2026-09-08,宇宙,,テーマ関連ニュース,⚪ 情報,10,Vector Photonics demos free-space optical communication using PCSEL outside of a lab - Semiconductor Today,"Thu, 09 Apr 2026 07:00:00 GMT",https://news.google.com/rss/articles/CBMijgFBVV95cUxQLUZYQVl3bFlsalJ2ZUZpaVhabEpUOHRvLVRCaEJrdDFnOU1JM2J3OGR0dEhDSGNqZ0FreklZYU92YjNLNzgybEh6cHJaRWJDNzhnZVBwUmEzOEt0OGFjczdxM2NRbTRKZmZPbUg0RHY4ZlQtRFdqWFBLbXhma19QdDRhazNTMjE2a1BnT0lR?oc=5
2026-09-08,宇宙,,テーマ関連ニュース,⚪ 情報,10,Why Is the Free Space Optical Communication Market Transforming Space Connectivity - marketsandmarkets.com,"Mon, 09 Mar 2026 07:00:00 GMT",https://news.google.com/rss/articles/CBMijgFBVV95cUxNekNoSVY2RExudFlVT2I5U3RsMFRDb0FYOFJPdk5odERZVzA2NFo2NzJ0bmtJSnRQQzBCWE1VbjRtV1FrM19Wdm1hTTlBYWJLMVlad2RTZ3dGVUptYWE0N3BFNlFjTl8wTDZyVjRpR19tcUdfR2lybE1XS1hIcHRNNW9ZMnhYZzF6aGk0dVBR?oc=5
2026-09-08,宇宙,,テーマ関連ニュース,⚪ 情報,10,"NTT, MBRYONICS sign space optical communications MoU - International Business Times","Fri, 05 Jun 2026 07:00:00 GMT",https://news.google.com/rss/articles/CBMiiAFBVV95cUxNcGtCQlVoZVhIUVhNR3NobGhxcWljLTN2ZGYwa2c3MlZlX1NHZnhhcGFtcVVHdWJ2WWxZNkZ3RXhLTS03TnpUbkRZMXhJVjhSZVF0UmVpWmJGeW9GM0ZiQ3FZMXMwd1lCN25hbHdYOFk2Z3lwRUh3NmlvZDgwczNLN2lfVTV4VUp3?oc=5
2026-09-08,宇宙,,テーマ関連ニュース,⚪ 情報,10,Robust high-capacity free-space optical communication using OAM-based structured light and intelligent adaptive signal processing - Nature,"Thu, 26 Feb 2026 08:00:00 GMT",https://news.google.com/rss/articles/CBMiX0FVX3lxTE54V3A4b3FHMkp2Rjc3RXpYVUx4R2R5bEVnTVdDMmNUOUxiSDNHMGlWVEpieEJTZ2RtS0xLa0ZxOEhKRVJxT0hOaHpsQ0pjalRfdXU2UWlpQVF3a0dSVHdF?oc=5
2026-09-08,宇宙,,テーマ関連ニュース,⚪ 情報,10,Partial coherence and multi-channel vortices enhance high-security free-space optical communication - Nature,"Tue, 09 Dec 2025 08:00:00 GMT",https://news.google.com/rss/articles/CBMiX0FVX3lxTE1zYjNLdUpTMjBKekxGeHdxU1ktTzlXbGFzZEYxcUg4UTJ1RGRZUVRkX1U2djg5dElLVlRDVk9idWJ5dkd1MzFMd2hTa3Bxd19oNUVILTU0Sm9ySlVHQ1BV?oc=5
2026-09-08,宇宙,,テーマ関連ニュース,⚪ 情報,10,DARPA selects companies for inter-satellite laser communications project - SpaceNews,"Wed, 10 Aug 2022 07:00:00 GMT",https://news.google.com/rss/articles/CBMimwFBVV95cUxNQlFaZTN2ck8wbkpwQ004czNweW5OVTloYXduX29KdzIwbl9kcXdEZ2VsbWtvbUVfM3VWMDQySkxCRk5LakxVRVJSZUpEM0VFcEZNUzRpRWhPYnVsNlo2Q0FNLVhsbk0tY2d1Sm1JU2tTa2tCdThGN3VvVGg2X3c5czhreXR2OUdrcGI2aFpNZmxSNzZRMi1LY0hSRQ?oc=5
2026-09-08,AIデータセンター,,テーマ関連ニュース,⚪ 情報,10,The “Physics Wall”: Orbiting Data Centers Face a Massive Cooling Challenge - satnews.com,"Tue, 17 Mar 2026 07:00:00 GMT",https://news.google.com/rss/articles/CBMipgFBVV95cUxNV2FjZHhsTkpsUmhhUUNxWUFsVXdZeTlSSmhMWl9TX2pXVGpidjdxQlRqMTBzQ0RaRkpvSVlrV0VLVmptaHZXRGxiTW1Tb25qTjhQRVlDQWd1N2lSYkJUbWdSN2hyY0swOEhscHVlblJMczVGQ2R3ZkhwbjZiSno1M2xjYTdRLUlsazF1cjZwVmNUQnpVeGkxUEwya2F4a1VlQzdZMXN3?oc=5
2026-09-08,AIデータセンター,,テーマ関連ニュース,⚪ 情報,10,Are we really going to build data centers in space? - Spiceworks,"Wed, 24 Jun 2026 07:00:00 GMT",https://news.google.com/rss/articles/CBMiiAFBVV95cUxPQ3lxR2NvUVpkZE8ydkEyUXNZWkdpakh5cDJiOUN0VEg1aWx1QnM4NVNuV0ZpcXZFVHhYNC05THBDdGFfV1BQUXpPR1pXSDBTUFBObWg2OUxqLW00cl9lRFg0VDhSNnF0bGVTR0Y0dkR5R29mQlZYaWIwaTllRUxwb01hV2loaXZk?oc=5
2026-09-08,AIデータセンター,,テーマ関連ニュース,⚪ 情報,10,Heat Radiators for AI Data Centers in Space Will Be a Huge Advantage and Not a Huge Problem - nextbigfuture.com,"Wed, 01 Apr 2026 07:00:00 GMT",https://news.google.com/rss/articles/CBMizwFBVV95cUxQal9tNlR2dXVHWndNcWptbExaNDJGQXhKYmg4MHpobVlnNzQ2RGtNNFlVQ09pNE9fdGtpSmV1QzJKVEhhbUcyalR1Q2NtdUhBdVk5ZnJSUDU4aURpZW1xV1ZsaGZnWThOQ09GZ1JsVFdtZjN4VFVVWDByd0dEZ1JWOEhJUFU5NUp5S2cxVHRTRm1OcGtMVG1NaHI4MXd0R2UycEJ3ZlplNGtfWEdlQ2pySkliTVJLcUUwdTk2dTN3YzVJT2VxT0JSNS13VzJuX1k?oc=5
2026-09-08,AIデータセンター,,テーマ関連ニュース,⚪ 情報,10,"SpaceX's Orbiting Data Centers Will Use Liquid Cooling, But Don't Expect Water - PCMag","Tue, 09 Jun 2026 07:00:00 GMT",https://news.google.com/rss/articles/CBMipAFBVV95cUxObWdoSDI2N0FRM0hKMkp6RUQwc21NaWhieXRfOXB6SE9iaUw0eG1oZlloNWtxemdnMndsYThONjU4VG1UcXRZZ3ZCeWJ1VV9IaXpHZmJFbThzcGQ5aE0wdmR0VVcxTXNiUzdDVHNPTWdHTFRDUW1DS3ZSMGZQSTYyTFlCN1pLLUh5aVE2ZGo0S253WTVXcTIxbVVBY1BieTJvWkVYZQ?oc=5
2026-09-08,AIデータセンター,,テーマ関連ニュース,⚪ 情報,10,Phantom Space buys thermal specialist to support orbital data center push - SpaceNews,"Thu, 02 Apr 2026 07:00:00 GMT",https://news.google.com/rss/articles/CBMinAFBVV95cUxQZUhfNlpuOE5qa3VhMTRpbnM4WWZIMi0xUHhFdF9QS1JCaThRMWRzb1ZfeExFSzBjTGppMjFydmpma2NoOGRLRHUxazRVUjdnWTZ4R08wNmUwQTQ4QWpVVzJiWEV2RlJIdzRpeUpLaFpOZFBTQ0hnR1pDajRzTlBBUjc5TGJhZHpiTVpJMnpCUTNLQ1o0Z21DZ01pb0s?oc=5
2026-09-08,AIデータセンター,,テーマ関連ニュース,⚪ 情報,10,Phantom Space acquires Utah thermal tech firm to speed orbital data center - The Business Journals,"Mon, 06 Apr 2026 07:00:00 GMT",https://news.google.com/rss/articles/CBMipAFBVV95cUxPaWR1Qkk0RG9GVV9QaFhDY2J4RXZPQ1l1Q2Fhakp3eGR1RG9Kd0IxSmdpYkd4VkRRZUNycE4xYlhhM2lCel8zLU50cWFab0lfYVp4bWJ1TnI3c2RlMFg2Yms0NGF1eGZNWmRTbXU5eTM2cUZvZDFJSHBBSmxYb09jbDNWeDk3cXFsejI1RklpY2ZOSW9SUW5Xanh0T3dOdjdYSllfcg?oc=5
2026-09-08,宇宙熱管理,,テーマ関連ニュース,⚪ 情報,10,Review of the VO2 smart material applications with emphasis on its use for spacecraft thermal control - Frontiers,"Thu, 15 Dec 2022 08:00:00 GMT",https://news.google.com/rss/articles/CBMikAFBVV95cUxPNUJma05Mc1pzbTJDV042djFNeWstQUotN2NFYjZGT1FPajJzQ2VHNGZpUHRlS0FPZXpOcWF0Q0swc0FFQmhYQ1dtMnFsMVZqNF9WQks2OEQ2dTJaaEl0Skt5RFpKX0tnV1FZankyWFlVQVd4eXQyajE0WWdwRHlKSFFBNldYNVRBamgxLWcxOFM?oc=5
2026-09-08,宇宙熱管理,,テーマ関連ニュース,⚪ 情報,10,VO2-based switchable radiator for spacecraft thermal control - Scientific Reports - Nature,"Mon, 05 Aug 2019 07:00:00 GMT",https://news.google.com/rss/articles/CBMiX0FVX3lxTE9lWlkteWd5YWVQNDVBZXhLMi16allmSXhncHFvZTdyT2tpLW5TZzdGcXFMckZTejBNOXl6cXF1SV9iRXJvZEFpUEx0Z25rTm9xeG5MWF9xTmFHa21faUQw?oc=5
2026-09-08,半導体,,テーマ関連ニュース,⚪ 情報,10,"Physics says a spacecraft with mass can never reach the speed of light: as it accelerates closer to c, the energy required rises without limit, so light speed isn't merely difficult to reach — for massive objects, it's physically unattainable. - Space Daily","Sun, 23 Aug 2026 07:00:00 GMT",https://news.google.com/rss/articles/CBMie0FVX3lxTFAyd1ZHcUNDaXZPVTdGMXpSS3pxcldmeURDWDZ3V1NqWmIxQXRSTzUxbV90V0dHdG1MZ2NuWFZubF9rOEdBbU1BeXQ4SDVNWW92VVYwa3VvNldBd0J1YW5WSDVNQUdvNDVWNmxQb3NxVGJRT0ZXUjI2dHBtTQ?oc=5
2026-09-08,AIデータセンター,,テーマ関連ニュース,⚪ 情報,10,Top Strategies to Cool Down a Space Data Center - 36氪,"Wed, 04 Feb 2026 08:00:00 GMT",https://news.google.com/rss/articles/CBMiU0FVX3lxTE8yUWdNaGtPZzIwMEZpcWhNNkZLanRBQmxQZzBkd1JhVDJGdkMtc3g4MWJ4QjZXZlVmTzkwS1c5OGdrLUt2QkN3STA4bGNtMDVBVWtN?oc=5
2026-09-08,宇宙太陽光・発電,,テーマ関連ニュース,⚪ 情報,10,Space Solar Power Is Coming Home to the Energy Industry - POWER Magazine,"Thu, 09 Jul 2026 07:00:00 GMT",https://news.google.com/rss/articles/CBMiiAFBVV95cUxQSXZTY3ZJTEJYZ28wS1kzM2Vhb2l3UEhIZjFNVXVmbEpFb0NLMlpiNGFJcXVOYXdrY250bnpkbENLWXZ2cG5pT3FYRmNEbTAxOXIyVHVBT0ptbXQ1OHBnRnRYWXNpRTg4NTU5cGpOc3VVTWdWZzBoSXZSOEk1NUNBWDBHdmFkZzJ4?oc=5
2026-09-08,AIデータセンター,,テーマ関連ニュース,⚪ 情報,10,Overview Energy to provide space-based solar power for Meta data centers - SpaceNews,"Mon, 27 Apr 2026 07:00:00 GMT",https://news.google.com/rss/articles/CBMimwFBVV95cUxQNG1TWWNxdGJfZEJ2WTNraDJMYTZGeE5zcEE3clB5LUxPZG1DeTNxZDRoMUk0MTljSnUwUkpwZTFYN2lMeXR2NXFDNXJEN0dGQWJ0N1ZjTHh2c2lXVWlZdFp5VVJaSmVlS3gtYmhBSXBwcWdRSUVSejV3WFFGQ3k1a05TczNJVGhzV2NNUHVRMGdzbGZqbTNST2tSUQ?oc=5
2026-09-08,電力・蓄電,,テーマ関連ニュース,⚪ 情報,10,"Powering AI, Strengthening the Grid: Innovation in Space Solar Energy and Long-Duration Storage - Meta Store","Mon, 27 Apr 2026 07:00:00 GMT",https://news.google.com/rss/articles/CBMitAFBVV95cUxOWjZBYmRkOEJESnpnQ2RjSGd4TmxuUkRMWk1NRWZTZkVhbnZjOEgyNmJqQTVraXNVWlhiWnlWT1Jmd2FFVWVyWHI4R1J2OFJfVTdjRXZicFo0QjJxNlVBTFRZYUxLcHJCQm9hZmZId0w5ZU90eHdvVXNkcjc2VzBraHZtT29iNU9kU2VabmI1bHlSTUQ1b0JkVTBocmdMZHZQWTgxTXROQWlmUW1pcW1IQ0RLd0LSAboBQVVfeXFMT29fNG5EYjFiMTZkTk5LTWJ0TXRRMUM1YjlyRC0ySzB3TUJENU1zZXF6dFhQVy1ySVJSbVFUV2kxZW5BakNfbWw4SXcwZ2N3NlZkQlNoamwzeUpjODMtWm5HOHdXV3pYc2c1a1BtbEJ6YWQyQ25KUWhTcVVYMmlUTWtjQjlYMEphdVhtZ0xXOGNzTEZGOW5DNk81a1J1dENTOGJ0LVVjWkI1ZWZPMDVqejdVSVJKelR0ejZR?oc=5
2026-09-08,宇宙太陽光・発電,,テーマ関連ニュース,⚪ 情報,10,China Progress Report: Space Solar Power Station - Inside Outer Space,"Wed, 10 Jun 2026 07:00:00 GMT",https://news.google.com/rss/articles/CBMigwFBVV95cUxQcFJWWDB4cTROOURPc1JvRTZMbGs2Vlh1SWN0RU1aYVRTUE5BeTByaFNwbTlqSHd6MWRxREVycTdoTUZjclZSNW9mVmw5eWllZTgwR21TcnNFM2g1eGdmazMwQTNaVDRNWmF4cTNaZmlHeTBLTWJWN0ZLTVlsbEJnMWRZUQ?oc=5
2026-09-08,AIデータセンター,,テーマ関連ニュース,⚪ 情報,10,"NASA chief calls for putting data centers in orbit, tapping space solar power to solve AI's energy crunch - finance.biggo.com","Thu, 27 Aug 2026 10:09:38 GMT",https://news.google.com/rss/articles/CBMidkFVX3lxTE5RMXJWb1JuSjB6d3RUakhIZ1RBUmVVczlBdXR3dEoxS3ByYUlQY18yZWc1ekt4VEFRdF9NSDZXOTExQlVIcUIyeENfaGxPd2J1Tmc2RUpsSlhxc0I4M0wzbWpuc3VCN1hWRVViVk0wV1RyaFZXYWc?oc=5
2026-09-08,宇宙太陽光・発電,,テーマ関連ニュース,⚪ 情報,10,Meta Secures Overview Energy Space Solar Power Capacity - Payload Space,"Mon, 27 Apr 2026 11:29:46 GMT",https://news.google.com/rss/articles/CBMiiAFBVV95cUxOQkk1X3dGeGRNYm5qRE9PU2owVHNLaG0yRkpMMUhyMHg2QzlxWTkyQzktejJSUzloUUR1X0Y1U24wTHNnYURwQnpUTzVOaW9uWFRwX2pOZ0tRUGFDcHB2T0hGRWVnTWZqX3dtcmRkMkRDRzJIYkpacWFYVmhSOUZoMU5pZTdieDlV?oc=5
2026-09-08,宇宙太陽光・発電,,テーマ関連ニュース,⚪ 情報,10,CMEI to invest $12m in space energy generation - Innovation News Network,"Tue, 01 Sep 2026 14:54:49 GMT",https://news.google.com/rss/articles/CBMilAFBVV95cUxPQ1JoLUdyVVJoZ2J2WXdQaHZNalNXZHhkZkxRZXRNenZCeWd0d2Nxc0o2SVQwQkJ0bnZjbEpmUWZ2TzZvckpDSjNXN2dsWlpoeGxwNW9BOEtkSHhIcEV6RkhuMWxlVkx3bUtCb2JlMDhpR0cyVS1XZ29PcDdQWkdKdThieU9HbkdjNXVEcGxEdC1PWURG?oc=5
2026-09-08,宇宙太陽光・発電,,テーマ関連ニュース,⚪ 情報,10,"Nuclear microreactors move towards operational capability for military, space energy solutions - spaceconnectonline.com.au","Thu, 03 Sep 2026 17:54:41 GMT",https://news.google.com/rss/articles/CBMi7wFBVV95cUxPbHRfMHlmRV9NSzdLLWdiaC1vbnpzYTcxMlJiRkUyNnEwQlZTTzlzMjdfYkc2aFhyM0JGRXRnNHYzNHhuYlg0T3lCazVHT09ILTRyR1d5bHhJeExUVGlDOFlKWDJLS0ZzMGw3NGl1ZVowYk11NDJwSnpROEhTUjZaR2d1TnI1OFJ5Wld4dWhFOXotazFsLTNNSFozVnF3QTItTk9tS2drYnE2ek03azdsM2x4aUVsOUtkMzA5dGpfWVFEWXFPWGhrbDVmcEFaal9wQTZGT0NwSi1uVWFvYkdFTTJfSE10NmpUdVZVVFRHVQ?oc=5
2026-09-08,宇宙太陽光・発電,,テーマ関連ニュース,⚪ 情報,10,What’s the Best Way to Monetize Space Energy? - SpaceNews,"Mon, 15 Jun 2026 07:00:00 GMT",https://news.google.com/rss/articles/CBMidEFVX3lxTE5DVmNFRkNxME80QXFvNFl2UGt3UWhRd3dSQ2w3MUMwVVR6UUNCeW5pVm5Rbll4VVViWW0xS0ZZRWwzV3NReDZmTVdHYmFVOXJpWVMtSFpLbXFlQU1EWUZwMTcxTGZvaEQ3TmxkcHhQeU9yVmhn?oc=5
2026-09-08,その他,,テーマ関連ニュース,⚪ 情報,0,AI Infrastructure Will Cost Trillions More - WSJ,"Tue, 08 Sep 2026 13:11:00 GMT",https://news.google.com/rss/articles/CBMiiwFBVV95cUxPXzlLMS1LQWVPaVAxcUF4MGMtZDFvZEducHVtRDRkbExmZkRSaGFSdWdsZi1MeVpMZlJ3TE0yVGxiWXZVa1RsQUdZcmo0RGVOS0hjYVBLdFJWRjY3RVdocXd5cHZXdFdjLW9oS2tFYlk1VVlhaXNKb2JlS3hISktEYzRLdTBHbnVKZUxN?oc=5
2026-09-08,その他,,テーマ関連ニュース,⚪ 情報,0,US datacenters face further backlash over wastewater pollution - The Guardian,"Tue, 08 Sep 2026 11:49:00 GMT",https://news.google.com/rss/articles/CBMiiwFBVV95cUxPUTlsUlB4TW1FZjNuLTA3enlPdU85LXhoZUtxX3hTaGdJQXAxUzJYbXVxQ0UydTBDY2JhX2lXOE81QnJEWHJ2RndJUWgzakFIODNkZDJwejg1MkNOcmdxeVZyTFNrTWRwY052Nko0X2hOMnJlY2VsY3pWWlY2MXpVZVVNbk03dDAzUkw4?oc=5
2026-09-08,その他,,テーマ関連ニュース,⚪ 情報,0,"Qualcomm strikes AI chip deal with Amazon, offers right to buy about $4 billion in stock - Reuters","Tue, 08 Sep 2026 19:44:57 GMT",https://news.google.com/rss/articles/CBMioAFBVV95cUxPZl80VFZ2VnoyVGhIdk1HaHpWdzVuTFZRNWdhdXBaU0JxMy1HY3d0aXV4bHZUNFIxSS1TMWVpVVM0UDZqWFlTY2VuZEFzaW40UzZmZGJ4d1d6emVGOHZ1em1ycUJSOUIxM05DN3NzNlJObXpmYTJaZ2JMOGp1bGNib20yZUZibDJTMjNvSnNvWVRseE5QT3o5OTVMV3NVUHFr?oc=5
2026-09-08,その他,,テーマ関連ニュース,⚪ 情報,0,What Formula One Engineering Can Teach Us About AI Infrastructure - HPCwire,"Tue, 08 Sep 2026 15:45:40 GMT",https://news.google.com/rss/articles/CBMiswFBVV95cUxNRFlLRlRTWWpLUWc1MU5zNDRoS2pNNjB1ZE85QzhtOVF4SDBiazNCNzRDd2ViM2tmNGF2VFZyREU2TnFzdlBZWWRUbnZvc0x6OWtLSXEtdUdNelZ1TjBkMmhoU041VnRYLS0tdFdtOUgxZWxST1FxMkV3dlJneUNlNDIyVWp3S0p6SUQyNFNzVzZLY1lZelJRSkJaMl96RjB2Ml9iamxfOXZiUXd5M1BtVXNLWQ?oc=5
2026-09-08,その他,,テーマ関連ニュース,⚪ 情報,0,Not just Nvidia: these power and cooling firms are riding the trillion-dollar data centre boom - Reuters,"Tue, 01 Sep 2026 23:03:00 GMT",https://news.google.com/rss/articles/CBMizAFBVV95cUxQamJMNVI1ZThlMnNnbFl2Tl81SXd2ckc1eGF1aS1uOU11RHFSTjh1a29pOUV6cV9VR2QtS0liSlU4YlBBbWxVQ0ZTMDlLRnlad0p0cGtXY0ozWkl2MURsM0lOdktDSFRMN1pDLUh6TEplLWtJSFY1T3hmRVVMeG1jNGc1bFVhZ2V3YTdLZ0VKRlZQWks4SXVyb09uRmJ5YllpNTdKVVFfZXk5VEg4Mmw1UTFja0hFYjZDZjFfXzhFd3pBWmxvcnljT055Zl8?oc=5
2026-09-08,その他,,テーマ関連ニュース,⚪ 情報,0,Recover Lost Cooling Capacity with Goodway - datacentremagazine.com,"Tue, 08 Sep 2026 07:36:47 GMT",https://news.google.com/rss/articles/CBMihAFBVV95cUxQVWFadEs5WXJ6bDNOcU1Jay1JN0lCcWtZcU9waUxWQUp2UWFVU2oxSlljczVrdzlSc3ZKc1lnM3dNWE9laW1EelNZdUFLeTBCNzFLTUhaWW1kajBoWWE0aUhBX1JtczVlR1c1c1ZPN2w2LW1wRmhsVENWZVFzU05rQ0NnU2E?oc=5
2026-09-08,その他,,テーマ関連ニュース,⚪ 情報,0,"Co‑Packaged Optics Market Size, Share | Growth Report [2034] - Fortune Business Insights","Mon, 17 Aug 2026 07:00:00 GMT",https://news.google.com/rss/articles/CBMifEFVX3lxTE5lYWJ4WkhMcmNuendJWTNVNDc4NmplN1NPdnJhX1lyTldEb3lkZTZuS2xmOTVvdlN3TTJPR3hKbXNDeGNCVzV2cmpURWEwM3QxaVRCNkFRbTZneDktU3FDU1FjMDVTLVVub3k5NkJIZEFWdzBlbkRhN0hKcWE?oc=5
2026-09-08,その他,,テーマ関連ニュース,⚪ 情報,0,Near-Package Optics and the Evolution of Optical Connectivity - Credo | We Connect,"Fri, 19 Jun 2026 04:10:57 GMT",https://news.google.com/rss/articles/CBMiXEFVX3lxTE4tMzJjU09JVWVYRnZtRm93M1ZiLVdaVWZzTkZnel9hUksyVWFOYldmN01vUjNPbVZHMThtMlJGdGVlSWxvLVJGYnVOaTRoUzlIdGlfN3M4aFBKQnZX?oc=5
2026-09-08,その他,,テーマ関連ニュース,⚪ 情報,0,Samsung Adopts TSMC-Validated Photonics Test Platform - thelec.net,"Mon, 07 Sep 2026 14:24:06 GMT",https://news.google.com/rss/articles/CBMiZ0FVX3lxTE5lbVZpMEJYbkN3UmZKV3FOTlV1RHdraVN0NjB6V0ZySUVNTkQzSzdoQ2xjb3J0MV9KSlBsMXI4UFJHZ3ZtZGNWTnNIUERENi04MkwwNUZEVmR4b29ZWGdIQnBxLUR5X28?oc=5
2026-09-08,その他,,テーマ関連ニュース,⚪ 情報,0,"Embedded Photonics Chips Market Size, Share and Growth 2034 - Fortune Business Insights","Mon, 07 Sep 2026 11:37:18 GMT",https://news.google.com/rss/articles/CBMihAFBVV95cUxOU3BNbmpLNkwzYnNXelhGU0ozQU9WQ24wNWgxMmhNRW9wUnZFZUUxOWdzWkZvSklYSzZCaDJZY1JpMU5xeGNEeUJ1UW5kaUxTcjVaOGNkQ2tkSEZONVlsWFg1c3NTNjlKWUZHaXdKd2tLLTg4cEZDZFNPOEwyXzJjWWNpbzg?oc=5
2026-09-08,その他,,テーマ関連ニュース,⚪ 情報,0,Near-packaged optics (NPO) gains ground as the industry hedges against CPO's growing pains — analysts say volume for NPO products will extend until the end of the decade - Tom's Hardware,"Thu, 13 Aug 2026 07:00:00 GMT",https://news.google.com/rss/articles/CBMi2AFBVV95cUxNWkZ2UVRZdVpoQWYtai0xMENGN2l0dG1fQ0FIR296YkFDRFBwVnZhSml0ZDJmczRzU1kxX2w5bzJUUEQ0WjNpRmZITnJHcWdzd1dDQ1dSX01DZlN6d3NSN1pXRkx6NjhqcWh6RFlheHMyTFA4SXJxanVNUENhNU1IWjVwUy1LenlmelJrRG5RdUc1SlNfelY4TF9vYVRTX2Y3VFBFcnBXaFVrXzBnNE1GeFBESFE2Vk91VHJXRm1RTzBXTkRrMm5ORHU5YUZqaDdselVHWVFzZlU?oc=5
2026-09-08,その他,,テーマ関連ニュース,⚪ 情報,0,"Fabrication platform could enable flexible, transparent next-generation photonic chips - MIT News","Thu, 03 Sep 2026 15:45:00 GMT",https://news.google.com/rss/articles/CBMitwFBVV95cUxQd1BvTE51QUVrQ2E3aS1fVkpWQnlxN01GZUdZbzVmX2d5VHpSV1B0bjhkLVdCS2U4NnZWS1dMcmFkcTQ0V013dXpUS21KS2hFOTVIMENocy01YnpTTDBaM2RZdU5Mb3NQMERUX3hQMUdpSjF1dzJqZEtTME15X2FvUXVEM1RLSVRJMW1FTXNWZ0t0Z3V5Tk1iTDI4T05FSjBPTGFxbkROYnczd3JMV1RNczNhYVhuOVk?oc=5
2026-09-08,その他,,テーマ関連ニュース,⚪ 情報,0,MIT scientists crack the code for flexible wafer-scale photonics - SDxCentral,"Mon, 07 Sep 2026 12:42:46 GMT",https://news.google.com/rss/articles/CBMingFBVV95cUxNYTRDNHRCNDlCWGIxVkJQSVI4cXRCOGFXanhxcVRiRWVSUmU5WnI2ejRvbW9Sa0w4UDJxUUNubmFQbmpZdVhzQTcyVWdGRmgzeXFEeW1vLXo5dVgyNmctaE9XeXo3WmRJY2lXU0JfamFoX2hnMElDUTNqQkxkZjlqLWFiQm9FWnlubHhYVDNWZnAxQUFodGVicmZ4U1JaZw?oc=5
2026-09-08,その他,,テーマ関連ニュース,⚪ 情報,0,Keystone and FormFactor discuss optical probing acquisition with EPIC - Imaging and Machine Vision Europe,"Tue, 08 Sep 2026 08:04:05 GMT",https://news.google.com/rss/articles/CBMimgFBVV95cUxONGRuUDBmcEhwbDZiYUtOQ0lHeXAwRWFBeW92QTVLQmtKeWFpeVo2ZVBVM0RDYlBmUFlOeVZxdTBtV0hneUJWaG8xb0gzV2RWVVFUZWxLVUtheFQ1Tmo0cUg2OFZYU0RjT20yaWFhS1BNVHEzbW85SUxfT3pjQmtQckRCWVQ2MFlMcm1YX3BsY2dEakducU1hdFNR?oc=5
2026-09-08,その他,,テーマ関連ニュース,⚪ 情報,0,Indium Phosphide Safety Alert: New Official Warning Issued for High-Risk Semiconductor Material - 36氪,"Tue, 08 Sep 2026 05:22:23 GMT",https://news.google.com/rss/articles/CBMiU0FVX3lxTFBqU3Mzc0dfcGoyZXZ6SWtJLVltR3JJM0p1LUdEd2RCSm5nM2RHSUN2WkhiTnpCRVBKY3h1UEgzYnBydW5VMWpNX2UxeG1Ub0hNM2o0?oc=5
2026-09-08,その他,,テーマ関連ニュース,⚪ 情報,0,"Integrated Photonics Firm iPronics Raises $125M, Secures NVIDIA Backing | Business | Sep 2026 - Photonics Spectra","Wed, 02 Sep 2026 15:26:59 GMT",https://news.google.com/rss/articles/CBMikgFBVV95cUxOR21kOEctMmRYblRPYlpjaWE5dnFjVnk2ZnJ0NlJRWEJMUHprQXZBYnZiOS1tQWh0emRaWW1oWElsb3plZEhjTFdTWUVlWktGcXdkZDU2MXpDaEg2dHpjQkYtVXFzY3ctMUkxdU1LRG9SMFQ5clIxZ2U5MFl6VVV2OEhuZXQ5aUF1cXhBV1JVaTlBZw?oc=5
2026-09-08,その他,,テーマ関連ニュース,⚪ 情報,0,"AI Networking Arms Race Heats Up: 800G Today, 1.6T Tomorrow - semivision","Wed, 04 Mar 2026 08:00:00 GMT",https://news.google.com/rss/articles/CBMifkFVX3lxTFA0SGotWmE3T1Y1Q04tMEM0cXRCU1E0TnBCUWpldjZvbWVxczc3WHFGbU9SeWNsWW1ha0cyekRBR1h2WGZ3N0NUUU4tLURPYVRMdG02WHdJNHFfOFZiczExRlNZcDk0bGpRY2NPTlRJZWkwdmFxRXRHZjFuSkJFQQ?oc=5
2026-09-08,その他,,テーマ関連ニュース,⚪ 情報,0,TSMC COUPE × Metalens: Building the Key Optical Architecture for NVIDIA’s Next-Generation AI Interconnect - semivision,"Fri, 28 Nov 2025 08:00:00 GMT",https://news.google.com/rss/articles/CBMifkFVX3lxTE1pTHFsdEtHQ0ljMVNVWWN2WjJDbkF4Zk1oTjRFUXBiWjZmUF9jMEJ1QnEzbThEbDEwQWM1RW1raXgtMWhVdWZ0bXlYWFJuWjNyTHJRT2ExY2pVbTRqVTJMblRjNUQybGxlUTRvYV9VSlU0VVpQVXVwVk9HNFVoQQ?oc=5
2026-09-08,その他,,テーマ関連ニュース,⚪ 情報,0,FS Expands AI Optical Connectivity Portfolio Across Scale-Out and Scale-Across Architectures - Business Wire,"Tue, 08 Sep 2026 13:00:00 GMT",https://news.google.com/rss/articles/CBMi4wFBVV95cUxNN01Va0FBWFZINkRSb0M2YXY5T3VQUVBJeXlRMmF6THdyb3lPemJkZDUyQ0s5Z3djWlZsU3ZnYXp4Y1h4X2tWNm1iaVF4WDc4RjJMLWNSYy03ZktIUW9NbFI5MlpXMnl0SWpNYVNQNHVOaGV5ZkI5aEQyTFBPQ1FjNEN2RlhnekVtZ3ZHMU1oalRCTHNlU1E3dllhX1ZaU2w0d2R3eHlDS1dtTnd1YXBSTnJnTzlCNlpRMTNJM05SQUJfa3A1ZnJIMHhibXZOMTZyTEhsYS1oVDNwdjY2VkpTUmtkUQ?oc=5
2026-09-08,その他,,テーマ関連ニュース,⚪ 情報,0,"Qualcomm Teams Up With Amazon on Multi-Generation AI Chips, Surges Over 10% Pre-Market - TradingKey","Tue, 08 Sep 2026 13:38:22 GMT",https://news.google.com/rss/articles/CBMiwAFBVV95cUxOTngyOGtYS1BzcVhtZFR6TVhySkx5bHJQclFwT1ZmM0JHR1NEcWttS1dCaDVFdG5zR0hUQi1kbHBGNkQtbzFZdlhxNTdJbm1fNG8yb2VVamFXcDFUQ0QzN3VwRGxrbnVtVjdiLUxOQTlWbThUMGN6c2ZmS0xvNVd2N1JqVzlIVVZmNFl2aDlITlBlZ3E2VFd4MlowS2VLQmpycUtfVjVmMDM5ektNYmdZcmZMVnF3cDZoQ3RIV2ptQzI?oc=5
2026-09-08,その他,,テーマ関連ニュース,⚪ 情報,0,ITAD providers should choose their data-center niche - Resource Recycling,"Tue, 08 Sep 2026 10:00:00 GMT",https://news.google.com/rss/articles/CBMipgFBVV95cUxOSVRRQTJMQWY1dmFCYjVUcDhfVHYtdDNtYkxFQ2I3UE9GMVI2WEpCc2h0MEh0aXh4WnJ2QTAzZTB3RXRNTHdtQnNuSXZUR0Fjc0xnWU1haEUzUW95UTRaczNGMUxGMm5pLXRMZU80cm9HV2h0ZmNoVUlmbzdpZ3c3am9Tem8ya18wUGgzQnhaS0ZRM1poYVpJUGtzeWtKaXROU3o2SjJ3?oc=5
2026-09-08,その他,,テーマ関連ニュース,⚪ 情報,0,Buy Super Micro Computer for Handsome Returns & Attractive Valuations - TradingView,"Tue, 08 Sep 2026 12:23:00 GMT",https://news.google.com/rss/articles/CBMiwAFBVV95cUxOdTZ2NjRDYURYb2hsR0V4UU9kQS1WQjRGb1NJdGR5M3FNMWRqdVBtNXZGdGsxZFJoY2o4NDF0cV9aODAzX3BPOHhNWGRXTDduMDlGa3AtalpMRTh6QlJaNlNWR1hzNnUzRjNHdDl1eXRDYkRaS0RBa2VlTHFFbVE5Z2gyUlBVMXdOWnJvSUJaeWFLeE4yQ1gwTWlJckN0QmNkTmw3RkQxYkZXbERMWmwyUk9PbFZ5a09CTjV3c1JTZjU?oc=5
2026-09-08,その他,,テーマ関連ニュース,⚪ 情報,0,SMM Hamburg: XING Mobility Launches High-Performance Marine Battery System - markets.businessinsider.com,"Wed, 02 Sep 2026 08:33:58 GMT",https://news.google.com/rss/articles/CBMizAFBVV95cUxOVVhPdTdsNVNKeGtodU02THlFNWF6X2ZCeGZUQU1iTHdDSF9JOWpmUFpPWFJ6WDlmek9MNTdleHYwNm9MZUNDczlJTk1hVi1WV09uMVpPM05vc080MEhHc0xqekd0bGtrYUhORUotVlYydmU4VkI4dGt6T2puLVRNVDBEeWFZQTNLRUU1M0VBRm1xck05RnlsQXdKalFRMFhpbzVVc1JsTlZnSzVCUjFGMklVWVRYalRKNWZEX0dnaFBnTHQ3SGRTakxsbXg?oc=5
2026-09-08,その他,,テーマ関連ニュース,⚪ 情報,0,‘World’s first’ spray-immersion system cuts battery coolant volume by 85% - Interesting Engineering,"Wed, 15 Jul 2026 07:00:00 GMT",https://news.google.com/rss/articles/CBMilwFBVV95cUxPQk1oOU5jcTctaUVUbDg3WDRxOEMxN2d1V1haRFo0bEZCQWNKWnFOc2UxVWNQRUdkMnFqN3EyOTRiLV9ta2t4ZE5IQjhoeGlLMnNGVG5mMExmSUhBZGtqSXFreHM5SzdnMDVFRmZFelVIU1BZZGpoYmtYa2pnaWw0b1R6cjlMZDRtMVZlcmE5aDJnWjRqSTY4?oc=5
2026-09-08,その他,,テーマ関連ニュース,⚪ 情報,0,There’s a better way to cool data centres that cuts their huge thirst for water - The Conversation,"Wed, 19 Aug 2026 07:00:00 GMT",https://news.google.com/rss/articles/CBMiswFBVV95cUxPdHEteVZkUDdBS1NndERsZ3dIY2NQSFNjNWVtWl9CbVU3M2MzcXNMUTJveFRHQUt0WWJ6ZmppeW1xUURrNmJTZERCOUZfSW5iUFJhZlNDdFl2NENLWTRzN2Z5QnRMc0VOUE00WUlhckFhcldfa0lwd0tRbTBOWVZrajZBYkNkVjlOTkE3SGwxZlpnZXAxRzJtWHlOV0lHaDlkXzIzYkNBUU9sdVU2dTM4cVZ0Zw?oc=5
2026-09-08,その他,,テーマ関連ニュース,⚪ 情報,0,Natural gas leads race to fuel Wyoming’s spiking data-center driven electrical demand - WyoFile,"Tue, 08 Sep 2026 10:25:00 GMT",https://news.google.com/rss/articles/CBMiqAFBVV95cUxNRUJOdXA5S1RHR2R0dk9pUUhrWUxhLUU1N21MaU1yUk1JS190TXV4ckpfNFZJc1MxYjIyMmlQUmJ4N204NjUzSFhmMWV2NVhFdEFDWTU1VmViUExRZVM2WW0zdWxnU2RzdExhTlJSN1pHRUxfaFdQTkdnTFJ2ejdwa0daMjg0YXdnNnp4Sk5TaDBtLWp3SENiN3pWVXRmMEVDRi1QblVqNlY?oc=5
2026-09-08,その他,,テーマ関連ニュース,⚪ 情報,0,Why Eos Energy Enterprises (EOSE) Is Up 10.9% And What's Next - simplywall.st,"Tue, 08 Sep 2026 12:33:34 GMT",https://news.google.com/rss/articles/CBMi2gFBVV95cUxPOXAzeVh3M2RUVi0tMEZGSGZMOUJUTU45VG5jem1CdUxMU0dza3VBZkYyR3YzN216dUxlSTZVekRjSmpYVm0yYmJwLWEwU1lhVEkxcV93aXlZRVpieDV5QWpCd0hVSU9Tc2xOSE80UFdrQUR5MXoyODdBWkUxSW1peTk4UFNfZHdsa0QzdUppYlBrVmwyM2JQX3pIdHNHdGRWRC14SDFadlhSNHVLQURXUkZnT0loaVRScHY5aHFIdDZUZmVaN2VUX0s1clhXT0hJMzBnRUlyZDE5UdIB3wFBVV95cUxQbGFtV0NEWnFxUTNOQnRsQmJLbzh5dElHQmxLdnZvSndIblRlcTE5a0VucVdCRDhNRjVMdExIdUdpeHFBV2hPWlhSZ2tYbURZcnd3c0d5UHVocmVZM3E4TjRXNDc4N3RWUTAtcnE0elV0TGlaSVpWQkpDQ2JncHNaV3VrSEFYQ1NJeVd1V0lCT0toWmhqekhTb1VodXpuZFZiNlJIZloxa1R1bHdqUXl5ejNfczRQOTA3YVRTUWxjSElVclpjWnVBUUNhamxDdEY4Mjc1elJUbWtIS3NCS0NN?oc=5
2026-09-08,その他,,テーマ関連ニュース,⚪ 情報,0,"PJM's Capacity Market Reform: Data Centres to Secure Own Power, Backstop Auction Planned - News and Statistics - IndexBox","Tue, 08 Sep 2026 11:31:21 GMT",https://news.google.com/rss/articles/CBMirgFBVV95cUxQWlBldkgyS2FMUVNFWkZkSnlFNDBtZno3Tk1yN2c4N1dkbnhaSjdvT2dIWWI3SElmdHlURUtBVnFkUkFRZG5HUnpoUy13V3hJR1hrMUtYVmJ5RDZuVjl3Z2JrZDc3QnRIdGw5YXFVOGRManNNZkJXY0l1VTYzaXpxcXZyRzFOOXB0RjU2cGRqNm1xZ3VhOWdubWp5TFVQRllPSGVyY3dONWNmdVB6ZEE?oc=5
2026-09-08,その他,,テーマ関連ニュース,⚪ 情報,0,How the AI boom has impacted US battery storage so far - latitudemedia.com,"Tue, 01 Sep 2026 21:53:25 GMT",https://news.google.com/rss/articles/CBMilAFBVV95cUxOSlpuZzZSOU4zRmZKNWtycTh1Nk52MGI1SzJOZ2pOUnlRaklYUVVaNGhfbk5KS2tFdUVaTVdpeVIwbG5rdzB2a2JoVHZDZVNyc09qZ1ExRXZpeVotU3ZsbWRiQmp0VjE5M2U5VTd2YUxNRXZBN3kxM2lTb01XcFVYajdxc25KZFNTRTkzN2haT3NDazg0?oc=5
2026-09-08,その他,,テーマ関連ニュース,⚪ 情報,0,MN8 Energy and Google Launch Mammoth Solar with Long-Duration Storage in West Virginia - IndexBox,"Tue, 08 Sep 2026 19:33:54 GMT",https://news.google.com/rss/articles/CBMitwFBVV95cUxON05tTFFiNGkyWWtlZm1mbFFiTjh4QUhLVXo0YlltYXBGV2x6aWcxd0dFWWlnbzNRMXVMQl9KSkszejR0LTFPNUd2aVJXSmZmZVNrUndRTEhrZGNuMXM3d21adXg1QVIwRFpzUHgyQVVFcW50eVItZU5JSklUNmxLSElQYTdLVnB1M0FhSEZQajEzUzUySnYzeTkyQXpmQTRHR19wUFhDWGZpQUNqcUY4WVdZX0Y2TWM?oc=5
2026-09-08,その他,,テーマ関連ニュース,⚪ 情報,0,Bloom Energy joins S&P 500 on Sept. 21 after 150% stock surge - eciks.org,"Tue, 08 Sep 2026 13:53:23 GMT",https://news.google.com/rss/articles/CBMiYkFVX3lxTE5EOHZiQ2xoT0FMOTEzSUw5SVJvSmZiek9PZjdFTjMxMzF4ZWZxSzRyMlduUFMxY3BYbFhTTHQ5d0lGSFptREtkY3pCQkJWR2NDeFBDT19MNmJoaGl4LVpuSTFn?oc=5
2026-09-08,その他,,テーマ関連ニュース,⚪ 情報,0,Bloom Energy Is Joining the S&P 500: Is the Stock Still a Buy After Its Massive Run? - The Globe and Mail,"Tue, 08 Sep 2026 11:11:51 GMT",https://news.google.com/rss/articles/CBMi-AFBVV95cUxQcUU1OEJaSS15N09yMGN3SjUxUk9wOUs4YWxLX2NKTmJhcTJhVWhHeWQyVFd4cHhUekpfTGJCaVcwa2xnamotR0l6bDQ1MDJILW1OcHJlV3BnNjQ3MFowaXk4NXNpZkxxcWhOeUVhakR4dWRRVU9RR1IxWGt2TTRFUm93Yl9OWHFROWVRTkloQU1lcXVTczZ5Wm5fMVBVQTJNamhEODhydzVqMktJVUlzWXcyQ1ZyaGhZZldnUTBYd1VKemJQaVNra3BrdXZBUHBvVjUzUHpTSC14TllHV0p2Zm1nVVdLVG56bUlnQk9jN01MV044ZDdCdQ?oc=5
2026-09-08,その他,,テーマ関連ニュース,⚪ 情報,0,Why Bloom Energy (BE) Stock Is Trading Up Today - TradingView,"Tue, 08 Sep 2026 16:30:43 GMT",https://news.google.com/rss/articles/CBMiqgFBVV95cUxNdXZnbkZqMGFOYlMtNXZvUG9aUGFLSmQxNjFYZHA5UVVMTTdSckd4Vmx3cTRsOUF0aUdXOUF2UHhFWDZZdUoxWTBUV3R0eFozMzFEUDZIWW1XVzdreWY2emFKcGZpVHJldXplMEx0ckE1NzItdmFlaElvN3gxV09MX0RHT0RNWWJTXzdfY29DMlhJS3FGU3YtUmtCWXFiY0pLeWlrUkd5WFhydw?oc=5
2026-09-08,その他,,テーマ関連ニュース,⚪ 情報,0,FuelCell Energy Reports Third-Quarter Revenue Drop as Backlog Hits $3.6 Billion - iGrow News,"Tue, 08 Sep 2026 09:02:59 GMT",https://news.google.com/rss/articles/CBMiX0FVX3lxTFBlbkdvLVNTcS1LdjFSMDZQTzd6RDJSdFROdlJCZ1BFOUhxN3JObmwyQ1pzWE5GRlpMbFNGRFFnM1VvT3lZVmdoeHpBcmtiRV85UmxIWTZOUWxvNS0xeDdz?oc=5
2026-09-08,その他,,テーマ関連ニュース,⚪ 情報,0,"Bloom Energy Cracks the S&P 500: Speed, Backlog, and a $25 Billion Backer - NAI500","Tue, 08 Sep 2026 12:10:27 GMT",https://news.google.com/rss/articles/CBMiowFBVV95cUxQRm1vZzI0dDVPSXRRNmJ4eXBtcVhFNjkxV2VLVC1kS3BHdVc3VjlTemVMLTBxUUF3Yl83bFQtUENvR3c0b0ZWeU5qUGVwQlZ2YlJFVndWTjA5aXdrTEItZ2ZEVGVrNUlzMkl0Y0p3SDhLU3M5RThlWTh4SmJBNk90S2hQUkU5N19uRG5YVjhOMnJjaEdXdEpVSkRkZXZvRXRTYXZr?oc=5
2026-09-08,その他,,テーマ関連ニュース,⚪ 情報,0,FuelCell Energy Stock Sinks 17% on Earnings. Has the AI Luster Worn Off? - Barron's,"Wed, 02 Sep 2026 18:20:00 GMT",https://news.google.com/rss/articles/CBMihAFBVV95cUxOeHFBX2FXdGNQdm9pbjZyNEpPT1VwaFM3QUw3RlZGRWpzSXRPd1Z4bDB4UTJuVUdfSk5CUElET2Zra0dGc0d5YTRDWlAxU0Q4VlhNcndmQ2owZEJuMXhLR2lKZFMtZGdUYlpXemJXVmdrRlBkMjJWTWkwekJBT3Y4UUZ1NW4?oc=5
2026-09-08,その他,,テーマ関連ニュース,⚪ 情報,0,A roughly $12B expansion to package chips is planned in Arizona. Construction is anticipated to begin late 2027. - Stock Titan,"Tue, 08 Sep 2026 21:00:00 GMT",https://news.google.com/rss/articles/CBMiwAFBVV95cUxQcnhUdThMUHgyQVFFbURpcl8xSndlNGZiU2pzUE1DZlVoSVhGZFg0MVVoZzFZYVJtVE5sZVdBcFZjSmhIVnNhZmJrQmNFbmtxQnAyNVd4S3NYU2xnSkliUkhRN2pkNXJFX1AzLVI0ZWpGYVJBVEcyTDIwOTNacGNrVk50ZzV4V3ZJcmgycWpRLW5teXNrQ0lUSnU0VThzYmhyMU02ZTZjX1JmTFRxNWZjVEJWdXJQQnV0NFBXZ0lLdXE?oc=5
2026-09-08,その他,,テーマ関連ニュース,⚪ 情報,0,KPCA Takes Students to Taiwan for Advanced Semiconductor Packaging Training - thelec.net,"Tue, 08 Sep 2026 10:41:45 GMT",https://news.google.com/rss/articles/CBMiZ0FVX3lxTE1ubEdlbnBtaEg2T0VhaWNiMUtrWHNLemJpdVRQOWppOHAzTDAtWm4wZUR2NXJVZ2txX19tX2UtaUNpUWgyRTlSd3NFdDdWTTM1aEp5cmNweElhRm1LQkdOWG9RMkl3ZDQ?oc=5
2026-09-08,その他,,テーマ関連ニュース,⚪ 情報,0,Amkor's Arizona chip packaging and testing campus plans expansion to meet demand - Seeking Alpha,"Tue, 08 Sep 2026 21:27:55 GMT",https://news.google.com/rss/articles/CBMiuAFBVV95cUxPcXYzUXhraThZekZaSS1iMTBuaGwyd3RmZmdhZW9tcE5qeWhkNmhJZGdNUUNUNmppQ2xOM1BhRFFPcHV2Qk5hYnZjeExVLVJFaGZvWWVQSWtnLUhyRmVGRk9xakhyNEVQZWZFTTJYR0hua0JIUkJUVXgxc3p4M1cwbm04X2VXaTFQWWFJN3h6XzZVZ0pTeTMzbWdsSEJxa3ljMlBBUGZ1VXlPcHlkcDY0M0o3MVFRUkUy?oc=5
2026-09-08,その他,,テーマ関連ニュース,⚪ 情報,0,"Advanced Substrate Packages Market Size, Share & Forecast 2036 - Fact.MR","Tue, 08 Sep 2026 05:02:34 GMT",https://news.google.com/rss/articles/CBMickFVX3lxTE82amRpUTF6bUtCOE5Wa1B3ZTBHY2RFN1RIanltV3lndENvTmxJeXRyT2loSUpEVFBWdmtObkNzNF9Ucl9uQjVOT2RvaXBURWZtd1pGYXhXRGhSQU9idnhtREtueTB2MnBveGs3cVlUa0ZjZw?oc=5
2026-09-08,その他,,テーマ関連ニュース,⚪ 情報,0,TSMC Targets Faster Semiconductor Packaging Validation - Electronics For You BUSINESS,"Tue, 08 Sep 2026 08:10:13 GMT",https://news.google.com/rss/articles/CBMipgFBVV95cUxNLV9VTDVDMkJmRlBxb1FidWxqOGs2YXVXUUhuRVMxSURMWVlxZVM2N200WUFOek9fMlp6T2JzZ1hoZ0ZsbG5lX2N4TlZDMXdBTEgzUGNzNGhlUTU0OGM1cFdGa0hDUlRJcmREem1WeUpCQ3JBM0JNT3ZjbjRJSVYzTEY0VHZqelhzZElNU2piM3RDQUhNM0VjLUFFd01mTjJ5ZzktcWFB?oc=5
2026-09-08,その他,,テーマ関連ニュース,⚪ 情報,0,AMKR Stock Falls 10% in a Month: Why the Dip is a Buying Opportunity - TradingView,"Tue, 08 Sep 2026 14:50:00 GMT",https://news.google.com/rss/articles/CBMivwFBVV95cUxQUGhhSzVSVDdYdU1GM1FfcTZMWE9kZmN0TGRDd2ZUSF9iM2UxOVVySzhRbEJXa2hBbmVLN3pkSnRNZmkwVnJlNG4zWTMzTzNMbWhZTDhHYjJuRWhpaVA2UzVfRlZ2YUdXbVd4SFEtZzFvMU9rb0RZOGV4UGstLWM5T1I5eVo4bzhDR1hNTTQ5WkZGQ2hvbHVGZzV3ekZsVDA2MlNIWnpnSjRzejZpTUx1dlhzM1hhcC0tU0I2RlNsaw?oc=5
2026-09-08,その他,,テーマ関連ニュース,⚪ 情報,0,"3D IC Integration Suites Market Size, Share & Forecast 2036 - Fact.MR","Tue, 08 Sep 2026 07:22:34 GMT",https://news.google.com/rss/articles/CBMibkFVX3lxTE5uR2ZlUFc0MjhQNnktWEd4b3lkUlU0MFVXbUJ5bzhjNWl1TUI0cVo2M3AwMXVvZUstQVNnU2RMR2h4ODJVMDh4RXJET1dpeTRvcVFQbHBJQTlOcG42aUxPcFk4c0xWVksxQlZRTGhB?oc=5
2026-09-08,その他,,テーマ関連ニュース,⚪ 情報,0,AMD to Bring UCIe Connectivity to Select AMD Versal Adaptive SoCs - StorageNewsletter,"Tue, 08 Sep 2026 12:14:01 GMT",https://news.google.com/rss/articles/CBMisAFBVV95cUxNYmQxMTBOM19odVJfNmFvam41OWozMWlGY240UVNoeHU3YzR1eFJVQmZXWWsyd0hNaEFHZmx1cktoMk4zaFBXMFk3UF90RlVra3lERWJxNERkSHVwN2VTV2JseHBfNGJ1UFNBUjRUSUJJWnJWejRGb3djVVp6YVN3RFdEV2YybUcteEswdW8zU21nWjBSSEF3TUluQk9vNWRrTDFTOHFRVWU3RG14cW1Zcg?oc=5
2026-09-08,その他,,テーマ関連ニュース,⚪ 情報,0,"Heterogeneous Chip Tools Market Size, Share & Forecast 2036 - Fact.MR","Tue, 08 Sep 2026 06:12:34 GMT",https://news.google.com/rss/articles/CBMibkFVX3lxTE1xTVczXzNVYmdZQ0I3THR5bGFtMWt5eEY2aE1sQXkwcElNem92MmhZQ252bmJqUmsxd0xOblo5dVhMSHZjWWkxWXRENXQ4eDlBci1QRHdKcWo2SVhjUGxiQ2ZFVFBzaFlmZUhsaDRB?oc=5
2026-09-08,その他,,テーマ関連ニュース,⚪ 情報,0,What’s New in UCIe 3.0? - Electronic Design,"Wed, 02 Sep 2026 14:04:26 GMT",https://news.google.com/rss/articles/CBMipgFBVV95cUxNNGtsazFYcm1jaDdMSTZrUzFhbUl0aXlxY3NDOUstM1NheXlTSGNmMDBJNjRLNlQxS0dGMms5VnZaV24zRTVWQWlnOEVTNjM3ZGJRRThUaElQN2pKcmRCN09ZRVFlaHo3amZOdGlTUUV0Z0U5N0lhYnNpcm9ZQVRLNmt3OW1jQjJyTmVGLWVLRnVJZ040ZmR3T2x4WG9Oek1td1RyZEJ3?oc=5
2026-09-08,その他,,テーマ関連ニュース,⚪ 情報,0,Copper Is the AI Trade No One Priced In—3 Miners With the Most to Gain - MarketBeat,"Tue, 08 Sep 2026 16:06:53 GMT",https://news.google.com/rss/articles/CBMiqgFBVV95cUxPNGlGMWYyaVQ0cEhySERZTnFwTE9obE8xcWNZY0NBWjJ2UzAwUC1JNmR3c1oyYVpNWS1ocklqblFYYWZQWlhZd3dEQkJta3JKajNqaXNhZ3RxdnRIN3JRWmpNMWVwb3RidVJieW1JMU0wLWJpaFdiYWdPeUlmN3JWUHp6YUsxa1NGT3FWelVhQnZFTDd2eEowQi1Ja29FRXptV085WXdsMm1pQQ?oc=5
2026-09-08,その他,,テーマ関連ニュース,⚪ 情報,0,SK hynix Vs. Micron: 'This Time Is Different' (NASDAQ:SKHY) - Seeking Alpha,"Tue, 08 Sep 2026 18:32:58 GMT",https://news.google.com/rss/articles/CBMiigFBVV95cUxNbjZOeDJCYktjSmwtLVRlTHNxc1JaQVAwUmIwX253ZTBpb1hhVF9vbnZMdXBaTWFpeXhpdlVBSEV3NEtPdW9Yd09OQ2FiUzN0Z281MVZSODV2dEhLY3BKSzlleW0zdkJjLWR6ZDRYcmFGaFZNVGlLckFQaDNEbWFhZlJjMnFSN1NHVEE?oc=5
2026-09-08,その他,,テーマ関連ニュース,⚪ 情報,0,Micron is doubling down on AI memory chips. That could pay off big time for investors. - MarketWatch,"Fri, 04 Sep 2026 20:12:00 GMT",https://news.google.com/rss/articles/CBMixgFBVV95cUxORmRMZGlCdVBRbTJfSUc0dUlXLTM4WlNlTll3NmNVSVA0Ylo1b1FKVWItRjYzYWVZVTFPMnpHSm44YVdGdVpwNVlBMHR1ZmUyLUplQnpnVHh4UUJDdU5LLWtRanZyVkZrSHlUSDlmYU10aE8zQk5uMDYxMkpqSGlnR3ZMOGtzSXdiY3IzWnI0eUVONjFYSHJVQnpmbWV2UnVpZVYySFVRQzZPb3FRblN0UlY5Z0xqVFBpTkZUOGJ1WHN2Rjg1N0E?oc=5
2026-09-08,その他,,テーマ関連ニュース,⚪ 情報,0,SK hynix rated Strong Buy over Micron due to HB... - Pluang,"Tue, 08 Sep 2026 19:03:58 GMT",https://news.google.com/rss/articles/CBMidkFVX3lxTE0wREtIUTg4SlgtcC1MdW5uT2czWk9Lam5NbVNwZDBqV3E4dXQ4XzJROGg1cG8wUHZrMWViaUxNMFdlMGRQZGwzNl9jQTVKeGhWVWNVeWZfRjJhQm5WU0dPakpZdjhadVJFeFZtWXJqdlRHclk1Nmc?oc=5
2026-09-08,その他,,テーマ関連ニュース,⚪ 情報,0,"Electronics - Semiconductor, Revolution, Technology - Britannica","Sat, 05 Sep 2026 05:00:00 GMT",https://news.google.com/rss/articles/CBMihAFBVV95cUxPTDJOR0U1S0NTQzZDTl9SMGI0VlU1MDJRQ3pIOG5CQl81ekdnOFZ6WWQ2VFhnV2N1RXRkYUZob2RuekNMQlN6cGozaVcwLTJBZTFpMmNqTllMRGlRWEw2TkpmYUJ1cHZFVDl6ZGp5Tl9ZS2U1VTRGYXd3c1VfZDJEeWRjdl8?oc=5
2026-09-08,その他,,テーマ関連ニュース,⚪ 情報,0,"""Copy for China"": a suspect has been arrested in Belgium on suspicion of transferring chip technology to the - mezha.ua","Tue, 08 Sep 2026 06:10:00 GMT",https://news.google.com/rss/articles/CBMicEFVX3lxTE5uOGJmc0JOaXBZQmRBRExMeURNZVp3YjROb0xqLUlpTUctR3NOM1dodFpfdmp1WWpxVjdKaTRHQXNnWUNWRHRZUFpTMWhVa2JoVEFybjgxV0tRdVJYNTQ0eVloai1pT3NYOVJ6OGk4SnnSAXZBVV95cUxQNUY3THVWRElqeHk4cHAtd1hqUmltODU4NzhQNk14RS1uZ21IZ0k0cW5jVDNfaHZ5THYxdGR2NDItU0xhRWNtRkVLWmF1cWNGczBZMkFWNFAzTG4zSjItTWJDOXdIVWNwR3MtWDV1V0dJNHE1RkRB?oc=5
2026-09-08,その他,,テーマ関連ニュース,⚪ 情報,0,New low-resistance contacts pave way for improved gallium nitride semiconductor devices - Tech Xplore,"Mon, 24 Aug 2026 19:00:01 GMT",https://news.google.com/rss/articles/CBMiiAFBVV95cUxQQnN5bmZFLU1vVmFmd0E4VnAtR21vSG9pMDlsYUNqVnF2azZSQUgxQkRxUVd2ZXhKNlhXS0g2NzVsZHVraWxrZEIzNm5Uai1WM2MxZ0NrNEhPOXg4dXNlUzZRUVNOc1REVWVlRVczeHlWZm5pekEtUnNEN3RkOTA5Zkp6VDBOUEg4?oc=5
2026-09-08,その他,,テーマ関連ニュース,⚪ 情報,0,Semiconductor and Quantum Computing Advances: September 2026 - IndexBox,"Fri, 04 Sep 2026 10:52:00 GMT",https://news.google.com/rss/articles/CBMikwFBVV95cUxPdXVaNy1OVVlfU2twLUI3TVlQZWhhVTN2RTZQTkF5Z0pydmN6NWZEWmF1NTJxcXVieGNacGlReHRPVzMzU2Y3OVAySk9HazlFVW9BMXRicmRwVENSdDlxZEVxZmV0MFV1NFV1cDhraERJOVBNdWszSTRmdGFWZDA5UFNTOTJXbWtMM0dyWWtfa1hGY3M?oc=5
2026-09-08,その他,,テーマ関連ニュース,⚪ 情報,0,"Silicon Carbide Breakers Market Size, Share & Forecast 2036 - Fact.MR","Tue, 08 Sep 2026 10:02:34 GMT",https://news.google.com/rss/articles/CBMibkFVX3lxTE5GWnFfXzMxSkF6anRnVXZpNmZkSm0ydEpha3dpbEZ1NmNkaHlPMHdjQmE3d1dhaXZ2dVJwcnRVTlBKR1phcVpINGVQdmJwemU2Z19rRWJkcy1hcW9HV1RzcWNEU2tfQ0Z2ZEhWbGpR?oc=5
2026-09-08,その他,,テーマ関連ニュース,⚪ 情報,0,Tema's MLCC & PowerSemi ETF (PSOX) | Invest in the Power Behind AI - Tema ETFs,"Wed, 26 Aug 2026 01:08:31 GMT",https://news.google.com/rss/articles/CBMiPkFVX3lxTE5jZkdfbUxOdm1zY0lLRzVfWE44ODlhS0UxZXVESTBlaXFMWGpnUy00aXdZMktwc2FYVWRNbGlR?oc=5
2026-09-08,その他,,テーマ関連ニュース,⚪ 情報,0,Infineon supplying silicon carbide power semiconductors to Fox ESS - Semiconductor Today,"Wed, 26 Aug 2026 18:27:46 GMT",https://news.google.com/rss/articles/CBMigwFBVV95cUxPRjR2S2tIT2dXMjNaZTVtQmNZRFRfdjRpbTlxbGtTWFNfVVhIZ01TOGxRV3hrRWRLaGtYdFNRVlFDNG9zY0FLQU5hNnB2VlRXSms3UjdGRkVadUxuOGsteUZCTG55WVFxV21Yd2t4aW5qa0lzZ1MtODBkbERzb0NnSnRfUQ?oc=5
2026-09-08,その他,,テーマ関連ニュース,⚪ 情報,0,Semiconductor room-temperature maser - Nature,"Sat, 25 Jul 2026 07:00:00 GMT",https://news.google.com/rss/articles/CBMiX0FVX3lxTE92RTYwaFJBRXVzWTBSVFNXb1lKdkpuZnNfZkpxUmJfUTZKTDNpRWZOWVd4TWhKWGdqOHlsSDExRXF0cXFkTHZHOFJVclVRazBnUzJOOFJpeVNNZUliLTY4?oc=5
2026-09-08,その他,,テーマ関連ニュース,⚪ 情報,0,Why cooling is the real obstacle to space-based data centres - The World Economic Forum,"Tue, 02 Jun 2026 07:00:00 GMT",https://news.google.com/rss/articles/CBMiiwFBVV95cUxOc3dOS25iSFRFdUFDbHVYZDFUZHFFMzZwV0lPeFBqYXZ1a3RveTFRejJJT0FOcl81ZkFXVEJUclRVcnBWWkMza19XMTBmVDBtNlhxX0VsS2RwYUptMnhpUnZPMkhiUGl5T2lYbUhZSE5UODM0T0VUSHhNd2JSV2NxVnB4ZHVEVWxjMm1B?oc=5
2026-09-08,その他,,テーマ関連ニュース,⚪ 情報,0,The Real Cost Of Cooling GPUs In Space Might Shock You - IEEE Spectrum,"Thu, 11 Jun 2026 07:00:00 GMT",https://news.google.com/rss/articles/CBMiYEFVX3lxTFA0QnJCcEJMUHBMa1QxWWZUVUJweHFqbXFndEVJTnNGVDFXUFNpbkotblVEWHY4VTE1dTdTZGVqVlR5T0ozVE4xZGQ0cFd0LWwycmFaSVJvVzM0eW1YanhYNQ?oc=5
2026-09-08,その他,,テーマ関連ニュース,⚪ 情報,0,US-China space race expands from Moon landings to LEO satellite constellations and orbital computing - digitimes,"Mon, 07 Sep 2026 23:47:31 GMT",https://news.google.com/rss/articles/CBMimAFBVV95cUxNRllOZjg5eExKZUpadVdJdFRjd1VXR3R1SWRtX0JhczNfMUpwenl0TEVYc2Z6M1djWjhJbzhfSE5EOVNIOHB4aVU5RUtTWTc3SnNIb090Qm9rNVhWX2xQekpsWlpORlhObXNBakhmX05ROEFwWGp1SkZPa1lldl9ULW91bzc3V0M1WE9NSHgyai1kaHpGbng2aQ?oc=5
2026-09-08,その他,,テーマ関連ニュース,⚪ 情報,0,China targets new space-based computing network to process data born in orbit - South China Morning Post,"Fri, 24 Jul 2026 07:00:00 GMT",https://news.google.com/rss/articles/CBMixgFBVV95cUxOVk01WlRxaC1IWVZoV0R6UXA2Z1BGRjNLd25qWlR2QVdlUHUxTGIwNHNPc3Vlek1mZkhZSDJxaVBGM3N0R3NzZlB3OHpiMlZMRlF1Ym1VSnpKTmVoSjBXNUx1SXEwaldjdTFWTzN5MjdJR1ZEUG4zenE0MjBNWktpT1RWR0FlQ2NuNVRDU0IwX3V2b1o0NEJtejhXYzRfalNScm9zWVpfZ0VxVU1Yb1dhSkVYZlVoVHFTcFlaUTc0WDZDa3ZieUHSAcYBQVVfeXFMTlNHNHdwa0dqbXFjZm81ZTJ3Qjd1T2ZsM1Q3eld6OTNXaXZmZFZiMUpPZ2V4TEZaRkFXRGFmOGh3aE9fN2FjMkphSldvWWQyODhjV3d1RjBYS2pLdklLVnp0MWNJRjhjWWZkN0pCbmNXMUR1UUFwMHNubFFkZzg5NnFCSEVKQ0VROVVXOWhsMWRDMVl5UzRmUEVtTm5Pc3R2VlFkR3g4Tk8ycnU5VlZmOWplZnhMbmdKcWhUNzdPOGlKRFptbkh3?oc=5
2026-09-08,その他,,テーマ関連ニュース,⚪ 情報,0,"Starcloud’s path to 88,000 computing satellites - SpaceNews","Wed, 27 May 2026 07:00:00 GMT",https://news.google.com/rss/articles/CBMid0FVX3lxTE5iNkU1d2lGbXNzdnZBYmd5NllGU3lLZlA5RDFCWFF0Mmdrd2tzS1JaQWVYNVBHZndXc215ZVNmWW9zbDk4WVBsNncwOTlmVkVjcDI2NWRZUjFURTYyZll0MWhrdXR1dzZjR3ptNG5FSU05Q0t5Q0FF?oc=5
2026-09-08,その他,,テーマ関連ニュース,⚪ 情報,0,"Memory chips cut power 59-fold, may make satellites 2,000 lb lighter - Interesting Engineering","Mon, 03 Aug 2026 07:00:00 GMT",https://news.google.com/rss/articles/CBMilwFBVV95cUxOazJWMVJhcmlldE9IZVh6MElfOWt3VEhDeGhhS0JyY0phRno2Q2UxOTJ4Z1dyc0x4U3lnMEtyaERKUGx2S3hsZFFpa3AzaTlHSm1XaERoVGhvUjJ0Y0xmX1Z3M1hvSjNmNkFsUkRhWXV0ZjB6MjgzQ0Z1T3lXdGFyTFVTRVVZc3ZzX3ZhaEhoR19OdVlXMkNj?oc=5
2026-09-08,その他,,テーマ関連ニュース,⚪ 情報,0,"Sophia Space Raises $7M, Selects Apex Space Bus for Orbital Compute Demo - Via Satellite","Tue, 23 Jun 2026 07:00:00 GMT",https://news.google.com/rss/articles/CBMiwgFBVV95cUxPbjBoZmZ5QlRucDZTbWc4ckhPQUZqa2p2VVBtcWZqVzZYdkhEQmRjeHRHdXU2Y3BadVUwVWY5YjB0c0VjR3lkUDh5bkMzLXFmQllTZzdMUk1OQ0tWV2YwZnFxaUs5NjUwTk9ONkc4MzZEVzMyUVRObHNORWRtS2JybHA0TjBTaG1CRHV1VEwxZGk4MWxMb21OZncweURyazZTd0hIVDF6UFZ0R0pMckwzRzRfbG1jc052bHNZbVhSdkRXQQ?oc=5
2026-09-08,その他,,テーマ関連ニュース,⚪ 情報,0,"SpaceX targets 2025 launch of Nvidia-powered AI satellite, scales by 2028 - CHOSUNBIZ - Chosunbiz","Tue, 25 Aug 2026 07:00:00 GMT",https://news.google.com/rss/articles/CBMigAFBVV95cUxPc21xc2RvVmxVNnUtSWVUMmxoZkprWjNyWG5LUnNtdF8wd3M2VWFpZ3RpV0Jvc1ZUYlVPekYzcWhOZ0ZFUXNaSS0tOGRhN1RLR0NIWVh0WGVJbWc0S2YtUjVLWF8weVpQaGk0VUhic3RvQ3l3YW1NZzRHNlFqSklCStIBlAFBVV95cUxNWkVucElhX2ZtdlJsRTczZ3RGbXZPU2MxU3dtWExCYmdNZ3VQTnpDZXdQZ25lX0xid2E3S1ZiQXNLREpoUXlhenVaRjJnWWRCOGhXQ1EwaFVzR0ZsUGdlTVNtVG9KU0d3YXBGYUdqTVZuNUpxV0g4VHpQX1VLd3N4QlllaHgyNjREUFZuRUFZRElqNS1w?oc=5
2026-09-08,その他,,テーマ関連ニュース,⚪ 情報,0,SpaceX proposal to put a million satellites cause of concern - The Manila Times,"Sat, 29 Aug 2026 07:00:00 GMT",https://news.google.com/rss/articles/CBMi0AFBVV95cUxPWFgxM3FQWENpWDRJdFBCb3lFZ25JcFlmT1dHQWI1b2VaUUxEX3B5U2Y1TWFXTVRfYW1Ha3ExN2RQVEotM3R2WDhsVndjX1BMWXdBWkhPMFBmUjViRXh4QWRfay13V0V0Yk5OamFpVWJhR0szMlMtQTVDQzZzd2lma2tCcFpwdllGZEVpenE5M1E3RlJYLWxvLWJkWHVqdlRhR24wX3ZIdnZVTnhtbk02andkc3RCMm1OcWxDWld3NVFFa1BGZlhCUzlnV2JQbFZU0gHWAUFVX3lxTE5qeWdOYVc5MXhyay1reXRhdFBsMllhM2JZMXdleWk5OThSWEF1Wi0xYW1DSWxTQ2hpSU5VWG1pV1E3Sm9oQTEzNTNKelJHT3k2cC1NVHNERUgwR3hRcHVPbHpYMlV6d3dtNHZGTlc2UF9Zb2tTaFE1U2EwWmx3UlFpSERqSUJIVW8tdFlTLU82Z3NubGhBSHBQUkFRNTNYME81TnpNdHdiaE1DTDB6YTRpNmVYRTA5OE5HVGRHV1ZuQ21TWUJqbzVPTzBhdUlPMmFHOEhIaXc?oc=5
2026-09-08,その他,,テーマ関連ニュース,⚪ 情報,0,SpaceX Just Unveiled Their First ‘AI Satellite’ — and It’s Absolutely Massive - 24/7 Wall St.,"Wed, 10 Jun 2026 07:00:00 GMT",https://news.google.com/rss/articles/CBMitwFBVV95cUxOWGM5WmlqR2d5cU5LNlZZbkRweU03WjE3X0d5NGZ0OW5zZGJ2S1cxNno3djVrV1h5ZVVVR2d4MjlZZGxfT21nV2xRREdXSHkxRmZrWHZEc1NocTdTUlcwUmRnbWNmajhGdTZJM1ZudXcxYUtTcG0tOFB2eU1KWko5a2p6VFJLeTNOZmFtVkNPcjZCUm5vZ0c3Y0RaZlJJdHdaSXVkVEpMMlNadGZDX2FxbnFsR3JBeEk?oc=5
2026-09-08,その他,,テーマ関連ニュース,⚪ 情報,0,"Ahead of SpaceX IPO, Musk says AI satellites will use mostly existing technology - Reuters","Mon, 08 Jun 2026 07:00:00 GMT",https://news.google.com/rss/articles/CBMi0AFBVV95cUxNTU5kZTNKTkVQc2hvTGVhMVJsSXEzc05aTHVPNUY4R2VfaTNzU3B1bzRrUUUxYUZxX0wtaTMzb3BXZEpRcHcyOHVGVjRZY3dmazJ6bmpaSGxTU1dPMnpPM3VCcnhjWVY4dXVqam1XMWJsdW9GbFVwOE1rUWhuMXgxSGczTERwLS12alZTaU82eXV5N0JmZERmdEJhX3ZiOE1jRzNYTnJaQy1xMFB5UHF4bldEc2lfcFNzVDQ3ODd4N0Y4N0xEYUpVamlIYk1wbEJm?oc=5
2026-09-08,その他,,テーマ関連ニュース,⚪ 情報,0,"From cloud computing to space, Chinese scientist pursues new frontier for AI - news.cgtn.com","Wed, 05 Aug 2026 07:00:00 GMT",https://news.google.com/rss/articles/CBMitAFBVV95cUxQaVBYbjBMdWM5ZVpQcVN1WE1KSnNfMnFmVEFsSXJHNW90UmlDc3EtRXFuOUUyV3RrTkJOOUxoRDNENVRNaU1LM09qTURGcDdxcmtXOFloTi01QUtjQTlRR3lTdVMzZ2d3ZUR0dmRjSVVLOXFSTUNJV3NWbTh1cU5EQXYwWGxsQ0lGZkhyTjhnT2FjcjB6TGkxMzJDc2JJU1BGaHZ3QS1DbmlKVVZyV0RFdlhRSEc?oc=5
2026-09-08,その他,,テーマ関連ニュース,⚪ 情報,0,Shanghai Xingshu launches first constellation of its space-based computing project - The Express Tribune,"Sat, 18 Jul 2026 07:00:00 GMT",https://news.google.com/rss/articles/CBMiuwFBVV95cUxQYTNIN2xzdmlTaWxJOE5kZFBDVkFxMnlEa1B6emNmZU9wNnQyM3R1aFlPQlVDcGhPTGlweHFUMERfYVR0dkZfV1FRYURvN09CeVl3dnYzOHIzdF9hMXJRWGxKZng4cmllVWxQYjQyOE1UM2UtWUtFaGlpY3pHQ24wMmUtQVhFSFRzWUpYMWJlZ19VeGtMdnhhZVN4dmNWRHdpUTN1ZWdlZ2YzNjQtUTJDSEFfaXl4bDlRaW9R0gHDAUFVX3lxTE16SkRGTEN5REwyaXREUjIzYVVBT3ZxU2ZpeV9EN2FjbHVSUC1DMXhsaVVhS00yY21TVWJSTUJqdFBaZ1ZIYmgxenhlcnU4OVFWUFRrb1pERkszTG9DOHZQODh5c21ITklGQzJaOVpTc2JGVzhUVklBejZZMFlEMjVPNzJyclJqaWVQcVdxWTU2RHhQZ2V4MU1mRXpXQnBjTjFyN1h1MUxNcmppbnhjNTY0MGhzcEg4QzBCWDY2MlZzd2gxOA?oc=5
2026-09-08,その他,,テーマ関連ニュース,⚪ 情報,0,Orbital unveils ambitious plan for 100k-satellite constellation in push to accelerate AI computing in space - spaceconnectonline.com.au,"Wed, 01 Jul 2026 07:00:00 GMT",https://news.google.com/rss/articles/CBMi9wFBVV95cUxOc0JEbnlLb25BY0VhYWgxd1BPeE1HNjcybFo0MHVhYnR6U0FMc3poTEVOQ0M2Wksxa0g0bHBmTHVWRGIxNGhFcUtBYll3X2Y5eC1FSFc2blZQNmVBUE5MUWpxcE5DWm5wS0tBTUFQQjJnZ01wOGFOSzV3V2xDV0RKV2xWdm5IcHN4eWRiY05COTU2eV9XRTVuWEtoRWZhd2V0MVNLTDVXeF9JZnh0NDNpUlRfd1ZZLWhoUHlBWFItUjZITjdGR0JMN21FRENocHBxSDJtQmVlWXZJZWJHX2hSOHJ6WWxEWmU0YzJjWHJRbDNnU0YwX0lV?oc=5
2026-09-08,その他,,テーマ関連ニュース,⚪ 情報,0,"China’s space-computing push draws chipmakers, satellite firms, and rocket companies - digitimes","Sun, 07 Jun 2026 07:00:00 GMT",https://news.google.com/rss/articles/CBMijgFBVV95cUxPNjhaVUpROVQ3dnJMTndOdm83OVgxeE00d216cEVWRzctTi1XRS1DUld3eHdLc1g0ZmdNd2Q1S3k0b19LbVcxazJ1amhXM0dlYm9DWl9qM3lnaGVwSWhrQTF5WG1ydGhSYlVwckIwa0RmaVFhcTZvNm1hN3BwQlNGcGpMWUxma3d4a3BaWmtn?oc=5
2026-09-08,その他,,テーマ関連ニュース,⚪ 情報,0,Oledcomm and the invisible optical communications ecosystem - AeroMorning.com,"Mon, 07 Sep 2026 18:47:02 GMT",https://news.google.com/rss/articles/CBMikAFBVV95cUxNV1lIam1mR3o1NzRURmhMZFo0SEV1QzNYTW5pNnZyekhySTZtREJGaGxibnQ5bXgxQkV2Mm9YNGFSWXoyQ3M3TFB5MWpqanIxQkQzUTBWdW5oTFJmWkp2eDFSa2QyUktVWUNhZ0hWVktIWGZkNTFvREhLU1J3a2x4aFNpOG1fYno3TWdEUmFxY3Q?oc=5
2026-09-08,その他,,テーマ関連ニュース,⚪ 情報,0,Laser Ground Stations Slash Costs for Moon and Mars Data - IEEE Spectrum,"Wed, 13 May 2026 18:40:42 GMT",https://news.google.com/rss/articles/CBMidEFVX3lxTE54OUozcTVMaF9ZTlJ4WC1MQ1dTRFhiZlNvLTlzaUNBcDBPNFMzSjRURE1lRmpiQkRBalFQc1JEWDBWUmpUa1lTRUhRVXhGNkQ0VVpoS1VlVEZiZDdEbGg2TmhobGc0TWlqTVRCYWZyYWQyTkot?oc=5
2026-09-08,その他,,テーマ関連ニュース,⚪ 情報,0,IonQ’s Skyloom Optical Communications Terminals Reach 84 On-Orbit Installations Following Latest Launch - IonQ,"Mon, 24 Aug 2026 07:00:00 GMT",https://news.google.com/rss/articles/CBMixwFBVV95cUxOVVRFTHlfQ21mdjRvN3ljZl9kNVpHMko2U1hwb21tZmZoZjh3cFo0U2t2SlZWajg3NVFwcVQyb1lHV0Ffa294WkxBN2JPWTZaTlN5Si1xX2ZfVTc1ZmlvaElUNWF3ZGtwQXgtMU1EeHZDcWFjVlFYRHkyMFZ3NWhVbnFfRy1abWRQSi1ZcEVUWjA0c2NEQS1paTlyTjdRNTVrTFNYTHFsRndWam0wcEJUSHNEZzVDcnVhNFNIcXNqaHJHU3R0amNF?oc=5
2026-09-08,その他,,テーマ関連ニュース,⚪ 情報,0,New free-space optical link adds a wireless component to the nation's longest quantum network - phys.org,"Mon, 24 Aug 2026 07:00:00 GMT",https://news.google.com/rss/articles/CBMidkFVX3lxTE4zTFFXQklEdDNfVTBaM1pqOURMTkZaSVFqMmx6SFRVZXlwOWxfdEMwQkgtamd5ZVFsZVczWWcwRlN5cUFMWGFpRjBpV0Y3bzJZMVRpZ19aeVRFeE1meVItVzk5Y0Rpcmh0UHZwMktsWWkyYmFlNXc?oc=5
2026-09-08,その他,,テーマ関連ニュース,⚪ 情報,0,SDA Issues Request for Information for Future Space-To-Air Optical Communication Terminals - sda.mil,"Wed, 28 Jan 2026 08:00:00 GMT",https://news.google.com/rss/articles/CBMisAFBVV95cUxObFdzYUlEVXhVcm1pYTRJaFRVT1N1VjUxYUgzZ2RGXzJQMVBFMmVwZEVzSVhteTZTWW5yZU1MeF9VbUc3dzl6WkhjYUhENDhSSmpQZmpQWjF0SnNkeThDbEtKVGlHTS1ENzNSa1h4VnNpWlBfakpNek1SaVZpYU02MjJpUVpUXzAwWW5QOFBjb3dxeWxTTXVwVWZNR2FIdE1Cb2NMclJTMm5yczluenhaaQ?oc=5
2026-09-08,その他,,テーマ関連ニュース,⚪ 情報,0,IonQ Subsidiary Skyloom Reaches 84 On-Orbit Optical Terminals Supporting SDA Constellation - Quantum Computing Report,"Mon, 24 Aug 2026 07:00:00 GMT",https://news.google.com/rss/articles/CBMixAFBVV95cUxOUFl5UzlrQ0F3MTB1Wmo3THczVTBXQkhCbFJBeER3bzVUei1jeDlmSk9WRE1uWGpaY0FETTRHNUwzdmxQazJEUGFwYm8ybk5aQ0tUVVZuRGVmSldFUUVSYkEybV9McGt3N1VyTi03Tk5FbkJVX0FOb1dYeUt1NWhyc1EzMjJ3bmpRVGtGN0VzVzJOc3VVOTJBVWd2X3JxRGdubzh5RlVlRlRndzlOT0ljdmJrZEI4VzAtTnlaSlVnalZkQVVX0gHKAUFVX3lxTE5UZnEzaFAxbVIyX2M3bGk5WFgyMnI3OTEzNjl3MjJTTDJGNGxiNGx2TmRad2h3Z1JGbHlGWmlhdjlNQlVDRm9LeTJMemxNWU1fb0lVMFlEY0otZmN1RDVsMEFDQjR5Z2kyalJRelBudUZqYW5kNkN2a2dLenl5cHF0SFVLdVdlRnZJWHEzZE9iTnRRbE9LdUU5QUh1elJUb1JhZWd4VVdVS1dGbFVfWGxGejByTlpmVE8walRSWFBzaG42OFZXWVp3ZEE?oc=5
2026-09-08,その他,,テーマ関連ニュース,⚪ 情報,0,Optical terminals still a bottleneck in Pentagon’s proliferated constellation - SpaceNews,"Thu, 02 Apr 2026 07:00:00 GMT",https://news.google.com/rss/articles/CBMioAFBVV95cUxOcUdFOW9yNDhia3hrUmtiUFhVdHBmZXpPZUFHeTRNTW9PcWRnQ0JsYnptU0N4MFRfaU9GQTlxUl9rREpvdmYwMk1iR1ZyQnpIOFpoN2FySUNjSzBaNHYzMG1oZ2RCZ0RtVEVmR1R5RnJvMUl0MTRTM2RabnhlLVRHUlpLNDQ2S0xmbnpaa2hvZ0dRVm41eXBGWWVidzQ4MGxD?oc=5
2026-09-08,その他,,テーマ関連ニュース,⚪ 情報,0,General Atomics Selected for Phase 3 of US Space Force Enterprise Space Terminal Program Following Successful Laser Crosslink Verification - General Atomics,"Mon, 27 Apr 2026 07:00:00 GMT",https://news.google.com/rss/articles/CBMi3AFBVV95cUxOeGNIdE9FeGhDR2FVVzN1TmRYUE92d0R1WFI5RmJ0RVZLQ2VXNWkta3dTSkdaWndPdTNoZUwxZXhSenplTzhrdjBva2RyTUphWUNSekVnZmdEVVY2cTJ0clZ1Wks0bVV5V1V4Tnc2ZE1GeFM2cFRDMXpDaDYwQ1BMcF9wUGV6dTh4N2RiSEl5S2lWOGpuNThLeHMwWEJtN01MOEsxVTQtNDJ4dW1naFZBV3NwM0FRUlZPU1VkWFo0TkJVZWhJdUw4b3N5WmJyMG4yVkZlZmxMNEdDcUNZ?oc=5
2026-09-08,その他,,テーマ関連ニュース,⚪ 情報,0,Optimized weight spectrum method for interference signal separation in FSO communication - Nature,"Tue, 28 Apr 2026 07:00:00 GMT",https://news.google.com/rss/articles/CBMiX0FVX3lxTE5ycUFKek9lWkZPOS1Kc0RfZVJxcktzR0V3OVMySDJtR0VOT3ZiaWZpenByNXFtQkJLVk9tenZmN1F0QnFEY0tyMVduUGp0aUxGMTJ6NXo0WGpnT0owZkVr?oc=5
2026-09-08,その他,,テーマ関連ニュース,⚪ 情報,0,Astrogate Labs to Put India's First Indigenous Optical Inter-Satellite Link in Orbit - Yahoo! Finance Canada,"Tue, 08 Sep 2026 03:30:00 GMT",https://news.google.com/rss/articles/CBMihwFBVV95cUxNMDdzTXR2Vy1KeDhzY2ZZbTZ1Y2h0WjN1c3VmZ1dRSjFSaVJ4VE5EVEYxRG1YU3h5d3hqWUo1eHBUTVo5MUdMVGRtVWhwVUcxLVo5RTNNMlZhMDNCTHI2TV9Oc204SlRpdHY5S0ZuSVdObXNHNFN2VWgxcXF6LWwxUC0yeTR6bGs?oc=5
2026-09-08,その他,,テーマ関連ニュース,⚪ 情報,0,Astrogate Labs Develops India's First Indigenous Optical Inter-Satellite Link in Orbit (OISL) - Utkarsh Classes,"Tue, 08 Sep 2026 11:43:55 GMT",https://news.google.com/rss/articles/CBMi1wFBVV95cUxQZDlqYms5U1ZqamdkbEZhRzQ3b3A4bkNySVFPRnd5OFN5ZXphWmwxZ3hFM1hlZ0FoeXNvN3Etc05yUUYwTWZqSTltUFNIN2hvM2owZXRPVGh5SkhweUk3bHZGRTJ0WnRHNW5LOW9STnd3Y2VrMExhZmtiMFVEbjN2V0d0NktsMEFwWTRPcDZXLTRXUXZ6aS11Y21uS05ScEJjYklfWEszLTFQVExyVlROcVVjaWM2cS15MUdEeTRqd2lSV3JQZ2xnQ2V3bWVCTVltUTJ3SVdMYw?oc=5
2026-09-08,その他,,テーマ関連ニュース,⚪ 情報,0,Laser communications push satellite networking beyond RF - Military Aerospace,"Wed, 15 Jul 2026 07:00:00 GMT",https://news.google.com/rss/articles/CBMiuwFBVV95cUxNTzBPd2x6SmZqeFU1cDZPa1lsWEwtZWJQTGY0TzlqVVo4Q0t4VDRPUy1oREFpVlhBQTJSR0dFcXhEUXVaTE53SnNmQUJjbTVsTy1DT19Xc2s5N29FalNZdlpFeFV4SmVlak5XN2pJZTU2cm01amhLTzBhWnFMbkNkdElCRXNPVWVOSktRMWVMbE1TRU5HOUJiZEFBdkQwLWJfMzhqTjFWRVh2WExWS1VjSnNvdkVVWjU3SmE0?oc=5
2026-09-08,その他,,テーマ関連ニュース,⚪ 情報,0,Astrogate Labs Develops India’s First Indigenous OISL Terminal - GK Today,"Tue, 08 Sep 2026 08:33:55 GMT",https://news.google.com/rss/articles/CBMijgFBVV95cUxNTHROdFFvcUhfRHQxLWRvS05vRmFwWWIxSDFrQVhacWpOa2JkeUZlcnhpcDNpd0M2Q2xDclBmVGZOaHduaWNHbko0d3NCaDlQUzJwemdGZHl2eVR3WnpuSmlSMHlvQk9wMjJqVXBXUFlpRzZMRkktR21kQWo3SkI2b1VXd3RoSGszc2hCZ2JB?oc=5
2026-09-08,その他,,テーマ関連ニュース,⚪ 情報,0,Optical Intersatellite Link (OISL) - KeepTrack,"Fri, 01 May 2026 07:00:00 GMT",https://news.google.com/rss/articles/CBMicEFVX3lxTE41ZHhrZ0s2Q1ZYYW5NTnNTeDJwRllSaW11QWhtMWFRQ2hFYzRqVU11bmpmaHQ4MmtLR1N5UXJ4dGJ1QnRYQ3dJZGV3RmNaOXZuQVVDQlJkS0ZSVzl4UThaeFgwWWNXTFRDX2VodENuQVk?oc=5
2026-09-08,その他,,テーマ関連ニュース,⚪ 情報,0,Europe warned over space laser gap - room.eu.com,"Wed, 15 Jul 2026 07:00:00 GMT",https://news.google.com/rss/articles/CBMia0FVX3lxTFBjUzlFWG9ZLUQ1Znp3cEhRbGF5TnZLTEhXcUV6bU01UGRBTEZxTFF2RlhtSmNWVUQyb3FoM0ZmeFlJZ3d3VUR5d3Y0Qnc3NU0yaFZiX1ZVbGl4UGdoNzlkcVJyNmxhN1dkTHdj?oc=5
2026-09-08,その他,,テーマ関連ニュース,⚪ 情報,0,[New Space Odyssey] LeOSPACE targets in-orbit laser inter-satellite link demo within 3 years - DongA Science,"Sat, 20 Jun 2026 07:00:00 GMT",https://news.google.com/rss/articles/CBMiVEFVX3lxTFB2WmNoSWdTSXZxU2tCbFVFVFhRUFBpcldEd0xfLWprRVpaVTRPOWg5MjVkUjlfa01PZHhWV3ZxODdPV2ZLamwwWHFScElDTWVUeDdIOQ?oc=5
2026-09-08,その他,,テーマ関連ニュース,⚪ 情報,0,How Space Plasma Can Bend the Laser of Gravitational Wave Detectors - eos.org,"Fri, 24 Apr 2026 07:00:00 GMT",https://news.google.com/rss/articles/CBMiowFBVV95cUxNaG9GUVo2RDlKbjZIVS1HN05Td0tsd3BTYUJkOGtzTkpkVTBqMVh0U3JqTUpoWWpaQVViTkJBMFozQ2FQRkN1MjR3RFJLUmhjRUhqNkVZakcwX2N5SmdZbGRGYWJXa1VCU0Rqa09xNGUyYnlwTVZnTDIxZUpaaFVqRm5jVG5uM1VldTUtZGx4YmV4MlFmc1R6MXRkRWp6QU1CT2tF?oc=5
2026-09-08,その他,,テーマ関連ニュース,⚪ 情報,0,Space Force Battle Network Expands Thursday: Laser Mesh Not Yet Switched On - Tech Times,"Tue, 14 Jul 2026 07:00:00 GMT",https://news.google.com/rss/articles/CBMixAFBVV95cUxPYnV3MklYZDhSNHZCNFc4VnFZbDJhbGNIbjFMOEtldjJORi1KRnZYNXM5TDdEM1V6alRsZjQwTTZ3QXJoSVo5elQtVDljSk1YSk1SaExlaUpWSlVKV05QczQxOXF1TnVQczVpajZISHVxZGJtd2R5MVR3RUdaa0tyeTdTc2t1WmphZVJBQ1VFVEhVVVBlSTZYakRYcUhJa3ZMNGJGbU0xYlRGVEZNeHVQTHlDZC11WHAxVmdiemNTc3B1bV9S?oc=5
2026-09-08,その他,,テーマ関連ニュース,⚪ 情報,0,Firms Plan Laser Satellite Network to Cut Data Delays - Deccan Chronicle,"Tue, 30 Jun 2026 07:00:00 GMT",https://news.google.com/rss/articles/CBMiuwFBVV95cUxPZlh6NDF6ZlNjSVN1Z2ZjeTFSTFVnaWJnTURqNTJDMjVHR21nTmFiVzBDcHN2ZlMyYTgtZFRuQkpVRUxuZnFfNUxUbHVzYXRKQWFuMnlJaFBDcmdXZVdYVEpsdVR5cmFkV3c4bks1RjJ5LWJxZU5iTVJ1UUdNbU1mOVBhajVNOEN5U1lXWU5qNExTM2tOZ1RtNERPaFFJV1d3MzU2T19aT3ZJM1RCSDVfWkJLaVRuMHpvWE9N0gHAAUFVX3lxTFBGVTRpQnoxa3FWcXJ0cFNGWXdMcWdwMjRGLWd5MVJfN29ZYzBQMXB4OFZTTll6eFIwRjFvWTlkd2pJcmM1Zm5fSlNucDA3Y1N6dkJuUzh5VThZU1Q0dWlDOHdKR3U5TlBRbzRjLU1NeUo5LVZYQ2E0YnVtTFZCdnZKTEhvdGZTYzRMeXV2eVVtNVdGNkdnNTdUQlNWaGlBdVpQRXIzY3FNVjhCc3VvNmNJRFEyYkt0eW9xS2s3U2VNVQ?oc=5
2026-09-08,その他,,テーマ関連ニュース,⚪ 情報,0,Elon Musk’s Starlink faces new regulatory challenge in India over data routing concerns: Report - Moneycontrol.com,"Tue, 16 Jun 2026 07:00:00 GMT",https://news.google.com/rss/articles/CBMi8wFBVV95cUxPNERNYlJxTS05Y0FVZWN6OWtIQmJEYXFzRDBRbDhDWHRVcVpMT01ONjVieWZDdGtXU21uWkZLNXI3NHlzcy1uV1VJemR4T1JEZUliRmJubnlQRFJqeU1UcUlQMURESkRwMHJrMnpnc3Jpek4zS0szRGZDcFJtUjlyNmJOU2ZFTUd4SHkybUh6Slh2cVlQbFNuNjdXZHc4cjVlcnc1VlQ4QWtMRFZGTXhPNm8tNVlacjFPMTl2SWQ1M19nZDlqS3FBNVk4X3JLdWM1bl9kZEdSaV9pamtsWmJYVlpvU05ReG9RampIeFNMZVJMMnPSAfgBQVVfeXFMUFU4WUFtWnFHM1dER3ZjbkY4X2ItSlpScGpLVUU5MURudFVHcnVEbkRmenZwazhoeWxfckR6SFJacnQ5aVF2VFdQYU52UzlwVXJTQ2c3UmdRaEdmUTRVS1g3d2FYTDk1dnNGRU81MC11SkNmSE9xX1lKbHBLWTBzMkRjdnJ4SFlLaDZpbGYtZFhvMHZONDNuRmFiUHJKWmRIZXdUbXZUQm9ZZTVNS2FkLUpHNTJCSUF0YjJTSTJvclpYOWhzSDBkc1p1bmtKUU5JWGI4aHhTY2dJR2RzSEtVR3ZoSnpsckthaWYwYUxGRDJQdlo2LXlEN1A?oc=5
2026-09-08,その他,,テーマ関連ニュース,⚪ 情報,0,Gov Funded Spire Global UK Test Innovative Optical Inter-Satellite Links - ISPreview UK,"Wed, 01 Apr 2026 07:00:00 GMT",https://news.google.com/rss/articles/CBMiwAFBVV95cUxNdVQ4MjQwZ28zVWtFUjNnM0RpMUZlMVU2X2plSWdQVENlQnlDSjVCbFJGUHdIUzUzTktWdFZyZ3ZBUEE4ZTlGbThHcGRCeG42eFBWb3FrX3hZRERCWkNVLWpxMXZDYXN1ZlFIQnhMTWFNU085dVdNNFF5d3BYa1ZObUF0R1hGRHBabzZ2TXF6S3JFWXNhSzRIUkhTV0w1a2d5d2h5dVpnMDRwUjhOVFA5Wm5vQlNhS2gzeUNJS0daMUU?oc=5
2026-09-08,その他,,テーマ関連ニュース,⚪ 情報,0,Reservoir computing-based signal compensation for laser inter-satellite communications | Scientific Reports - Nature,"Sat, 15 Feb 2025 08:00:00 GMT",https://news.google.com/rss/articles/CBMiX0FVX3lxTE8xZE1mcDRIeTJGeXItRGFKUG4yZzFMOVRMWC1qSzU5NXlnME04YVJRYVBJRWR6d3FBQTFGdVRNTU9vdnBwNVhCV0JBR1VXeWd0aHVjRmpBSVFicm95RGI0?oc=5
2026-09-08,その他,,テーマ関連ニュース,⚪ 情報,0,Assignment of hybrid laser and microwave inter-satellite links for navigation satellite systems - Nature,"Thu, 03 Apr 2025 07:00:00 GMT",https://news.google.com/rss/articles/CBMiX0FVX3lxTE1sa1AtbWk2N3FMM1o2VS1mdVRXaXk5LXg0NHBBNkZWcE5yUEZkVnVtWXZMZFNucVJiZ3dqNFUwR1BwYy1DTzNEekhwWlV6SUtQYXZ5b2phSUM3RDQ0SVdj?oc=5
2026-09-08,その他,,テーマ関連ニュース,⚪ 情報,0,Modern Ikea Radiator Covers Space Heater Cover A Brown Rabbit With A Small Figure On Its Back's Head In Front Of Trees - Krepšinio žinios,"Mon, 31 Aug 2026 01:54:54 GMT",https://news.google.com/rss/articles/CBMiggFBVV95cUxNSktVMHFLQTQ5M0RsYWgzcjFyUjYxT28xLURWc0RZZjNESEY4Sl80bGc1cHZZMzV0Tnl6amhHazhlZ0hrd21GcGZfalE1a0FzUTdWaFZqMUdRUkRvaXBjYjNFMW1rVFJBZW5LSG5PNnk2Qmp0Q0lpLXFQRG1pOHQ1S0l3?oc=5
2026-09-08,その他,,テーマ関連ニュース,⚪ 情報,0,"The 6 Safest Space Heaters, Tested and Reviewed - Family Handyman","Thu, 23 Jul 2026 07:00:00 GMT",https://news.google.com/rss/articles/CBMiaEFVX3lxTE5JaUY3RGd4M25RS3lIS3g5Tmg2bllFODNQejZxWVBHZXZPRGNaNmpHUW10aVZRUmxPZnhkaS1wMXVlaHRqN1FYQUJyS2lfUmZaRmZMVzJvZ3Y2akVMWW1qa0xyeUt5LVlr?oc=5
2026-09-08,その他,,テーマ関連ニュース,⚪ 情報,0,"A typical AI-focused data centre can consume as much electricity as 100,000 homes. Now companies want to put them in orbit, where carefully chosen satellites can see almost continuous sunlight and dump their waste heat into space through giant radiators i - Space Daily","Mon, 17 Aug 2026 07:00:00 GMT",https://news.google.com/rss/articles/CBMihAFBVV95cUxNQVk5RWFBNldjZ3BmbmN2azRGNjI1akp3SDlWRkFnVGhwWG5WOGNjOG1OaEZ0bndVcE9QejRNU1hicHdvNVpFcmE0UHBMSzliNVJBSkVzYmZmOGdHdFR5bzNld1RGelI2LUhjZzdhYzI1eVQ2bk1lSXZqWXlnS2NHZjh4WXc?oc=5
2026-09-08,その他,,テーマ関連ニュース,⚪ 情報,0,A Spanish Nanomaterial Cools Surfaces 12.9°C – Using Outer Space as the Radiator - Gadget Review,"Thu, 20 Aug 2026 07:00:00 GMT",https://news.google.com/rss/articles/CBMiqgFBVV95cUxQQm1ZbE5wRWc0ZGh1R1FONEVCUzRjSXZFVDF6eVJBMDd0a1F1dEZ0enVTTzdWam4zTUJ5dnpYSkZwTkdUWTZjLWtoRTNpcldJa2lVS3JzZ0J5bFdmQ0dkenVENEpLUWRSRVZUYlcxMXcxWnc1TG9kdF8xbDl4YUcxa3BsVVcwN285Z01ta3k4U0tDc05iTTFFd0M1a01nX2dFTjZ3RmxkWmpxQQ?oc=5
2026-09-08,その他,,テーマ関連ニュース,⚪ 情報,0,Feeling a Chill? These Expert-Picked Space Heaters Can Keep You Warm - TODAY.com,"Fri, 23 Jan 2026 08:00:00 GMT",https://news.google.com/rss/articles/CBMiZ0FVX3lxTE5UWnBmcnFWN3JQWERTdUpudmhMOUVKSmFOSXBkdE1Bb3pUVnZobk1nSHBXSFYzMVBnb0VPQXFsSE43MWROdEROT2g0Qzc2eEVBM3VfeE9Na09hNWRXSkphLWFSMThxb3M?oc=5
2026-09-08,その他,,テーマ関連ニュース,⚪ 情報,0,Introduction to Space Datacenters and Orbital Compute - SemiAnalysis,"Wed, 03 Jun 2026 07:00:00 GMT",https://news.google.com/rss/articles/CBMiiAFBVV95cUxNVGNGNF9xb21jVzI1aS1uZU1iVF85ZEtFR3VzRFBVX1JCdGIwS3FkR1UzenNYTjVyM2J2dHFacGQ3UGNqTDQ4NmozMkVVZ3NsRkRFMldyYm9sUzBaRDRDNFRlLXZGU2xUV2xrX1lkbTJvdjY1T3Y4NTRacEY4TGg4ZVE2ZllPSGVp?oc=5
2026-09-08,その他,,テーマ関連ニュース,⚪ 情報,0,How to Not Burn Your House Down With a Space Heater | Reviews by Wirecutter - The New York Times,"Wed, 10 Dec 2025 08:00:00 GMT",https://news.google.com/rss/articles/CBMimwFBVV95cUxNcUFSZWJZVmU2bEtLMFczcjA0TjdIS0o4Qnk1Nlc4QVRHS0pCTU04NmE4YnNHVVZTb0F2X1Z6WVhkV0ZHUjZoQ3FfcUY5QUZ0YmZ1R0JQeEEyM1AxY3VaWmQ5Yk5wNFdZSmx1SXBqUkJxZEN5U3dyV3E0aVQyaGxFRXpzam9ROWdzZEZoVFpmTU1nNTJrYUNMLVl2bw?oc=5
2026-09-08,その他,,テーマ関連ニュース,⚪ 情報,0,Best Space Heaters For Large Rooms: 7 That Reliably Boost Warmth In The Chill - Forbes,"Mon, 02 Feb 2026 08:00:00 GMT",https://news.google.com/rss/articles/CBMimwFBVV95cUxPeVhPRjFYaU5XX1ZxOVlYaXBkWURqMnViMlJOQndnTjdDY2xlT05ORFlVaHBxWjJjb0dzQTg4ZzZLMEtVM0doSDhtUGpXb3UwODN0VE9nUzFvdHlzVnVpOVFXemFGRHEtbS03alpkQjVhU2FNd2t6TVRxalFsNFdBci1kaGZGYXBoampNRWkwRGZxdFE1MXFSdllMUQ?oc=5
2026-09-08,その他,,テーマ関連ニュース,⚪ 情報,0,These Space Heaters Will Arrive Before the Imminent Winter Freeze - Architectural Digest,"Fri, 23 Jan 2026 08:00:00 GMT",https://news.google.com/rss/articles/CBMidkFVX3lxTE9mOWlNYXJzUnV4Umpab2ZDcDg4WnRvYldXTlpGcXFWY2M3NGZkVkdUZWdSM2xjUGRianFZM3o3OGtCaUFtSkJvZzFNQnFKWWZZSzQ2VUt0MDRLSHgtUVRscEg1QkFsY1hBdTk3OHUzNU1LZWNQb1E?oc=5
2026-09-08,その他,,テーマ関連ニュース,⚪ 情報,0,"After a decade of testing and reporting on home-heating systems and a lifetime of dwelling in drafty old houses, our Wirecutter editor identified his favorite space heater. https://nyti.ms/4jy4xqW - facebook.com","Tue, 13 Jan 2026 08:00:00 GMT",https://news.google.com/rss/articles/CBMi0wFBVV95cUxNT1VjQktXcS0xdm85TkpwY2tTWVRPeGw4Q0VyZkh4cVRLTmxYTHFPOXlXYjdaYUpkVHl1TFVDaUJYMEgtaVhacWxUekY4QzRGTkhGb3BYZThPSWtDVGVRM2UweU5KOUlJUldMajlRbUZqSXF1cnpTRzRfc1FraFA1NFd3M0NIQU44bWxnSk5US1VKalAyMGF4SzVoTmNRVU9DTExNQzJFaGlzOVk1dFVTTXkyRVY1cXlEZzc4UDlCZm1tcjRnVnZST1JwZ1NJUnVvUkxN?oc=5
2026-09-08,その他,,テーマ関連ニュース,⚪ 情報,0,"Warm up with these space heater deals from Vornado, Shark, Dreo, and more that take up to $150 off - Mashable","Wed, 31 Dec 2025 08:00:00 GMT",https://news.google.com/rss/articles/CBMiZEFVX3lxTE9EVUFEMHhxblVqSzdxSVVkU3dlQ2ZVc00wQUt1RzdKN1dQUXdCUE1hOHNtZkt4QlpvT2JKbG1jLTI2QmpPNlJXLWVNU0NIeUlzd1ZxRHlXUmVqMnBmR3RURFVnRGY?oc=5
2026-09-08,その他,,テーマ関連ニュース,⚪ 情報,0,Space heater safety: How to keep your home safe while staying warm - WALB,"Wed, 21 Jan 2026 08:00:00 GMT",https://news.google.com/rss/articles/CBMimwFBVV95cUxQbUNTdGxMczlxdmpWeGNpYWdTR2dtMl8xX1g4Ri0wWGc2U0pDMXByYW43c1BjRU5UaHdIcHVqU3FBbDE0U2dSQ3FCa3hOSFpHODBGVWNzcG1BdUtFcTV1bE5jV3gxSG5kRGlKeHNySEhjQThfYXpoWmQ2NUhiak5JdFNxalRCN0xocERxdW1lY1dET2xKU3hnd3FRONIBrwFBVV95cUxQN3FfSjFGT1R6bXpjQllGZGIwbldXWXRmckV6NlV2R0JIdFJJdXdrZG54QmthVW50cmhKUVpwREl4eDY3Xy05YXI3NmVXUHhWdEs1UlJxOVFLYmtZUnBGSTlGNWVxbWlWUlZfeGNkbGxwWExuTW1obE5LXzI3OVNsa21MVF8zMGtKQzZ3SXZIcGNqN1hCV3prZHZXNUNLQVY5NUFfcUJIemVqakw1QmNZ?oc=5
2026-09-08,その他,,テーマ関連ニュース,⚪ 情報,0,"Cooling a data centre on Earth can consume 10 to 30 per cent of its energy budget and millions of litres of water; in orbit, there is no air, no cooling towers, and no river to dump heat into — only vast radiator panels bleeding waste heat away as infrared light int - Space Daily","Sat, 04 Jul 2026 07:00:00 GMT",https://news.google.com/rss/articles/CBMiuAJBVV95cUxPOUpnOV8xeFYyR0tjazRZNkltUi1ZWmRlTmRIZk5fY05pdWI0aWM3Z2VpTkV4aURITUtrMTZpSnVzQUtUcy1OWjZqaEI5X3pIem9BOU9SSzBJSm1pZkZaLW5PQVVBZ1FDck4wRV8yTUdvZmVTbDltRUtlTHRnc0FXenBKaW92bkFXOURtTUUtRjNIa3RYTXhYQkJ4aVVHRk1maHpBSGw5NmRKV1ZCNzQ1cHZRT1ZQWkpHVHZJMkZoeVdoUnlxS3pvQ2hONkZxT1lrZEdQT0pXa0NJbEkybi1MT1VpWkpBa1BJUWN3QndfR3psVWVuYjFXbkJhZlcwNGY3b09GS2FrNThPZTVSaTJFMjZGR3dLSU1DeGVtWU1IYlo5VkFfZXJEZ1lwRWpldWVweTlwZzRuSV8?oc=5
2026-09-08,その他,,テーマ関連ニュース,⚪ 情報,0,SpaceX Has the Best Radiative Cooling Solution and It is Working - nextbigfuture.com,"Tue, 24 Feb 2026 08:00:00 GMT",https://news.google.com/rss/articles/CBMiqwFBVV95cUxNU3E3bkRTdUd2T0tXRFRfWFA3enotSUd2TUZBVFluYVQxNm4zMEg5b2xLR1dYY1lHMHZWRGoyeVRvNVVfdmZoMmZCbGxHYVJBNFpmV1BXVHdHRWRQRFVTTnN0R0Y2emh5YzZGcW14M2doLVA5Q2dQaGFGeXdYZVA2SDBlNnpXWjFyRFFnYk1ia1AyeDRKUFZSN0R1YUJLRkt6TUU0SXpyb1BFems?oc=5
2026-09-08,その他,,テーマ関連ニュース,⚪ 情報,0,Surviving Deep Space: A Look at the Orion Spacecraft - Lockheed Martin,"Wed, 08 Apr 2026 07:00:00 GMT",https://news.google.com/rss/articles/CBMisgFBVV95cUxPVS1xYWZxMEtfdU44NWI5SUYzaWVKR2NJQTJmLTRxQkFhdEZyTFplUDYzMlBGNjVJdzY5WmU1NlRUTFZ0OHhzbzdITHJrSDlRbnVyTmlQNWtqVVk2MkZmNHM0RG85RlZkd0VvdzJVVDY3aDlZb2liV2I5dEhUUzJ0QUZXTC1MQ3liVzVUeHVFSkI5bDFTZE5CeGw3UVBxaEpuajdWSGVlZEE2WXZ0NEYydVR3?oc=5
2026-09-08,その他,,テーマ関連ニュース,⚪ 情報,0,Bi-layer photonic random meta-composite for cryogenic thermal control by ultra-broadband scattering matched reflectance - Nature,"Tue, 30 Jun 2026 07:00:00 GMT",https://news.google.com/rss/articles/CBMiX0FVX3lxTE1GMmVnY09aUWR0dWVWRU9hYk1BQXpoUHdPZGJqTGpCSVFzZUdEcm94Tndwc3dsYzBReUo4YUQ3ZFIxSWV1SF9jOVVxS2MybTBpYzlHX2RxZG9KOEpWb2Rn?oc=5
2026-09-08,その他,,テーマ関連ニュース,⚪ 情報,0,"Maxell, JAXA to Develop All-Solid-State Batteries for Spacecraft - International Business Times","Fri, 05 Jun 2026 07:00:00 GMT",https://news.google.com/rss/articles/CBMijwFBVV95cUxNM0hOaHlXSEhqVV9WYVpuZFRrTG84TUM1QzUzRmljWXJxZkRndFQ3XzR6RHBJY2w2WnM4X2JXbFdDc0ZxYkNsWGJlN2pvUjFkOHNMWFF1a2I5cGdCQW13R2VXN0EyV25XRlBmX2cwaFE5YXItbFV6a0F5Y2ExUFkxT2dwUFV2NGpSRklfRS1WNA?oc=5
2026-09-08,その他,,テーマ関連ニュース,⚪ 情報,0,"AFRL, industry launch revolutionary spacecraft technology - Oscillating Heat Pipes - wpafb.af.mil","Thu, 21 Oct 2021 07:00:00 GMT",https://news.google.com/rss/articles/CBMi2gFBVV95cUxQeWoxSXY5QWRMMnR4QTZrTUgwcHBIeXFESDVLazNmWFR4ay1RMm52NS1yYU5UWk1zR000Ukg3US1jWHhOS3d2SXFwSzdaSC1EWHY2b2I0cGdfaTV3dVJEZmtPczNTWUpFT2JUcV9hUnM2YjNGTXc2eXRTamRRMUFKZzVhbzF4dlpQYXhGb0FMcURjV2g0TEk5Z3p1MkpUVGpFblNzMzl6NzU1Z2JEbXFpRkJHaHRKQ1JoZnl3dENuVmVNbnU5TkU1RElQZWZUSUpQaVZLUTNZT1gwZw?oc=5
2026-09-08,その他,,テーマ関連ニュース,⚪ 情報,0,Space race heats up: Advanced electronics cooling systems for spacecraft - phys.org,"Tue, 04 Jun 2024 07:00:00 GMT",https://news.google.com/rss/articles/CBMihwFBVV95cUxPdFJTMnBLSHh4R2twTk00THBCRnVnYkJYOGI0ZDJ2aXdQVEhZaW54MzM2LXA2Q0Z2NnVDZ0NNeVFnWjdOQlY1S2VDRXpsbDhiLS14a1dzTjVlbFFHMGJiWXJBSGV2RGk4V1lpeFowVS1pQ0dIaHdxTUJJS3NzYThJbXZ3OTd4Sjg?oc=5
2026-09-08,その他,,テーマ関連ニュース,⚪ 情報,0,Welsh university collaborates on groundbreaking space cooling project - Nation.Cymru,"Thu, 09 Oct 2025 07:00:00 GMT",https://news.google.com/rss/articles/CBMinAFBVV95cUxPYk0ya2ZRck5WdFlzd1h2SGs0R1RTSXgwcHRCTUhhc3FwcEVjVFdDNUNmdEtlbkp4YTItS1BIVHhrbHBOSDlxQkVvRmo2WTdfVnNLQnpGNUZYTVpKY3ZCUjhTZFktWUpuZ2RJQ1pkQXk4UFc1TjRZRTNLT3pyU0VMdm1fSmdjUVhocm5VRUsyd0NpOXZrcDF1eldKMmw?oc=5
2026-09-08,その他,,テーマ関連ニュース,⚪ 情報,0,"Cheaper launch has moved the spacecraft bottleneck. Mass is out, surface area is in. - SpaceNews","Fri, 14 Aug 2026 07:00:00 GMT",https://news.google.com/rss/articles/CBMipwFBVV95cUxPQXk4MGdWNDExV3RKSjNqbmU3UzExUlA3bTBLY251QmtjM1I1ZTBiUkFNNU5TbTRQUjRYQ3gwaGFrQjJIcE9SUUxMbUR5a0dGX2ZrZDIwdVo5YXNOSE1rV25JeDZROFU3bE82SkZxMVFVYzYxdVhHdkVoeVJSQnRDUHhkWDd5cXNZZnFJLXhtMHE2OTRfTmEwY3U3VUJ3SVFJVVhpOUpoRQ?oc=5
2026-09-08,その他,,テーマ関連ニュース,⚪ 情報,0,"Space Station captures, berths Cygnus XL ’S.S. Steven R. Nagel’ cargo spacecraft - Spaceflight Now","Mon, 13 Apr 2026 07:00:00 GMT",https://news.google.com/rss/articles/CBMiyAFBVV95cUxQMmNzUUJ3c0lvR2dLellVbi01c2M4MXJYZnhjYWRkc2VMTjBhYTV5MkRXbVpCc3ItZGx5MnhuZ20wamc1RGtlVW5FN1ljcVdfckU2aDkzQTNvMElyNnU4U0tlT1RXSktJZmpBV3FCZVdkVmdJUURlQnF5UGZMRFBUUy1jcHRiSjNiZWdISDJTVGl4RmQ5c0FWbWs3dlE1MnBxMlNablRDTG05Q1ZpY0hCeUlwa3h4VnhWd1kzYktfNG1XcEJnZU9zZw?oc=5
2026-09-08,その他,,テーマ関連ニュース,⚪ 情報,0,NASA’s Northrop Grumman CRS-24 Mission Overview - NASA (.gov),"Mon, 06 Apr 2026 07:00:00 GMT",https://news.google.com/rss/articles/CBMijgFBVV95cUxQcEJHZzVlVGRlaHh3YVJwTzViZlZDeEI1dVNIMl8xcE5DMXhoRi1CTkllSmRhbnZFd1luXzgxSjFHTDZDNF9fSS1JRGNZZklKd0c0Z3FYUkZudXg1RzhCUE5ZdTZZbklfUVhZV1FDUWxtUFBhMzNpeUlNM2hRa3NtS3h2ZkpFLTNhejl3WU53?oc=5
2026-09-08,その他,,テーマ関連ニュース,⚪ 情報,0,Orbital AI: SpaceX–NVIDIA’s Thermal Reality - debuglies.com,"Sat, 29 Aug 2026 07:00:00 GMT",https://news.google.com/rss/articles/CBMigAFBVV95cUxPem5YbXQ1VGVmWXY2Q0FqZF9oUGFEMGtseGlBUHJOYmpURl8wR0FUTGQydzNIT1NMd0Q3cHJvZjRtZUpNTHQ2ZTlCMXNKNnNiREgxVDBlVXlzX3M5SDBpa3pkbHJpVjFQaGlLa0txYW0yQmJfQXp0a3NKTzF6OENQdQ?oc=5
2026-09-08,その他,,テーマ関連ニュース,⚪ 情報,0,"NASA Tests a Spacecraft Thruster That Runs on Lithium Metal Vapor, Could Take Us to Mars - autoevolution","Sun, 03 May 2026 07:00:00 GMT",https://news.google.com/rss/articles/CBMizwFBVV95cUxQa0JZdkpURzE1RTRyUHdaakYtTDN4MEdvcjFJdFpCU09rYnJKbzVXMzdrMWNOZG9YX0lnNlFmQ3V0NEtkSVNuWlh2Snh2c0hnaUVxOWx0M0ZkVXd6MFNSM3JnYlV0Z1FNSy0zbTgyLUxDd0RRbXJWWkRVMW5HYjE1R1JpeWt2T3BFTTA0emhfaU12c3Y0S0FUcktkRDhfVkVjSmhRWmRqanRWQTh0MFVCVVVMRTFTcWZ6ekdWVHZERjJIeDJDZGVhVXdzRG9XLWM?oc=5
2026-09-08,その他,,テーマ関連ニュース,⚪ 情報,0,NASA selects Penn State engineering team to develop technology for spacecraft - The Pennsylvania State University,"Mon, 01 Jul 2024 07:00:00 GMT",https://news.google.com/rss/articles/CBMidEFVX3lxTE1yQ1pPcFl6LWVpakdQWHc3SGVDcTNRTU9pQTNpUW41cm4zR0ZGN2E5X29WWUZLWnJwWVE3cFJ2WkZLUC13b2VhQUFTa2UxOHpGam9VQkwxOG9HUU1oWEZaTkp3bVRWelhlV29XTFNHSWMxSTM2?oc=5
2026-09-08,その他,,テーマ関連ニュース,⚪ 情報,0,3D Systems’ DMP technology to be used for NASA-backed spacecraft cooling systems - 3D Printing Industry,"Thu, 05 Jun 2025 07:00:00 GMT",https://news.google.com/rss/articles/CBMiwAFBVV95cUxQUXhScWE3YlNCd1d4OW5FZGNndndBWEx0RFpuTnhwTnMyRmh3c2tDNzRLT2VJcWJxNWNBaW05OXFTU1FzTWR0MGktVEpXQ3VKbklhSXlkVTVobnN0bHpobTBfS24zMjdOVDJ2WUt2eGpXMVA5aHF2d3c3VDMtc0xMTGZfd1lYMUU3d2t2cmtDM25vWVZRVXFkNFFXWm1VSjJTZFZpWVRoYWxxNUNwcW5GdjEtNTE1dVJMU0szYUVVQUk?oc=5
2026-09-08,その他,,テーマ関連ニュース,⚪ 情報,0,Cornell leads subteams on $35M nuclear-powered spacecraft project - Cornell Chronicle,"Wed, 16 Oct 2024 07:00:00 GMT",https://news.google.com/rss/articles/CBMipAFBVV95cUxOVzdWbXlxblplai1SbTFxNzFMdVB5MHZ3WkVhVEFmUndYYl9uSmtiVjZrZkxtam0yMkJwV2UtOXFESkhRUUhqUmhMTmRZY2tZX2xWTXBGdW9GZXhmVDYtU01GVGJ6T1B1a005cm5wampncGs5cW1tQkM3M1I0WHBPS3hzaDFyVDM0U2gxS0tFVENHN1RKSTVwQU1iQUkwNmdFYjE2cQ?oc=5
2026-09-08,その他,,テーマ関連ニュース,⚪ 情報,0,Demand growing for managing heat on increasingly intricate satellites - SpaceNews,"Mon, 20 Sep 2021 07:00:00 GMT",https://news.google.com/rss/articles/CBMilwFBVV95cUxQSFFpbm0wZDNEaU4wUlFzUjNUTW9UOTI5R0dhZGx6MUhIZU9mMWFsWll4MGdpOWFkb3QzdzlGSS01bkFqQkt3RUtxbkVJM1BZZmdXTzBmRVpHOEpod3dPUEFRZmY3RzRsVE9wWGNxMUNxc2lfQ3JZZnkzSzRvTkx1Tl9rcmp6cUxuMk5YOGY4VXdScU9BTng4?oc=5
2026-09-08,その他,,テーマ関連ニュース,⚪ 情報,0,U.S. DOE announces $12 million space solar fund - solarbuildermag.com,"Wed, 02 Sep 2026 18:09:36 GMT",https://news.google.com/rss/articles/CBMiiAFBVV95cUxNNWlEUGRNVmZULXNFT0tQRkhBQTlYd0J5YXR6b1M5OG53S2pOaVNZQWo2RHZYYndxQjJpRWF4TGo5aG9SRXNoZU1ib0docTBTNGNhWFhuSGpfazZjUDlpbkdXNF9hYjZzUlo5aVZYMWEzdHExcnVJWnE5ZURPWHpZSzFfMElWNTNi?oc=5
2026-09-08,その他,,テーマ関連ニュース,⚪ 情報,0,Space-Based Solar Power Is On Its Way - Communications of the ACM,"Fri, 07 Aug 2026 07:00:00 GMT",https://news.google.com/rss/articles/CBMickFVX3lxTFBCaHE5RGxmcTRfTzZpb0d6NnZUOEVGU2hZWnA1ZENrOVhJbFp2ODNjaXBNanltSTVIVFhrMjJYTjhXNWU2UVd4TXpuZmhIQzJKYk9FdVdBTjJlQUZ5d1g1bFQtWGdQZGRFVUR4YWVEYnA0QQ?oc=5
2026-09-08,その他,,テーマ関連ニュース,⚪ 情報,0,Have scientists found the secret to eternal power? - Prospect Magazine,"Sat, 22 Aug 2026 07:00:00 GMT",https://news.google.com/rss/articles/CBMiuwFBVV95cUxQbXctTWdKLXY5TGpIZFBBMzZJNnNVMUgzMFpsUzNKaC1scElKUHBtd0JRQXZYM2RoWlQxUnFfbzYwel9jN1dWbXhhTlg4UXoxTmF4Q0lhNUk3MC05RXdYZVZXbjgtLS13M0FWT2h6Z3pIc3NiZXRxVDhYN1JsZ1hoWmZIQk5ZTDY0MHFKc2JSSThtOTY3a0tzT0FfMWw0cnVYTlFZOTlSdmNzVTYtRDloS0g3SmFDNU4wenVB?oc=5
2026-09-08,その他,,テーマ関連ニュース,⚪ 情報,0,Space-Based Solar Power Faces Its Infrastructure Test - Environment+Energy Leader,"Wed, 19 Aug 2026 07:00:00 GMT",https://news.google.com/rss/articles/CBMirAFBVV95cUxPaWRLOGpEMmFpOURXZllOOUhSVFVadkhCamdsNG4xYmJuUTMwb3Vld3VxN1B4T3BseVNtS1NzR2wwUGRPTC03SGxjOFZtdmhrWDNyZk95dUhsRFRYTVQwbFZER0JCR1hUcEV1dDhIeHQ3WmJXaVJvQ05qc1RXUXZTc2VMSFZCdmJGR040azVCdTBmN1llU3Z2Z1pkTHpSMDNHQWZtV2VYMXpoUGxl?oc=5
2026-09-08,その他,,テーマ関連ニュース,⚪ 情報,0,Space-Based Power: Why It’s Gonna Happen - The National Interest,"Tue, 18 Aug 2026 11:02:01 GMT",https://news.google.com/rss/articles/CBMijgFBVV95cUxPMmFldmk0cUwyVnRuSFN5SUJ5d2NJQi1QNTV1c21XSUxzOXozV1BzVnJVRmc0M2RkUURselE2cHhuU0VHY212TjhGc0pVQzdJTEp2SHFTS2xpNERoVi1fOXgyNzhfU2ZhVThuTHVYQmlQcTRZMUVmazRjZTdkbks4UktKbVZESC1OV282dWdB?oc=5
2026-09-08,その他,,テーマ関連ニュース,⚪ 情報,0,The Chinese scientists hoping to use a space solar plant to power the world - South China Morning Post,"Fri, 19 Jun 2026 07:00:00 GMT",https://news.google.com/rss/articles/CBMitgFBVV95cUxPd3d3MlBtaGVYaTBLWUpOMUZXYlVpUlVKN3J6MVM3c00zM2VDVnlrMXk3TklqSjc5T0l6RjJ3aVZhVEd5aklXbXpiUFlUbk5FZVZFOEZpSG1BVWo3eEdwc2taN191dmVkSjllTmR5bnZ3d0VyRW1HcU9mekFRUGVPQkkxaElxeXhSUUVOZ0R6RVBsMEhRdnVVZndQeVkwQzVuUzJ2ZkFSdjNJOU9aZGJxSWQ0VE1ZQdIBtgFBVV95cUxQUzFSeVJ0VkJSNklPUHN4U3pEZlR5RWVrczctX3hWa1UyUkpXMEVNNDBtRGRhRFNXZzJyV09XMll0X2FZOEFFNlQ2alAzdVRwbERUNnY3RUF4YTExN1VteUliRVJyemNfZHBtbnZmVnp2S1NFcjVlTVE4RHN0eW5ZUVVPVk9BZ2RpWFZ2dElnOWxGNzByYlNfejZiMWJqQkZka183d1NraUpPcFJKOXRrUTZLYjZPdw?oc=5
2026-09-08,その他,,テーマ関連ニュース,⚪ 情報,0,"Why DoD, Silicon Valley now are betting on solar power beaming sats - Breaking Defense","Thu, 09 Jul 2026 07:00:00 GMT",https://news.google.com/rss/articles/CBMipgFBVV95cUxQcVJFLUlTbHlpdnZxT05qNWlVaTRZVC1MQ2lmQ3M3b1RyMU14M0F1ejk5WFRUbWVOVnZQMDZzT1ZnTkk3ZmQxMGoteGNKTS1pUEQzRkVhdFljUEdiT3RfZG56MWJsVGRWQzZFU3pMam5TT2VuSGJFS3VxN2tDbkVZVkhJdmFNY25HQUkzQ3R0QTNlaUhtWERpNk42U0ZpdFgyM0dsY3p3?oc=5
2026-09-08,その他,,テーマ関連ニュース,⚪ 情報,0,"Europe Space-Based Solar Power Market Size, Share,Trends, Growth Analysis Report, 2035 - marketsandmarkets.com","Sun, 23 Aug 2026 07:09:55 GMT",https://news.google.com/rss/articles/CBMinAFBVV95cUxQSzZ3NTN6b3Q4dThPdS1PYjVVUFVNbU9fcTlVZ3NlcjFRVERpVjNGZEdjZ0w2MTl5WllKNTlRMVJkVkUwcWVjM09kYS1GcGU5NUZ3X0wtRWJJNjBGb2daaFlVeXhocmVFdXd6cTdRY0ZrM0tDak5yZTY1eUMxZHJISmdMLTBSRFg2bm1pRC1DLXRpSURwNHhZTkJEUVk?oc=5
2026-09-08,その他,,テーマ関連ニュース,⚪ 情報,0,Meta makes a bid for space-based solar - latitudemedia.com,"Mon, 27 Apr 2026 07:00:00 GMT",https://news.google.com/rss/articles/CBMif0FVX3lxTE1OT0hETUdXenB0dXk5bmlSRzBzZDEyeWNFT2JoMlFtOGdNQzdUQ3pFZG5PMEFvUDlGY3BYcy10aVIxUmVqOWwyMDBSWk1hVFI2TEF0MFNUQWYtTXZ5M1drWlpFVXRqZjEzamlGZXdHSm9GbTl2a3phTzhuQTJVTms?oc=5
2026-09-08,その他,,テーマ関連ニュース,⚪ 情報,0,How Does Space-Based Solar Power Get To Earth? - bgr.com,"Sun, 28 Jun 2026 07:00:00 GMT",https://news.google.com/rss/articles/CBMickFVX3lxTE5fbTRQdUtOb3Fsb1Z6TlB1WFJtUUZQbHdvaGhzRXRDdktwR0FfZEVxTk9mMHBwLXBCd3BMY2FlaC1ucnVIcmFnS3R0M0tuaFpyRFNmdGFTTDJoT1hRM3FBZXd1bDFtRVFXUEZBckgyWk83QQ?oc=5
2026-09-08,その他,,テーマ関連ニュース,⚪ 情報,0,Space-Based Power: Will It Happen? - The National Interest,"Tue, 18 Aug 2026 11:02:01 GMT",https://news.google.com/rss/articles/CBMihgFBVV95cUxOTUNtR0ZuOWVhYlhPenlBUHo3X3lONEd1UUQ3dTItaFd5YVVDV2lfbGpWZWh1a3ZZXzRjVUQyNjg0RDVyUXUxQTRDT1hRdUJkMDhrRy1xZWNRVUtyWlZmVHkwUm52a0JRNVl6UWJ0c00wRlJ6UURtVGM2cS1tN0tYTXp2eFVXUQ?oc=5
2026-09-08,その他,,テーマ関連ニュース,⚪ 情報,0,"Rescue satellite gets close to NASA’s doomed telescope, even if it can’t save it - Los Angeles Times","Sun, 06 Sep 2026 21:42:17 GMT",https://news.google.com/rss/articles/CBMixAFBVV95cUxOczFaZGl6X0dodDZaODFjMDJFRGwzXzdEbGxkd1Y2ZGNaN2dKQ3Z5V0lLQWxOVmY0U2VRemRKUUY5ZHZfLVppZGh2cWFZYXFoaGhqQnAwUlFBRWExdEZiUG1JWHhsd3VmQWoxam1qYi1MbVhZTHpyQ2paelB1TzgwMlE1aWU4RUV4dW82TWlJR0hfVGVUcVhSRERqZXRyVlVWZ09UcEJJMHI2eUJXOWVlNTViQlNiMGtGTG5lS29zazR3WHNE?oc=5
2026-09-08,その他,,テーマ関連ニュース,⚪ 情報,0,Do solar panels in space produce way more power? Here's the math behind the claim - qz.com,"Wed, 17 Jun 2026 14:04:16 GMT",https://news.google.com/rss/articles/CBMibEFVX3lxTE1ac2VzRHhxRy04Z0M3T29sLTZmTnpYbUpHU25VZW9XZ3hHZS1oenVGUlZzRDlDbUhtRVg1eUpMRC13NHFQaTlnWWVSaUYwclJESTY2SGxFQ3hBR0d0Q2V4VFE4WldEYnczcDdZNQ?oc=5
2026-09-08,その他,,テーマ関連ニュース,⚪ 情報,0,Space-Based Power Has Sci-fi Appeal but May Never Be Feasible - The National Interest,"Tue, 18 Aug 2026 11:02:01 GMT",https://news.google.com/rss/articles/CBMirAFBVV95cUxNdmhlSDlwTkthaEs3NWVQMDBTQktQM05IX2NnNk01Rjd1X25TeFYxVkl2TjF1bW5kZ29LOWF6RG1lMFpJVVd3aHRxZGcxanMxMGtxbkU4LVR2RXJ1VVVUQTU0dkpTeUNXRFc3ZE5jMDktNXY3bGRUUm1RZ0otSmJDTW1OZkdNamlFQnlXU1hIU2xReWJ0ZjBrdUJ0SHA5WlJ5ZjJ6Y1BTYlNhaFJJ?oc=5
2026-09-08,その他,,テーマ関連ニュース,⚪ 情報,0,Ascent Solar expands space PV testing program - solarbuildermag.com,"Fri, 21 Aug 2026 13:05:29 GMT",https://news.google.com/rss/articles/CBMiiwFBVV95cUxOVm15b2RMNkp5dzhkanpRZTRFNVJ1SG90ME9uU2lEZkJubVVHeGtHWGlOYkRNeTN3SkxzV1FsWU52N1ZTME1MXzV4bTFxbmFQSHN1VWhPck90cmRJYndOem9MNi1VYnpFV3FucExLTVRqTXlaVkVMWmxheE9mZ0pNeXZfTFBPTHlBVk9n?oc=5
2026-09-08,その他,,テーマ関連ニュース,⚪ 情報,0,Elon Musk Teases A Space‑Energy Boom — Rocket Lab's Little-Known Solar Arm Is Ready For It - Yahoo Finance,"Wed, 27 May 2026 07:00:00 GMT",https://news.google.com/rss/articles/CBMimgFBVV95cUxNa0wwV1dwVUpvaHZ4YkUtN1FmWnh6SEdhWW1faTRZa3ltOGc4VmsyakV1ZElrUzdWMjhHUy1sSGpoQXM0RHliN09OWHF6NERIaWgwSEI2enQtY0QyVUozQnlOcTRJM3F6dElsNDhpMDJvZWFwZlo0M3RUWUNkN2lJWmh5VkUtWkN5T1lFOF9zaU5tYnRjVlFKOWFB?oc=5
2026-09-08,その他,,テーマ関連ニュース,⚪ 情報,0,"Dark Energy May Not Be Constant After All, New Supernova Survey Suggests - Sci.News","Tue, 08 Sep 2026 16:21:54 GMT",https://news.google.com/rss/articles/CBMib0FVX3lxTFBobElKTi1ONERvNkJNTE1McTR1MnRFalR5OTF4WGNXUmxJRUJIVVdna0ZDZ1lQUW5CdTNsNmVwVS05SEZ5eVphdTZZQjViSkJYeEhBMWw5Vm42NTJZLVJ5ei1NS2J1cUFhOGxYaEs1Yw?oc=5
2026-09-08,その他,,テーマ関連ニュース,⚪ 情報,0,DOE Explains...Spacetime - Department of Energy (.gov),"Thu, 03 Sep 2026 19:21:47 GMT",https://news.google.com/rss/articles/CBMiYkFVX3lxTE9BWXJhcEJlaGpkNFpKcVdUS3JEcXcyaVB1VzdZVDFCdEZHWFZTbFdvU29RN3VaQTlxZW5nM1pwY0llLWZuTC1obnhabzh3WXAzSFgyQlRxSkcwcWxrTVJnVTh3?oc=5
2026-09-08,その他,,テーマ関連ニュース,⚪ 情報,0,Emerging Tax Controversy Issues in the Energy Credit Space - McDermott Will & Schulte,"Wed, 02 Sep 2026 22:45:26 GMT",https://news.google.com/rss/articles/CBMimwFBVV95cUxPTTFHMnVOSzJFc2JoVW5GZU5rbjgwRGpKUEgyOE9SU3RlWE1ZZjhfRldVT2pCRlh0b1R4RVM4SVRNUVhMWUZ0YUFzQi04Ry1vRFFiTVhhelpUZU1iZEluNkVnNDhsODBYZlBpTEFOQXpsSHMyMGxSWEtXSVpuMUptRDB2R09peTdKNFdPd2hFcmRFc01aRFFSSVVXYw?oc=5
2026-09-08,その他,,テーマ関連ニュース,⚪ 情報,0,"Expert: India can drive BRICS cooperation in energy, space, and digital technologies - TV BRICS","Tue, 08 Sep 2026 16:03:20 GMT",https://news.google.com/rss/articles/CBMirwFBVV95cUxNVE9TSTQ1Y2ZKWW9sVU1Zb3BaeUVlVURjSnZGa012d0s3YUFNN2V1Q3FMYkRFSDdtSWtMTkxkOXNHbmctRHBmQWR3ZHZ6dDVxeWdJODdJa0tORlJwT2N4RGhjekxNSW10U09kOHdtT3RZRGx4Rjk4R3ZuY2NJemRyTUQxYk51V2Q0WmpYaTQ1ZUNFSGxtdXN1bU1GMjU4UlF4VWNtTkhiV2NucjhGSm5V?oc=5
2026-09-08,その他,,テーマ関連ニュース,⚪ 情報,0,How NASA's new space telescope could help solve mysteries of dark energy and dark matter - PBS,"Mon, 31 Aug 2026 07:00:00 GMT",https://news.google.com/rss/articles/CBMivgFBVV95cUxOLWE1ZGtTRzlTRkhwQklWZzB0c2FSOGV0MEZrUHdoS1NIU3pWSmNtc2E0VVRPTUJrN2dEMU9fU2VxZVV6UUZxcW9FM19XSUkwUVNTd1JoVDU2RUJ5WnN4S2dHZ1B4S3ZCZzdzU3hvWkFYa0w1RFd0U2lsdWsycHJLdzJMUElGZDMwQi1NN1NwS1M5b0J0LWVyTUhtUkZsN255WjJzOEozVlByd3Y3Z2ZOeW1WeWQyS29Pa09Ma3Rn?oc=5
2026-09-08,その他,,テーマ関連ニュース,⚪ 情報,0,NASA’s newest space telescope is on a mission to solve the universe’s biggest mysteries - Scientific American,"Mon, 31 Aug 2026 07:00:00 GMT",https://news.google.com/rss/articles/CBMiyAFBVV95cUxNaERVUHBod0lUQm1jYmpVSWF0em5KamZralNQSzljelpQWWpFN1podGY0c1RXQUV3TXBpLW1zdXRUazhXWFlfbG44ZFZSbkNoRUNWbjFINGstdDVSS09VemZVMlJCX21NaUJhQkMwOUF3SmlZLWFWNmtJQ3dfd3YxQzdJY0pheWlVTzVPdzFjaVU1NGV4a25tMTRPTGdia2FxVkJMNWRRZTZFeEI0QTNTQmpaeklHQUQ1c0NiUkZvd1JsRGRMQmRaRg?oc=5
2026-09-08,その他,,テーマ関連ニュース,⚪ 情報,0,"NASA launches its powerful Roman telescope, studying dark matter and dark energy - Houston Public Media","Thu, 27 Aug 2026 07:00:00 GMT",https://news.google.com/rss/articles/CBMi9gFBVV95cUxQWHJ0VmZEZkJ0WGRxaEZVZzNzOW4tc3NVUm9uOGxmbGZhZ21iU01BemZneGtKTzRlejZ0RkhYb19VVlk3Vm1iaUNfZ0wyR1J6ZC1OVmNfNmVmaTFVX1BTdGYtUld3VnNYWWdvbFdCMUpOaWs5c2tqbzlyUGtHT0RYQ2JCMEt3RjQzQVhSVlhQM0l6T2toOU1vTjFCaEdiNXltb0tlMTk1bjg1NEpXbHR6cnZoYTJ3eURMZHIybURSbF95alprYmFpQWttY0dZcXE5OEFjeHlmcVBfbFhBMWVXRXljTmp6QW1hRWRqS2hKekFhUUFyMFHSAf4BQVVfeXFMTUpydVBoOWZTNm14Z1IweUR6d0MyOVU3dl93U3gzemx4NlZ3WUtvQUtQZmZfNG9WSFlfcWswZDdPUkVvbWZ1bUZlMnhpNHYyMWZ5SlNPRS0xcUtzS2FxdmRzeFNleWVnb1h3QnRCeERFR0pUWEJfSlZFYjZtLTVCOGhDYmtOUW1Zd2UzWmVYQXZpSV95bEpWUXRCU3BtZFlMcWRzNk90Vm9fSHIzTkw2NUFIRXlKTTNkTGJSZ1ZPNm9USTlPZ3preGlhMm5GMXdGbHpSOWFxdDdDZjZFTlJvbjZCOWtjajZjMnFSUU5jM3lIeXpHVXJld1pwcUNWNnc?oc=5
2026-09-08,その他,,テーマ関連ニュース,⚪ 情報,0,'A glorious dawn launch': NASA's newest space telescope has left the Earth - NPR,"Sun, 30 Aug 2026 07:00:00 GMT",https://news.google.com/rss/articles/CBMilAFBVV95cUxQY3ZQa3UxTWJvMHdUZHdrb3FsRDdPa1FXUnZITEppOVJINWs0OHZzdHNDRWtKM1RMbDM2Vm03M1ZUeV84RVRCVnhuYzdvaUxoMTZndjU3bGhGUnF4bGh5Q0NtY09lUnZzVUtRUzlfbjhnYy15YU4wempWNnZrOXBLMXptQm9GdEk4ckhpeTFwUkR6a1d0?oc=5
2026-09-08,その他,,テーマ関連ニュース,⚪ 情報,0,"Supermassive black hole spews energy 300,000 light years into deep space - Space","Thu, 13 Aug 2026 07:00:00 GMT",https://news.google.com/rss/articles/CBMitwFBVV95cUxOZUFoRERfMkUyRzlEYUVNZ0N0cG9WTFdlakZwY0FHSGdVelRKT3E3bGhYTkd4OWNtS1RSbFQxM01kd0REdFFMZjZmRkJFV0NPeWdwQURkNzJzdTNJQVNpaW9qanZydENaSHhKNTlmNHQ1OXJyS3RLcTNnQ04yUkJseVEwbWllTFVqMzNNN0kxQTBuRmlSd1VRcmRLTi1MakMxWWpxWVlteU9WM0FDYUh6WmRSMGZ5OEE?oc=5
2026-09-08,その他,,テーマ関連ニュース,⚪ 情報,0,"Roman Space Telescope set to explore dark matter, energy: Space Beat - Florida Today","Thu, 27 Aug 2026 07:00:00 GMT",https://news.google.com/rss/articles/CBMi1wFBVV95cUxPd29fYWxLZ3g4Ni1Ya2RZWUctQTdNTHA1NTJ2bUx3MUFkQzBiTWlPTm95cDA4cUNJd1lLeDVmSUZDMFFDd2ptYlExOWI5Y2tlSk9ab1k4b2JKWEhnRjdtMjRXQVFvTWJQX2lYZHZYenJIMVloaGJVOThxRHI4cFc1US1adS1aUDlhaGVxN1BLT1dhNWFNakw3aHd5SHBqTlpCNlQ4NXhreVQ4cVluSm5ZQUVJME9yZFlHR3gwMkNoV2doVTF6TUd4ak5HTlo5SUhsUEdzNHRjRQ?oc=5
2026-09-08,その他,,テーマ関連ニュース,⚪ 情報,0,"Space telescope will study universe’s ‘dark’ energy, matter - NewsNation","Sat, 29 Aug 2026 07:00:00 GMT",https://news.google.com/rss/articles/CBMie0FVX3lxTFB0ZTRPd2tuUUhhd1BOaHpVUEJnanBaTFd6OXBEcTB2Q0RobnFjX2hvdElrNnRTWUNzOWhZUUtqQzdnV3RUbjRTeWNJc0dvQktCZHgzME5mMmJpZnVTNEJTaTRNbzFab1hvd1Fib3lTUi12aldmaUdWQS05d9IBgAFBVV95cUxPV2toLUI0WlFJYi0zU3V0d3kyd0M0blFqTkZnWVhCeGdNOHB1RnpfRlFpQVkzR0xxdjRnZlZPN3dXM2tWN2ZfN240cTZVMnVFTnlqb0RfZjdEY2k0OWZQcWpNYThZOHRiRjdOTHlFOHhrRmVqUmNzTzJCci1sS3haWA?oc=5
2026-09-08,その他,,テーマ関連ニュース,⚪ 情報,0,How Will the Roman Space Telescope Learn About Dark Energy and Dark Matter? - Britannica,"Sun, 30 Aug 2026 05:00:00 GMT",https://news.google.com/rss/articles/CBMijAFBVV95cUxPWS12dVNNTDRYX2otbWd1ZmZ1VVk3RDFYNTZLT3RWSmlpV3dZMENtNEJIMDVzQkQyMEt3Q19zWWF6T3VHc3hQWkRkbU4ya2NvMnRodXdHbG1LdmM1dmY1UzZDYnRpYjRvcVFJMzlERTVFbTJ2TW9Uay05MjVCSWZ4MUp1M0I1YkVjMkJITA?oc=5
2026-09-08,その他,,テーマ関連ニュース,⚪ 情報,0,What is Space? - Department of Energy (.gov),"Tue, 25 Aug 2026 15:56:00 GMT",https://news.google.com/rss/articles/CBMiX0FVX3lxTFBRZjdtWUZmSXVOeGE4WXVnV01ZaG9ienJYRDZCWGo5LWFqbXVHX2JnMHU1TTdZSF9FX3lrNGgzc1d2UDg2cTlKQm4yV2paTEdsUGoyclUtc3BFSTd4QTJZ?oc=5
