取得日,テーマ,企業,材料,重要度,スコア,タイトル,公開日時,URL
2026-09-06,光通信,Aehr Test Systems / Order from Lead Customer - Aehr Test Systems,大型受注 / 量産・生産開始,🔥 最重要,80,Aehr Test Systems Expands Silicon Photonics Production Momentum with Follow-On Production Order from Lead Customer - Aehr Test Systems,"Tue, 04 Aug 2026 07:00:00 GMT",https://news.google.com/rss/articles/CBMi3AFBVV95cUxNcVZldElLVlZJSkJ4NW1iQXNEWGFTbFBUVEtTcldtcHdqVDhjbTBMTWRZWHlRcy1vWkVxa0xZNjFPNWxXTGxCckpONF9RMnp6ODhoVURVZURKNVd1R1hPU201QlNYdzBJNE5tUVAzQUk4b3dFcmkydVNDXzI4Xy04aEJUdVFJaFNKdUQ4aFp6VE9EcW1hLWxCcFFac1hobXVZLVIyMU9MT3p1a0VTMUZ3elhOaER0VEV1QXZvM25LdWlxVFQ2MElNdGNVV0lNanJqTFByYkxKa3N6QUNi?oc=5
2026-09-06,光通信,MicroLED-Based Optical Interconnect Technology,大企業との提携 / 特許・技術,🟠 重要,65,Kopin Announces Breakthrough MicroLED-Based Optical Interconnect Technology for AI Infrastructure in Collaboration with Fabric.AI - Investing News Network,"Tue, 28 Apr 2026 07:00:00 GMT",https://news.google.com/rss/articles/CBMi7AFBVV95cUxOVTRNbm1VS3FyRHdNM3RWdjVUa3VCbk9MOWF2MTNhTkV4Z0otUFRFNHcyMlJKaHFSbm10WDM4c2dYTU5GZ2JfeG1wSFh2NFloUmtsc01QbTB6Q3VXVGhOLVp1UWY2Wk4xd1cxY0x2QlNHYUJlSnlFTEdFX3JpdGdURWFKRHFYQXlrc2lzamdvN1hINlA2MkpRU0JTaU50dWMzbEM5VDliRkhnbmNqbG5NbkE4anVmZHZGYWgwWnNEcVN6ems3YTdwYW1NbklQMmstUlRKekdRVlhFUDlQLU1QTDcySm84THFrd0VHZQ?oc=5
2026-09-06,AIデータセンター,Fully Automated Wafer-Level Burn-In Systems / Data Center Interconnects - Aehr Test Systems,大型受注,🟠 重要,55,Aehr Receives Follow-On Order for Fully Automated Wafer-Level Burn-In Systems Powering AI Optical I/O and Data Center Interconnects - Aehr Test Systems,"Tue, 03 Mar 2026 08:00:00 GMT",https://news.google.com/rss/articles/CBMi8wFBVV95cUxQZGxjcjBtNEJib3p1bE9NUENOeEY1bVV1U1dLYTR6b3RySE9LYVlvX3IwNlFGUHU4TTVCRnc2UTBQUWxyYXlScGNhU2lhelRoT1FMVURuVEw0X0RpRk9iWWFBYmVySmJlOG8yR25VLXFDaUlyYXdWVmFJU3c4cTAwYWk4R0RUMG9oNkpHUVFwd0Npdl95VC0waldBOVBLNmNaSGt4enNiUjROWk1RU2xVbTc3X19yUDMwVC1sYmJlbklTc0dFN2xmRmFBRkFmeEllWTFLMDZXTWY4cEdmeFlIS3BCU0RmaEgxTmRkbW9kS205eUk?oc=5
2026-09-06,半導体,Navitas Semiconductor Corporation / Inc. Partner To Manufacture Gen 5 GaNFast Technology,大企業との提携,🟠 重要,50,Navitas Semiconductor Corporation And GlobalFoundries Inc. Partner To Manufacture Gen 5 GaNFast Technology In The U.S - marketscreener.com,"Tue, 01 Sep 2026 12:05:00 GMT",https://news.google.com/rss/articles/CBMi5wFBVV95cUxOa2x5N3AwaDFSYVpDVEhLVGMwS3FSbWRxWG05bXk3QmgxbzFBQlpveWJySm1NYlgwRy1HQzZOOVhnT1IyOWN3WG5OQnlaVy1EbTFncTUyam5TeGRrZW41VEZKVmFxTnZMR052Um5HLTFqNDdCd25JdEw5NjN5WHZXSzAxdF93bUlxTENJb2VWVnhiNmJ4Mm5jTW5XNHg0dG9pZW1mV21XYnhlcE96MHNBRGE1R2FaSFpMT2J3UWZpSmhWelJDbWZWSVduREFUM2Z6UW56REh6X2REOUUzX2l2Zm5jSWdULXM?oc=5
2026-09-06,冷却・熱管理,Strategic Investment in Liquid Cooling Technology / Investment in Liquid Cooling Technology Company,戦略的投資,🟡 注目,47,LITEON Announces Strategic Investment in Liquid Cooling Technology Company DCX - afp.com,"Thu, 03 Sep 2026 10:15:01 GMT",https://news.google.com/rss/articles/CBMipwFBVV95cUxOaWVCb2xPMGQ4Y0lSbENZMC1Id01sNXkwcmwyMlphY3A4Z1ZGWjFsb0U3YzR0Ti1QeUZsOFpnMWh1MFp3UTQxVzVKUHhsTGN4U3NrRG8xSmRLOG9ZSWlmNHRYNy1wX0djek9TYWR4dlRGcUQ0NFRDelItSmlMMmF3ekE2N3RWREU4V1F6R085SGRsUFlvcW9xaFNQMUxSOW9NMFRteFMtYw?oc=5
2026-09-06,冷却・熱管理,Strategic Investment in Liquid Cooling Technology / Investment in Liquid Cooling Technology Company,戦略的投資,🟡 注目,47,LITEON Announces Strategic Investment in Liquid Cooling Technology Company DCX - PA Media,"Thu, 03 Sep 2026 10:06:40 GMT",https://news.google.com/rss/articles/CBMiygFBVV95cUxOc3F5Ul9Sb01HSzR3ZDJVTmZPWG9ZX2V2a2p1VnZRblRkeG1jMkRrWjhJYzV2VnR3cXExZklZRzRicVNZTWQwbHNKa1NwT2UtczhoWFBxRTdaZ2JkeVpWX3FRMy1rN2prQUJ4STlMZTlkYXBleENWVGtHSDZvODg3ZllMQWx5QVk2WUptc2F4Xy05bnR1QTFya1laSUVfWlN1ZGs1MUpxY0RHX25uQVBiUFJoVk1ZSk5zMlktdmdDWEEtM2l1VFQ3bDJn?oc=5
2026-09-06,AIデータセンター,,大型受注,🟡 注目,40,Bitcoin mining data center condemned after leaking 3 million gallons of water and forcing school closures — facility operated for years under a city stop-work order - Tom's Hardware,"Sun, 06 Sep 2026 13:44:22 GMT",https://news.google.com/rss/articles/CBMivwJBVV95cUxOSG14V0NNdFlOUlVMVHFSVzBENmRiMnVtZGtIb2VxX3lYYU5DeGNLYy1YeGJYN0dGN1JaMU9MVHhnaUtnRlJkSmIyMzZsZkVXU2toTjdaOWU4ZlY3dVd0ODMtRC1UdzdIeEhiVzFIUWhKVnZTVWpVVGo4c1N1S0V1RWpGejNQSXk3SnEwbmR2U0M3ODJmUnpPZ2l3eEhhaUVpUEJfX09ScWhFTldqbVpqR0hGUDZieXdnLURfZ1JtcmZRREtfd1NMY2VuQkJrNnRoQV9xQWpra3VpUklxWHYtb3k2OHg2MTRaZWJhOVhUSXBfY0J0S084Rm9fd2RmMzBVUHFBNnR0b3JURzhiSm5XZGstS0ZlWWxWWW1KdFQ5OGJJRDE3VlRYVkZRZ0puUFpLaWQ0YV9SbU1ONnJSSmhF?oc=5
2026-09-06,AIデータセンター,,大型受注,🟡 注目,40,FuelCell Energy posts wider quarterly loss as costs outpace new data center contract pricing - Yahoo! Finance Canada,"Wed, 02 Sep 2026 13:59:00 GMT",https://news.google.com/rss/articles/CBMijwFBVV95cUxNY3FZVlN3U2lJTUNFc21FcXlfSWU3U3owVEQySjhxSWw4YlZ3cW9RZXdLSHVJU0xHU200aUJNaVNjZUVHaFQ0RTd6QkpDR3N4ZDRYQ2ZsTDZNaTJyWlJXWFZwLXUxaEZXaE95ems3WUk4eG12Y3ZrWWk5RWFfdWktbjk2M3JDRXEwWjNkNGMxQQ?oc=5
2026-09-06,半導体,,大型受注,🟡 注目,40,Disorder creates direction-dependent optics in compound semiconductors - Phys.org,"Mon, 29 Jun 2026 07:00:00 GMT",https://news.google.com/rss/articles/CBMif0FVX3lxTFBZX2VENGItZ0xHWExYRS1CeURJc2lOc0hDdERRLVlwZkhoZDlPeVhtMVlrSmREaVlIeUpqQVU4TjJfN0FwZnp6V0J3X3VlZ3hzLTlmQ1k5a2JFNDU5TklyVFJ5Tm1VQzlldkk1cER3Z01iQ1FqcTNRbUFSQWJFRVE?oc=5
2026-09-06,半導体,,大型受注,🟡 注目,40,SweGaN wins commercial orders worth €2.3m - Compound Semiconductor,"Mon, 27 Apr 2026 07:00:00 GMT",https://news.google.com/rss/articles/CBMingFBVV95cUxONVdsU1VaZ1dlR2VUa01FWWxfYzQyRXRuZEJfSjhQbmlxN0NfYlFIVko1bGdPdmRLTEVrbTRob3J4NnFod1JwcWVSdy04NS1aYUotLTViZTZrZTdRUmJ6RENFZmNwcmx2eV8ycUlnd2VlQ00wUkUyMDVYOXVfcUdJS2dvS29LdEVBTGk3SWVaM0ZsTkV0MDRPUkx4bUlxQQ?oc=5
2026-09-06,その他,Satellite Optical Communications Technologies,大企業との提携,🟡 注目,40,"France, Cyprus and Greece Partner to Develop Next-Generation Satellite Optical Communications Technologies - Thales","Thu, 26 Feb 2026 08:00:00 GMT",https://news.google.com/rss/articles/CBMiwgFBVV95cUxPRE9mM2JLMllIRnJNS0VTVU5nWVhxRkRIcWVndG03SEhnajBIbTh5Y2NhVTBvTHloU1V3aFlmUGNwNl9zTVVta3d4YXRRNVhtcVpfVU1PMTh2QTZ1aURValpZOXdzWHVqc1hWTmk1d1VRU1ZuY3l5TmkwcjRSdkttaXBJOUV3ME5ZdjNncUNaekRSUzhzdDQ3YjgzRG9SS19hVVNqcGVHTHl4Y000dFZad2sxMjhNZ0dYV1BuVzQwWmszUQ?oc=5
2026-09-06,その他,Enables Advanced Thermal Control Systems,量産・生産開始,🟡 注目,40,Additive Manufacturing Enables Advanced Thermal Control Systems for Next-Generation Space Missions - Tech Briefs,"Fri, 01 Aug 2025 07:00:00 GMT",https://news.google.com/rss/articles/CBMi7gFBVV95cUxNc3o2X3I2MTZxVmQ4WERlUTJrNldIYm1MTlUxaDlHRHIwdW1tNjBfUTNXNGgzMV9kVHpid0V4QWZQQkJic05jV0w2Ry1xcXBITlBvMzRYUC1lUDVKT05NLUpvRUNhWDVGWFk5QzlQOVR5T3lGMy0zNVlxWjlMZVkwaTJHZ0JGRU1RR05fUy03THBVMDE0X01LRWI0YURJTW43ZVRkQXNSaWtONUhvdHJpS2Y3aUo5SF8xajZJZVRVcVpsejBNbDF2d0dJcUR5dWRJRkNiM3QtV09DUW00Y1JWMU1WMXpDOHB3RnJUV3NR?oc=5
2026-09-06,光通信,,量産・生産開始,🟡 注目,35,EV Group Addresses Critical Manufacturing Challenges for ﻿Next-Generation Co-Packaged Optics - AZoOptics,"Wed, 02 Sep 2026 10:50:00 GMT",https://news.google.com/rss/articles/CBMiXEFVX3lxTE1CS3l5Q2xqMndVeXYzNHJVQ1J0ZUVhQk1ZYUZveXBOcl9RNVJjVzUzbXNqTXFYekdQMV9uc0pOQkNkWVg2b1ppc25sY1pEUVBIOWJrbU1mcjVUVkc5?oc=5
2026-09-06,AIデータセンター,,大企業との提携,🟡 注目,35,"Google partners with MN8, Eos on West Virginia solar + storage project - Data Center Dynamics","Thu, 03 Sep 2026 10:22:30 GMT",https://news.google.com/rss/articles/CBMisAFBVV95cUxQVzY0UjN1VU5leEtJQlZLcmNXVU1uQUNYVGR4NDZwYUxHU3U3endPNWVPaEJ0enJfbGc2amJrMk96YjMzSzNEZ0toVmR5VlhQbUlSd3oyQ0ctWVhEd3RlYTRPbS1SMWl4NlE1UTdKT3BUdXBPMEtjSnIybmEtazJmd2Z0VzVDcm9pWG9PYWoyWnBJVzY1Ml9yZVYzRE11bVBCalgtUHhnZE5sUzIycFpWTw?oc=5
2026-09-06,半導体,,量産・生産開始,🟡 注目,35,"AMD Versal RF Gets Native UCIe 1.1: Six Chiplet Links per Package, Production Parts in Q4 2027 - StorageReview.com","Wed, 26 Aug 2026 07:00:00 GMT",https://news.google.com/rss/articles/CBMixgFBVV95cUxNLU56MFE5dHRySk51LTZ4UTVPd0NrQ0ZtS3NONnJCSVhoR1AxblZhSTZYSkh4cDJMVEt0TktwajRGMjBieV9xOXJicmhkeUNENEctWDUwbkpPekpXMkdhZUFnUUNNSlVmR2xBWDlHOHNsLWZ4Uk5QbFdIb21ta0M2Q2pid3d2VlhBdDB2UVRBQmRpbk9HNnFHYTB2cWNReTViQVhjVi1sdkk0bUx1SnE0OVFwOGlucWlRN25kZS1YekV2Z2JWcXfSAcsBQVVfeXFMTWszSzBhYlVHakdXMzJ5WW42M3BnOFFocE50eWFFRkY4c2l6UVRET2RfUFZHLVVndHltdVJBZkMtRUNoVU1zWTZyQUl2R1pVanBXZUFoMHpJU2FmNzNGekpyXzUwUlpZYTZ5Z2ZENmNydzRVWGhISUdjM3hBQ2EyVjBpUTlTdE1RblRIRm40VnNLSkFBbHFkV2gtX0NuTlpkVm9uM3d0U2JaaTNuZGM1TkQ2d2tuOTRRcnYzaUF4UVVIQ1VzalZMdlBXNlU?oc=5
2026-09-06,半導体,,量産・生産開始,🟡 注目,35,"SK hynix Holds Groundbreaking Ceremony for HBM Production Base in Indiana, “Beginning a New Future for US-Korea AI” - SK hynix","Fri, 28 Aug 2026 07:00:00 GMT",https://news.google.com/rss/articles/CBMicEFVX3lxTFA0Umc5azhPbTVYTjFVckJGSkFrTlhOc2dqdXRrb0ljTG04MmFLTTJLc3Z1UDlnaml2N1BhelhJdWNIQ2R6TVRJUVF5aV9DU2pVVVd0a3RRQzFFbWVodjNOV1lXazF4WFlPYmRoMGZ6LXg?oc=5
2026-09-06,半導体,,量産・生産開始,🟡 注目,35,Is Navitas Semiconductor (NVTS) Using U.S. GaN Production To Shift Its Strategic Moat In Power Chips? - simplywall.st,"Wed, 02 Sep 2026 16:19:02 GMT",https://news.google.com/rss/articles/CBMi3wFBVV95cUxQT1gzY2d2X0VBQ1pPTmwxcElMYVZuUE1qQkpFS3lNT1YyV3ozV0Z1bGJmblN1V3BpNnktakNaVUFBLUNkajZWYTJDdHVjbjZ6Y2JXWEpraHpRbEF1T254QXlrT1R1YndfdmRNNkJEamJ0aWstTDZ5M1dtODB0WFVVaVdPMFkzLVcwUDJTV2laYk1zazNTNWtGZ2RRYkRqRHZYNjBKbGpXa3JDR1d0cTRuNWs2TE9qT1FzS2JPc05Xa19IaERseEh5Y0FYWnNTTGxVX1ZLRElPSGlSd2lSWWU40gHkAUFVX3lxTE04bHF4bUpINGs2VGVRZFlvZE9YdDhUTnNpdnJpcGtzWHMzWGlKNEpHbExxNFlhZmVYWHhHTW5qSk1jeEV2ZEVJaFh5bVVPeEVKM0h6SEdWZndvWTFxZ3dmUFhQWTgzNU9JT0J4U1NxTmI5ZWhJNEFRb3U3U09TZFM5amx2VW1Ob2c5bFI2WkNoQlg4dTVaV2dlUDJXZ2o4eVI2YUZMQm9CbjU0azk1TmZZSkFpc3RudnlJTi10aV9QVTlUUWtxS1BoNnhDVDY3TTZ1QUo4bWxIU0FtaGF4dThTWG5hMA?oc=5
2026-09-06,半導体,,量産・生産開始,🟡 注目,35,EPC begins mass production of integrated GaN stages - Compound Semiconductor,"Thu, 27 Aug 2026 13:23:32 GMT",https://news.google.com/rss/articles/CBMiogFBVV95cUxNQjhnSmROMEJXVkJsSmJoeUZkN0RVcXRZVG9UaHdQOVVSTHZ3a2d2LVJSQURFSVpkb2pRdi12R0hjM2NoakdqLVItY05VVHNobmtibzllaGcteE5BWHdsNGJQVHROcXNNMzF6Y0RlaEFDYUNDRmhVaUtKa0hBNUJsczROVVNYcDk3ZnNmS0I4eWFWRzY3QmtyMmw3MGVxMUJucmc?oc=5
2026-09-06,冷却・熱管理,,量産・生産開始,🟡 注目,35,"Additive Manufacturing for spacecraft thermal management: Heat pipes, radiators, and the role of Shape Memory Alloys - metal-am.com","Wed, 15 Oct 2025 07:00:00 GMT",https://news.google.com/rss/articles/CBMifEFVX3lxTE13OVFNT2lIN0drVjhXZ1k4RVF4MWxmMmJFLVA0Z1RJRFZOVHRGZ1pvTHFnTnc5NWJRcTBiYlYwOGRydTZ3MUZSakROTy1adkxWZnVWOWJpY1laaGFWMndBLWNpSTV5RFVGeFhxdTdiOXZoTjNmb1dKOXhGYVg?oc=5
2026-09-06,光通信,,戦略的投資,🟡 注目,32,Mojo Vision Secures $17.5M Strategic Investment from Future Ventures to Advance Next-Generation Optical I/O for AI Infrastructure - Business Wire,"Wed, 25 Mar 2026 07:00:00 GMT",https://news.google.com/rss/articles/CBMilgJBVV95cUxNNmxneEVMMnp4LWZWeW00SVpyWGc5MjB4RzRzUER3SE8tb2R4d2x0UnpXT2JmR1lCNHU3NEEwaDBCaC1XN0MzQ1dnNTJNcm9rRVNQR18tclVLM04wZS1lOEJONUFTU0lhV3NKV1ZrM0dNMzhxTzhjSVZLZ25KdUdWSlhpVVZNcnF2ZTBkRU9jMkhHZ1NSemJ1bU84Z25qNjFyUG1rM0NOWkdTejJCQU5qS1N3WGd0dm5KanZyUHljWEktMVVydmtSN3BHQnR0d0xmU2cwRVE1VXdCYmJkUHpxRlZTVW9pbDhHUnNpTE5jM0NhNmNSNWwtc0JSM0x6bVUwTWhfcktRbDdiQV9YTDJkY2FQZmdudw?oc=5
2026-09-06,光通信,,戦略的投資,🟡 注目,32,Optical interconnect startup Eliyan raises $145M in funding to solve the AI chip cluster connectivity crunch - SiliconANGLE,"Wed, 29 Jul 2026 07:00:00 GMT",https://news.google.com/rss/articles/CBMizwFBVV95cUxQNHZ3VnU2NURBYTItV3JieFJVNVVQdnBLRGd5bHdWb3BiZkJxSENQb1ViX2ZDQ1JnOWVTNTlDNWV4cjFySDFJWnhld0ZzYi04ODc2NUJhc29CdW5fOHhmQlhqUHkwT2RPb0lyU0lDSHdSOHhFX0VhT2NYQVpBUlhEVkVITnJvdGh4dW9NclEwdWhEVTZ5b0cxcXNwelNkTG03SzdYdXJzc2pnWi1iOE1fSFl6anNiYWVsWGVqTUJlUnZ5R1JVQ1FnTjNwSlZuUnc?oc=5
2026-09-06,AIデータセンター,,戦略的投資,🟡 注目,32,Molex Invests in CAEPlus to Advance Thermal Management with Active Liquid Cooling Solutions for AI Data Centers - Yahoo Finance,"Mon, 17 Aug 2026 07:00:00 GMT",https://news.google.com/rss/articles/CBMiowFBVV95cUxPaUcyNU94RmNtMDJfTzhkN1VMcER4OUFCSnZ4TmlzRTQ3VnA1eC02VGZtZHhyelNTSkQ5c3hJY3QybnMtWDZrUlZJSDF4SDIwX1NmLWlrLUdzREZ3UVMyYldHY2Z2T2haVVc1Q2RWV0VOZUI4WWdjT0NHdzM5MllmYV9TczZlQVRrdDMyamU3Mnh2NU5nZkZvMU1CSVBWR3FrMjlV?oc=5
2026-09-06,AIデータセンター,,戦略的投資,🟡 注目,32,Nvidia joins Starcloud’s $250 million orbital data center funding round - SpaceNews,"Fri, 21 Aug 2026 07:00:00 GMT",https://news.google.com/rss/articles/CBMilwFBVV95cUxOOVNhOE1KTDk2SkF4N21ZUkFIdklYWUZBRURXbzlZNUxkd3hkQVVMZ0RIb0tvbm0zYXhFOW02c2IwUHMzR0VDVHRXZHhUX1lnak1FSDZtbTZQSEE1VzZfYXh4R21RQlplTnlxY1RvRXlPazBSRW41YWVGcTRrMkdWOW1Ya2lCRnZ6eVVwSjJ0XzFoS21mTTgw?oc=5
2026-09-06,AIデータセンター,,政府支援,🟡 注目,30,"As other local governments pass data center bans, this Utah city is considering changing code to bring one in - The Salt Lake Tribune","Fri, 21 Aug 2026 07:00:00 GMT",https://news.google.com/rss/articles/CBMif0FVX3lxTE5BbWhDLXFxUDBVVHNPbHI1a3hjYVFDajJhRTR0MGR5NldnVFlNQ3ZrTkxkS2lQODRsR2w5RGRkb2pqaUFjQ0xLRE1EVmROQzVrMEdyRzBLV3hDb3ktNTRHS2N5dm9NVk9yZ0l5UklXeHFhMHlNdWphRVZkYVJ0Wmc?oc=5
2026-09-06,半導体,,政府支援,🟡 注目,30,Clas-SiC Wafer Fab gets £1.9m grant - Compound Semiconductor,"Tue, 18 Aug 2026 07:00:00 GMT",https://news.google.com/rss/articles/CBMikgFBVV95cUxOZi1LRHBXYlN1X21uOE9BNGhYRHgxakI2blBNRlhtblV5Z0pBRjRJS3B6aTNfbkZqUXpCajVPUEJiNWpoQzFKRElGNFlwcVRqNm5WMVR6TE93V29UV0tQbWFVQ1RUQkVzb0I1Y0ZGYmRLbGJZRjBjMUZ0LXlOTUttN3F2aWRRSXpuTHVUUnV1blBjZw?oc=5
2026-09-06,宇宙,,政府支援,🟡 注目,30,Government Unlikely To Allow Starlink's Inter-Satellite Laser Links Over Security Concerns: Report - ndtvprofit.com,"Tue, 16 Jun 2026 07:00:00 GMT",https://news.google.com/rss/articles/CBMizwFBVV95cUxNbXVtWUpKeUdjVVhzLW5JVzNMY1ZSa0RpTGRKUU51d1BlVjRFY2o3alBCRENaVDQ3ZzNkZHozQ1VnUjFaeWFCcl96VG5nenVKTGRWVDlkQXpURkk0LUMzOWU2RndoNnR3U0NqV0dTZXkyei1XNkJLTzV3ZF80UHlDQVlzUUhEc2paWkdXSWtkTGVaMnIzUjlrRnJzUmJvbTFJcGt4WG9ZeDhfcjlKSGZ0RWZVMXd6d2p0Smd2NzdVZmhQVmw2bWdRWmdEWUlmaDTSAdcBQVVfeXFMTjYxRWNYNVNKYlZQbW9Nck81U01jYVpWclZwRWhtRnJ3ZHhjSXFMMXlnVFRCYURONGZTLVRBUjVOX2hTX3BuRzY4cFQzbGhmUGUxZkRYSVZhZGhOSU5KMEZxaGlSNGtsQ1ZsT05ELVFWZWllWWJrc3BsOWxGVk1sYjZPMThFZUN1ZHpncFZDaE40WUJLcUpQRV8xMWcxNDhGTHdXX05ubHRDNzNBeFRDVm93aUk5VDB0WW9EN3RDMUJCUkRTaHhFNVFobWJrSzdYdXBJS2p4WFk?oc=5
2026-09-06,その他,,大型受注,🟡 注目,30,Overview Energy wins Air Force contract to study space-based solar power for military bases - SpaceNews,"Wed, 06 May 2026 07:00:00 GMT",https://news.google.com/rss/articles/CBMitAFBVV95cUxQVlhfaThmM2poNl8yUzBTeHh6cTFsTko4U2ZXN0R6S1daVVc1Z2h6N24ydWpUX3JMXzFENlFkT3EtMGJoNUwzeU12dDYyeGlHalRQV0FJV25rRDNaRVU1dmk2Q3JVY2xlZ3poMDY1dXVVclc3RWZ2UU10NHVZbnFsSnJHM29YU0xuZWY5VXFCbzhtYlFTVjRTbnh2UWwxYkdQR0YxWE5ORUkxcTZkNXBMSEZ4eXg?oc=5
2026-09-06,AIデータセンター,,設備投資,⚪ 情報,28,Walker County committee weighs potential data center rules amid new facility moratorium - Chattanooga Times Free Press,"Sun, 06 Sep 2026 17:37:00 GMT",https://news.google.com/rss/articles/CBMimgFBVV95cUxOeXBYMVdiaGw0VDVBV3loR2hISUM1cTk2cHlTTjhqS0l2bnFYb3pBYmJfUklCS01pV0VXYWdkOFVnSmEzSWFUdElnRnQ2UUVVZ1RjZWM5cjVVLWlVd3ZlZDd0QW44N21oT3NQT0VaWU9tVnBDOS13eGU3dTIwakNOVXNocnFCWmhhUEJVcGl0elNuN29OdDNnSFdR?oc=5
2026-09-06,その他,National Institute of Standards and Technology,研究開発,⚪ 情報,27,Department of Commerce Announces Definitive Agreement with I-Pulse for a $250 Million CHIPS R&D Award to Develop Novel Silicon-Carbide Semiconductors - National Institute of Standards and Technology (.gov),"Thu, 25 Jun 2026 07:00:00 GMT",https://news.google.com/rss/articles/CBMitwFBVV95cUxPZWFiNzQ4X3o5S0poUTgwd2VJN3dxcl96dnoyTVR0cWNCMzVSNWQ5NHdhQ3hLUDNTOVhsUExVbGw5YjlMQTM3NVhISE1XR0JzblJIUENuMFlvT0tqSHIzb2E4VWhoZjRRb0FuN1dmaXdkQmlZWGI0Tk9PaDN4aGxxakZQQ2VZclZXU0xiUnRYNndPRVFvb242WWhJRjhoN3daLWRJc29ldVVGVTFzd3JhVXZIZ3p1MWc?oc=5
2026-09-06,その他,,量産・生産開始,⚪ 情報,25,NVIDIA Spectrum-X Ethernet Photonics Enters Full Production With 4x Fewer Lasers and a Five-Vendor CPO Supp... - StorageReview.com,"Sat, 15 Aug 2026 07:00:00 GMT",https://news.google.com/rss/articles/CBMi5AFBVV95cUxNNmhaOFFGbC1uLUF5alNWbm03a1NuUHQxR0lkWE12Q25nSFJnUDhjcWVuR09xR2FxenppN0VIQkJwVUl2RzVBSUEzbzhIcGtYZjduTG9YNGxoYTJwWFUwYUd5OXQyMHl6dGpocnlZRDJPRTUwOExvWnA3eU1zLXViWnF4c1llYS1TTzdUVWpxOS15MmJ6aE44Rm9mMUtsZXZwbW1FbjMzS0VxWjVkUmc3cmN2TTZnTXl3ekhfWksySVFkRlFUMmNhUU9FYU5LMnNOb3lkNnQ5SVE0OHNNMVBBZ2VEN0fSAeoBQVVfeXFMT3psaUpLZUVkNGpVQ3pqbjFKbW5mM0RJaGRMeDNSY0RqTVJ1aTlYNXJIZkM0RUQzT2JVTUl5ZDN1aXktVkVTTmZvOGt0S25XVXlkeEFBOGkzYi1ERlNLeU1FcWcySERYSlQzMHduNHNWU0llWXVURWUtUE5HTUhjalZmcFRacTFJS2JfQ01wQ0xGbjMwdFVNdXJJWmYxVkgwS1JFX2FYOW4wS3FQTWRnM0g1dWlRYjJvVjJEUHNvS2NtbmN6OVZIR3JmTnNxYlZ1S2ZyUmtYV3EtMHNlcGdEWmRabkVJM216QnBn?oc=5
2026-09-06,光通信,Generation Optical Connectivity - Credo Technology,テーマ関連ニュース,⚪ 情報,25,"Credo Agrees to Acquire DustPhotonics, Accelerating Expansion into Silicon Photonics and Next Generation Optical Connectivity - Credo Technology Group Holding Ltd - Investor Relations","Mon, 13 Apr 2026 07:00:00 GMT",https://news.google.com/rss/articles/CBMirAJBVV95cUxNOFAyYmdENEthb0U4V2xGSXFFVUhfSk03UldvbEZvdU1FVUo2UnlhTWplaE81QXBGSFluQWhFU0tsVUdjT1plVTRuWko5ZWctcEIzWERBWlg0bjBVS28wYXRpYWUtN0NHNTQxMThkUzNYVE5HM2NGNEUyQjUwYXhmalNVb0ZkUGNNZ0xLN19pcU9QZTQyNTJvaUhrb1VRdXZFQmh6LVpQSHQyNlJfdHlDVWpvaXRLR1I2aExIakptMkFNWXNsRk1heTNWYVVPdWdBZGNiVGdlM2JFNm9lUmRGOTk1VEozOTRyZUNISF9SUUxyZ3RHeE9mRHhTbnRhdlNXYWg5Z0h1SUtIdHQzMDRkTV95anJtM2tYZ3lZLTVXZnpweWRUQkQxbDFHVVk?oc=5
2026-09-06,光通信,O Test & Measurement Systems / Keysight Technologies,テーマ関連ニュース,⚪ 情報,25,"Global Silicon Photonics and Optical I/O Test & Measurement Systems Market | USA, China, Taiwan Lead | Keysight Technologies, Advantest, FormFactor Drive Next-Gen AI Infrastructure Validation - Yahoo Finance","Wed, 29 Apr 2026 07:00:00 GMT",https://news.google.com/rss/articles/CBMipgFBVV95cUxQbkJxNVNBSWdMX3lSMGlxbEg0YnlHRHdSX3JtRzFuaVZUb1dpZ0dsYUZfc1NLTkptZjg2Rmg3dXF0bGFocHZoanRvaUM0Y1hoR2ZpMlh0Mm12Q1BuX0tzVFQyYVhtU1dLLWFRcVVVald3UFpYMVAybmtWZVV5MkxINW1vMWthcEJWLWhlSHAtSXFPbXFDY1hldmxTN193VWNVTzE0QW9B?oc=5
2026-09-06,光通信,O Test and Measurement Systems,テーマ関連ニュース,⚪ 情報,25,Silicon Photonics and Optical I/O Test and Measurement Systems Market - Future Market Insights,"Wed, 01 Apr 2026 07:00:00 GMT",https://news.google.com/rss/articles/CBMitAFBVV95cUxPZzNzUnRrSG5nQkNxeDI5Mm5mZS1JWGljWlpJNjh0bWl0R1VnbEFYY2FXZW9PWnpQSmdMbDBNSXVJYk9BRDRmUHdNNXVjNmRvZkFYNXQxNGdFQm0yUTJkVnVCVEtodklBV042bHpTZWtaR2RiTFV2RkJ3amdkcExESk8tUWsxbnoySVpkZ3d2WWlkdEhKZFJJWTJsQWZsdDROeHUtVzBDc3R6YTlXdDJveEg0V0M?oc=5
2026-09-06,光通信,,特許・技術,⚪ 情報,25,CPO high-density optical interconnects drive E&R's submicron 2D FAU breakthrough - digitimes.com,"Fri, 04 Sep 2026 03:56:45 GMT",https://news.google.com/rss/articles/CBMiiAFBVV95cUxNZnhSMUg2T3l2YklrcFJralZuN0lwYTFFaV95UDE4MmtoUUpKQTVMSmNBaVJwODZJUEI2dDdCTGlncnNETkUzWThTLVFaSWM2cmJqa0RidEZrSWxkT2JsRUJZMFVUWEV0OVNnU0NVcDFZQVo5anoyUFB5N2l4SHZVZl9JTGZXZ1Rl?oc=5
2026-09-06,AIデータセンター,PO Technologies,テーマ関連ニュース,⚪ 情報,25,"“x”PO Technologies Accelerate Evolution, Reshaping the Optical Interconnect Landscape for AI Data Centers - Data Center Frontier","Fri, 24 Jul 2026 07:00:00 GMT",https://news.google.com/rss/articles/CBMi9wFBVV95cUxPQlhyWW1UM3FuY1FTNmozTHdjQjlpZ0VxNHRaTU1JZFd5bUF5Nk16NU90UG9lOUkyTUFBRi1WSlNySzQ1TGRTZ3R2OXZkLXhxRHh0cFRBQjI4ajJpNGp6eldEajJINi1sUlBEQXBLRHhWOGZ0SGxNT3NQcWtHVWxEbUtqSnBNU1VMbUdueVNCR1VUM2tQcDBmdmIwZHRlQWpZcW1fY2xvS2hFNkNxTzFoUjFfYXhMOTFxNGg0TF9vc21OekFwdmlacktqU3FmU3pNUjByZUg1ck9DRk9yNm9TaGdjbDc5ZzktRWdFWHZlbnR4ZlRLNkIw?oc=5
2026-09-06,AIデータセンター,Texas-Based SLB Acquires Thermal Tech Company,テーマ関連ニュース,⚪ 情報,25,Texas-Based SLB Acquires Thermal Tech Company Kelvion Amid Data Center Expansion - thetexan.news,"Tue, 01 Sep 2026 21:12:00 GMT",https://news.google.com/rss/articles/CBMi-gFBVV95cUxNT2dzWmZaQ1MySVVaRWl1amh2clp3MWpqYk1JUDhOSm1qQ3U5NlFpTVZmWGgyT2pYVno2OXBaekJhbHJxRU96bFlhM3F1MXR3bXA4YmUzZFAtWnU4M2JiSFdOTWdka2lsZ082N3hibU1Fbkl6SmkwMFJ1SEMxaW5xZWtCT0ppdDd0WGdHTXJCU0F5cFk5UklJZVZMLXNOdElyLVdfR0l6d2x1LXhrMDAtT2h2Wm02RUxhZzlSbEJ4U1JxZndQaHQzbUVzLUZOaU9vcjBkb3Etc3JnSWJrUXBYM1BCRmxzVXlhcDZMbnZYMXdzZ0pQMFVSRXJ3?oc=5
2026-09-06,AIデータセンター,Data Centers and Battery Energy Storage Systems,テーマ関連ニュース,⚪ 情報,25,"Data Centers and Battery Energy Storage Systems Project - City of West Chicago, Illinois","Tue, 18 Aug 2026 07:00:00 GMT",https://news.google.com/rss/articles/CBMihwFBVV95cUxPYmpIaHNBX2hUZFg3UmI5Y3RPeE90eHEySDhGVGNIOUk4NkZMZGtFcExZOFlydnAzUVg1MnlYWFVyR2pOcnJfVUZIMkFKanFORWNmb0dKbi1GdHNyWm5TSDVFTTE4RlhYV1p0eGx1aTFGa0JQNmY5al84WEt6MHRWMTBDZ3Vvb0U?oc=5
2026-09-06,AIデータセンター,Data Center and Battery Energy Storage Systems,テーマ関連ニュース,⚪ 情報,25,"Data Center and Battery Energy Storage Systems Survey Reopened Through September 4 - City of West Chicago, Illinois","Fri, 28 Aug 2026 14:41:46 GMT",https://news.google.com/rss/articles/CBMisgFBVV95cUxNeGFFbG9kd2Z4OVU2NkJfWjRzZy0zQVlOVEVxYUNLNjlXMUNkektDalJIeGluTzV6YWxUNm5FQWdiTTFqeWJ0QUhDM0tIYmZKY1BPWEtWMGc3TFBlajF1dE1UYlB2T3hJRlRvQ1NueDFGTmE1RllNQlV6Y1NLdmowdkY4N0JKS0JCMnhLeGloeHdQaDdCSUNsRVp3Yy14Tkh1V3NrUTRxSU5LM1gxMjVrd3V3?oc=5
2026-09-06,AIデータセンター,Data Center and Battery Energy Storage Systems,テーマ関連ニュース,⚪ 情報,25,"Data Center and Battery Energy Storage Systems Project Page Now Available - City of West Chicago, Illinois","Tue, 25 Aug 2026 07:00:00 GMT",https://news.google.com/rss/articles/CBMipgFBVV95cUxOWnpnYmsyVlJIRmc1REU2ZGMxX2NMUlpLSEZkajFxaG5ibzMwZV9wdlg4YlhpNG1ERlhKV2dlYktzMFlfT24xSVZTZEdjS0s1a1FRNEJ6QW5VZUt0b21TQTRubVl1U3hkdEFxYS03MS1BNGlOUEJURUJFVFhGZ1l0M3hzcDZFNU9zTTFiUUpCN3Y1R29EcGJrQjBwb1N5TVhvSk05NEdn?oc=5
2026-09-06,その他,,量産・生産開始,⚪ 情報,25,Rising Packaging Complexity Elevates Glass in Semiconductor Manufacturing - digitimes.com,"Tue, 01 Sep 2026 00:00:00 GMT",https://news.google.com/rss/articles/CBMikgFBVV95cUxPckU1bUxOUHdJbU0tblV6TU1sNzdjaTJEWVp1d1lyS2I4eWdMa2RQMlBPNi1kNUJZZUZoSmI3bGZ1UWU0QkxwaEZ5aHBDSnZlLU5TbXZzY1dzdWVNcU5sME1QS3IzVUhyeGVKRXpidXlHQVFSTlAtYlZFLUFfa3FRdzU2QUo1YndsdGYzeHc2LXU0QQ?oc=5
2026-09-06,半導体,Platform for AI and 3D Semiconductor Systems,テーマ関連ニュース,⚪ 情報,25,Qnity Expands Advanced Packaging Platform for AI and 3D Semiconductor Systems - citybiz,"Tue, 25 Aug 2026 07:00:00 GMT",https://news.google.com/rss/articles/CBMitwFBVV95cUxQVFpSRmowTEtJdG1RcEN6ZGg4Q3JxNGJibE53dnU0T0FoY3RLbjdaVTlpYURueWR1aGxPV194dXIwVFpycmdkQ3Zwb2Zmd0k2SldwWFRwMGxSQWU4aHRCd1BKS3dPeWVnNDNHWDUya2JIWlJQNFFrb1RISnVGVDJzQkZLQ3N4UXV4VFMtbXhlZXVMMjIxMi1KbDFtN2w0bmtSUlNmT3J2dDFHaFFVanhVOW1UU1BPVk0?oc=5
2026-09-06,半導体,Duksan Hi-Metal Wins National Strategic Technology,テーマ関連ニュース,⚪ 情報,25,Duksan Hi-Metal Wins National Strategic Technology Status for Advanced Packaging - thelec.net,"Mon, 31 Aug 2026 04:12:17 GMT",https://news.google.com/rss/articles/CBMiZ0FVX3lxTE9GTGpKc0F4Y0NGUl9GR1E2ZXkzb2pfNVNTSEJqQmhBUldRb2JxTDBZdkNFYWZ5bTc4V2VwR2tSX0VBN2tIOXZJMGJNSjdOX3dPZ05KUDRKVGw5QnhKWG9IN2EtczVlT0U?oc=5
2026-09-06,半導体,Chiplet Summit 2026 - Marvell - Marvell Technology,テーマ関連ニュース,⚪ 情報,25,Company - Events - EE Times Chiplet Summit 2026 - Marvell - Marvell Technology,"Fri, 19 Jun 2026 21:47:31 GMT",https://news.google.com/rss/articles/CBMifEFVX3lxTE9yOC1YN3kwRTMtVzJGckxKMEdoLTlmQ00xRGV1Sjg2dzFYMjZJeWRaZUMwZFhsbko1RVlENHFXdC1May1UcHprek5HVUhiRVJUYU9QSDMzdHhSU1dFcE5yUTdDaWlhNTU3RHI1UUxlQy1keXhZVDBqNUtwMUc?oc=5
2026-09-06,半導体,Micron Technology,テーマ関連ニュース,⚪ 情報,25,"US Market Outlook | August non-farm payrolls significantly exceeded expectations, weighing on the three major US stock index futures in the short term; AI supply chain shows divergent pre-market performance, with Micron Technology’s HBM capacity expecte - 富途牛牛","Fri, 04 Sep 2026 12:36:17 GMT",https://news.google.com/rss/articles/CBMiuwFBVV95cUxPckpXYzItbzMtUy1hYWJYWENpRGtfWEZ4RDVMRHNBY0I2MHA4ODBvbmlDN0pVQ1cwVVg4MGFpMk5UQjlSeTYyY2VZbzhURDFQTTR0UEIxelpVaWE2d2t4SHNrbGkxY21zcW1uaHF1TWlfdFdhV3J5eXJNYlppU0E0MFpTQ1J1V3FaVkljNDdFVFkzQi1odWhScEhQYmkwUHFLMjA4bGR5SlZWT0xWbWpVTC1nbjlMOEhaZDI0?oc=5
2026-09-06,その他,,大企業との提携,⚪ 情報,25,"Purdue, GCCS partner to scale the future of silicon carbide - Purdue University","Thu, 28 May 2026 07:00:00 GMT",https://news.google.com/rss/articles/CBMinwFBVV95cUxQbXNBOVU5ZjRVQlVaSkczR01mV21BWFNaaHB4SmpnY2YwYldzcy1VbGgyS2R4LU1Hdkh4RllyWVRlZzRvREs2ejE1M0NJblkzUDBMcnJfTG5lSlRuSlFUazBHeXpCcmtSY3kyNDBqZTIwV0lQZWVsNnFoM3k3Slk3LUliaTVfWjRYV0NkNjhjR3ZJWmFVc2lOc2Faemxwdk0?oc=5
2026-09-06,半導体,,特許・技術,⚪ 情報,25,A breakthrough for the bidirectional switch - Compound Semiconductor,"Wed, 12 Aug 2026 07:00:00 GMT",https://news.google.com/rss/articles/CBMilwFBVV95cUxQVmNuX00xV09zbjJSRTlpTTFmdlpreUtYOFRxSWRjb3JoQ3FfN0xheVcydWZsQTRjelB3bENuSHlQRmJISV92T2E2NzBjX3R3ekp2cVZDeVRyc1M1TERyS2tJWDdMWjBQLTdodXNrZURzMkRzNmRUVGNfU2ZzbUpmSzF6TEJ1elltNGRrX1V6TEJUVVZ5V2ZB?oc=5
2026-09-06,その他,,大企業との提携,⚪ 情報,25,manufactured in the U.S. through GlobalFoundries partnership to accelerate AI infrastructure - GlobalFoundries,"Tue, 01 Sep 2026 12:30:00 GMT",https://news.google.com/rss/articles/CBMi-gFBVV95cUxNQTdFLUtKVG1sc1dpR1ZuSjg2cFEyMDhVOEJfcFlzOEwwQl9Bd2QzcjRmY1ZaQ3NRMjZFY3M1U1RmcjJ0STFOMGtsT2VESVZVOVltcVFDQUtINml1NUp4MEczZnRqRmlLSXdRZURRbkdwSHp5dElhN1gwQUNoaDlwNmtSRWk4RGJLZmJhYnFvSVlOV2JuMC1RWnRRLWJkYVZVNEdBX0JDQ1lNaGJoTkRNeElZYnlPNWQ2WU9FZlRBUkM4MDBhM1dmeDlfdXBVSUFvZV9hVV9oUjFUekozbEtiUENGWE9xelY4VVQ3U0tMbDlGSklaTnREODVR?oc=5
2026-09-06,半導体,System Efficiency Using GaN Semiconductor Technology,テーマ関連ニュース,⚪ 情報,25,Porsche Improves Burmester Audio System Efficiency Using GaN Semiconductor Technology - autoevolution,"Tue, 25 Aug 2026 07:00:00 GMT",https://news.google.com/rss/articles/CBMizAFBVV95cUxPSEpKWFZPUzd6X3IwMTdGQUhtMTFWQnZPWkRveXBPQVdoaktfNzJ1UkFRbFlrUHM4bHdrVVFkTzBQX3lka09uem1USjE0c0E2WW9aYk5TeVI2aVR1SXk2dmtRZ0gyM1EwUzhuRll0RHRoZUM1bFpKTkdXRVdZZFhfQnpxd25vRHZFQ0RfR3hpQzRLSTJDS3Nfa0phanUteFIzRFMxWUlCc1ZQVzR6SmFYaFAxbGUwSGt1WDliVjNCZGRVSzlnXzBwN1Y4VHU?oc=5
2026-09-06,半導体,GaN Semiconductor Device Technology,テーマ関連ニュース,⚪ 情報,25,"GaN Semiconductor Device Technology Innovation: Key Trends, Growth Drivers and Opportunities - marketsandmarkets.com","Thu, 16 Jul 2026 07:00:00 GMT",https://news.google.com/rss/articles/CBMikgFBVV95cUxQel9Wc25nZmx0UlJaeEhsNHBRSWNnRVZBckNzWkQyTUIyZnQ1VWNmVmZqSG9XcktmRWlpN2EtLUtObEUtaGtZekpWRjdKWnhZVnRSSGZEeEl4Y1pSY0cxbGtkM0l3MUtYc2lMZU5KWUlUSFF2QmhmWXk1VUlEYUxkVnZMUzlSNHRXY3VpVl9RU29Ldw?oc=5
2026-09-06,半導体,,特許・技術,⚪ 情報,25,[News] JSG Achieved Breakthrough in 12-inch SiC Crystal Growth - TrendForce,"Tue, 01 Sep 2026 00:49:36 GMT",https://news.google.com/rss/articles/CBMipwFBVV95cUxNZ3YxbWduRnNmTFg3blJGaWtvbGJSM1JaQ3UySDZ1c0NIZnJhamVRSjNKb29ZeDlIQW5XT1V0dV9Pd0NmUF9zYWJuZU0wTjF3ZHROWjdRbWxWZVdYU1hHR0xVN056LTkxMXhmRzFPZ1U3ZGctajRQRXNPZ0lycXQ3c3I0eXpMcldkVlRXRmEzcmdnUHFxY19FYVg3c2tSa0tLR09DclJ2TQ?oc=5
2026-09-06,AIデータセンター,Beyond the Grid - Bain & Company,テーマ関連ニュース,⚪ 情報,25,Orbital Data Centers: Beyond the Grid - Bain & Company,"Fri, 17 Jul 2026 07:00:00 GMT",https://news.google.com/rss/articles/CBMidkFVX3lxTE8yV2RkTEJmWjU1X01RWjdKZkFod0wxXzZ6WnFadzRiTDNIQU9SQnRYV1RlaDJBNW1ZVmw1UEFjT0RBM0hLUnAxWk1ma3pCUkVUc2E3STcyaVlMNjBobGFIbHhFc0RLSkthV3dLVmJRRmRhdi1la0E?oc=5
2026-09-06,その他,,大企業との提携,⚪ 情報,25,"36Kr Exclusive: USTC Team Secures Over 100 Million Yuan Financing for Space Intelligent Computing Platform, Backed by Bohua, Matrix Partners, GL Ventures & Multiple Investors - 36 Kr","Mon, 31 Aug 2026 04:34:41 GMT",https://news.google.com/rss/articles/CBMiU0FVX3lxTE41Z3J3MXRVT1hYbVFHSVdFVlZZMHltYy1NSjVFZmFxcW9FbndoTFVrTDVFUjVmend2aC03bDVlcDM3VGFvWm1iQVB5cGhkU2ptQ01N?oc=5
2026-09-06,その他,,量産・生産開始,⚪ 情報,25,TakeMe2Space collaborates with QOSMIC to build indigenous laser-based satellite data relay network - ET Manufacturing,"Tue, 30 Jun 2026 07:00:00 GMT",https://news.google.com/rss/articles/CBMijwJBVV95cUxOYlZRRHliNEd5Z2lRZ2pzNWZBeGxha2RTTl9fRUVfbF9SN3pESXNpUGRHYUdjRHRURi1xTnlEVFpNYzNwdWtRMnFPdDZzVDNXeHctZmVsaXhkX1BHLXJQMVBwamVJQVd3bm15Vklva2hxVEE4UjAzbk05YWxDcml1S09kUUF0WEVXRERSOEp5Y21VT2pQT1VBVTNpaE4tNkNnX2xUY3dIbGxwbDU3aC15VHlhMFpkVnZYejR1YURtVGhqclRyRmNEaDloVy16eDI1N09ucXlfUGRXZmlFdGxuYjI3eWUtOXlGci1jbDhxTWRHamtOOF9xYlg1OG5ENFEwUU56MUUydzM2VDZzZWxF0gGUAkFVX3lxTE1EM0lzR0hIOU9NeHZEQzktX05WQlFLS3hUXzZ1RDBXSmhSWkQ4WEstU2FDVUFBakYzVnVMZTNJZkJKVURiM29DblFkazJhOG5Id08tUVJOTkVLVGxDV0tIUENwd0FpQXJpZTF2d1ZfbGxwUnh3LU1nOWNxeXcycUhHOVFyQ2F4ZGtxOVg2OHJGc21HaUQtVXp0X29YMGNXc3JhcWJJNkhJa3JfVnQ0V0c4U0VLTDQzSmFXdWZSbEhacnh4WjRGUkFhU3pPbmV3YlhtbUVCd2JicTR4dlJGcEZ0QTNKdHJrSFVqenA1WW5QbTRpZHltWG94cDdBdFFWNFc3OUx0X2NPcjZiYTl2X0dHLVVzdw?oc=5
2026-09-06,AIデータセンター,,特許・技術,⚪ 情報,25,AI plus IP: Sophia Space and Caltech secure a patent for orbital data centers that use passive cooling - GeekWire,"Wed, 29 Jul 2026 07:00:00 GMT",https://news.google.com/rss/articles/CBMiigFBVV95cUxQU3AxU0VBbmM0UVhyZ2VQdEdYdlhtX2FPcjYtNkNtamdMWWRld2NpX3pVWS1TZk1xdnBvZjhjWDBHbDhLYy1BVzlWVGxsVENmazAxaS1CekZLRmkxOXhzVHNkZjB1YjJvdHNURVVnbXdCZDVVTUZEUGtZdDlJVlZmSlprZDA2TDZqWUE?oc=5
2026-09-06,宇宙熱管理,I.S.T. Corporation,テーマ関連ニュース,⚪ 情報,25,"I.S.T. Corporation Introduces White TORMED®, a New Polyimide Film Platform for Spacecraft Thermal Control - PR Newswire","Wed, 26 Aug 2026 16:00:00 GMT",https://news.google.com/rss/articles/CBMi7AFBVV95cUxQYkxVYzNRYVdkVzNFTUlRbjVxSzJCUjltVGllNDRwUjNQZTd6TEJ3cDI0Z2hpcUhFT3Z2QWh0RFY3Nk5CcHFfbExRY2E0RmZxLXFUeHRBeHZLZ3liMkxobmYwMzRUa05kOFVpa3Z6d3Bmb09OSXNDRjlzREhkSXZwRl8ydklZOUt4RDd4RGxEMVRZTGNuTVotWFdqdWw2aUI3MmRycEI3SXVsQVJxWlhYdk1jdWstZWJHcUpTNHZ3eEJueXhsUG1ZUXJsNmZrS2dEYWJUN3VGekVtTVVOYV9pZkJoalNQNFlGNlJrUw?oc=5
2026-09-06,冷却・熱管理,Phantom Space Acquires Thermal Management Technologies,テーマ関連ニュース,⚪ 情報,25,Phantom Space Acquires Thermal Management Technologies - citybiz,"Fri, 03 Apr 2026 07:00:00 GMT",https://news.google.com/rss/articles/CBMimAFBVV95cUxObDVfUS12eTRyYWl1ckdnV2VRa3BZT3FsYWtlZDZKZnQ2Yk1fZWJ6bGtBU0RpTGlIVXpCelRpeWFUbkRTVHNGdWJpOUFuQ2VSUXlrMTl2andMd2RhOGYwN3NoMEtlTlJFbGFmbnhndjVlVDdpZFhObnRwMmtmRUtyeVl1RFU4NGFMUVV2UGVlN0FWbHNFSUlBTA?oc=5
2026-09-06,冷却・熱管理,Phantom Space Acquires Thermal Management Technologies,テーマ関連ニュース,⚪ 情報,25,Phantom Space Acquires Thermal Management Technologies - Payload Space,"Thu, 02 Apr 2026 13:02:31 GMT",https://news.google.com/rss/articles/CBMihwFBVV95cUxNSmJRbTRuUzcxRkdXdEctaWxEMTdmWnpETGh0TGJBTG5WeDZWb09lN29CcWg1cVhUcHBka0VDWVJ3cUxlaEE1RlNpTzlUUEhiNktHek5YM05aeXlrRHNQQkVuQXBOa1ZxVURqdVR6ZG9HYjVBYkFmaVpfN3Y2b1Y3MXc5cUsxM1k?oc=5
2026-09-06,宇宙太陽光・発電,,特許・技術,⚪ 情報,25,China hails latest breakthrough on space solar power technology - South China Morning Post,"Tue, 19 May 2026 07:00:00 GMT",https://news.google.com/rss/articles/CBMitwFBVV95cUxPb2hqYnRhNU9DTnFwdlg0U1FmZVZZZ2FnRnBqNnBBUXNaR2tiaTRLRVFDdXJYRUdpVjVReXhiS0Z5ak9LNXVVSGdzbmFOLUNfbFdJMG1fNnlzRGs0S0JoMjdTUDY2dzBHWW5MbGJMWGFLc0xISUFkems2LXZORU9fdHpIY2lrM29XNlF4SW9WOF81WnBkdWkxWWI1VUJ2bFdybHVrbUVYTFotTHpkWGxWeXVidTNPajjSAbcBQVVfeXFMUHJSM2F6R05NX1lwLW9qcTVETXlFYXFxZUpLUDNoUU9pWkNvSTdrRzBZNlFkYVhtUi01NUZ2bUsxeS0ta01QMGRQUWlwdklpU0d6NDFuRmU3NGhKNEZmQ25jOFRpYkpmaktDTVBMQTNrcWdHUXoyT0VKWXRkV25xWndXR2s2V2JwSXdOVEQxWGZRMWlDM1puUXRhdlhIZzlUQ2ttVDdkOFNlSlUyMHF4S1Y0Tk1rdUFB?oc=5
2026-09-06,AIデータセンター,,研究開発,⚪ 情報,22,Electricity-free cooling system for data centers prototyped by scientists in Germany and Japan - Data Center Dynamics,"Wed, 02 Sep 2026 12:46:41 GMT",https://news.google.com/rss/articles/CBMi1gFBVV95cUxOTHJ3am5UYnR1bTRxc28zN0cwZ2laZDJuT2RST3JJWHJIbVdGN3dXaEx3NU1yQWlwNTdRY0lWMDVtNDVFYzBndmt0LUZFZW12bzRsemZCLWg4amdtUjk0S0dJdW1nY2Z6a1VPcjJYc3ZxaTQ5cEM0b3lLUzJMUnBuN2Q3S1NTaWw5dVh1Z3YzQ1dTYlZxX296QU1KZ1YweF9WYXVuUWphT0dTcTlINWJ4NHREeUJBS2p0SzBWMnBnU2JGRFoyb29CWWZaTFVQVm9sVThFTVl3?oc=5
2026-09-06,その他,,戦略的投資,⚪ 情報,22,NVIDIA Invests $3.5B into Semiconductor Company MediaTek | Business | Sep 2026 - Photonics Spectra,"Wed, 02 Sep 2026 11:08:59 GMT",https://news.google.com/rss/articles/CBMilAFBVV95cUxPMTF0T0RQNFBSQ0t4b0xpQnVYWUtTYlFGai1fNmFCM3NTVmFOd1lQd2NkSms4QmthMldLUERwMThIYk1hVHgyajZycEZfWUJpeFIxNlRFcHhZTi1ITS1VWnk1R2FQQkJmX3J4MDM3X1lHQ2x3Szk2SXJJMk1PT1A2a0l4b3BaYzBnQTYwdHR0UnpDX0Q4?oc=5
2026-09-06,AIデータセンター,,研究開発,⚪ 情報,22,The rules of data center development are evolving. Is your strategy? - Utility Dive,"Mon, 31 Aug 2026 09:03:27 GMT",https://news.google.com/rss/articles/CBMirwFBVV95cUxPS01SRmg3SzhUN3dLc3R5N09pWjdkckFaYVhSM0t5bXZOanVzajhRMUVUbVJmcm9jYmF2bVRIMERiZ3hpOTNjZzhGc19oMGhaWUNwOXFPWnlMSVNUTG1XVEpUQ3R1RXFnNnBYM2VLbGRES3RLYzZkdlhydEZ4TUhfYzBMMnVYWU1uWkpoNnA0YkJRU2UtdEtFcFVEZnltMTgyVmRvT2tRTjgzZXFvaHN3?oc=5
2026-09-06,半導体,,研究開発,⚪ 情報,22,Global DRAM and HBM Market Share: Quarterly - Counterpoint Research,"Tue, 01 Sep 2026 07:00:00 GMT",https://news.google.com/rss/articles/CBMigwFBVV95cUxNYlIzVHpBVzJfYjhXUWxYSUg3VmFvTDF5Q3k3OWVzeXVpRHZVdU14OHFOZGVkRDNTTXhvMGN0OVllR3FNd19rVlRTTXp1U0NHSFd5RVFmc29UZk1vR2VmT2pINWZLcGxNTU8yYnBMWHZYUFZlTFI3R3o3T3RjMzQzN3FWNA?oc=5
2026-09-06,半導体,,研究開発,⚪ 情報,22,Suporting the Electric Vehicle Revolution: Next-Generation SiC Semiconductor Chip Development - denso.com,"Tue, 31 Mar 2026 07:00:00 GMT",https://news.google.com/rss/articles/CBMihwFBVV95cUxQa0stQ0lvbXZ4YWhnenlfVXp6dGlpcHNuM3lybWswS3ZxeVljR2ZWQUt0TFlBcUx4T1hPUFZXZk5DRnhUSnlHck9HbEZuVnFoM0JjSkZEZklzMjdPdzdIajV4VThWLXJJVE5pMjVJSzhuMk5rM3VSTUx5OFNXN0ZtSGw3MlBaQmM?oc=5
2026-09-06,宇宙,,研究開発,⚪ 情報,22,Research on thermal control technology for ultra-high-speed inter-satellite laser communication terminal - Nature,"Tue, 28 Apr 2026 07:00:00 GMT",https://news.google.com/rss/articles/CBMiX0FVX3lxTE93b21OWlRMTFg2LU5UXzBONG55bEVOT1RtdEpsY0ltNEtnX2NfemVoamlSc3JBZmh5R1lfZ3V6aU91bDZ6TFJubnNaT2ZkcTZRZXl6QVBGVVF3OGtOamxv?oc=5
2026-09-06,宇宙太陽光・発電,,研究開発,⚪ 情報,22,DOE Launches Next-Generation Space Solar Panel R&D Initiative - Aviation Week,"Tue, 01 Sep 2026 20:50:04 GMT",https://news.google.com/rss/articles/CBMipAFBVV95cUxQMWFxSWtJaThjbFdSUy1KTlhPdzZhYXhqTVdYd1dONXYtUVREOG91ZlFFcEQ1TS1ubndqTUl3NHFDQ01pRWZacW1QQjN1MG1RR0VzbFhCTEFkN1lGd040Q3BBZTFXREZwdFFVVmR1bHBSdXhUU0QxdUJRY0F1X29WdTlJb21Ba3NXdXR4cjJaT2x3Y2hFM0xzdHNrejF2eTJ1d1hiYg?oc=5
2026-09-06,その他,,政府支援,⚪ 情報,20,VisionSpace lands €300K grant to build its own satellite computer - Dealroom,"Thu, 03 Sep 2026 03:42:27 GMT",https://news.google.com/rss/articles/CBMinwFBVV95cUxPQjl4X0NiWWo5VnZyNDl5OTVVYVEtR0NCS28tZElLVktRUHJ3ZGpOOG5HS19fYnNGSEpOWWlwSS1rUEdvYWV2c25lWUNMQk51QTVBbEJwSFRIRXlrSjlPLUNMeDVRZlFlbVpFSTR6aXE0RDBYVTUtZmMtSnI1Mmg2ZG5DUVVyYWdxaU84cy13X1VtNHdTd0hXSkFta2FmbzQ?oc=5
2026-09-06,その他,,特許・技術,⚪ 情報,15,Hotter Than a Hot Tub: The 45°C Breakthrough to Cool AI’s Biggest Machines - NVIDIA Blog,"Sun, 21 Jun 2026 07:00:00 GMT",https://news.google.com/rss/articles/CBMiakFVX3lxTFBSN3d6OG5pZ2hJSkZ5cHhhWUxONkEyRzV0V3FwaGpNbERTSmpiU1ZkVzc4d0Vkc0Vic3J2Z3FMVkdza1M1aEE5TDJBb1NsekFGaWtVUjVEQ3VSSXFtbC1vRi1nVHdZb2pJN0E?oc=5
2026-09-06,その他,Evolving into a Foundational Technology,テーマ関連ニュース,⚪ 情報,15,[Tech Note] Hybrid Bonding: Evolving into a Foundational Technology for Improving Semiconductor Performance - SK hynix,"Tue, 25 Aug 2026 01:28:42 GMT",https://news.google.com/rss/articles/CBMiXkFVX3lxTFBXb0tESll0cVE5ZUdYQnB6ZDRQTUVMN1BOYm1xeGZiMVZ0YXM2WWZBWW55MUhlMDRndWpqbG5hUTI3Mll0UENtaUNmUHl4WTNGa3hQU080dVRVV1VSaGc?oc=5
2026-09-06,その他,Intel and Lens Technology,テーマ関連ニュース,⚪ 情報,15,Intel and Lens Technology Collaborate to Enable Advanced Semiconductor Packaging for the AI Era - Intel,"Fri, 24 Jul 2026 07:00:00 GMT",https://news.google.com/rss/articles/CBMi9wFBVV95cUxPS2Z6OWNQQzB2cEROR3ozc1V1YWhBTGI4N2FMZHNmNFd5ODdpUGJMcVg0QlNDOVpUYWF5dFMyS202c3hVNTFqdVV1anBweXp2Sld0c21JOUVqcGFUQWlZQTFkMlRZeEpoV2kzSnZJVGdXMFZKVTRNc3Frb291V1BnTC1MdkE1ZHlPUTQ0NV9CWFo4cEJNQTBBSkFLYTFma25naHVHeG5KUjk2amRBQmxsTjBQWjZtcGc5QlRCcFh2LXdKZWNKal95Y2VfaU55REFSalNhUTluMXhHckFFVnU2Y1QwVVRHLUg1UVdDTS1sVVZTSmo5RTNF?oc=5
2026-09-06,その他,Porsche introduces Gallium Nitride Technology,テーマ関連ニュース,⚪ 情報,15,From lab to listening experience: Porsche introduces Gallium Nitride Technology for high-end audio - Porsche Newsroom,"Fri, 21 Aug 2026 07:00:00 GMT",https://news.google.com/rss/articles/CBMiqwFBVV95cUxOQk1qcTkzU1lGYU1ZYThDQTRHdlFfeFFsckkxUjg1RkdvSVNYQjA1OXZwMUN6RnRwY0cxZ2RzdEdYcE5rQWt4UWc1YWxWNWVwemhuWkZKajFrRUoxVkU4d3NWN2l4T25tR3pqU2RKZ2d6bTZOdHRQckRwVGpfTmNTNkNERExFM01TcF9GODZSSm1HNlBaU3Y0Y2lnTVlVR21OQk1DX2lEdjExN28?oc=5
2026-09-06,その他,,特許・技術,⚪ 情報,15,A chemical-free laser could purify silica sand to more than 99.99%. Homerun Resources developed the patent-pending process with UC Davis for semiconductor materials. - Stock Titan,"Tue, 01 Sep 2026 12:00:00 GMT",https://news.google.com/rss/articles/CBMiwAFBVV95cUxPX1NYQ0Z0V1JDWTMzVHBuU1lEaVByTk9OVFJwUlhVczAzNlJqdjZfVUlUYWFuUmtaQlowbGMxSGhqbWRsTV9mVTI5RUV1MHh4RC16ZjFOSzBuSlFabHUzZWYwdjloXzFaMG44N1NWRDlSZUxLeWpZaTFHc2p1WXBaMFhpWlRHMW96RkMxUWM3LUFjWXFMSXlpWmRkSG1vbXJNakh1NUQ4MVhEdVFYdjMtVnpTbGR4Nzh6WkhjWDAyWS0?oc=5
2026-09-06,その他,Nexperia and Aurobay Technologies,テーマ関連ニュース,⚪ 情報,15,Nexperia and Aurobay Technologies look to advance automotive power semiconductors - newelectronics.co.uk,"Wed, 02 Sep 2026 07:11:57 GMT",https://news.google.com/rss/articles/CBMixgFBVV95cUxOakdoOHVxYmdYdDNHXzVHeFR4MlphUGhYU0JqOWZGRk43Y3RLcXAyV3paanM5eHAtOWdselJSblFCVHJJZ1E5VDR2MDVmRFRVaVM5dTVtQlNWbC1JQlBvelkwODRrb09IanF2SGxNdzRkaWVSVV82bHJkNnZTWEVTRUVqNjZZa0dlSjFjUklNdURNaHVPaDdaaGkydk55d1cyRmhZWWVLeTZLRWVrUFo5akRBbTZRSHhfNDBrUnRsMDRCYkpzRkE?oc=5
2026-09-06,その他,,特許・技術,⚪ 情報,15,China demonstrates AI computing power in outer space with satellite network breakthrough - China Daily,"Sat, 14 Feb 2026 08:00:00 GMT",https://news.google.com/rss/articles/CBMifkFVX3lxTE9lSDlpaW14ejVmc1VaZWhRWG9jOE5iUHRSbFZxR0RwN2xXMWhTNnZEYlBIdEJsZTZqQVVQSFh5Y1NRc2JUc1ZkRFA4cDkycVZKUFNsTDMtN1REZF8yQUVRaTItY2lzMlV3eERNd3dvT01GVHJvYjJ2WXRxcGVOZw?oc=5
2026-09-06,その他,,特許・技術,⚪ 情報,15,"MBRYONICS, ANNOUNCES OPTICAL COMMUNICATIONS BREAKTHROUGH FOR SPACE - PR Newswire","Tue, 09 Jun 2026 07:00:00 GMT",https://news.google.com/rss/articles/CBMivgFBVV95cUxNYmxPdlh1V0lxbjBPVVNxLUU0Z1V0R2F1NE9BS3c0SmVJVE5SWGk1NEVlb3dkdXp2Z1JzYmE5cV9QVVptRWUtOFB3aFlYeHZSTWlkQ25SY3BkLWtpM3o3Rkp0V2FMX09CdXZqMVZvRW9waFUxeUh2QU81R2hzbm9YNVFRSXMzelliUjhhNkphV1VQaFFKUDcwVjhvRjU0cVd2TXhBWFNyRXFIMjBQQlFiMm5FVU52SDVlNEJ0TFNB?oc=5
2026-09-06,その他,Optical Inter-Satellite Link Systems,テーマ関連ニュース,⚪ 情報,15,"Optical Inter-Satellite Link Systems Market Size, Analysis Report 2035 - Global Market Insights Inc.","Sat, 30 May 2026 22:53:45 GMT",https://news.google.com/rss/articles/CBMimAFBVV95cUxPMFc4NDhlSEhoeUhCWk81d1dVYXVoZXVrcUljNnJHUTEyZU45ZzQtSllVUEdSZjM0X1JINGpoLVd0UFJBMlRvWlY0LWtjRF81cDRWNlA1RkdtYVhqa1lHZmRjTHkzb21acjh3Sk5nWjNHSVVlNWlOeERWdFJwWEUwN1JycDFiVE5pQjdVZVZRem42THRHTG1ZMA?oc=5
2026-09-06,その他,Aerospace Heat Management Systems,テーマ関連ニュース,⚪ 情報,15,The Role of Nanomaterials in Aerospace Heat Management Systems - AZoNano,"Fri, 24 Jan 2025 08:00:00 GMT",https://news.google.com/rss/articles/CBMiYEFVX3lxTE1ZU3V5bzI4ZktMejV2ZEZVNUxTekFSX1RGUkI3TlNzU3dsbWJrQmc0RWdySllLM2pZSldxZllpRHJGbEZZYS1BcG5VNHg1WU4yQXJfX1lPR21WVU1QS1Q2Zg?oc=5
2026-09-06,その他,Australian Broadcasting Corporation,テーマ関連ニュース,⚪ 情報,15,The engineer trying to stop NASA's Artemis II launch going around the Moon - ABC News & Headlines – Australian Broadcasting Corporation,"Tue, 17 Feb 2026 08:00:00 GMT",https://news.google.com/rss/articles/CBMipwFBVV95cUxNNFpJMGpIMXBEUExzMS11RVRndkx0U0dEeXNxSjVsamVucTJRSTdTMHZfZE1FYmZRSHZWUTUwZklHLUREQU93bHJjblFabFJnVUdsV3BUUkVieVhRUmhKb0IwbGhYZHlQTDVLZUJ0ckQ0b0RKZ0R0SDAyZHNPamQ2UmRRX3YtNmhQS2VReGc0UHdyUzZsX3B3Z1VGSnV1ZFRycFdEVVdnSQ?oc=5
2026-09-06,その他,Perovskite solar panel startup Verde Technologies,テーマ関連ニュース,⚪ 情報,15,Perovskite solar panel startup Verde Technologies shifts focus to space - SpaceNews,"Thu, 02 Jul 2026 07:00:00 GMT",https://news.google.com/rss/articles/CBMimgFBVV95cUxOdThzNUpXNTdrZk5xbkYtSDMwVG5BMDZHLWFVdkMxdm1mX0NJUFJqNUtJYXo2d2dTcnJ6NzdRV1poZmREZ2t4ZlQyc3dpYVh4WFVwLTJsbUVET0ZKWGQ2d0tVRTdDS0J5LXozNGpOcTBkdmJHVXkxRmF4NEtOV0hkblhoNnJYd0hWUVFrRENxTGVONDJGNjFDbDZR?oc=5
2026-09-06,その他,,研究開発,⚪ 情報,12,Data Centre cooling development goes to the water’s edge - constructconnect.com,"Thu, 03 Sep 2026 10:23:57 GMT",https://news.google.com/rss/articles/CBMiugFBVV95cUxOZ3p5aHgyb0JYUVM1TnJ0elV3RTRjM0hMdTB1Znp5SG5XMS1QeTZJN01MckpSUGV6RHczRmJqRXo2T3NzdmhoM3FIem5Ga1NRUlZnczI2aDc2ZVdTUzhDUkpNc1JSYWtIVHJIYnNOdi1XM041cjRGRmNYeFlFWFRuUjBuZTZTbVdlQW1TNnJRSFphb0lvU0dHVXdMTkpyVjhYeUFiMm1WSGNrVUNmUmdLSUpVRkhqUTg2Nmc?oc=5
2026-09-06,その他,,研究開発,⚪ 情報,12,NHanced Semiconductors and University of Florida to Present Advanced Photonics Packaging Research - The Quantum Insider,"Tue, 18 Aug 2026 07:00:00 GMT",https://news.google.com/rss/articles/CBMitwFBVV95cUxPMkpmS2NjQUM3RHBEOFQzOXVpWE5yYjA0ZVRkXzFLaEtXMHpPTlBUTnBSbzFYa0lnZFAxQWZyWWRPQVRwOTlLZy1XazFlM1Y2cFVsdkpMRnFYYWtKbVpTMGhVZmVBNXM5VC16TDVYV004dWxtRWdvdzFvX2pvdC1abWI5eTBEWUM3WjBTRFZUdDVlaUZFaW9wSVdIT25qV1FWZVJ3cDh0ZVNaSjEtZTl4WWw1M3I1TTQ?oc=5
2026-09-06,その他,,研究開発,⚪ 情報,12,TXST researchers help solve a persistent problem in next-generation semiconductors : Newsroom - Texas State University,"Fri, 10 Jul 2026 07:00:00 GMT",https://news.google.com/rss/articles/CBMijwFBVV95cUxQRncxLW9vXzUzaFQ4eGIyUHJIZWFMRnVITnFpRmpYZ1lySjZieTJHLXF4QmRyNF9pbXVkckxTb1h4eUc2dl9UV25PMGw5NnhOckhtR2tkc19nM0lSQnkyRWRtN1duZEszenEydW1HY3VlOWtBWDZ4SlI2MlZOaHJqTWVGUmFnNnE3RjJ6RnNsZw?oc=5
2026-09-06,その他,,研究開発,⚪ 情報,12,"Exploring a space-based, scalable AI infrastructure system design - Google Research","Tue, 04 Nov 2025 08:00:00 GMT",https://news.google.com/rss/articles/CBMimgFBVV95cUxNME1JUnFDODB3UktzYm1MMHpwb193anRMdUpfTFlTdFRyMEtaZ0hoUWNHWldlbzdDQ3V1aEJLbkdCZkRsOTFSQi1XalltV3VFdkZRZ29uV20xWWNEcGdVRlg0ZnhRQU45dktEZ3o2bXh1RnBpU2FwV1pLTmo1VXA0R21XLWwwUWxXcDZFT216TF9kQmplNWRRTDdB?oc=5
2026-09-06,その他,,研究開発,⚪ 情報,12,EDGX launches first in-orbit demonstration of its AI computing system on SpaceX Transporter-16 - satelliteevolution.com,"Thu, 09 Apr 2026 07:00:00 GMT",https://news.google.com/rss/articles/CBMizwFBVV95cUxNU2FpRnItTkJkUWV0YTJnNXI2c2QyampQQTN6QjZTTzhfcGJIWnd4N3FQdkdITG0yWUNlNExuSi1BWHVvQVIyMVZObkJqTHZhMmxiSWpIWXdGUXZLUHIwb00xZ2w2Z1pqTFBHUFFtWHFtLUNHWlZZTUo4b2k4ZmdRZXZJZmxlU0F6WVlNeFRsOWVmSlpDWFVDYkNSNVZFbWNCUjNPSmUzQktfeXQwWU1vdDVQTlRabzJ6OGhrNHhxd0R1RlVJY2VkWmtDbEhBbXM?oc=5
2026-09-06,その他,,研究開発,⚪ 情報,12,Exclusive: Space-based computing could help equalize global access to computing power and promote inclusive AI development: Chinese scientist - Global Times,"Thu, 30 Jul 2026 07:00:00 GMT",https://news.google.com/rss/articles/CBMiYkFVX3lxTE1WeC11eHZBZUxZUVJINDZnR2RhTHhlWjMtWGdkd3NkcXAzWXZtQlE1aWhmaGczbGpULUo2c19la1B5VW0xdE8yQW4wOWlfVTBRMmVhYmgtNU5QTkVfWHh0bjh3?oc=5
2026-09-06,その他,,研究開発,⚪ 情報,12,"36Kr Exclusive: Ruilai Thermal Control – 3 Years In Orbit, Full-Stack Independent R&D Aerospace-Grade Thermal Control Solution Provider Secures Tens of Millions Yuan in Series A+ Financing - 36 Kr","Mon, 24 Aug 2026 11:14:23 GMT",https://news.google.com/rss/articles/CBMiU0FVX3lxTE80MW9TNkc4bjh0UzNFc2FXQnJkcmZpQ1lFVG4xTFRSeHNuUmJVdnFIRXA5ZmFnU2tjTlZlN3BsYzBYM0NaRHBxZVQ3eFAtdzNpajFV?oc=5
2026-09-06,その他,,研究開発,⚪ 情報,12,"The most powerful electric thruster currently operating on a NASA spacecraft draws about 4.5 kilowatts as it pushes Psyche toward a metal-rich asteroid. In February 2026, JPL fired a different lithium-fed prototype at 120 kilowatts—more than 25 times the input - Space Daily","Sat, 29 Aug 2026 00:30:00 GMT",https://news.google.com/rss/articles/CBMieEFVX3lxTE1FUk0zUk9zbExXZUYxb1BlMFVJTkhXTjQ1cHBxMnZzWHRRMWVBSXJuSTZHWnJCSzhvX2VoekZpQ2pmZzd6WVFWeDM1ODRTdEhFSjVGQ2ExaVBTR2J2WnpMVUpzenNYYldlVnQ0RlV5dkFfcHpPYUdyaQ?oc=5
2026-09-06,その他,,研究開発,⚪ 情報,12,US DOE launches US$12 million R&D fund for space-based solar power - PV Tech,"Tue, 01 Sep 2026 14:46:16 GMT",https://news.google.com/rss/articles/CBMijwFBVV95cUxPeUxscnItZ0thSFRPM01iVmVub1VoMHprcHRMN0tDS2FWWW5WQUkwREhVLVdPb1FsY0ZHTGZuOVNMVlNGT2trUElWaVh6TVpfRHRxN2NxcXNpYk5EbkxNalE3anZFQ1RkSE8xZkFRbl9VMXZNZ0xtNlZ1OEh4dmNja0ZqaWN2N3FYTWlFczJhVQ?oc=5
2026-09-06,AIデータセンター,,テーマ関連ニュース,⚪ 情報,10,AI data centers are transforming rural land markets — and fueling a backlash - CNBC,"Sun, 06 Sep 2026 12:00:01 GMT",https://news.google.com/rss/articles/CBMiqAFBVV95cUxQc0VSWlFxcndIbkxjaWdlNFVNVktJUExoYV9KdXMwT0o0enczbHRraGNINE8yVlh6cHd5VW9nSmtMQnlvTFJXSzNFVmpYVVpIZmNlcHh3NUlJY1NWRkNwSVA0WXFRU05fZkxmVTRyYTlGN0hyRXg3bWNEWVVYLWh1VUp2YjRMUVZUR0ZIcGpzQXFabEt6dll3N2t2Yk5pMnFKOVhTU1lJbWrSAa4BQVVfeXFMUFNBdi0wVVM5X3ZfSU1ZTEV0MFdyY0tueVdJQ0xTZ20ycE9xdW5scHQ0Uzg5SXVkUTNpLW5UaklfcmdTeUxXbExFdzNfS3VxSXJrWHlvWTNnWnhrRzF5Wk5TQXFDR1pWVnJkRnlkdEloTHdyRUxEbl82Y2hJejVTUVRRNzNJdjVXQ2Jva04zZGVDRVNfU3BhTVFvb056NkZ3VXcxQW5QMGMyWFg1b3ZB?oc=5
2026-09-06,AIデータセンター,,テーマ関連ニュース,⚪ 情報,10,"As Trump pushes for data centers, voters in key midterm races say they don’t want them - NBC News","Sun, 06 Sep 2026 13:00:40 GMT",https://news.google.com/rss/articles/CBMiowFBVV95cUxQYjl0YnlVMnI3VmZkaFJJWFA5cVdORGM4ZHo4NDYxV21IdVNMVUhqaloyNnR5MTI1ZW1pUzZxbnVIN2pKUTNNelZzU1dUbHE0YnBPZEc2bDFBNVBXUFJrWFZENjI0TEpIWTkxaVprSjI4d1QtcGpzVXNKNTBWbWNPcHlNRnQzSDdSVXVUZnJ5Mjg3dmRHdzgxNmJQQXRjeE1jdHZj?oc=5
2026-09-06,AIデータセンター,,テーマ関連ニュース,⚪ 情報,10,We opened a taco shop because Meta is building an AI data center nearby. Now 40% of our business is tied to it. - Business Insider,"Sun, 06 Sep 2026 09:31:00 GMT",https://news.google.com/rss/articles/CBMilwFBVV95cUxPTEZVbnVzdk55alZvTm5jTmhrRDBqbnhibVNOR3ZfM2xKYURaUnZfRXZGVEk3RzZVdTMteG15MnRwNnZqeWtBb2FlcmNtZS1xaURnRjRLUFBFSjlmTEl3UzB2eVUzam9RZDdYMjlNS2R0NEt5b3lBdk5YYlhMSVpZcjVaclljUUJYUzhoaFgzLUFxeVY1ZEM4?oc=5
2026-09-06,AIデータセンター,,テーマ関連ニュース,⚪ 情報,10,Here's the industry that does not agree with the rest of America that is upset with AI data centers - The Times of India,"Sun, 06 Sep 2026 12:31:00 GMT",https://news.google.com/rss/articles/CBMijgJBVV95cUxOTXBhMEZ2V0EtMUNMbEZEcHg0SkFmT05kLVNuOGdTOThjN1VUcllNQVZnV0N4LUpEQ2hBbHc1MnByS3V0WmlWQmJSMm5PLUVfdFBiUXdkMTZVOTNIUTlCS2hraXB4SjNDVlpCU0FrMkdiaVdSeHVRbHU4ZTRtRnJJOHFBMTNBQ2FERTMyTHhMT0VoOHQ0c200aDhaYTQ3Ylh4dDRwUVpHQVRwcmEtMW1oNURIQm50a2UtcDBaOWxrdlNmX05ZcWJsQVEya2hVRmtBVXJxT3dSNURUTjFwU1JWWE9fVzhtdTJOcGlMZXc4ZzhWZDVTcUNHMlZiX2pzLTJCWDRXOGUyeWJaRXgtTXfSAZMCQVVfeXFMTkNwcjF5bjhvT2d4Z0dQZ1hXNEMzNUZNa0JEQjlVOVI2UzBUQ0k5Z084MXdaXzlBQVJ1VDQ5cm80OGVPTXd2a3Z2bGRKUFRkMmF5TDJrb18zYzJWNUV6ZjJSUWpBWmFqc3Z4LWhDcGlWcU9rek9LUnBNR1hqdkl5cnNzQy1oeUVQdTJYN0hWSkFUSU5nWi1HRUpsb1ZfSlZDOTlNV1VkTjM0Z0JyMkFtZWVhd21hNEgtQ25oUklhSXlrT3RPcWJtR2lXaks4MUU1V3RiWG10U05veElaSmNnYmo3UzBmajJIZUJHeHhMOUtSekx6TW1pcEViTUJOajllbUJTeWduVXBfQ1YxejRwWEtkQk0?oc=5
2026-09-06,AIデータセンター,,テーマ関連ニュース,⚪ 情報,10,An AI data center has created a new political force in Independence | Hudnall - Kansas City Star,"Sun, 06 Sep 2026 10:08:00 GMT",https://news.google.com/rss/articles/CBMiZ0FVX3lxTE44dXpmNkU2TFRoS3AxTVQ5UmpkaWNtSHhfTVI1SnhXbGxnd3hVTWsyQ2d4Y0ZLZW5CNVM0cG5KZnpOOGtldWk0dFB0S250S1BKdHI2akZWWXA2a2R3SWNyM1NLaVFjUm_SAWdBVV95cUxPeU5HMFNMVVFmUmVhQmN2OVpMdzdZUm1xaE9kSExuUHhYb3hvOVZKdWY5TElDa2cweUR6ZnhlVHp4NUEtZldON3RTSEZpbTFucUVqaVZOQWZ6Ymt4b0IyWURPMlZZek9z?oc=5
2026-09-06,AIデータセンター,,テーマ関連ニュース,⚪ 情報,10,"Michigan neighbors unite to protest 2 AI data centers they say threaten water, way of life - MLive.com","Sun, 06 Sep 2026 15:01:00 GMT",https://news.google.com/rss/articles/CBMi1gFBVV95cUxQYjRjX1JRV213V1VCckIxUUtpNXAweDlnRUZFVVo2OVctZjlXdjhZUV9ERFdMZFdRbC1ZeTh0cU40cjExdGtteXYzZzQ2RmhzcUFMcFhabHpGQ0p4cEZLSWRZLW1kcVY0ZkpjMi1Qem5VNzFmNUsxdGpVOWg1ZFVvNGdTVXpheU93MGxmOGgyU2NtLWZjRW15b3gwVWMyOHV3U0U3d2xwRnd3V1lXTjJNT2FZbGJuMVlnd1ZBSUdoQVVsXzRTUkVmY1hwcnYtNk43SlludTVn0gHqAUFVX3lxTE5lcVUzdGtCajAxV0dRdW8yakpKcmk0Nzk3TmNmb0dMWWJ0ZHI2X2VLMHZSXzVQTFZMUkNGWGxmbXhwLW1IUVBxOC1xXzFfZnZaQ21vNkV3dG1DVFlhNG0wZ3FEMDNwZ0hPajQwWmlvdFJFTU1OYTdPczJxSVJIbko5YjcxUTFsN0RkcGkzTGVFeTRqSlZ5V3I0R3ExY1REa0xEQUp6bVkzNEhrR202alJ2TjVob2xxYnZWR21JY1EyREFOaUdLUmFQZ1A4MVc0SUlWWVljZW5mWTd0NWdfaUdZQzB2VXo0SUNrQQ?oc=5
2026-09-06,AIデータセンター,,テーマ関連ニュース,⚪ 情報,10,India's TCS unit to invest up to $7.4 billion in AI data center campus - Reuters,"Sat, 05 Sep 2026 12:27:43 GMT",https://news.google.com/rss/articles/CBMiqgFBVV95cUxPMUtHcGEzeDRCRGZiVEZVT0M4cUM4SktyLWxnY3ZsY3ZHVEFoelhtU1IzUlo5Qm9DRzAweWQxQmZCU01kQXVBMkFsb0JqWkNKS2w2ZFpRSnAxMnFKU2NNeFpfMmpOYVd3ejJZeWZNbW8tWC11RlRGSXEyY29KTUpnbkc4UTV1emlla0VLWm5vRGRLY0Vka3I0QlpJZkZjLVI0YXZBdnp4ZVRHQQ?oc=5
2026-09-06,AIデータセンター,,テーマ関連ニュース,⚪ 情報,10,Trump’s Embrace of AI Data Centers Adds to GOP’s Midterm Peril - Bloomberg.com,"Sat, 05 Sep 2026 14:00:00 GMT",https://news.google.com/rss/articles/CBMiswFBVV95cUxQbW1pUUx6a3A1dDZjd1R6R2tFVVhzb2I3dHoxbU9HR0xXQjJEU1VVNXFxODk4bVhjaE9GSFFsWVRPUzR5MFJJcUNMZUtDRkRlN2taWGhycTVnVGhoU1pTRnB4VU1VcVdrdmQ5dlNYTkxnZDg0MWYyZXZ0cHlOU2lrZl9qbHB4WndxVnlISTNHMElXcF9uaDNDT3p1ckFJdTRzTUhxTmNfa0FnUVFtaEdodlpiQQ?oc=5
2026-09-06,AIデータセンター,,テーマ関連ニュース,⚪ 情報,10,TCS’ HyperVault to establish large-scale AI data center campus in Telangana - Tata Consultancy Services,"Sat, 05 Sep 2026 13:29:39 GMT",https://news.google.com/rss/articles/CBMivwFBVV95cUxOdDI1czBnVzJ4dmNyLWl6RnZBWTBQS21mT3JIWGdvbVVmS3VHNjFkckRLd2R4OEVBU2VMWEZxRFZlaklpLW1rT1RoN0dyeWRnUGhLZzZGcmJFaWNZN1FmdFc2YXFEUW16QlZWRWNfeEhRWll6WUI3b1M0ZG1GMWUxb0RmVGdwWnRqMEpRazAwWG1kbjk4T0NEN29QTFNZVDJCTWl0d2ZmMjFUNnlNRVZKRV9PN1RNSFNuUnlEa3dQdw?oc=5
2026-09-06,AIデータセンター,,テーマ関連ニュース,⚪ 情報,10,"EPA proposal could leave the public in the dark on data center plans - ABC News - Breaking News, Latest News and Videos","Thu, 03 Sep 2026 11:32:56 GMT",https://news.google.com/rss/articles/CBMilgFBVV95cUxNOHgwLVhmS2NScTlYWVZCeHNBYS1JMXhjNzJFM2czNkFndGNWZ0pURWc1MjFsNGx1Wm5aQS1EVUt6cXY4dldHVmJ0cEJIdjRoWTlxUGJ5MzRrUXVDUEE0T0lQZmREYTAzUnB5Z3g1TktyR0Rrc1Q2cTFNVktHUU1HV3VKdFhKMEF2SUFvRmRxd1FFbTNsRkHSAZsBQVVfeXFMUDlSV19TcTBlSy1ab3ZNTWFjcUllZnhjRmp3bDR1RkxGQ0JZdkVQbnd1TGlEazZ2bW1zd000bWFlTll4YklkNE8zbkVKNVhZRjZreVVDTnlIOHlCN1NKUnVnTXk5OUlvcnBFUWo2TXlBQVNIdXRmbFlDa1JSbkNlTnVRMnRIc3kwVVZqeVktTDc0MnNrSGc5RmJ4VkE?oc=5
2026-09-06,AIデータセンター,,テーマ関連ニュース,⚪ 情報,10,Special Report Details World's Largest AI Data Center at Portsmouth Site - Department of Energy (.gov),"Thu, 03 Sep 2026 19:21:47 GMT",https://news.google.com/rss/articles/CBMipgFBVV95cUxNTnA2SEJWRXpVWXlrRk9ScmxyZjJwVkhIQ1A0NHBTVWRPVWViTFlqYlNrbUhPaTM1Q0o2UXNjbVpTbEthWnc3LW9iSi1rY3FTVEdtd1J6Vk84dE0xZ05Zc1RUQkZWb0xQb29NaFExS0NsWEEzVWRlTWl0X1pNN3BNVlRBMm9xZ3VKdUxtYWhwbzFzaDNkbl9YZnFJUkxuRFJJS0xfQUJB?oc=5
2026-09-06,AIデータセンター,,テーマ関連ニュース,⚪ 情報,10,EPA proposal could leave the public in the dark on data center plans - PBS,"Thu, 03 Sep 2026 16:14:48 GMT",https://news.google.com/rss/articles/CBMiqgFBVV95cUxNazlKSmVxRXE5ckRCcWd4X0R6THJjcXM4NVIzWDJCNzZMZDlHTkt0Z1lILVYxMjU1NEYxcjdnbTdMd3p0b29SRS1NU1RwVEFaNEE3WXJ1S2lhLTJOZ19PWExHX0VHcjBGY04yNFFsby0ybUpmZ2FQeGpvQXc5QURDMTdlbzV4NWZlcG9rQ2hXUkduMmV4dkNIY3BhU2N2T3AteVVtWkdpQkVMdw?oc=5
2026-09-06,AIデータセンター,,テーマ関連ニュース,⚪ 情報,10,The hidden environmental cost of AI data centers - DW.com,"Fri, 04 Sep 2026 20:10:28 GMT",https://news.google.com/rss/articles/CBMiiAFBVV95cUxOWUpYbjhCemF4MnFWUVZVY1BoSlIzZGhaMFhoaW5lX01rek9Oc0otYWZhcW0zenZHRWpISjNVUTlONncxSVNRR0pfUE5aZmZpcl9NRjJsRW5TMmZWOTJ5RDEtREdhZndkdWliVU1BN3VuNlhHWjdXS01QX2ZTMWhiS0txaExpclNJ0gGIAUFVX3lxTE14UGg0b2FyUW5pVW1PNF9LYnlkVVhIVElxeHE2bzVwazQ0ZVZGUkRFRHcwcFlZVGx5OWVMTnRwdGlVMThpRkRzd2FzMGZQajNid09wVmxITUwtRjNrVVppaFc5Z2ZuVXk4TnN3aVZIckN5aUFXN3RyV1Z5NHBZWU5YcWVwdURoUGE?oc=5
2026-09-06,AIデータセンター,,テーマ関連ニュース,⚪ 情報,10,The data center races to watch - Punchbowl News,"Sun, 06 Sep 2026 20:53:03 GMT",https://news.google.com/rss/articles/CBMiZEFVX3lxTE94azFEUmNFQVVWZ2VjU3FqTS1mdmd4RUppTU1kTHBpZUU4Qk5HMkZqR2xCQ2Mzd0prdFp1bktDT0ZrRnZmTUFWSTc1dGpJNTk1enVEc1diQ1l3YTF0WVI1UmM5NGw?oc=5
2026-09-06,AIデータセンター,,テーマ関連ニュース,⚪ 情報,10,Opinion | How California can do data centers differently and win back community trust - calmatters.org,"Fri, 04 Sep 2026 12:00:00 GMT",https://news.google.com/rss/articles/CBMijAFBVV95cUxNa3NWMUJDWkliTmlVN3hEaVc3NmdKalNUa0I5ZldDS2hMTllxMFp0TDFRbXVUUUoyX3o3UUR6M2hNb3hYQy0wM0FmN3B0b3MwZDJLR0ZfeVNLWlp1LVIwUU1vSm1udjFuclhqdHlpV2ZYVW1GUHFSbVV6dVo1VmdkSE9pdW1GbEl6WnYyWQ?oc=5
2026-09-06,AIデータセンター,,テーマ関連ニュース,⚪ 情報,10,Data centers spark backlash across the Central Valley. Here's what to know - Fresno Bee,"Sun, 06 Sep 2026 11:59:00 GMT",https://news.google.com/rss/articles/CBMicEFVX3lxTE0yZFhWOWY2MEhCbTUweFRScTUzaDJTZEdjeVNxM09uNU5zQUlhRkZ0R2d0MkV4QWt0YlB3ek53X1E0b0Uxd0hqZXVlLVBiaDVRVFNwWWdfcVVPZmRYS0lzMjJLLXdlUHN3ZzA2NzZBejnSAXBBVV95cUxNVzVxRE5CdFViTFJGQnpwbnJTQTVIdENhdEZmNXhjUXpRLW05ZFYtNGFURGFBeklwNmxnaDIzV2ZoUmpBM1VJN3lDektsVU55bVVZQ052RjVlNGd2OUhYcXBDSXJEMGtxS1NCSTRDNmhN?oc=5
2026-09-06,AIデータセンター,,テーマ関連ニュース,⚪ 情報,10,TSS Inc. (TSSI) Is Quietly Rewiring Its Business Around AI Data Centers - Yahoo Finance,"Sun, 06 Sep 2026 12:12:34 GMT",https://news.google.com/rss/articles/CBMimAFBVV95cUxQWkxrNk1nbVlTR2l3S05oNENGNUhQT0NYNldGTlUtWUtzdlJFYzBkWi1US2RPelV1SWRzRzVjb1diZVRPVGRNRTJvTDZBVmlmUlUzN2tCNkF1VWFIX0xfY3lSM1ktU3czLVhab2psLWhsVDVNZEEtOTB0elFJdWQ0eEVISXNBTnVUcjBOVm1oMkdMWFFjaXJjaw?oc=5
2026-09-06,AIデータセンター,,テーマ関連ニュース,⚪ 情報,10,3 US Grid Stocks Riding The AI Data Center Buildout - simplywall.st,"Sun, 06 Sep 2026 20:30:12 GMT",https://news.google.com/rss/articles/CBMiuAFBVV95cUxPNUZOQUtfMEpkaHdiRzdZbkxuUGduXzdhb3FQTjNFajB5MG9mZEtRRV9JWGQ0WlFubXJrYVBjVkZXZjNfNS0xYjFFUGU3dk84b2ZUSFM4SmlMdkJseWx5RUVUOXFjd3N4TktZcDlhRnRYNU1aaWdqOGt4TzE3RHRPT0o0WDEtYllPR29ReEVoTW1Ua1ZTRUYyZXY2NklvTjFGMzkyYVE4OGp2dmFzc2lDYk04Zm10bWZL0gG-AUFVX3lxTE5EU3BvOWd6clpyTzdpdmZYa3hmNFBPbXNvNl8xM0c0R0QzQTR1dGM1UjBETjVMYlJxWG84VktiLXEyUm5nV2ZUNy1zb1lJY2xSRFo2SkVuR3RGTXJ1MGNQQ0NTT003NUNRckN0Skk0NGFDOUdfZEExMFdiV0dJYk5jVUZiNkFYcG9kZDgzQl9lZnliUWtMUV9tWFo3QjNRZ0ttZHdGRVBOci1rNDU0bmxEQ09JXzA4Y2d2MkdITXc?oc=5
2026-09-06,AIデータセンター,,テーマ関連ニュース,⚪ 情報,10,"Trump says data center opponents face ‘poverty, crime and squalor’ - The Hill","Fri, 04 Sep 2026 20:32:00 GMT",https://news.google.com/rss/articles/CBMigwFBVV95cUxPd3BtUjlLdVFHbVZoSXJWd1p2QU0wck54Y3JHOHJYdkRhOTFUb2sycWNNeFV3Vm8zdXpKNTBaSXpIT2pnMGNUbmpmcmtlVmdrQ0xBQ3FPeVFQSEFDdGxVMldXUE9kVzFnUThZOTE4NGtmUWJSb0tfUmVvWkRLZGVNMVEzc9IBiAFBVV95cUxPbmJQMUdEdFVsT1R2X09WN1VRcms3UXJjVko3bDNGZ21maU45dkhJcGxUU1d4Yy1tYnhCZjA5aTJXTkdTcXJ1bk5YT3JLVXJUZEswa1JsNnNwNWstQzBBUFBmOWlTY1oyMnhCcTBCeXBrNGhmRnNzWnZXMFJSZ0ZmMzc3YXFUTmlM?oc=5
2026-09-06,AIデータセンター,,テーマ関連ニュース,⚪ 情報,10,Big Tech Can Build Data Centers People Won’t Hate - WSJ,"Fri, 04 Sep 2026 12:00:43 GMT",https://news.google.com/rss/articles/CBMickFVX3lxTE1JcHNLb2RFM05GeEg5RWVkajQ1Q1VnTkZ6Y2syZWtqdEtRNVJkcldRZXZ1UFlGcWVpemVJZHBOVlRDS2FSZWxXa0lPUUhxVEJFRFR3TXhCaHFlWFZuLTBENVM5MUMxZnEzVVZGR04zdDRaUQ?oc=5
2026-09-06,電力・蓄電,,テーマ関連ニュース,⚪ 情報,10,AI wants electricity now. The electric grid needs years to catch up - Fortune,"Thu, 03 Sep 2026 16:12:00 GMT",https://news.google.com/rss/articles/CBMid0FVX3lxTE9xQmdLTWVjakx0N1AzV0VWZWhweFFHSXZfdmc1Vm14SEVNREl3SEJzc1R6ZnpCYjRZWEEzd2Z1ZTZrT04tVHplU1lYUTdMbEFQR1RzdUxXM0kzSGNoRkFrQ1Rfd014dUhWa3Rrd3M2V3IySXZqeC04?oc=5
2026-09-06,AIデータセンター,,テーマ関連ニュース,⚪ 情報,10,How much power will Pa.’s data centers need by 2030? State regulators give new projections. - PennLive.com,"Sun, 06 Sep 2026 09:30:00 GMT",https://news.google.com/rss/articles/CBMiygFBVV95cUxNYkRIYndFTXk3LUNoeUZubnVnUkRmdFJSU0Z5UFZhUmV2UWdSUGxhbHl6OGd5aUNiaXVmMEl2d2hSallwaFVKQ2wxREFSQkkwYmVoTmwxajlCNlhQSnNTZEYzWkdJN3ZTajhma29PbUxaZjFvbzhlbzNud2RpdTlZbkV2cTh6ZExHSlJQRkdCVERTRDJsUENOSXhEblRYblJfVkdjUmRCNl9nYWNZNFgyZGdNaHRucTlOSXB4ZFFlTjBxT2dFUV9DRWh30gHeAUFVX3lxTFA4bFg4eURiOWxYWGJNZmRZb202UGsxX2ZQem50VThKVGxJWDFESlZDYjhUXzZBNm54eWtzdU5sMUIyRTdoRldBUnlJRzR2V2Frc3c1cVhteUdoUFotUjUtNU1uRTVySzVZSlJZU0ktRGxmU0U0ZWU4X1ZsS1dvMnpfZ2w0dW12NHJ5ZnB0TndGRDN3dFZiV2lNN1I3WGFTSm1DVU52MzEwYV9SVjQ5dGZZY19KUm05Q19aYnFtcmlNcEQ0RjFmV3lEMWFWRFZleXRkc0NTZ2x6bzdYZDdJQQ?oc=5
2026-09-06,AIデータセンター,,テーマ関連ニュース,⚪ 情報,10,"Floating data center would provide water and electricity to 32,000 homes - New Atlas","Fri, 04 Sep 2026 01:50:06 GMT",https://news.google.com/rss/articles/CBMie0FVX3lxTE9ZVjBzVGZrZTJiVU5Pc3JKTVhWbUp1TmE5WW91SHpuaEdrclVQbkVxbVU0RS1fVWc0TERfQ0trelVMZENPWmZEQkp6cURvYmVQREIzWG44SE5ZNE42bEtyd0pmN3Jtb1BjRWRCTUQ4TXJLS2pmOFNSSHlxbw?oc=5
2026-09-06,AIデータセンター,,テーマ関連ニュース,⚪ 情報,10,"Flex to Acquire EPC Power, Adding Leading Power Conversion Capabilities for AI Data Centers and Grid Applications - investors.flex.com","Thu, 03 Sep 2026 20:14:44 GMT",https://news.google.com/rss/articles/CBMihgJBVV95cUxNTGJTRWdmcEpzdEZ6aHhGb3FRVEdTazh3QUFVWlc2Z0lGUTMtbHRPQk5RTlVBc0Q3WGFSbFVGUURWSzdyMzJSX0FGVlc4WHVCLUlvWi00eFRGR20zMzVXM3NwaTZLT2JOUmFBX0FudFl2QjJ5emtNNUZHTUktazlNa3FmWDlvQ3VpdUZaZzBBVzZxeG5aX2E4djA5MmxLS01JUHRIM1JtbGt5bWR6Y05jU3k5Y3JDcndramNJcmk5OW1kSkJXRXFDWFZlTHZqMjZ2Z1pIV1lvaU02czNDV2FWMHJJMFVQcWN4d0pHaWxnSkdUOGlNY0JweHYyZHc5SGV1OGdhTUhn?oc=5
2026-09-06,AIデータセンター,,テーマ関連ニュース,⚪ 情報,10,Americans love AI. They don’t want the data centers that power it. - Politico,"Wed, 02 Sep 2026 19:48:00 GMT",https://news.google.com/rss/articles/CBMie0FVX3lxTFBpTjZySTFoVC1uUFQ2YngxUy1zUlEtMkNMMl9HNzd1b2FvLVh1QVpqNnp6SnZHMzNrS3BjTDE5bWV3enJZNi15UHV1Y0xtdXhhRldqRURNMDBPdnlfYnpOX28zeEJ1SlRRTXZqMnZ3TE51ZUpyXzdkeVJzOA?oc=5
2026-09-06,AIデータセンター,,テーマ関連ニュース,⚪ 情報,10,Exclusive: SpaceX Lays Groundwork For Turbine-Blade Factory to Solve Data Center Power Crunch - The Information,"Sat, 29 Aug 2026 07:00:00 GMT",https://news.google.com/rss/articles/CBMi3wFBVV95cUxNbjZJbXowc1htYzgyMFppeVBpc0h5NjFvbmtTbU1wbUlGbU5vYVJaN2JGaE4tY3l4QTBqY1NDenhJZ3NLQzFCbTZUV003Zk5vWkFwdkRrTDNSMnFIeUY1Y1N1aGFuekhRMTFSNFBWbUxkUGhDSXhWNERjUzJHcnNBTDVudC1kN1VoV0VpWk1RX3YtSmRMTF93LS16T1RyRnNrcXV3YnhHcUhNUU9xQ1RobGRfamIyRHNHUjBMMFI4N2VyTGdKR092VkJTenN4dU02clZNMjUxV2ZCRVpiaFk0?oc=5
2026-09-06,AIデータセンター,,テーマ関連ニュース,⚪ 情報,10,Hidden China risks are emerging in America’s multibillion-dollar AI data center boom - CNBC,"Thu, 03 Sep 2026 09:29:04 GMT",https://news.google.com/rss/articles/CBMif0FVX3lxTE90aUdnWGFYbGV4dEV0SlZYbWExY1p5Ym5BWDk5dzBZZk5ERUZ4aGhNNGJMNjBVY0tXS3VyblkyaEN0cFVSTHpwTjk5Q19vMHpjdVZPU0pkUGp5cWpVYzRPREU0LXpnWmRyY1JMNGNCaGY2TzFIMDlKclhKLVdNM0HSAYQBQVVfeXFMT3dDVWtUX3NBc1lJRXNOOGZGS0NxQ1UzYWlwWllHa3hFQWhIUEJyZWdoZ1paQ09oVUtQaG5VdGhCQ3ZMREZ2aWlkSTc4TGFJRUFBSVFtbDVsdTFPd1pHWF9rUDhfS2RsTkVFanU2aE8zTURkODhCUWtWaUlPWmxzdmZ6MWIz?oc=5
2026-09-06,AIデータセンター,,テーマ関連ニュース,⚪ 情報,10,Texas' halt on powering data centers reflects US reckoning over 'ghost' demand - Reuters,"Tue, 01 Sep 2026 20:38:01 GMT",https://news.google.com/rss/articles/CBMiuAFBVV95cUxNX0JFMjBfWUxIY3p0OFNoc09iVWtIcXJOWkI4M2tkVFVFdkZ6bHZMeTJJLWc1UDZCVXNhbWc3MDF4QVBmaEREeWpoOHRJZTlad19NcGxBRFlVRmVpTFdSNDdnOEszUG43dW1VSUhSb0g0ekxOcUZadzY5dEdxM2ZhRHdPbTdzRnVHdWNXZHVvX25RN0c4WDJnSDN0eGNlTXR0Rl9HZllhU0RzUzdyaXZ5dWVCVk9oQk9v?oc=5
2026-09-06,AIデータセンター,,テーマ関連ニュース,⚪ 情報,10,North America Data Center Trends H1 2026 - CBRE,"Thu, 27 Aug 2026 07:00:00 GMT",https://news.google.com/rss/articles/CBMiggFBVV95cUxPN29hMWpXY0hKMnl4MURMWG9udXpfUFh1YkRkSnNWcGFDcXVDNXFHTUp2SXA3dWNIcWhnMHJ0V2V0V3daNmRGWjd0OXprZGFsaHZObTRuT05Sd2pkdWd6cEcwSDhJY05pU25SNUNTUFNoVDhCNFcwRG93QThnVEZ3VU1B?oc=5
2026-09-06,AIデータセンター,,テーマ関連ニュース,⚪ 情報,10,Geothermal and Data Centers - Department of Energy (.gov),"Thu, 03 Sep 2026 19:21:47 GMT",https://news.google.com/rss/articles/CBMidEFVX3lxTFBySzlkZmd2MlBDVmxkZkdERlV3OTg3aUV4YTlIU3J4VGEyZ2RRN1hMRnhuaVhYUlBnSkZxUjZxUFo5UTJtN1ZNUEthdENUeWdxb2pUWmYtdXdkSWJzem9BQnZQbElJY2R5V2RxcGZKUkZINnc3?oc=5
2026-09-06,AIデータセンター,,テーマ関連ニュース,⚪ 情報,10,America’s Data Center Boom Puts New Pressure on Local Water Resources - NC State University,"Thu, 03 Sep 2026 21:51:52 GMT",https://news.google.com/rss/articles/CBMidkFVX3lxTE5VV2pKcE03Y2lickNTdUh5M2Vha3dna3N4SGZpT2t4VUE5ZG5XeklrazliV0luRnFQbV9nTXBkSEREWENxM2pEYlhlb2NBLVRoUHZ1QmVBQ1BSMGEyZjlZclQ3YzFyU0R4N1Y0SWsyNWtHRjdlWFE?oc=5
2026-09-06,AIデータセンター,,テーマ関連ニュース,⚪ 情報,10,The electrical power problem that will decide the AI race - Data Center Dynamics,"Sun, 06 Sep 2026 10:04:48 GMT",https://news.google.com/rss/articles/CBMiqAFBVV95cUxPczdYMVkxWFBNZVRDbmVHRVFsWC1FdHF0aWJnU0lUaUc0UWo5bk1CUGVCZGEzVm9FVG5ReHNncGhtYkFjeDdaV281clZYZXRhN0g1WFJRdS1pNEFJdUpyS0xyOXh5SEVFdGE5VjhoSEx2M0xHRzlhdXhzSkJyTUtmbktmRFhoVnRfNGFUWkZ0YlUzLWdSdTIyU052V3R4c2JWbkFKcHFlX2o?oc=5
2026-09-06,AIデータセンター,,テーマ関連ニュース,⚪ 情報,10,Regulators start review of OG&E power agreement with Google data centers - okenergytoday.com,"Sun, 06 Sep 2026 20:59:58 GMT",https://news.google.com/rss/articles/CBMiqgFBVV95cUxNUjduM1pTSkZYZmg5T3RObEpBNzBZNE00SEh6WEdnMGNnSC1XS1BzWHBGOFVfTFF3NmNjbk8wS2xHTGhjZlZGb1cteS1fQlRWZVdsbFl4NUNpQUNzYWw4WklRMjFjcjJZaGl0N3NGMWFVTC1wTHdWMVRaR2dtTVNPQ1BldC1SQ1hieTJ5ZEJtd3lRTzB0TFJuOGV6d05WMm9xR1hIMDhfRW5mZw?oc=5
2026-09-06,AIデータセンター,,テーマ関連ニュース,⚪ 情報,10,"Power grid auction falls short of meeting 2028-29 energy needs, organizing group cites data centers - richmonder.org","Sun, 06 Sep 2026 17:22:48 GMT",https://news.google.com/rss/articles/CBMixAFBVV95cUxPRTdjcjVFSWc1SUZxTUxkT2pkTnlrcWUtR2MyVlRPNElWcTdaWHpRMDlOY3ZaRlZrQXNubnFtRC1QT2ZMUUh2WjhYSDZ3R2J6TXBqN2s0TEpqQmkxYU11N1VTWFdIeGlyVTZCWXplOWUxWU1wSXlOSDRCUTBMXzJJV3RTa2FWeTNGTHVZc1JwZHV2R3dSTmVfd1hGZHJkLVM3ajhxRWJpOG1lVDJXbnBYY3RUYjJKZnJKRU44bVNCT0N4RG0y?oc=5
2026-09-06,AIデータセンター,,テーマ関連ニュース,⚪ 情報,10,"'We Aren't Competitive': Power, Taxes Keep Colorado On The Data Center Sidelines - Bisnow","Sun, 06 Sep 2026 19:38:01 GMT",https://news.google.com/rss/articles/CBMi1AFBVV95cUxNMWRMRXpyamIxMzBUNkttcldLeDA3YkZ6Y3N1YjdQVmFUaEZob3c3UVdjOXh4ZFFsZkFjaUxJMzRTNEVtZjBYeWlPc0owVEVDOTdiWC1VTTV6SXNlX0FrTHNLY0tWdVR2LVo2NmZTRGpNamZ4LXh3Q3IwLTl3djQxYXdGNGd6NGhFeFFVcDZ0aGlCeUV2UVdWRW1FMmhiaGVUZl93aGE0b0RDQ0QxczVldmdjV195THpHMFo3cFQ4ZVpnd2FQU2dyVmlPQlplRWdOZ2diTg?oc=5
2026-09-06,AIデータセンター,,テーマ関連ニュース,⚪ 情報,10,Second Certified Data Center Announced For Mason County - West Virginia Public Broadcasting,"Fri, 04 Sep 2026 21:25:37 GMT",https://news.google.com/rss/articles/CBMipAFBVV95cUxPUEhjTXhXenZSM19GWEpxYURrZnFNcF9fNkNwTGlDVW5zckQ0U2szRlZPR0lLaFZRd0U0V3VJRkRNaTU0clZNNUctUGN0Wk5iU2JHZ1VKNnVCT1pSY29rel9rQlIwUVl3c19VR1JwYklGMFpDQ3ptNE8wb3VZQWtFeUFBV0dPRXYzckE3cldJU3VIdnBzSGNPUjNNVGNaYmtWQUZodg?oc=5
2026-09-06,AIデータセンター,,テーマ関連ニュース,⚪ 情報,10,Why data center cooling is now business-critical - Data Center Dynamics,"Sun, 06 Sep 2026 14:04:53 GMT",https://news.google.com/rss/articles/CBMinAFBVV95cUxPT3ZfaWtwUmRQZjRvd25YZ1lOOEltUGhQZHEyYlZaUmFHdzBTLXJDOXpnLTlxMmJjOHdQeXZpRURtRV9EblpkZ01zX3ppMDBVTzBmamxLczMweGlwVUVYY2tRcTkzRnhSYV9xNm45UldHZkJZdV9jV1lhOFcxdjBEeGtHUUtLN09tWFFqVzYzbE15eERkVVF6ZnFBa1o?oc=5
2026-09-06,AIデータセンター,,テーマ関連ニュース,⚪ 情報,10,SLB to Buy Data Center Cooling Firm Kelvion for $4.1 Billion - WSJ,"Mon, 31 Aug 2026 11:29:00 GMT",https://news.google.com/rss/articles/CBMirAFBVV95cUxNZjNkLVlhWFJPVjVsX3VGb2VwSDQ2UmVmenhCQjU5cktza09NenIwYjdPYklvZU4tdkNDRkhNMnBIbjRSbnh2THdJQ3VNNkZlc3BtUzRxOG1fVDNjN18wMTJsT2pMMlVncHFxMldZRW4yQTBxal9NbHpJNWIzbGkyRDBwNGhKem1LMm1hekdjWVl5S3N4TDdkS0ROSV9SaUtwT3dQQW41TkVOaGxJ?oc=5
2026-09-06,AIデータセンター,,テーマ関連ニュース,⚪ 情報,10,"As AI data centers expand, new cooling chemicals raise PFAS concerns - WRAL","Tue, 25 Aug 2026 07:00:00 GMT",https://news.google.com/rss/articles/CBMisgFBVV95cUxQVDJ4XzE4UUE5SFdnVDdyTGtyZk83aFNsVHlySS1uME9abVc4YkpDekhDenpHdk9WWXkyd1NkRFpYeDJqVXVud2NyWUQ5V1pJWjE4cDNLVkwyTjBlTXNLVDh1eEVKSTdCRDBhUDZ3SlZXMTVOZzdBVEROVzVUQkswSldIZ3lrQkVpOU1fMGNYdTI5N1ViWW9MempudEFsVklJRFdYY0FYXzg3Mm5wdkNOaUJR?oc=5
2026-09-06,AIデータセンター,,テーマ関連ニュース,⚪ 情報,10,Why Data Centers Rarely Reuse Cooling Water - Data Center Knowledge,"Wed, 02 Sep 2026 13:58:57 GMT",https://news.google.com/rss/articles/CBMikAFBVV95cUxQTzhMY0dCUHdLVlZENFRRWmNsRkk2NEUzZ0tjTGpYdDBqSDZZYmtlYU83Q2JGUGE3UVNBSldCek0yVGMxbVpQMHgyYUZrTU9jRklOeUcyTFVEc1RVQkhKZ21QWHB5WEJ1SzgxWWhxeFZlZlhqMXdidGdYZHNJVi1ta282UVRwUW1vTldfOG91MVM?oc=5
2026-09-06,AIデータセンター,,テーマ関連ニュース,⚪ 情報,10,AI data centers need massive amounts of cooling. Jenny Harrington is buying this HVAC stock - CNBC,"Mon, 31 Aug 2026 18:34:37 GMT",https://news.google.com/rss/articles/CBMiuwFBVV95cUxPLUxEUko1QmtqNkhzdmFaTzRybUN2Tm55VU81eDQ3THNyTjJBMktyME0wVlFCWlo0SWxNTkZNWEo4RUdPWjA5UVhxT0Z0TnlfOU5nRWgtTFBsZUlZeWRLc0E5Mm9RNzZIU2RkNDByMGwxOHhzX2lvLUl2QTJVQ0xhUElpR3JPNF96V0YzVzNUYnRPVThFZ3E0eFlrZ0ZIU2lCVE5LWFFiczQyTmo2X0lSanhHV2J1bHc0Rk1Z?oc=5
2026-09-06,AIデータセンター,,テーマ関連ニュース,⚪ 情報,10,There’s No Comprehensive Mailing List for All Texas Data Center Operators - Inside Climate News,"Thu, 03 Sep 2026 13:55:35 GMT",https://news.google.com/rss/articles/CBMiiwFBVV95cUxOQmFabVFlT2xlSUxzbzVoTnFMUC1vWmM1NF9KNUdEMExzTmo3aTVkMlo4Y21PWF9XYm5Hb2NOUk1pdGJMdDZLQVg5dTZIWV9MUGhnSzIyalhFQUd2enNhNnFMWElyNjhGSEl1WW9CVUlMTFd4ellIc3dtcjVkNV9wbDBzZEo5Zzh2Ukg0?oc=5
2026-09-06,AIデータセンター,,テーマ関連ニュース,⚪ 情報,10,3 principles to make AI data centers good grid citizens - Utility Dive,"Tue, 01 Sep 2026 15:13:18 GMT",https://news.google.com/rss/articles/CBMimwFBVV95cUxQamY0RDU0TGEzTDd2NlRQWWVJX1NTV0lna2I3YUR5MWNYckk0VzVEalhrUFJlSHdkLWpCVG9Odk8ydFRyVzZRd0UzMlZ4SUJTV0duME9vaWV6b00yTklIY0VoZHFzcG01MHNMRTVuNE5PMDJjWktOX0dqbXRfZ00tOExRd05QSVZoVWZ3NTJ2V05xTDhqR0ZaYjhJZw?oc=5
2026-09-06,AIデータセンター,,テーマ関連ニュース,⚪ 情報,10,Startup’s nuclear-inspired cooling system could make data centers more sustainable - news.mit.edu,"Wed, 10 Jun 2026 07:00:00 GMT",https://news.google.com/rss/articles/CBMisgFBVV95cUxPU1A4OU82OWZFREZqSFdqYnQ2cW5jd3ZJM1pydkctdEI2TV9PaU03bU42cEFXbzJ2MDYyelA3cmtQRkh5N0JidHlibjVBVkJOckxoQXEtQnFNYml6R25jSV9PeXJRMDFFZW44bnBYMkoxX2pYRFRXcURCWGVtci05VXY0alp2OVRfLWFiNUN2VFZiS1ZoU1A5NHFoR2hISHhLRjRRejZyMkZPdHRqY0RjTWlB?oc=5
2026-09-06,AIデータセンター,,テーマ関連ニュース,⚪ 情報,10,Texas lawmakers attempt to track data centers' water usage as state faces shortage - Spectrum News,"Thu, 03 Sep 2026 20:30:00 GMT",https://news.google.com/rss/articles/CBMisAFBVV95cUxNRDA2eGVKUzJjS2tvNnpmT214SG1QbExKeWlnV0NtUzZsSkdUOHNjUm1IeUxYMWNJZllJYnVnNXIwTGtpdTRxQTVHQkhWNFNkMlVReFNmenVseFJJYzhjbGN3dkYtRXEwN29BZGZubFpqR0VMV3Z3dXFCdHlLVDZuTWFFLXp5dGJVZVlDVTlQR0VOOFJLVDFzTGVoNDgwLTdzSEctTThNZ3MtdUd1RWRlWQ?oc=5
2026-09-06,AIデータセンター,,テーマ関連ニュース,⚪ 情報,10,Data Center Liquid Cooling Market Size to Achieve USD 40.25 Billion with 21.0% CAGR by 2035 - EIN Presswire,"Fri, 04 Sep 2026 13:53:00 GMT",https://news.google.com/rss/articles/CBMi0wFBVV95cUxPYkZqSkZzb2tDWEdEUEJVQlE4UVZOVERDZXdLQktoY3ZFQVdyWVlmWW5YTW1YTHItRHkyM1laRzBreTJDaU1WSFgyakRERlRuS3lxX0R0MFdXN0VRQkw2VHFpb2Z0cllSTFh6eE91bVVyVXZHMEpxM1NnTU44SnlVcHlBSUIzZTV4Q2NrQTdwZXNWNUY0TVpqWHExWXo2eG9ydmtwbU5TMDZZNmhLamJMelI2bXhPTzE3UnYxVE0zOVVhWWhfUGJfb2FSNWttUmNHN1JR?oc=5
2026-09-06,AIデータセンター,,テーマ関連ニュース,⚪ 情報,10,Haffner Energy launches biomass power-cooling system for data centers - Data Center Dynamics,"Wed, 02 Sep 2026 17:22:07 GMT",https://news.google.com/rss/articles/CBMiswFBVV95cUxOeTJLT2JSTjFTeXVRbFpYM1FNdDBpcXlPSmkxNE9yOEx6MHFkR3kyTmhDWHNwVkd4QzRXbDdRZFIta0pUZ1hwbkRkNUJsRklSclBJU00wRU9jV3FXMFRPRDhBQjl1Wm5kRlRLRm1fWXhZa1dCX2lSSVBvRXhvY1pNd3Q5aVVaWlFfNDFSc3R5QTVjY29sNW9fN3BJR1luNVZ3LXlTUFdQUTdxMTNwTU5zME43aw?oc=5
2026-09-06,光通信,,テーマ関連ニュース,⚪ 情報,10,Fiber Alignment Stages Market Growth to 2035 Driven by Co-Packaged Optics - News and Statistics - IndexBox,"Sun, 06 Sep 2026 18:51:19 GMT",https://news.google.com/rss/articles/CBMipAFBVV95cUxQT0JoU2loTF90RUhXSkwwVTdTSHh5TkFkYXE5MmZYU1I0SDUyZmN0akJXdGh6MXYzRS1IUUhSWEc1UkFQVDU4U3RobDdfdmpIalQwU05HbGdxZjBDTjVYdldpS1c5U2JIZG5zLXhtMm96dEVPZ0lzY1FCVndNWGdKcW5oWFQ0QXk2bUx2SEdYRFpick5OQzFJendiQk1kVXlZYm4tSw?oc=5
2026-09-06,光通信,,テーマ関連ニュース,⚪ 情報,10,Co-packaged optics for high-performance computing and artificial intelligence - Nature,"Wed, 19 Aug 2026 07:00:00 GMT",https://news.google.com/rss/articles/CBMiX0FVX3lxTE44eG5iRFQ2RVc1Z203TEg4c0QteWIzRzFTMTBSTEs0MXB0VUppU01tbWlhTGd2amlZYUhtYzRxaEJpZzBORHlXNW1PbEhiSm12eXlfTjB1NjgxWC13Mml3?oc=5
2026-09-06,光通信,,テーマ関連ニュース,⚪ 情報,10,Co-Packaged Optics Market Overview - marketgrowthreports.com,"Wed, 02 Sep 2026 07:00:00 GMT",https://news.google.com/rss/articles/CBMiiwFBVV95cUxPUXgyRnBZanN1NUQ1M2M3NFRPWEt2VVBBNWhmWDdzQW5vbFNSVmV3Q3FoTkw4RG1vQVgzc25NOHZFMC0xRjE0a0twaVlJbmExQ1dleWFUcDFoa0hjZTN0SHJXV2F1MXVqMkgyanltMWtJX3ZzTjM1UTc3SWkwdjJxdHlEaHFSS2V6eV84?oc=5
2026-09-06,光通信,,テーマ関連ニュース,⚪ 情報,10,"SK hynix’s technology roadmap for co-packaged optics features in ‘Nature Electronics,’ as AI competition shifts from chips to systems - SK hynix","Thu, 20 Aug 2026 07:00:00 GMT",https://news.google.com/rss/articles/CBMiZEFVX3lxTE1JQkVPNFB5aVdSRWoxN0p2NHdNQklDUEIwYjhIejhESzdKdldtQ0RZeG52OWxzdjB0Njk5c0xXTXMyclFNTW40c1cwb3FoTUV0X0REN28yR0ZFWlJkcjN0ZTBlN3M?oc=5
2026-09-06,光通信,,テーマ関連ニュース,⚪ 情報,10,Kulicke & Soffa Advances AI Infrastructure Through Co-Packaged Optics (CPO) and Advanced Packaging Leadership - Yahoo Finance,"Tue, 01 Sep 2026 13:05:00 GMT",https://news.google.com/rss/articles/CBMipwFBVV95cUxNRVVwRGhCQ3dfZldxV0czS1NWN2dFNnVWV0RBdWFjZWhJWWFJalBiZVI4SzRidWtfRzVycUw3ZHlydmItbHVqdDMzTTZGelJxQTVKQ1FVYUI4bFVMRDJRV29LU0RXdGMySC1Idk12cFYyc2picDdQaTJJQXVibGdKRl9HY2poQ0xwMDdJR3k5bUNleEVyOW00UWMzV2tWUHNDTElwT3Rfbw?oc=5
2026-09-06,光通信,,テーマ関連ニュース,⚪ 情報,10,"Silicon photonics expected to dominate AI growth, TSMC vice president says - Taipei Times","Mon, 31 Aug 2026 16:00:00 GMT",https://news.google.com/rss/articles/CBMidkFVX3lxTFBoLXZObUlYVmFDTEtDaXdyalFCM2FBT0hteTRKbHozUTVoaDNTaGhEdTVDdkk2Y3FRRVNxQTFrTWhYM1pPX2kwZ0x2c2p1bVFFVUpNN21pSVNaVzNraHdtdHFvelVPV0dNdTFwNXJ5Y19TZkNZR3c?oc=5
2026-09-06,光通信,,テーマ関連ニュース,⚪ 情報,10,"From Co-Packaged Optics to Nanolasers, Photonics Moves Inward - EE Times","Wed, 29 Jul 2026 07:00:00 GMT",https://news.google.com/rss/articles/CBMijgFBVV95cUxPdi03TklJZF9JNXhHZjc4MmdVZHpPVjM3YU5RNkQ4WnVuV1JsM3I0eEFCZ2VtMElkcUFhRjdVY1ROQ1Z5V0s1Vy16cWo0UVNtbUpzVnhZY3RMR1pmRlh5bzlRd1I0djY4V1h4UFpSM1FTSmZxVElOTUQ3NTVJQkdjU3dsSDZUNWFCTXVHQ0FR?oc=5
2026-09-06,AIデータセンター,,テーマ関連ニュース,⚪ 情報,10,"AI is pushing data centers toward faster, more efficient connections. Kulicke & Soffa supports the shift. - Stock Titan","Tue, 01 Sep 2026 13:05:00 GMT",https://news.google.com/rss/articles/CBMivwFBVV95cUxPY2pzdkZ2alRBWDJjb0tSOUxyOFRZaExwUzRCQlJCN3V0bUVQZlE3SkYtR0k3YjZ4Q1ZNRFlQRTFEQ2N1RnVKc09IeTZqMU1sWGZldll1ckgyMFJIYVpjR1NkV2lqTTZMdGtEV1NWR0xONHdqNmw4NDFIcVFRNXJNckIzUnFYMGpmcTBWOWdSSlhkYmhJd1VtSVJCYy1ZMDBaWVJGQ05NeVNiWXQ4cUd2MHdoU2REWURpUXNQbENPcw?oc=5
2026-09-06,光通信,,テーマ関連ニュース,⚪ 情報,10,"SK hynix Takes Its Co-Packaged Optics Roadmap to Nature Electronics: 100Tb/s Nodes, Sub-1pJ/bit, Under 10ns - StorageReview.com","Fri, 21 Aug 2026 17:15:13 GMT",https://news.google.com/rss/articles/CBMi1gFBVV95cUxQRFFtbG1ybFN3a3U3Rms4WWhyOFFxa2E2QWxiQ2NKZmJaamNDZEhRdll3TlFtdVFMWktTeUY5dlF4VkZwaExHdDFEMEZSQVpvNWxUWmZSZVlWYzFfa0FROUtDM1hiT2FnckdOc1pEOXhYc0lHRHE5Uk1Fd2xQbzloa0pCdkZfVlR4Y202MDgyNWJHTVA5bVpvc1JCUWlEVU5HYlNzWk55Vm9iWEIxcFlLbkxJYVM0dXpsc3JSWFAzR0l5SmI0bXRPSWNEQmdoX2tKTFdKd2R30gHbAUFVX3lxTE5PQWEwTndtUEs2WEFkbGF1YmhXVFNCekhLS1FEUXVOZWtEbjAxMm1JcGMzUm9lYURLdXJncmwxT0MtMzllTlFPeFFMNUFoOUFUMlkwLTJiUHo2RHAtZEFyemVFZnZ0aFI4b1RIT3dHQUlRMDlmTGJQREtLdWNBTW5ua0M3R1Qwa2dNOGh0T2dXYnR4eVFzM3cweTdYMUlkT2NrYzNpR1lwRG9JemtiZkZKZnllTXdIeEUtTVFVUk8wbnBYLUpxVlpIUFd4cVZ3cVBWeHo0dDFEb3c0UQ?oc=5
2026-09-06,AIデータセンター,,テーマ関連ニュース,⚪ 情報,10,GlobalFoundries accelerates adoption of co-packaged optics for advanced AI data centers with SCALE optical module solution - GlobalFoundries,"Mon, 04 May 2026 07:00:00 GMT",https://news.google.com/rss/articles/CBMi8AFBVV95cUxNaEt0MTFsS2VVX0hZbXZxejlHVzlHdTNjZ3I2b1VUbUstQk83TVNZUXBSdW1MVXFnckotRFlIdVpZUWhsbEVRMXp5TE5pSzRUQ29iTUN3c2lVSllielR6cS1FQUdYbXUzUDF5bGNZRTRaaWlaRmN6Q1dyX0RpYnJmbDQyVVkwekZuWk1EcWxyYnNCOUF2VlVGYzNkVDNIckV3c1ozemFLR0dKOEw1WmRxT3pFc0psdm5WdnpoeUtUVWpRTzNnbXhDU0dFNnl0WEhGTjFvSHl4VmR3aFBoalFudDRjUk53aXUxRVZydGtweUQ?oc=5
2026-09-06,光通信,,テーマ関連ニュース,⚪ 情報,10,Co-Packaged Optics for Multi-Die Designs - Semiconductor Engineering,"Thu, 16 Jul 2026 07:00:00 GMT",https://news.google.com/rss/articles/CBMieEFVX3lxTFBHeklPcGNwQ0FvTjI2NnloQXZEWXVlT0RJVXVPcU1zYU1lMnhVODZLcHV3THNCUHhkOFNLajRacUUwRDZiTkJGb0RDWmFxZGFaaU9UWmdnM0JLV1d2bzdYMmRuc1ZLSk1rTFFvSEY4dUh4a3JpREVoRw?oc=5
2026-09-06,光通信,,テーマ関連ニュース,⚪ 情報,10,Co-Packaged Optics: powering the next wave of AI infrastructures - yolegroup.com,"Tue, 07 Apr 2026 07:00:00 GMT",https://news.google.com/rss/articles/CBMipwFBVV95cUxOQVRFb2pCZzZoRk1rVndPb1Y3MUdSSmp3QmxqQzNuSTlOMFRsaXpOU0VVZ3ptQTZBODdPY1U0SHhaSU1oSzBoeFhzeV9CWVpvOWxJMnJteVJHUnZNWXpUdEhSWFdoSGNXY01laU9NQl9ZYWUzc2tocUc3azN1YzE2U0tmTFItbVVzb0M3UjdGUFFFWXJhV1lQeTFSTC0wUktVQ3NRQVhYTQ?oc=5
2026-09-06,光通信,,テーマ関連ニュース,⚪ 情報,10,Industry giants unite to define open co-packaged optics for next-gen AI infrastructure - SDxCentral,"Fri, 14 Aug 2026 07:00:00 GMT",https://news.google.com/rss/articles/CBMiuwFBVV95cUxQYVVMd0Y1MTRQc1ZuXzdpLW51azBCa0stcmlJQ2lRVHVVQXJ3UW10T1RqUk9pX2U1Rjg4bUp2QTNWd1hReDlWR0V1cmxzX0FiOVhBcVotcklSSThlTU1vNnZKQmlzdE1jU0lyVDZWSHV1X0tRNHNPTlM1N0lKTHlQNmplbXdfMlUzVkx5TGVKclk5eHBPaWpCZjRLT3QzaVZpVmdLZTdrTEJyLWRsd0lnY2h6TEhoa1VCdmRV?oc=5
2026-09-06,光通信,,テーマ関連ニュース,⚪ 情報,10,"Optical I/O for AI Chips Market Size, Forecasts Report 2026-2035 - Global Market Insights Inc.","Sat, 29 Aug 2026 07:00:00 GMT",https://news.google.com/rss/articles/CBMigAFBVV95cUxNNVd2X3JOV3J5dmVQZmxiekxMVmRhUGQ0WkRtMzI5OHhSOVdwVnNzckVWYUxiLVdBRHN2YWU1LS1KaUhrZjRmeDFPSFVHYzhBS0N2T0ZOQUhXVDFXZjNnM0hndUFtQm5fTWNBRUYwakRoZkpvelJqZ01KOXlCZDQ3cA?oc=5
2026-09-06,光通信,,テーマ関連ニュース,⚪ 情報,10,Taiwan eyes silicon photonics as next big tech leap - Taipei Times,"Sun, 06 Sep 2026 16:00:00 GMT",https://news.google.com/rss/articles/CBMieEFVX3lxTE55ektzSXlzV3pJakY4U2NMVl9oS002c2dqbGJoNG5FcVQ5RzkyZ0FHSy1vcFNpSnYxOE5McVJaalJQdW5KbFhZdEVHdUNkN3p0d1N5TGpsQXY1TERGUmk5X28zZG54SlpKcUJzYWNwRWtzWmVTcmpiSg?oc=5
2026-09-06,光通信,,テーマ関連ニュース,⚪ 情報,10,Rolling-Enabled Nonplanar Heterogeneous Integration for Polarization-Diverse Nanolasers on Silicon Photonics - Wiley Online Library,"Sun, 06 Sep 2026 02:43:09 GMT",https://news.google.com/rss/articles/CBMiZEFVX3lxTFBiTDFDYjQ4ek53c2xYRGw5TFRGSWQ0ek80aFNXWTU0MHNVLTVhU18xeEQwVjJiX1puR2ZTUWFYcmVaWl9PRWRkTkYzWFU2eTNKQy1INmpqcy1kNDFDdE9UeG1yZzQ?oc=5
2026-09-06,光通信,,テーマ関連ニュース,⚪ 情報,10,"China Silicon Photonics Market Size, Share,Trends, Growth Analysis Report, 2030 - marketsandmarkets.com","Tue, 01 Sep 2026 21:26:21 GMT",https://news.google.com/rss/articles/CBMiigFBVV95cUxNMTRtWFNULW5nXzBUNkRHQ3ZhSnRtcFI0NGRpY0hwTVBpNHpRWkFlbVRIVXZrZUpTVEFwQ2U2bzI1SVg1WEo5LVlielBHLXprYU1Felh4Tkl2VHgwbkJzSWlVdnUwS0ZIdXdRT2MtS21PM3ZxekJITm5vZGZOOTdvdVZoNE1UMy1kcEE?oc=5
2026-09-06,光通信,,テーマ関連ニュース,⚪ 情報,10,NVIDIA focuses on bandwidth scaling with silicon photonics at OFC 2026 - TechInsights,"Thu, 03 Sep 2026 14:10:18 GMT",https://news.google.com/rss/articles/CBMimAFBVV95cUxPVFpQV1U4Z3d2aHNpRWp5WXRadW8wY3hjN1hDa2s4WXhRRi13cEViYjZheE9VX09jMlQ1dHFyckNDT2xDWE95OFBPd2RYZVh5UzNIM1Nxd0ZiRGhRMzk4SDg5dHUwcnM5ZTFRbkVFSW1waE0zcklJcy12MXd1MW1IYmVZNkk5Znp5M2I2VndOd3FCTl84R3YxaQ?oc=5
2026-09-06,光通信,,テーマ関連ニュース,⚪ 情報,10,"[News] TSMC: SoIC, CoWoS to Drive 50× Compute by 2029; Silicon Photonics to Top 50% of Transceiver Market by 2027 - TrendForce","Mon, 31 Aug 2026 09:51:14 GMT",https://news.google.com/rss/articles/CBMi4gFBVV95cUxOckFGMDlyanJwRW5hRjRtY01NR19mTU5IZGFzNnhQb3o3c2ZHUlNWOXVCVE9HZmZtaGdWV0NhTkJBR00zMkVsZlVMQ1hlMlp3U2pSbXlpbXk4SldwekdZZ0RoM3cwODdLZEh3TURtQjRORXl2QkpjckR5emRTY2FqcjNMVUYxZjZmOWY3TnFaR2xyTF82Rko0Tmg3dXcwLWFyblVVZHZmU1FudC1SMGc5ZTNlak1Ed1EyWVo5U3pNRi1tX1BzMXBRdllzeHFkZFFYNmxVcGdsM185UjBCaGF4Z3Jn?oc=5
2026-09-06,光通信,,テーマ関連ニュース,⚪ 情報,10,Silicon photonics testing shift could reshape how CPO suppliers win business - digitimes.com,"Fri, 04 Sep 2026 02:12:47 GMT",https://news.google.com/rss/articles/CBMifkFVX3lxTFBkQWJ1RDl3SUxCVDRISXUtVVppalF4cjl4QjV0WjI0QVJxNG91bUZwV2xwTHNMX0l1bkl2ODJLWkZCd1F2RC10VHNzeGFxQ2ppMnlnSURyTXg5T09tby1RR3pvZ01QLUtzVV9BNkJXNlpSTTFPb05hRlJqN3Ezdw?oc=5
2026-09-06,光通信,,テーマ関連ニュース,⚪ 情報,10,Silicon photonics wafers move toward mainstream semiconductor supply chains amid rapid growth - globalsources.com,"Wed, 02 Sep 2026 12:35:35 GMT",https://news.google.com/rss/articles/CBMi1wFBVV95cUxQWUpzY3hVWnEtMk1qZUItblJLWXc5MFJuYTJXakUwd1doV0ZVRnJoc2M5M3NYTWpJdi1pWE9WTjJDaF9kaExqWTMzOWttOG1obTM0NXdlQVh6andwNkRSTmw2cFdHZ2h3aUlzbEJBOWlVbjZsanV3T21lYzN6cV9GWEs4eWl5OTc3dTZ1TXkwdHZyMTB2Sm11b3R5Tk5NOUt4SVcycmVBZXRTYmxKZzdSVHI3MHhpbUxPOGhndFJ0ZmZNdWdDTGlZdnRiTEhwVWZhQWVUcV9EYw?oc=5
2026-09-06,光通信,,テーマ関連ニュース,⚪ 情報,10,Guest Post: The Role of Silicon Photonics in Delivering Usable Quantum Computing - The Quantum Insider,"Tue, 18 Aug 2026 07:00:00 GMT",https://news.google.com/rss/articles/CBMivgFBVV95cUxNYzZGTy1EUkhvY1Zxa3paVTZnb3VXcjNBTnFacUV2U2RHNTJnWUxrb2I1NDllY3VXNEdZYnRlY1liNm5kQW9DMG5OSENKNUtzNTYtSllsdFd6aDVrcTlJVjdnd0JVZDZWT204eVdUN2pwWGRUS0hGNmNlSEJ4MXRwQ0M2dk9ST0p3Z3ExMnE1NFFaNGdESnRLRzRBMHNkYldNblQtWDgzSVN4NHU0N2FqRjlqejdIWUVHSlRYVFJn?oc=5
2026-09-06,光通信,,テーマ関連ニュース,⚪ 情報,10,"Tower Semiconductor: Silicon Photonics Inflection, Buy The Drawdown (NASDAQ:TSEM) - Seeking Alpha","Mon, 31 Aug 2026 08:50:49 GMT",https://news.google.com/rss/articles/CBMirAFBVV95cUxQVllaYzVqUVJLVHZIYTRpNDBvOWZGUDZRSnpMY3I3aWw3TEFyTzdoUHJCSEdneWdvQnZwam8tdGQ0aGVKelFFVWl4WlBkUFk4cmdDa2lkX05oRHVSTl9LdFFDbEUzTjhKTW5RdWVaR1ZTVHpNeUl3R3htS0tQN3JHWWRPc3RTaEI4dWMzd1lBdy05ZmZGcjk0XzJhbHhBX190WjJxX0hoSmJWci1Z?oc=5
2026-09-06,AIデータセンター,,テーマ関連ニュース,⚪ 情報,10,AI Data Centers Push Silicon Photonics Toward 300-mm Scale - EE Times,"Fri, 17 Jul 2026 07:00:00 GMT",https://news.google.com/rss/articles/CBMiiwFBVV95cUxPNzNldFBFUHo4N2loM3FudlNjZ0tpczJkYWk1YVdmelVNdzVpUTVJTXVRd0xuLUgwTGZrNUd5VnBLT3oyVllES290RWhLUGRQSDRnMHdpN2xBRGQ2WkVKdGFxSDc3SXJIYWNTMi0wZWdrcW4xbWJyaWw1T0lKUTBoX2M4MTBOYjVzR0I4?oc=5
2026-09-06,光通信,,テーマ関連ニュース,⚪ 情報,10,"Programmable Silicon Photonics Filter Enables Continuous Laser Wavelength Tuning (UiT, Stanford) - Semiconductor Engineering","Sun, 30 Aug 2026 07:34:45 GMT",https://news.google.com/rss/articles/CBMivwFBVV95cUxOcXE3Y3k3N21ueG53N1l1c2ZzN283NHlyVFU5UmhUVExVNW9MSmg2bEZZbG1iN3BDc1NnTG11bTRoYUlQclhqMS1lSzl5SmU4bkgwLS1fUVZ6dnZENVJWdEZVNGlWaVVDQkxLZDdFY0NxRW01VFBIOTI3WVZRV2FNQXRzbFJQZzVoc1hNRnQ0c0RZU3pUMHhPWGZmYm4wUnFaRnh0RnRUN1NyT2k2R2pDVGJoVWRPcng3QzdIS3RlUQ?oc=5
2026-09-06,光通信,,テーマ関連ニュース,⚪ 情報,10,MSScorps August revenue hits new high on silicon photonics gains - digitimes.com,"Fri, 04 Sep 2026 06:31:46 GMT",https://news.google.com/rss/articles/CBMigwFBVV95cUxPeFdpSDdESVJYQ09XZUE2SzVBTXo5NWxwc1d2N21YemxPdF8zZmhKWUVsdkotN2Ftb0FhdVZSX1dnZzZkUGhyVHVrZHpQRnItU3hqMDkyTk5kUHJtU1V1aFlKOFIzV2NSMmN5d1B6c2FGYmczVWVZSjJZUy1FNzhpMkU0NA?oc=5
2026-09-06,光通信,,テーマ関連ニュース,⚪ 情報,10,Taiwan LED packaging provider Ligitek pivots to silicon photonics; 1.6T modules eye 2H27 revenue - digitimes.com,"Thu, 03 Sep 2026 03:43:46 GMT",https://news.google.com/rss/articles/CBMilwFBVV95cUxNb3A4ZFlhUTVfUmg5Nm54QU5sWGJMUFljQml4YjhyMW5ObE9BY0M2SWdlbktvRzVQOHl6R3l6ckhrYXUzOHFFb1VYcWhvbFl4aVVramM0Z3hOTXRZalZiUjk3czF1THZGdUJNeC1CS3ZNb3AtRGc3bVZuZHlaUXlFUDdydUlaeUVUVDl4d2FqMUhBOU9MUVZJ?oc=5
2026-09-06,光通信,,テーマ関連ニュース,⚪ 情報,10,Understanding In-Package Optical I/O Versus Co-Packaged Optics | Features | Mar 2024 - Photonics Spectra,"Sat, 27 Sep 2025 02:58:45 GMT",https://news.google.com/rss/articles/CBMijgFBVV95cUxNSnd4UU1tcHZCY3hMb2lJcHhTQm5sNGZ3UWJoNU9OOEVXSHN0ZFdJdDBVbUxiNFNNc2FkUXlCOW9iUmc2Rjl2YmI0WDBfdElPTHpiQlg4ckNpaFg3eldLb2QzRWNWRWYyTm92bFNvdm51NWxxam1FdEpLYmdtYmxlS0dDMEZhZU1BeGhjaDNR?oc=5
2026-09-06,光通信,,テーマ関連ニュース,⚪ 情報,10,"NVIDIA, Lightmatter, Optical I/O... Why Is Nobody Talking About SilTerra? - Moomoo","Fri, 05 Jun 2026 07:00:00 GMT",https://news.google.com/rss/articles/CBMisgFBVV95cUxNMUE0eEFUVkJoSFZkaUpWczBoZFo5R2xlZ2VZdkVhOGw1eFB2OG1TSVI2bVZVTW43YnJsdkJUVWQ3eTYydEJGM1ExSzZQTTFGZ0gyaF8yOUdtUzJiNUZWOW1KUmNnYmM5RENBeUFtOW10amtvOTE5elRkR096X1d4QzIwUHFaby1JYzhaSjFoNEVkUFdvRjBPaUsxUDFEQkpVR001RS1VQV80ZUR0ajZ6ZEJR?oc=5
2026-09-06,AIデータセンター,,テーマ関連ニュース,⚪ 情報,10,Industry insight: photonics to scale AI data centers - Nature,"Fri, 30 Jan 2026 08:00:00 GMT",https://news.google.com/rss/articles/CBMiX0FVX3lxTE1aSEZwNk1tM0FhUUo2RnotRWo1YXltYk5EYkRmbTBpcFZkd20xN1NhUk1ScXFMNDh4UWNCSWdvZ001eWZwSExPeHlSZFZKMUY0bWw0c2EweW9YdmZZa0Zj?oc=5
2026-09-06,光通信,,テーマ関連ニュース,⚪ 情報,10,InPHRED Advances VCSEL and LED Solutions for Optical I/O - embedded.com,"Mon, 20 Apr 2026 07:00:00 GMT",https://news.google.com/rss/articles/CBMiigFBVV95cUxNMUEzSHpOVS1uUWU2Y0x1VWY2Z3V2RklXS2xmRVlzQk9TdG9CWmRJaUhwenZ4QzRNWXJwVUlYZ0htNmVPSkZBZE1YLUhzMlMxbWlmSU5VOXF2enU4R190TVExSU1lNm44aVhJWGpRcTM3Ujg1VC1PNzBIQWxIVk1fZWFDR0RhUUEzQUE?oc=5
2026-09-06,光通信,,テーマ関連ニュース,⚪ 情報,10,Mojo Vision: $17.5 Million Raised To Advance Optical I/O For AI Infrastructure - Pulse 2.0,"Wed, 25 Mar 2026 07:00:00 GMT",https://news.google.com/rss/articles/CBMinAFBVV95cUxNTEs1SlhPcElSdUd2cTdib1Q5TUp0VFRfOEpiVE9pb0ozM3J3bnRjNVEwS1lCM2c3WFJnVV8teVBhdTlqYlFlRGlvLUtubmpaZExUaXQ2MWxOVXRqSk5ocjR3NHE4dUFVMWhvUm5zWUxybHJqQzR6SnZ5TTRQTWpMRlZFekN4b19lRnVPUUN4cTJsR3ZtV3dpMW9xajPSAaIBQVVfeXFMT2VGZGxTMFV3LVY2Z3o5cURLakdKaF9zWDF5czZUbkFvZlVoRjRvNktfS0laT0xyc0ttX25LLUhGSkFsZzBDY3d4MGR3NDh4X294QXVpMmtRQmFNTFlubWNXT0lYUDdua0RmQjBuNkpDZkVBODItN0dsYUlqYllCVUNqMmJBVnd4SlZGNmlSZFFfRDAyRmJVeUsxcU9IUWJIVGJB?oc=5
2026-09-06,光通信,,テーマ関連ニュース,⚪ 情報,10,SemiVision Panel - From CoWoS to Optical I/O : Mapping the Future of AI Interconnects - semivision,"Thu, 12 Mar 2026 07:00:00 GMT",https://news.google.com/rss/articles/CBMihgFBVV95cUxNTmUxRmNRN0RxTm13YTFpWXpyR3dheTdnZ3FOd2pNVnJmMlhrVkNuTUhFTmNEZEVCSDNKMzNVazN1bVhoWVZCcXdXbWJpVERNOGpOamp1dVdzQmtSV2ZCTmJpNXR0aEl1dVgtTTg1UDhNRVRhclpMNC14SzRCNkxvM2ZBS1lhUQ?oc=5
2026-09-06,AIデータセンター,,テーマ関連ニュース,⚪ 情報,10,Silicon Photonics Lights The Way To More Efficient Data Centers - Semiconductor Engineering,"Thu, 16 Apr 2026 07:00:00 GMT",https://news.google.com/rss/articles/CBMilwFBVV95cUxObl9UNXhlMDVzTVhtZ254Uk1hemRKYzFYQ19iSUE3YlhfdmZ2QUs3ZWFwMzc3TG1mdTEtTk9oeFozRjF5MnhBYzhKT2psYWlTRUdwOEtkTk93MVJYRWwzSlRCUy0tZWdkLVg4eXVOY1RBSGpFcHJHRVlhR2kzMWFmTWg0aVh6aktJQzhxdm9GWFRYaFlTR0pN?oc=5
2026-09-06,光通信,,テーマ関連ニュース,⚪ 情報,10,Intel Demonstrates First Fully Integrated Optical I/O Chiplet - Intel,"Wed, 26 Jun 2024 07:00:00 GMT",https://news.google.com/rss/articles/CBMirAFBVV95cUxOU19zcm9uclpYNEdWY1VINEtYdWw3R3JKczBxOVhCa1AxeTNSNjNSX2Y0MTl3NUtOaHhWX0pjNXhsbVplRGtIWnlVR1RoclFDLTFFV3FHQXRXQnJPdEpXQm9Bc2NhOVhXMEliRXo4S0N0UkNNWEJsbUV4V1VVcFBmdEN0WC1RTDBWczBna0EwaXdIM2liSzR1b0xlZnJCb3lIMjA0NE9SNDZocnlK?oc=5
2026-09-06,光通信,,テーマ関連ニュース,⚪ 情報,10,"Exclusive: Marvell says AI's copper wall is nearing, with custom silicon and optical I/O set to scale - digitimes.com","Mon, 08 Jun 2026 07:00:00 GMT",https://news.google.com/rss/articles/CBMijgFBVV95cUxORkNxZGdpa3cyUUg2aFFkcHRVUmNUWkQyU0NsbTNEVnhRbmxyUzZmVTdLVHl2SnJLWW5nMTRFNEw1ZVFuWmJXTUhSUWFxNTFpSmstVm4zVDNJVkpIYTBjbzJTX3ZwdnE1TmNsb0FQcjVpdXBOZWVwX2VaY3ExZGVEZXd4MThnSTBJdjhPcFJB?oc=5
2026-09-06,光通信,,テーマ関連ニュース,⚪ 情報,10,Ayar Labs and Alchip Unveil Optical I/O Reference Design - EE Times,"Wed, 24 Sep 2025 07:00:00 GMT",https://news.google.com/rss/articles/CBMiiAFBVV95cUxOUmY0bjZVY1NjemNxdkM4UEhDSkE4bzdBMElpNzJUZGt1ckxkbDJfNExtSzBzVV82aFpDaG5FZ2VncVM4ekhCWjhraG04VlNoSkZ1dG14YzFOWUQ0VEJHaG03eUVrejN1aV9yRHNydlZKNjVFbEpuY1JDckxOMjZmTUdLTkczQVh3?oc=5
2026-09-06,AIデータセンター,,テーマ関連ニュース,⚪ 情報,10,OFC 2026 Outlook: AI Data Center Optical Interconnect Trends from Pluggable Optics and LPO to CPO and MicroLED - semivision,"Mon, 09 Mar 2026 07:00:00 GMT",https://news.google.com/rss/articles/CBMihwFBVV95cUxPOUdOT3RLanhQcVFnQzJEal9hU1BvbWRNemppX0xkRHZmY1Q4bDFyZUk1MGdiQjhhSGgzVWYzb2lDQTNHbzlmMmRwelhKZVV6QlZNdXQ1QXZGYTJHN1o3UGl2V1JJejlZVVZCcTJvT3JDWnY5QmxNUWhPMWFXd2M0TmNLZEhla0k?oc=5
2026-09-06,光通信,,テーマ関連ニュース,⚪ 情報,10,In-package optical I/O technology to accelerate data movement and enable future AI - yolegroup.com,"Thu, 20 Apr 2023 07:00:00 GMT",https://news.google.com/rss/articles/CBMiygFBVV95cUxOTTgyZVRUd01NMlhLLVg1emd5aG5Xa1kzTGJZWWhNY0dXcDJ2dklMSFU4OFlzRC01UDByWk1pYkE1Qkdjc0dlbDduYUNOSmQzODR1dE1BZ2RLOG81cE5GTGNnSngtQzZibDZIYktSWVlFMmducmpIQUtzckZDZzEwMjRSNVAwUVJ2UlFHS2VOM0o2MXhWZ2hoQlpqOFJ0bHFsa3ZfbTNiVGE3elI1ck4tVGk3S2Y2X2xuZWNoQTRBNGw1RXFsOWJhbTNn?oc=5
2026-09-06,光通信,,テーマ関連ニュース,⚪ 情報,10,Intel Demonstrates First Fully Integrated Optical I/O Chiplet - Intel Newsroom,"Wed, 26 Jun 2024 07:00:00 GMT",https://news.google.com/rss/articles/CBMipgFBVV95cUxOd0RjbW9IVERfX3VDVjV1aVN5Y1pmS3FOcjg2dGpDV2dORGs5Yl9RSmQ0TjRITjVmVXk3dWlRVzg2VEV4eEl4R3U3WjNzSFRERWpSN090eTFBWGtjYTU1OUZnV2lhcjJfTmNmOHNPM1ZZOVFTUTNkUW5tNlRJMG5lVExsRFVhcVRYVFdmZWNwbGoyVGd3OG90d0ZHQXU1Sk0xMkxlX1Nn?oc=5
2026-09-06,光通信,,テーマ関連ニュース,⚪ 情報,10,Quintessent Raises $40 Million Series A and Begins Sampling First Product for AI Optical Interconnects - Business Wire,"Mon, 24 Aug 2026 07:00:00 GMT",https://news.google.com/rss/articles/CBMi8wFBVV95cUxQT0lBOWdxczBfa1A2cTl2UXl4RTFEUzBaMW83c2wtdk1PTXd2UXRGaGdhZGRvTGowYTViNnNhcVRfR2lfbEJSZmNaQTVRZjRFcTk0TUpENm1NTkVfaG12ejJGMXhFTld3XzJMLXYzTy1ENmNnRWFPZ04wZC04N2R4V2RxR2poVXpoeGU5dG13Qnp1U09FbFZDZkY2TDZrU1RMZFYyc0J5YU5ScXdCUEdveG9yZlpPdVNGZGpiUzhaS0k2a3NvYVNBVndzUS1FMUZXQ1dKemJoaXlmVDFxNFdyYkNlZzA2eTBzTmxxbWVuVWVBbG8?oc=5
2026-09-06,光通信,,テーマ関連ニュース,⚪ 情報,10,[News] InP Shortage Emerges as AI Optical Interconnect Bottleneck - TrendForce,"Thu, 06 Aug 2026 07:00:00 GMT",https://news.google.com/rss/articles/CBMiqwFBVV95cUxNM1N5bU9ERTN5WkZSdUJpMm1oem1uMmREaGZYN2dSNzMzemNyc1NTbEg5SFlOSHpXODgtR1BnWnNPWXh2MUJYelJEMW1kY2xjNWM4UEdtQlhvWG5KNTFkeFVVZFNrNURRSlJwSmVDeUQxODRvZ0lJQ2FDeS1NUGhrZUVNWHdJakNHZVdyYWxnanRYN2NxajFWRHFUdVJDNFJBdlVxT2RKbnFlNGs?oc=5
2026-09-06,光通信,,テーマ関連ニュース,⚪ 情報,10,AMD to join the optical interconnect party with 2027 Instinct GPUs - SDxCentral,"Fri, 24 Jul 2026 07:00:00 GMT",https://news.google.com/rss/articles/CBMioAFBVV95cUxQZHVLekk2ZlBIVXRIRzRvRFpzTUJoT0hPZlQzeTZiTkV0dm1BVS1nR1huWFVmTHJtV0NUVmdEb1EzN3BsVE1EV0VpU0VkM0lmclB6S3JBbHA5aGlCVktSSkVKVFJFSEZ3TlF1TTBQWUNxSnBORTNxUTRRWDE2ajdzNnNEQ1JaaElaZVZZLWpmSDZNRXU3M3NsdDZxelQwUlps?oc=5
2026-09-06,AIデータセンター,,テーマ関連ニュース,⚪ 情報,10,Vuzix Ships High-Bandwidth Optical Interconnect Solution for AI Data Centers - Yahoo Finance,"Tue, 18 Aug 2026 07:00:00 GMT",https://news.google.com/rss/articles/CBMinwFBVV95cUxNTTUwMkNaN0JGTkd1a2hObzRHak12Y2UtSVE2ZEQxUWh1elRsSGlWSE5CWGk4eWQ5MlBOcFU0dFR5VW5fV2JYbmxzQVBXZ2ZrT0RDM3FwYkV6c09YMWxlYk4zR3c1RjRpdVFuV3pqVWpBVmhva1laOE4zLUZSZDJQUF95alJubU4tRGdIdnlUa0lnQzhlZ1psSVdNdF9mb0k?oc=5
2026-09-06,光通信,,テーマ関連ニュース,⚪ 情報,10,AI Compute Puts Optical Interconnects in Focus as China’s CIOE Expo Opens in Shenzhen - Pandaily,"Fri, 04 Sep 2026 02:25:14 GMT",https://news.google.com/rss/articles/CBMiiAFBVV95cUxPS0VqTmlvVDV5U3JWYXNISFNKdm9LYzVLa1p4UUlqcDRPUVNIMTZWVWRjWUMxdEJuc3FJeGJOemVwajJTdFNhYUhqSnM1Zl9iaG5BZVFySTRsQmI2cmhJc2NXSzFaalZ5ZDZFM2JZQnktX2lsZmZnem51dEhfRjNrUnBIaEVmRFhM?oc=5
2026-09-06,光通信,,テーマ関連ニュース,⚪ 情報,10,Inside the Next Generation of Optical Interconnects - HPCwire,"Mon, 24 Aug 2026 07:00:00 GMT",https://news.google.com/rss/articles/CBMikAFBVV95cUxQRmkwdVVZeUIxM1EyaTdGdEhNUTBPTzZsRTd4MkVpQmJ2Q1paeUNaN1VRTHVrV00xZVJad3MwbExEOWt6OVNjZGV4SUp1RHE0d0lHWjdnNGNOVlB0cjlZZ3M0V1QyR3J1SC1odzJUWXpXYlpHdENibFE2cXV3T2VOckZuWGZFbGFQcUZmNG5XRXU?oc=5
2026-09-06,光通信,,テーマ関連ニュース,⚪ 情報,10,"[PlayNitride FY2026 Q2 Earnings Call] Micro LED optical interconnect achieves sub-1 pJ/bit energy efficiency, Tantium chip slashes power consumption by 50%, PlayNitride targets 2028 automotive volume ramp - finance.biggo.com","Thu, 03 Sep 2026 13:14:00 GMT",https://news.google.com/rss/articles/CBMiYkFVX3lxTE4tSjJUT3k3SFFsTWhBWHp6NEFVN09IbWRFWDdqalM3MHRpMm0talpZcmNkUThxM1VuYTZoeVQwcmNPT0xFaXJnYmF1Q20yVjNzY21DaWgxRTBVajY4T3ZOMTVR?oc=5
2026-09-06,光通信,,テーマ関連ニュース,⚪ 情報,10,Transfer-printed yellow and red InGaN micro-LEDs on diamond for ultra-low-power high-speed optical interconnects - Nature,"Wed, 17 Jun 2026 07:00:00 GMT",https://news.google.com/rss/articles/CBMiX0FVX3lxTE9Xd1djRTJnU2QwVmtybGRPaWJ1bjRnZXRvRWZHRHVqaFVOajNqbjVfNER6VlN4U0ltU0tHaEp1LW54QlEzeXJudnA5X29YT1otUmJSeUZJN19yRXN3YmNF?oc=5
2026-09-06,光通信,,テーマ関連ニュース,⚪ 情報,10,[News] RF Chipmaker Maxscend Announces Strategic Expansion into Optical Interconnects - TrendForce,"Wed, 02 Sep 2026 01:02:55 GMT",https://news.google.com/rss/articles/CBMixgFBVV95cUxQa0FudlNLUFUyRnZYbzQ0TWxKekFUQ3I1VEt2QlZlM3pBR0lFUEgzVFhaRWxBRk5OcVFxZGRDUW5LRm8tbDhxdWEwcGJLa3VYWWFndWZjZURKVFo3T1pic2MwVUg0Z1NpS2xweXBIa3ZGQ3FnNURtWDJSbENwNC1pYm5laU1GN052Wk9WaHU3V2U0UTc3dUs2NGt1MEhIZTlkR3lycUI5V2RoZUh4VXVhVnNLZkhUaklfMHVtYy1maEpxcUFLTXc?oc=5
2026-09-06,AIデータセンター,,テーマ関連ニュース,⚪ 情報,10,All AI Data Center Interconnects Will Be Optical Within 5 Years - Semiconductor Engineering,"Mon, 06 Apr 2026 07:00:00 GMT",https://news.google.com/rss/articles/CBMilwFBVV95cUxPVVZhSVU3YWFwZG1Sam5WbEtDMlJSUjFPNFItV1N2aS1Ebm1kcVdkTEdDNjAzVWpMOE8yXzhTaENOeElpdTZLV3oxSXQ0dWRkVkV2bGladEt4SjhsZGtCakRyWVdjSE5ZalBWTzBIMnJCV1h2TlVDYXZZTlM1am9PR19lWUlhcHpPR0ljRTN1MXBGQ21qcWRj?oc=5
2026-09-06,半導体,,テーマ関連ニュース,⚪ 情報,10,Credo Joins Open CPX MSA Organization - Business Wire,"Mon, 31 Aug 2026 20:05:00 GMT",https://news.google.com/rss/articles/CBMimgFBVV95cUxOeUxscWROcWg0NmhPUDZzc0t1MmVLNkRTU0NhRTdLUVBOZWNlZ2ljUFBOSEdaUE1fakozQzVMeDhkSlJMcnFrWjNDSWIydDIyS1p5R09JdzdLQjJaLTQ5TXplN1kyekpPQVhwcTRJN0RabmFGXy1xWk85dy1UdGIxakkwMFhUalo1ZlpyeGszMUlNVkJRVVItTDVR?oc=5
2026-09-06,光通信,,テーマ関連ニュース,⚪ 情報,10,USI advances optical interconnect push with ELSFP laser module - digitimes.com,"Sun, 30 Aug 2026 23:23:36 GMT",https://news.google.com/rss/articles/CBMikgFBVV95cUxQU3dsMGNhSWpZcy1WSkpHelpVU3VHNXUxbnAweXZQMjJ1Rmx6SWV3YmQxU2hNV1BtWkZtQzVpbi1saU4tTS1KTVNDY0ZuOHIxZG56TUFfbjVGWUNISUtwZXZIalFwTmlubmM0MEljR3dtRklBN2VLeU01VEt0LTBZTlNoVEhLaWwtb2ljUEptYWR1Zw?oc=5
2026-09-06,AIデータセンター,,テーマ関連ニュース,⚪ 情報,10,Stäubli Enables Next-Generation AI Data Centers With Integrated Power and Liquid Cooling Connectivity - Yahoo Finance,"Thu, 03 Sep 2026 14:23:00 GMT",https://news.google.com/rss/articles/CBMimwFBVV95cUxQU2U5N0dxazJTeEdoWkVWRlpjYmxPUWxJc0hBdkVTSng3STNhRTBpcldMV09yYTJuM1pFYXg0d3FwU091TkdBT1ZmdEJod2FaaHhjd3h5Rm9IUEQ5cENFOXh4LWFQZlo1dW9ZMXBBSmduR0hkTmZyLTREcUs0VHY2X1lzdkk2R0FKV1BNWUxJb0s1M3BOejgyVzVWOA?oc=5
2026-09-06,AIデータセンター,,テーマ関連ニュース,⚪ 情報,10,Renewable energy could reduce the water footprint of US data centers - UA.NEWS,"Sun, 06 Sep 2026 16:43:11 GMT",https://news.google.com/rss/articles/CBMiowFBVV95cUxPODRZMDhMS1N4bFZ4SmNMOUN1T0JLcGd3Zk94cExnS0k1ekxnblpMc2lDV2dWR0tUSWw4VDFFSkowX21ic3VHQXNmR29JdEgzS0t0X29yTElObERQRUVvc2daZXBnTmtsWkRzcGRvN25iSFBZTnJldllCLWFUWFgyU3hkdFVLbzdGdjYzazVsUG9RMjZZT0JBa2RkVnBzYlZ1TGw0?oc=5
2026-09-06,AIデータセンター,,テーマ関連ニュース,⚪ 情報,10,Stäubli Enables Next-Generation AI Data Centers With Integrated Power and Liquid Cooling Connectivity - Morningstar,"Thu, 03 Sep 2026 14:23:00 GMT",https://news.google.com/rss/articles/CBMi8wFBVV95cUxNdExVNHZvdGJLc3BSQmh0NUdSQndCWEZJNWc3bl9kQlZLazBhdnNwMDZCLXpnSUxITG5zc2J1YThHaHl6UElkZko2M29jbXk4R2JhMUh3VDdZSk5fQWV3M2ZrdnU5Ukw3WHktLXU4Rm5EZlJwU3R4RmR2VHN1azVkRzZYOERwd05SalRtSm1uV0UwcmVyYzJZRW1Ea2NEQ1ZVRndpRFl0VWlNRXVzSDFBWUNRVllqdFBnejYtOWJMRU5MMnhaQlJCX3lDdHRTRm9PdllxR05tR1Bfa3VESGF1LWxLVDJTRUVzU1dLcS1IUmJqV0U?oc=5
2026-09-06,AIデータセンター,,テーマ関連ニュース,⚪ 情報,10,LG Electronics targets liquid cooling growth in AI data centers - Investing.com,"Fri, 04 Sep 2026 16:54:45 GMT",https://news.google.com/rss/articles/CBMivAFBVV95cUxPMFMxQldxLU50WTdZdFdveklJaEdXU0xZVlJPS2lodW9ON0U4R3NxdzloT05RTkF4ODJRZXNWUW9TSVNHMjZBVmxoTElMQTE1VHEwdTY4Zk5KWkhDNWZWSWZCdnFBRkpHWlZhSXAwOTF0aDg4dk5oZ0ZDSTJGRXdwaTI1QnZYaEJlelFVT0V1cTgtSUZDVUt0bXl2V09obkpGSzRxNjFfYVhmX0N2M1RvRy15YU9mOEZCeVFUYw?oc=5
2026-09-06,AIデータセンター,,テーマ関連ニュース,⚪ 情報,10,Data Center Liquid Cooling Market Size to Achieve USD 40.25 Billion with 21.0% CAGR by 2035 - EIN News,"Fri, 04 Sep 2026 13:53:00 GMT",https://news.google.com/rss/articles/CBMizAFBVV95cUxOZXZLZFNYXzc5OVVmejNCOFZ4SUxHY29Jd0xHZElPNGMzOFZ6RW9BYmxndG40Tkk2M1JQOExITDBQNmpkV2hOb0dCa29kaHVkcGJ0VlpuejZIYUZLeHcwNjRZSlFMOVl5UDlYT2kxdWdpRThmemJuU1c5VFA2dWQwRFlkcXF1TUFUMzN4c1hCVTNVNWY0ckFSWWlfem5kbV9aMWxuN0pxTDJ1QkJtcTdDdVQ0VjExSkF0TWRyYW1LRkJQRVdQNUFuQnpzMmc?oc=5
2026-09-06,AIデータセンター,,テーマ関連ニュース,⚪ 情報,10,Data Center Liquid Cooling Failure-Mode Simulation Services Market - Future Market Insights,"Wed, 02 Sep 2026 14:58:09 GMT",https://news.google.com/rss/articles/CBMisAFBVV95cUxPNURwRkFzYXVVaFg1Y0c1Qno4Qm9qZ0dyT0xhU3gtNHBZNHFZekhfdks4TUp2S0pvRDFDQ1dlTU9La3haTEZmYUtOMnphUlM5OU93WWREQ0dwWFMtZHBRQTI0VW9yZHV4c3VwaldBWUc1RElxVS1CUTdWTVdObVdXdGFOUng1QVdoOEw3bENwRFh5NWUyWlJXWGEyVFpxazRtREZJYWotSEFGTDh0dkNyMw?oc=5
2026-09-06,冷却・熱管理,,テーマ関連ニュース,⚪ 情報,10,Lite-On Tech to invest in liquid cooling - Taipei Times,"Fri, 04 Sep 2026 16:00:00 GMT",https://news.google.com/rss/articles/CBMidkFVX3lxTE5rekY5dXpXcDhYS3hBX0RXSzlqOW5yenB4SHd2YS1tSUlydVRUYndIeHBaTUpVZzdWZmlHc1E4dWtEeldPc05jWmV1UEI5YjE2TTdPcUNSX25tWWJvVG5RaUNwc2lYUlRnMzQ5Tjd0UTZNMmZaMVE?oc=5
2026-09-06,AIデータセンター,,テーマ関連ニュース,⚪ 情報,10,The Valves Driving AI Cooling - Data Center Frontier,"Fri, 04 Sep 2026 19:19:46 GMT",https://news.google.com/rss/articles/CBMikwFBVV95cUxQN3VtU3VXaHR0aVhpYnBkZHpRS0hBcEx5eFBtNmR0UXJFVC1WSUtlMEtidUhJMmxvcnR1Q0M0cHdPZ2lYMlYtbmxZNW84VDNJQURLRTdWbXhOTVFiV0pTdmVfQkdHWmMxX09TQlpMM3BKUjllVUlCMkFUcUdCWlo3TVNwQ2xfbGF0QmNaQUV3dWlnOWs?oc=5
2026-09-06,AIデータセンター,,テーマ関連ニュース,⚪ 情報,10,Data Center Liquid Cooling Manifolds Market to Reach USD - GlobeNewswire,"Tue, 01 Sep 2026 13:30:00 GMT",https://news.google.com/rss/articles/CBMikwJBVV95cUxNVXBGQWFFM3VfVTlXVktJazVsS1pmTXc4N3dTeVZEMkhUSEd4dEdxWmVGU3dETDk2dzVudlJVSE9kcnBzSV9KUGlySjRwTFpyYm1TOGxvQy1FcDFPRm9aVUFiODVSdm9xZFpobE9GZnJtNFhpdGhlY3NvOUtCUUZ4aDVYd095MXJVU0RJMFpvQjFSdkxuVkVTRzhVa0VqaEFva0VvRVU5V2xvWnNkSlo5dkozRGhmRVNmRm1wRkF5WkF0WWRSc25zd0JnT2NzemRvdldEbEV4VzJOU0NzUUdDeGxxQ0pUNVBRN2RQcFJUNUhRWDFwY0U0a2JndUN4M3VGUDNrYnhyMzJabS1EeGUzbGZyMA?oc=5
2026-09-06,AIデータセンター,,テーマ関連ニュース,⚪ 情報,10,Driving efficient water usage through closed-loop cooling - Data Center Dynamics,"Wed, 02 Sep 2026 07:01:42 GMT",https://news.google.com/rss/articles/CBMirAFBVV95cUxPdGxQM3VRci0yY1lCeXlBR2huVGFNWVRjNDJaTTZhaHktYXRLWFhMX2ZBQnpkRWNUOGF2dHE1Yl9vYVdyV0FWcjRTaVBVcXNCTk51d0N2RTdWMkF2ZGMyWWJic2t0a2RXRkNJelZhb2NkY0tKdjZRREEtWXYyM1FxdFJuRFh1cndfVndxcm5sNkstWTJ4SVg3MF9iTXBTSE5FTHZDM0JaX3JSZVky?oc=5
2026-09-06,AIデータセンター,,テーマ関連ニュース,⚪ 情報,10,"Taiwan-based Liteon purchases 25 percent stake in Polish liquid cooling firm, DCX - Data Center Dynamics","Fri, 04 Sep 2026 11:33:23 GMT",https://news.google.com/rss/articles/CBMiwgFBVV95cUxQWWI5c3VmVG9xTWpPYjZrXzZKNFkxbXVLQkRPQlJRTGRKMVZzdkJ0bnE4VXJGX2NNLU5JVUhhRWRxSkpuYjZ6RDh3Yk1icTBIREdSNFUxWWgtV19TU2lRMnhiWkNQZEthNGh3QTFfaWp3a3JETEIya1ZCRmlKT1lJU1BxbFFveXJoWW9JbWNYS19JNGwxdzJ5eGQzN1lMZEZEeDYxdE5IZUVzazd1Z3ItNVRMV1RDcjY5YVNhbFNWT3FaUQ?oc=5
2026-09-06,AIデータセンター,,テーマ関連ニュース,⚪ 情報,10,Liquid cooling enters the mainstream in data centers - JLL,"Tue, 01 Sep 2026 07:00:00 GMT",https://news.google.com/rss/articles/CBMikAFBVV95cUxNQ2hYbWUya0RLUTNSMVY4eGh5eFVDV2hFaTdKMkdseWppS1JXVlhOSkpxWFhHV2dud19PbXhlamVkU2NJQzFrNmtRQzZENTQ2SVRWS0ZfWnUxWWJEbmVWNXBoOTAyYWNnb0YxSVkzcEVlRFZ2Q3ptc1RzRkR3YzZpQXd2TEFrODc2X2NzNFdydnQ?oc=5
2026-09-06,AIデータセンター,,テーマ関連ニュース,⚪ 情報,10,Immersion cooling vendor Ferveret is thinking inside the box - Data Center Dynamics,"Thu, 03 Sep 2026 16:02:39 GMT",https://news.google.com/rss/articles/CBMiowFBVV95cUxQSEI1aXpCRVhLZk5pM0VibFlDM1ZCbU1Selh2MFBPSjFldUx6VGFzdHY3YldmR1RNSjNmUUdYVEI5REp1X1VTMU1SM21jdElqemVVMXNYcnE2YkV4MlZ6YXUzaVdEMmdwTi1wWkJIUm50MHpGUEdoS1I2TFFxTWJuQUxsLVFGV0gtU2wwUS1CYjNBWXVreVFiTVM0dzR0STI5Z3RF?oc=5
2026-09-06,冷却・熱管理,,テーマ関連ニュース,⚪ 情報,10,New marine battery uses immersion cooling to prevent fire spread - Interesting Engineering,"Wed, 02 Sep 2026 23:20:00 GMT",https://news.google.com/rss/articles/CBMimgFBVV95cUxPSlJtdm8wQVk0b0xYUE5MLXlqRmEyN2pSVFhsOVRERmFWZjdtckNaUUNwZk8tRkZ5d1RLVEUwYjB0UC1BNTlVa2xtS1JDbUI3dXEwa0xJR2pnZU13ZUZ5OEhIc1RtZUFkdkh2Y1p1a2h3cjl4d0lpOElqUlpteGU2NW53RUFzN0tUWUJJYjJvR3hqYzN4UEVZUFFR?oc=5
2026-09-06,冷却・熱管理,,テーマ関連ニュース,⚪ 情報,10,"Immersion Cooling Market Size, Share, Trends, Report, 2034 - Fortune Business Insights","Mon, 17 Aug 2026 07:00:00 GMT",https://news.google.com/rss/articles/CBMie0FVX3lxTE5LWjFQMG5rdVhyRi02dVNQek1lWjNPbW5qNkhtMWIxbzNPSHFyZ0p0N2s3RGlTS2RTWGJ4RE00OFgtRlJsR3hlMDdINmg3cTY1WTlhaUJBcGFRa0F4dHBhNmR3MTJPVGpaOXI3ZWE5Y2xUUkdZeDlQRzZBNA?oc=5
2026-09-06,AIデータセンター,,テーマ関連ニュース,⚪ 情報,10,"Liquid Cooling Options: RDHx, Direct-to-Chip, Immersion - Data Center Knowledge","Tue, 25 Aug 2026 07:00:00 GMT",https://news.google.com/rss/articles/CBMinAFBVV95cUxPdUdyRll0WWZXMDhjLVF6dVFTMmdCaU5ZN1VNejdwWDV4MXE4MTgydFhHZ0xwYWVET1ZrWDZEbnZDSnM5eHA0amI0b1lMZTJuX0hfUTNDRHJpNDVTWEdwVTc3SEdyMmZodVlTOUFjTzQ1cV9MQ3BMcnFuWllaRWFqUGNfZDdxNUVqX2g3Smc0d0t4WmlNU0k0OU03eTg?oc=5
2026-09-06,AIデータセンター,,テーマ関連ニュース,⚪ 情報,10,What FMs need to know about data center immersion cooling fluid selection - facilitiesdive.com,"Mon, 06 Apr 2026 07:00:00 GMT",https://news.google.com/rss/articles/CBMiuAFBVV95cUxNVFVsT0dFTXZRYWRHT1VBOXgtc3lxQ0RpTXFCTmJuYkRHYy1VdnBvRkxCZ0VjMDNNMWJFS3ZLUUs1SnJUMDU5WDFJZ3N2N2ZtYTdLNlZUTnFUTGx6S1R4TlNpalllNWFwVWJ3RGp2ejhneTVyYzBSOVlZSmhDOHR4Rk9KY2Ywdm5QVWgyZWNDZ1JvWThibXV0eXJISXBaOW1FSGtlUlp1OG96Q1R1R0RfZkdmaEFqRHg0?oc=5
2026-09-06,冷却・熱管理,,テーマ関連ニュース,⚪ 情報,10,Beat the Heat Clips | Cold Water Immersion Cooling Technique - College of Medicine – Phoenix,"Thu, 30 Jul 2026 07:00:00 GMT",https://news.google.com/rss/articles/CBMipAFBVV95cUxQaVpSeEgxUFVfNzRuREs3eWZuT3hrRnM0bGJ0T191NjJfMXZaS293Z1NESURSNmRqVG9CVWV5cnJLRTRCYlRyNG5sdFRNek1xRFA3VV9UYjA2RS1jcm5haS00bDAtTHdtb0J3SG1kRHpoaUZWYnJGOTVSZ2FJcXNzYk5NdXhBQXhfRDlVcEdwTHZ6OHR3UjBwbnI4WHZuM1E0bjlWNg?oc=5
2026-09-06,冷却・熱管理,,テーマ関連ニュース,⚪ 情報,10,Enhancing battery safety under fast charging conditions through spray-based immersion cooling - EurekAlert!,"Tue, 14 Jul 2026 07:00:00 GMT",https://news.google.com/rss/articles/CBMiXEFVX3lxTFBBdVkzT1FsVGZPV2FzZkxNM2FrQmtfX2xuQlhVdkhxU3FRYmJ5Mm5HTXhsT0RNcHlrdDRaZGNjRml0VjUtbzhLVWNJa1FJVUlmb010Nll0b0ZhM1RH?oc=5
2026-09-06,AIデータセンター,,テーマ関連ニュース,⚪ 情報,10,"S-Oil teams up with KTNF, GST to build immersion-cooling supply chain for AI data centers - 헤럴드경제","Thu, 03 Sep 2026 01:05:00 GMT",https://news.google.com/rss/articles/CBMiV0FVX3lxTE1lTnlaMEk2ZklfMUlyVlNsaHlleW5CNXJvYVpmWFdTWGotQVJfbWozYk1mbno1TmlJTnJ0RmNxdGozSmR3WEdQMFRhSnN4RjdhdjRGS0FjUQ?oc=5
2026-09-06,AIデータセンター,,テーマ関連ニュース,⚪ 情報,10,Transitioning to Immersion Cooling: Ensure Success with High Performance Infrastructure - Data Center Frontier,"Fri, 30 Jan 2026 08:00:00 GMT",https://news.google.com/rss/articles/CBMi4gFBVV95cUxPaUp6c2ZqR1pXazl0dVJOeDNmYVpYZHFUMDJOV0VNQlhNQzJydGk3cXU5ZlNDdC1rV1F2QlVrMUZLdHBISWpiblMza3VOUEh1dDJXbHl3TmotOXBHREl6X0M0UW1SSV9neHR6eHp2RXhpMXhKVXBRLW4xXzBvckc4bTF1NlEtbjhRdVNISnJXSFNNVmlFb0dKcHBrZWJhWW9MRlJ5QmdHa1RyNkZyTlBpQ2dEVDZSamRZbU1ET1hURU81ZkVRZTlvSjV1Z2UtekhjbG9ja0l4TV9TcncwTEo1ZEZ3?oc=5
2026-09-06,AIデータセンター,,テーマ関連ニュース,⚪ 情報,10,Infinium Launches Infinium Edge™ Platform for High-Density AI Data Center Immersion Cooling - PR Newswire,"Thu, 15 Jan 2026 08:00:00 GMT",https://news.google.com/rss/articles/CBMi3wFBVV95cUxNdnA4UHBvSUhnaWY5ZlVtaE9UbXlRTGpPSGVSUWJrWk0yOVNhX1BKeWZaa1c4eklMSEQ0SERwbHc0dksyMmNWYlA5QWhjUXkxUUhqV0o2b0FaWmN6R2JzQ2hxSEdpRE11UTRVSDh5bXYxYnZFMnVQZ3ZPY0ZSWE9KRXZrNFpBWnlOTTRpSDV4UTlDYXB3X3htcE1VV2dBY21OYXVuVEM0eUlDSTNmUXUyWl9uYmVIQVVxTVdlbzFqLW9rbWRwbnZkel9zSDRlWW45ZEp5R2prbDUzM1ZLZDRj?oc=5
2026-09-06,AIデータセンター,,テーマ関連ニュース,⚪ 情報,10,Malaysia to launch palm oil-based immersion cooling fluid for data centers - Data Center Dynamics,"Fri, 14 Aug 2026 07:00:00 GMT",https://news.google.com/rss/articles/CBMiugFBVV95cUxNM3VzekJIMTB5X3F6cnVZcGp2VkVaRXlRMlV6Zm9tRmRZSmxRVUhIcWQ3UGxhcDNPZk1keC02V0NJQnU2V21zQkVZTmU3ZzluZUVINzBveXZKSDhpY0RDZC1zSmRmMnZRVndCTE1ZSEFEMzU2QmFQWWd1bXEydkxUR01RLVBwRkRCRGlLSEsxb3ZTZC1WZUx3TDkyV09vc0JYLXJ4RFZUMkZEaXJNMl9UcGZKRzhtdTFxaGc?oc=5
2026-09-06,AIデータセンター,,テーマ関連ニュース,⚪ 情報,10,Castrol signs MoU to bring immersion cooling to Japan - Data Center Dynamics,"Mon, 27 Jul 2026 07:00:00 GMT",https://news.google.com/rss/articles/CBMingFBVV95cUxOb1I5ZzQ3RW9GSWtKNkpDTEdJWWlCdjJnNjJsdDhaY244NVlNWGMxb1JKZm5UcURzYnRmR09CZEVLM0sxZl9OYTJ0UWY4akFhaXRLc1FmWUlVUmFIemhGVFZiVmRHeXdJWUl6X1NUOS10Y1h2WGp6YW42NHpJNTNLcXlwWUxxYUVZREVmRWlEN3hCRGxHT0FFOHlNVjkxdw?oc=5
2026-09-06,AIデータセンター,,テーマ関連ニュース,⚪ 情報,10,Immersion cooling and IT reliability: What do the numbers say? - Data Center Dynamics,"Tue, 13 Jan 2026 08:00:00 GMT",https://news.google.com/rss/articles/CBMirAFBVV95cUxQb0tLVTJnUmhIRFFySU1peTIzVEVCMGRHOWtUdlJkMzRwNncwU3MzUVNmbEJ3eHFuLW00NUlhZFVQTEtKM2VUUVlGWHk0bEtZaHBHNXk4WEM1RDNFQlhXQ0V4bTA1SkVtcHVHaG1mckZoVDdXQjV4WWJrNERiZ1lMRWNCS1MzUUFrRU9IUzVCQjJyQWZMS0xVeWZQYjQyT1JlMUpMa0dxTDh2emtM?oc=5
2026-09-06,AIデータセンター,,テーマ関連ニュース,⚪ 情報,10,Korea's S-Oil and GST team up on immersion cooling system - Data Center Dynamics,"Thu, 14 May 2026 07:00:00 GMT",https://news.google.com/rss/articles/CBMiogFBVV95cUxQcDEtNk9TdkVsN1NiS0h4bUN0RktHUl95Sk9JUERUZ28zSHBsaWJYUXFEbG43OHFsN2ZCbFprSTU2OFJWMVphMzRuR3dsMVd5RldQQWxoby1nZ0VDN19CMEVJWkpSN2JpaFpnNTZuMWQ0VEROYkdVTjJuX2R1dU5FczNkcnFxa2NocGppRzUtOGM3YkJLTkJuTkI1aUtRV1hXOUE?oc=5
2026-09-06,AIデータセンター,,テーマ関連ニュース,⚪ 情報,10,"SLB to Acquire Kelvion, Expanding its Role Across Data Center Infrastructure - SLB","Mon, 31 Aug 2026 10:58:13 GMT",https://news.google.com/rss/articles/CBMibEFVX3lxTE5rVW9iUk4xd0pRWnc5RzhkZWV3VEQ2ell5S2JLajBmMzhfdERfVzRwR2lhTjIyajYyOW5iN1RvSzRSYkRKNF9fbnp4YXZJUHpfRkFZMUlNTDZkWDg3OWZuSU8yWU85cy1xR19BMw?oc=5
2026-09-06,AIデータセンター,,テーマ関連ニュース,⚪ 情報,10,SLB’s $4.1B Kelvion Deal Expands AI Data Center Push - Data Center Knowledge,"Mon, 31 Aug 2026 21:11:21 GMT",https://news.google.com/rss/articles/CBMiqwFBVV95cUxNSmx1NWExZ0xadkR5UFJIbzJhenJ2Q3FNc0FaZVRZclo1SkVaMXRoQlJtQ0liWTd3OUNyZVRlcjVIRHJWMnFDQVFXbG1wMkNVUzZqNDF4cVpJNWxqU2UwUnAxakJ2Zl9Kb09kSXNmWTdfWmdYLVIyS1dnRlM4enA4NnN4eUpLeG9tOFY3bS12bnhQTDZtOW5EOG9iMkc5UmJOVnpTUDFNNmhjZG8?oc=5
2026-09-06,AIデータセンター,,テーマ関連ニュース,⚪ 情報,10,"Apollo Funds Agree to Sell Kelvion, a Global Leader in Cooling Solutions for Data Centers and Diversified Industrials, to SLB for $4.1 billion - ir.apollo.com","Mon, 31 Aug 2026 10:54:06 GMT",https://news.google.com/rss/articles/CBMiswFBVV95cUxNNjdZRDQ1N1lkRFh0c2ExTElMZi1jRlItM2luNlpXdXlZeTgzSXFnMFlVMHFsZF9UanBQUjl3V05vV1A5bENINHU4NWpUblI4eDBlMGdfVGJrenRKcm1mMHJmMk05RVlhUFhzTVpWcTY1UEJuWFQwZG9KX2ZEUFhKSXN2TTlLR0JoWmoyTm5DU1BRaGdiRjFaaXBGNlBnUDFoMUZITXdYS09GWlpqbXdQeG8yaw?oc=5
2026-09-06,AIデータセンター,,テーマ関連ニュース,⚪ 情報,10,Data Center Thermal Management Market worth $32.38 billion by 2032 - Exclusive Report by MarketsandMarkets™ - PR Newswire,"Thu, 06 Aug 2026 07:00:00 GMT",https://news.google.com/rss/articles/CBMi8wFBVV95cUxPVDhMUUhXV2xBMTk5U0FGcmtmTHVsYzVTVUVwQzZ2eTBpMzNCV0E0cmJfSjZPdU95MEk5NjZwOUQzZF9lVldNQWwzOF9oSzJwMFBaZW9CRm45allXOGNaejhIT3JIN1ZwcnVSajBReGdhU21QazFsSjlfMXlGSlhxRFNEdWhRNXoteWFfdHYzMXRaV2Y3UExZLVBPMEd2NHZnTDhCWW51WExERTZkbUh0X2NqSU55MUJYM0dKYlk1VVIyYzVNeWZOY3M5Rm1CS2N4cXA5ckFzVlhiNmQxWUgtRmVxc1haZlRsWXhsaWJ0LWdobFU?oc=5
2026-09-06,AIデータセンター,,テーマ関連ニュース,⚪ 情報,10,Why cooling is now a strategic design function for AI data centers - Johnson Controls,"Fri, 28 Aug 2026 18:12:31 GMT",https://news.google.com/rss/articles/CBMi0AFBVV95cUxQdVFfcGc0T19GVFltaUUtMjFzQ2RENGxrSmVtSllsTmdRVXppZG8zT21mODkyMTdVN3FiSlg0RWpRR3NDWUtYaGNmR0tzTEd2UjVKRm9jdjM1QmswZ1YtX09UWHVCT2NuaHBCcHNmT1V3M2xVZzBpdlVBTzBXSVE1dDg2Q1Y3NnlHMnRVNzllX0FCSkN1cThFeUo1LTdzNWM4eVAzVVN5U05EZkgwdUhuNlFoUWZPSEYtRTRwYnNBcUtJLS1jOHN1S2ZuUFg2OFBP?oc=5
2026-09-06,AIデータセンター,,テーマ関連ニュース,⚪ 情報,10,Data Center Thermal Management Market Report 2026-2031 [300 Pages & 250 Tables] - marketsandmarkets.com,"Wed, 27 May 2026 12:49:16 GMT",https://news.google.com/rss/articles/CBMiogFBVV95cUxOUFdqSGpFckJTSUdmSkk1dEU1V3Fhd2o0bFBBZ0ZhTDVyMmJfb3hBYlREQWllX1R6dHZjLXBDNUNPbDZNdktKbWVKVWdJSzdGTDJVbTZFQzcycFpqOUVHRFFpTmpMS3ZsQ2tzdzMxQWh6OWJud2ozYXFSX1NpTW9STFZtc0d5blBYR1UwZzJVdnJzbWo4a084SEpFTVRnU25mcUE?oc=5
2026-09-06,AIデータセンター,,テーマ関連ニュース,⚪ 情報,10,SLB Expands Data Center Role with $3B Kelvion Deal - rigzone.com,"Tue, 01 Sep 2026 12:36:00 GMT",https://news.google.com/rss/articles/CBMiqgFBVV95cUxOTl9URnVGQU5XMnB0MDVVUldmQzlTTWxpT3lFdXNDU1lUQnlxckFLanZPTEp0bTR3YldnVnUwS3NOZzVvaEVMNXYxMnlCd0w3NXBuRjBhQlMwS1pXNzFWaUpCcGdvY0NaSGRjUW8ySVMtbjFMTEFZWHN5WmZHS3M2MkxDLVo1TTgxY3RvNU5ZNWlmVkhfVTYyZWhmMDNJZEY5V3N2LXhmYnRkZw?oc=5
2026-09-06,冷却・熱管理,,テーマ関連ニュース,⚪ 情報,10,Valeo and Calyos Revolutionize Thermal Management of Chips - valeo.com,"Tue, 09 Jun 2026 07:00:00 GMT",https://news.google.com/rss/articles/CBMi_gFBVV95cUxPc0J4VlVuN1VBTUZMZTl4eFJIV01kWkdvRnV4YjBLNUxIOTBGRHNmcTgyZTY5aFBhU2pMN2ZOX1V1RkRQd2FzeExSTTJ4b2p3OUt0dWkxclhza240MVFKa3lzallzQ19PWF9aOEh2dXpZbU5Ea25JSlhKcWt5eC15Q0tydWpreGdHZVJlemZCcHB0SUJnYjJ6bWtHN2Jxdy1pWmZKXzlwejJiejdWT1lhdUZYVHlXWTdtM3h1cUlJalpMQ1F6SmdZSWt3RE9MUk1iRS0wTDJTMW9hWVVrTXZtVlA2eGdEcXFid0QwU250NUs1Y2RVZ0xjMGdGN0lyUQ?oc=5
2026-09-06,AIデータセンター,,テーマ関連ニュース,⚪ 情報,10,SLB expands data center business with $4.1 billion Kelvion acquisition - World Oil,"Mon, 31 Aug 2026 16:44:44 GMT",https://news.google.com/rss/articles/CBMirwFBVV95cUxPalR6ZVN0Y2ZMV1RDOGE3WVJzc3B1Q04xWEp6dlllTE05bG1GOHlmdTNCOGFPVVh3VHk1SzhkZTR2S3dBajVjbFljRUY3dlpwMmphcW5zQ0tyOWVhdUwtdDB5UGZ2dWtoT2kxM1psYnBpaUdTSHkxOG1fWmlKUWdncDdpWDVMUmxrVVc3VVp3YWttcEE0QVIwTGJwMi1EYUU2aTNRdzQxY05hNWdwNjlB?oc=5
2026-09-06,AIデータセンター,,テーマ関連ニュース,⚪ 情報,10,Thermal management becoming inseparable from data center operations: Trane executive - facilitiesdive.com,"Tue, 12 May 2026 07:00:00 GMT",https://news.google.com/rss/articles/CBMiuAFBVV95cUxQWkFvN3NnRTQxU1VSUDNtd2FqNm5hLV9kWEpGcjJlZFpKOTUzdVVucVdpYXVId3A2RTFuaGhfWVRTbzJpWTNOWXlxTTA0NFJGNkZHX2gtcFlqem9fcFIyYllVbnJGaDV5RzBEb1AxOFU2ZWphb3lka3VINGhUbXktWU5fME90Qy1sZGQtTWUtZ3NJNGxnMHdSalNESFIxUTYxcmpEQkhuNmZWVFNHZndRSjE4RUlsS3VF?oc=5
2026-09-06,AIデータセンター,,テーマ関連ニュース,⚪ 情報,10,"Data center boom reshapes US metals industry, changing demand, supply flows indefinitely - fastmarkets.com","Thu, 27 Aug 2026 07:00:00 GMT",https://news.google.com/rss/articles/CBMiwgFBVV95cUxNb2RqNmhRTU5ucGtSbkM2b2lfSEdXcnVpYUFEY1VablpmVWU1NGZ2Uk8xRC1LX3pKeDd4LXE4OGxIU3J6N285MW5MWG54ckVBTUs1eW1wNEk3aWdKamMtY2RkbVUzUUF0Z051VDBNeTVKOExaVUNYb0xoQkVQTzRMRGcyWDlzRzR4QWdIcmw1QUtYa2F1alk2SXpNN3ZGQmxOTkRFeGJqWVl6MnJVUm81bDQ3SmxwSkV0QXZwcEhocUN1Zw?oc=5
2026-09-06,AIデータセンター,,テーマ関連ニュース,⚪ 情報,10,SLB Acquires Data Center Cooling Solutions Provider Kelvion from Apollo for $4 Billion - esgtoday.com,"Mon, 31 Aug 2026 17:00:08 GMT",https://news.google.com/rss/articles/CBMisAFBVV95cUxQUnFGcE5fbGFscVh0c3B2QlJEWk5XYmVrSnp1VVZtZzVsSkZEdGpZMEdWdzZTMzQxUmQycWZYVUU1SDBMYVVWeDViUG4xdVBMTjEzbDZQcUMtUEgwZmVUaFF0bkNRcUJTLUpVaE9lTHIxV21GWE5JMTJFbmkwUUE0YlptNVcxaVAzTndEd3cxMDI2cXQ3WGFRQnJCNHprTjk0blBEZW5CUjhMdzhIV0JTQQ?oc=5
2026-09-06,AIデータセンター,,テーマ関連ニュース,⚪ 情報,10,"Data Center Insulation Market Size, Forecasts Report 2026-2035 - Global Market Insights Inc.","Sat, 29 Aug 2026 07:00:00 GMT",https://news.google.com/rss/articles/CBMif0FVX3lxTE5ZT3dRb0dCcGM3ZXQ0bmF4QmhpUGlKRnlWRGJISXdhT0pqd3kxUkV5WkJ6NE9USjFKTXZ1OWNzalg5Tmc3SWhCazFyQjkza3ZFcWZGU2pqQ05taWsxQnRJblRqMW5FQklUUE9ISk5MSFd4MktQSkRiLW9zQ2NnaW8?oc=5
2026-09-06,AIデータセンター,,テーマ関連ニュース,⚪ 情報,10,Part 1: Driving Data Center Efficiency: How Alfa Laval Turns Heat Into Opportunity - Natural Refrigerants,"Wed, 22 Jul 2026 07:00:00 GMT",https://news.google.com/rss/articles/CBMiugFBVV95cUxNNW1KLVJtV1RBclg5S0RKeHNZZ0xhQWNBV1ZxdloyU2kwX3NEYV9IQ1RrNDMzVFFxUFYwY0x1a3BsWjJZbm0weklWOUtlZDQ2bkd5QUgyQm56MzJZVkoyRENHZWVuRGd3NXJYZ3g5S201dHBLLURqVWhxTWxUd1g5WkNkZEo5WGctUnQ0TEtwbVJhYWV5Rk95blRBLTJRX1VBQ1BTNHh3NHVIUTc0UElFSjNyR2pEODEtRUE?oc=5
2026-09-06,AIデータセンター,,テーマ関連ニュース,⚪ 情報,10,Data Center Heat Exchangers Market Report 2026-2032 [300 Pages & 250 Tables] - marketsandmarkets.com,"Fri, 26 Jun 2026 09:34:28 GMT",https://news.google.com/rss/articles/CBMinwFBVV95cUxPYXVGVnZVOVNPMXZpai1YM25fWUFCTUpBSk1DV0ZSd1g5TjNkUlR5Q0Mtb2FJSjN3OVl4ODN0RHZkMHB0N2REMWlHTmNKeHFFcHdON2VlcmNtTzd4WmQxaDU0TnVSMXBrQWN3ZWVSTkJhQVBmd0VnTmRVSnBRM0xyYmx4SUd1M2JXaTJhNklyUGw5Mms3RDhTTDNVeldpX28?oc=5
2026-09-06,AIデータセンター,,テーマ関連ニュース,⚪ 情報,10,SLB Pays $3.4 Billion for Kelvion to Solve AI Data Centers' Cooling Problem - Startup Fortune,"Mon, 31 Aug 2026 12:05:26 GMT",https://news.google.com/rss/articles/CBMiogFBVV95cUxNNlZaNktvZ1ZTTkJLanZFU2pyTVRabVhfVW9QdXMwNU9yUTJFSVhhQ09KUERHOC1FOUdsaklLUXRNZjhlNm5zekFDdGFaZFRkSXBhbGlhYV94WXJRQW1RbU1lMDZPYjN5X1pzeUVUMVg3Q0NfMjZLdUNFY3BLRlRIYnZKM0hoTktBbXFKbVhLNHQyZy12SG9Td2RRQUhiQUd6UHc?oc=5
2026-09-06,AIデータセンター,,テーマ関連ニュース,⚪ 情報,10,Data Center Heat Exchanger Market Size | Growth Report 2035 - Global Market Insights Inc.,"Mon, 23 Feb 2026 06:13:23 GMT",https://news.google.com/rss/articles/CBMihAFBVV95cUxNVkJDUjBfbFhNYlR6UjJhaG5YdTdLaFFaU0xELXhtZUY2MW83R19mRTNFVW9MYWx2ZE04ZUgzWnpTci1DdHp0OHBNS2IxT2dzMUhiMm8zaXpfd0ZqMENPSF9yYndxQmk0enVYTEF0NjdCUkdQeUtZN2o5QzJZUlpHQW1Hbk8?oc=5
2026-09-06,AIデータセンター,,テーマ関連ニュース,⚪ 情報,10,"Tech Explainer: Data Center Cooling - Air, Evaporative, Liquid, and Hybrid Approaches - Data Center Frontier","Mon, 20 Jul 2026 07:00:00 GMT",https://news.google.com/rss/articles/CBMi1gFBVV95cUxOTFhIWFhxcWs2MXJ3WmlaeUh1Ry0zV3pQX2R5NkZRRzB3cS1paGZ1T2ZpVUhxcGlLcTNUb0Y4MDRIU2VVeXdFbUxJSmhKS19oVWdFaXk5U251Unk5dlJSTzBtVHFUSGRCREtESDYxeWRsT2hwcWlKdjZpQS02eGxYVEVsckthNDNOYlFqcU5BaGpDWXRzUW1HV0RzTkNXcFp5UG9JX0RxMDFiTExGUi1pbEJOSVQ0SFVOS1VUNlNENkNyWXNGaEhoTHplRnlEUVRha1luS1pB?oc=5
2026-09-06,AIデータセンター,,テーマ関連ニュース,⚪ 情報,10,"Data Center Heat Exchangers Market to Reach USD 14.40 Billion by 2032, Growing at a CAGR of 11.1% — MarketsandMarkets™ - Yahoo Finance","Fri, 14 Aug 2026 07:00:00 GMT",https://news.google.com/rss/articles/CBMimwFBVV95cUxQT19YVVA4SzB0ZnI3b1dtZDJkcUZ0NEkxY0h0MTR6Z1kzLXFJMTJKZDl6eGdVTHFibWpCVFV4TmFnVEE0aVJaTEtqOVgtclJMcXdvOEE4SllXR05wTVZtOFdhU1IyUnppQ0hOcmtIREFRU2Y2Z1lHMndhMUszRGNmN3VCUk1IWTFCbVM5SFdTUU5zSTBMcDVDY3NQNA?oc=5
2026-09-06,冷却・熱管理,,テーマ関連ニュース,⚪ 情報,10,Supermicro Expands End-to-End DCBBS Liquid Cooling Portfolio with Rear Door Heat Exchangers for High-Density AI and HPC Infrastructure - Supermicro,"Wed, 15 Jul 2026 07:00:00 GMT",https://news.google.com/rss/articles/CBMixgFBVV95cUxPT3NKMktyaElCQW1QNnlKSlZ2bjZCRzl1UlF5VUx3TkpRLUtmRXppM1lzUDBoSWtRc3UtbEFmQmdRbGl1MndROWprRHk3WTdIdmtPWlV4QUdYcjR5bXY1R1Q0MGtlSF9ZQ1pFQXJrb083OTlhZkktTnA3ckZPY0dPLVpyNW1Uek5VcWZHNlBheEJRa01Xbk93S3NuNWpjSlZPY1RYYlhld0VYZW1RcjJpQVptVk5XRzk1TlU0MXFSNjEtVFRPSGc?oc=5
2026-09-06,AIデータセンター,,テーマ関連ニュース,⚪ 情報,10,Data Center Heat Exchangers Market worth $14.40 billion by 2032 - Exclusive Report by MarketsandMarkets™ - PR Newswire,"Thu, 02 Jul 2026 07:00:00 GMT",https://news.google.com/rss/articles/CBMi7wFBVV95cUxQbkNuWXhqemhzOE1EZXd0TGRwekpFT3VVc1B2dVBwY24tcFdwQXo0R0FObXExYndiZk9LWlRjS0F2TVF3X2d3ZFpCdVN1R05SXzUzZzhVOEo2Y3hkUjRzck1zMzUwMHp4d0VHZlU3LTd4YnhWcjJGTlJVdW5jbHdiSzc5QVlNdWEydHdhYUg4TWJkUkNld0dWMGIzbnFIdzRUZHBsVlQzVVlEaVVuRWFCQUt4bENkMFJ3TVVUdFVtYjZ1WGktRmZ4MFlXbnU5SlYtMnUxYnRydzRGYWh1YmVwT0ljUVZ6aktsUkx1cnd1OA?oc=5
2026-09-06,AIデータセンター,,テーマ関連ニュース,⚪ 情報,10,Part 2: Driving Data Center Efficiency: How Alfa Laval Turns Heat Into Opportunity - Natural Refrigerants,"Tue, 04 Aug 2026 07:00:00 GMT",https://news.google.com/rss/articles/CBMiugFBVV95cUxNN2twNWQ0cTc1Y09vQ3pVT1NtU21LNGdlbW1XX2tZXzRqeDhxNFB3QUxaN0FVM1pabW1lREdLOVlJODJQczQ4Z0xtZC1mVDBUQzZXZ1p2MVVNTW50ZE00WFdUMUVOUllYN0p5bmR3QnpiZG43MU9kQjhlUDdXNGRkQVJ2c1BidmFPc0JqUUVzUG9QdmlreE1HdXNYaWZrYmI1MGZub18xNlNwSXl6Qld4ekFXRXQ2VmllT3c?oc=5
2026-09-06,AIデータセンター,,テーマ関連ニュース,⚪ 情報,10,AWS in-row heat exchanger to reduce water use by 9% over evaporative air-cooled data centers - Data Center Dynamics,"Thu, 02 Jul 2026 07:00:00 GMT",https://news.google.com/rss/articles/CBMi0AFBVV95cUxNRVhsbVFSX1pHc2M0RDRFNS15cUo2aDZUaU1JbWpiMURUenRpWE5aQ250SGllSDlKdDExdDVzejhMRlM3SjBwQVZ0dzF0LTcyLTlKVnVhWmExNkFMUVBvNm9JUE9qd1BxeGY1eHJHbno0RmxNTTlqVVcyT2habzhYanRVMlBtNzZUcHVoalRhWHJiaWFabFRrUU5TZzFYX3Focm8yNEV3UlhUbWNZQlBnZEw2dlhfZ2ZYMjJUX1ZfSTdKblphbnZXOU8tM3MxTzM3?oc=5
2026-09-06,AIデータセンター,,テーマ関連ニュース,⚪ 情報,10,Part 1: SWEP Brazed Plate Heat Exchangers Turn Data Center Waste Heat Into Energy - Natural Refrigerants,"Thu, 02 Apr 2026 07:00:00 GMT",https://news.google.com/rss/articles/CBMiugFBVV95cUxOb19ZRDQxNnV1OEVJVTNmZlFzeTEwcnVIbmNTeDM0QVd1ZGN5UG1LZ29iQnhIV1VVbGRrNWQ1eURrMGJSaElNS3FhaHR5Y2hiVEhfRFhaSXZabmZDMVlYQlhONTVaMWFHaTc3RFF6bDRCeWdjUkQydF94UE0yT2pRT0p3Zm1lWVNjeUNPR3JvdXJKSjVLb01CM3BqbktIYXl0QjZrZ1hQYkwzZ1QxRUZTOFBBWG5YdEN3dlE?oc=5
2026-09-06,AIデータセンター,,テーマ関連ニュース,⚪ 情報,10,Ohio should make data centers bring their own power | Opinion - Cincinnati Enquirer,"Fri, 04 Sep 2026 04:02:00 GMT",https://news.google.com/rss/articles/CBMizwFBVV95cUxNYmVHSzE2Y2Fzd0dyQ3FnSktWX1JzdXR6cTJ0cEM5eFRCMXYyRlFLTEZjVnFrR1Zoa3BJVEJhUmtYbW1MaEVhakIxX0oxeVdic1FkSGtZM1dQaWJWWUNyd3pkeWlVcVlETWNEREJZOW1lbmNVQ09tbjY5b213XzFyQVljYU9RQ3N2cnhoNzByQ2hPRUJZdWpOMzlqTGRRWHdNNVdvbWZ0cS15YTJROTlfMFFybHdSRzZMN29OMWcxOXo3SG4tRWE3SWkxSDE5Zkk?oc=5
2026-09-06,AIデータセンター,,テーマ関連ニュース,⚪ 情報,10,US electric co-ops call EPA gas plant rule 'untenable' as data center demand surges - Yahoo,"Sun, 06 Sep 2026 16:12:00 GMT",https://news.google.com/rss/articles/CBMiiwFBVV95cUxNWFJXSXNGVzZON1RWNnhjM3B6aFg2Z090c0dCSF9iZ0lJUWVEem1XcmZKcWp0NVhxOFhzMWF0eUJpM1pNSU8wMGxPYmdQT0wzWU96NWdyMHV1WXlMNnJVZE5jRnFUNS1wVk55QUlWdDBwODZTX2lkUHpLRDh3NE9CQ3p5aGZYYVJReDN3?oc=5
2026-09-06,AIデータセンター,,テーマ関連ニュース,⚪ 情報,10,Opinion: The Lehigh Valley has two reasons to change how we get electricity: Flash flooding and data centers - The Morning Call,"Sat, 05 Sep 2026 11:31:57 GMT",https://news.google.com/rss/articles/CBMi1wFBVV95cUxNa0lsWXo2NkEzaHNoYkpVQVBlcHZ4eXQyeS1XbUU1Vnk0bnh1TW9ra2Jkci1QWkhkVHFDWGJ3X3BKanFEU3RSendkbkd2N05zeng0RXp0TXBoeExaZUdWOHFBXzBEQzY3V2hGclpmZ1RPb0ppR0JpQ3ltcTdXMnYtZGhoeTdoTGk0djNzM25NS0lMeU5ISnhJbUVVdmhxZkV0ejVtUWl4VjJJLUtmN1JHMFUzTHR0NTZ6ZnRaeTZXV3MwMWFkQ2VhZ19oa1VjMGRGYUYyTFc0RQ?oc=5
2026-09-06,AIデータセンター,,テーマ関連ニュース,⚪ 情報,10,Data center planning for local and state policymakers - pv magazine USA,"Fri, 04 Sep 2026 14:24:32 GMT",https://news.google.com/rss/articles/CBMimAFBVV95cUxPWGxiNTB0RDZsMVhVMV9CY0FsaXpVbjVUT1M0N3hDaXNUQkRNQXA0SWc4ZUhWTkZXOHN5QkN2enpuTHk2U0lfY1lxNUpKZW9wV2tKM3BwYi1RTC1iRkw2bTZPOUVvOEY5UENlRUE3anBkQTA1clg5dzFXdXN0RDNOV3pyWXBaZ24yTGZ2eE5HN0gtanJfVXZETQ?oc=5
2026-09-06,AIデータセンター,,テーマ関連ニュース,⚪ 情報,10,AI Data Center Boom Pushes U.S. Power Equipment to the Breaking Point - oilprice.com,"Thu, 03 Sep 2026 22:00:00 GMT",https://news.google.com/rss/articles/CBMitgFBVV95cUxQYWo3TWhZb0ZCT3VndS1HdGx5TF9jcXNfR1BnTHR2ZHppYVVBdDk5elBWUThTc1lma3BNRGZVMnROR1dFNlkxV0JGdTY5RlY2b1BTeG5oTTlvOVVOdkUzTWxtZXRBRm1UVzdzVk5UWXBJa1JTZGVuOWZ2LWd5NUhOUktUVmpOeGhkX2YtaEJtc2VFWFlkWjBObTc2NS0wMFNydV9OZnV3REp5VEdJaXRXRW9mN3NLQdIBuwFBVV95cUxOcFVxalZvTk9Zc0k5VUxaMXpKZl8zY0dHWFdvNTlveWFsR1dZTHczVE4yZV9GRHhPRjNrVlh3N1oyTHlYUjUwQzNOTWxOSnhDSFR0WVV6LTA2SmhpLWwzSlEwQ3RQVHJsbEQtTFFKRmw2XzdsS1R3c052c24tSUR4WmtiWERZdkZCNG1lYzZYeERpSE4zejVmTUozOEN2eEJMM2NjcVdpUjlwUjVUYV9YZlY1a1o3MzRORXFR?oc=5
2026-09-06,AIデータセンター,,テーマ関連ニュース,⚪ 情報,10,In Focus: Data Centers and Electricity Prices - Resources Magazine,"Fri, 04 Sep 2026 17:51:08 GMT",https://news.google.com/rss/articles/CBMihwFBVV95cUxObFp2Sy1acHQ0T0hOQWlOZG43LVM5VnYxRDF6djBrNjFQT19FX2VMd09UcnU0aVI0SmFFaDRKbFA0dUZkelR1Wjh3RWZocjBleXZHeWRpRlBYSk92dWVZRUFZVzJrX2dZZjlGTWlqN2xBMmlPVHdVVUU0SGFsQktLRHJROFVJLUE?oc=5
2026-09-06,AIデータセンター,,テーマ関連ニュース,⚪ 情報,10,"Dallas enters the data center debate, but Texas should weigh in - dallasnews.com","Sun, 06 Sep 2026 10:32:57 GMT",https://news.google.com/rss/articles/CBMitwFBVV95cUxQZURBZTVYMkZ1aVNyZXVhX1F0Q2N3dXRDc1JRbnRVc2V3NDV1b0ZVTVVUYVdpRHhmam02VVdPdXdKV2xIODNOY01ocUVWdm9tZWZzYmJTc1I4ZmJJRkc3bzRYWkFVc2lxWDRGYkdoNERGY1VVQXUwWFhacDZ0bUZsS0FDNHFtNlJSZVcwOFNaclpnbVJKeS1BR1pfajhwUVpwZktPSmpKd0UxZDRjUGNkSXJ2SWI1UW8?oc=5
2026-09-06,AIデータセンター,,テーマ関連ニュース,⚪ 情報,10,National security expert warns of power grid vulnerability due to strain from data centers - NBC4 Washington,"Tue, 01 Sep 2026 23:41:41 GMT",https://news.google.com/rss/articles/CBMi7wFBVV95cUxPSGZBTUdIc2k2cGZ2enBvUHQxRlM2OUxRWnpGNzZ3VUNGcGZ2cnlPb0VOaUptV3FGTXBqMTVjOW91eWRpanJSeEJpODd4cElWQ3AwaVF4dmFuaVVQWHpzTWNJZWRjLWZiblRUa1NENHN2VDBQVWtydHZrb09wVjFEbmdnUmZPRzlaNFR2Qlp5Tm1mSDYxX3BFWnE3YlE2U3h0MDU0aWM3anNnb19TYVRsRGJiYzdBbFI4VkdqbzB5TktoUm9aS254V0t2YkdPV3FqN294OW1SaVN6SUxObGdoUUVURDhsMkxMcXAyVkFYQdIB9wFBVV95cUxOVFlCUHFySFRFT1FMMVRqeDVXNWNEUE4tbmVKanpSQ1lJTWlrUWVQSDBpY1BqbkNKS0l6UGZtU3V5VWFkYVZoZVFrWWNOa1ZHeC05Y0Nrak9nbXBQdUl4WlM4MTNMb3BwYnpVZm1leGJRR0xIYU5FZXRqOVE0dGtDRUJGdFVJVnRxQWNqS1RTNzREUTJJeWtNX0hNOWZhcVpwVGx6QzYzRGJQdFFxRE85UC1YUTFOR2d0NU9KQzVVZVhIX3h2RDVHbHpaaktON0JsTGlFUWJVbWdmMVY4R1ZfelVBUHdNWWZxREFoLUtRWUZ5REFGdl9r?oc=5
2026-09-06,AIデータセンター,,テーマ関連ニュース,⚪ 情報,10,The UK Power Grid Has a Phantom Data Center Problem - WIRED,"Thu, 27 Aug 2026 07:00:00 GMT",https://news.google.com/rss/articles/CBMieEFVX3lxTFB2TXpLZnVkWWtwY2NJSkIyWEdJYVNBVmpoTHEzTHBlbGdUeVZ1OFVnV01iaDdVN19VSHRqT3ZKVllOa0RpTnJNdURIenQxTVcxb29XazhELU91YlZIX1V1dmlIZ21YVTI5QUt6NUtFaF83cVdyUHBjVQ?oc=5
2026-09-06,AIデータセンター,,テーマ関連ニュース,⚪ 情報,10,All the latest updates on AI data centers - The Verge,"Wed, 02 Sep 2026 10:00:01 GMT",https://news.google.com/rss/articles/CBMiqAFBVV95cUxOb0UxRGMyQ3VLZ1hCY2U3dVVzZnYyX1FZSGJ6OElGOFZ3amc1NnY2Z3Fhb2NIcUp4UFNQNTBQZ3RPa2RiaGEtYWROcHpadFpCV244Nng2VDZuOTBMZDNwdHR3ajl4RXhSSEFjSUZQMVlFd25GSXNZWHZxaVpJYXN0VFJSYUtwcWpOc1huZENJSTRjTlJtTUN3RXh4WFgxRkhOZnBLNVFwSHc?oc=5
2026-09-06,AIデータセンター,,テーマ関連ニュース,⚪ 情報,10,"Who works for whom? Ohio man’s podcast explores data centers, AI. - Ohio Capital Journal","Thu, 03 Sep 2026 08:18:37 GMT",https://news.google.com/rss/articles/CBMipwFBVV95cUxNMmNfd1NwaDhCR3ZrTnBWZlhRQk8zb3dVaTRzbmJyZE5qMkh5SVdHLVgzMlg0TXl4bENZSjdhbXNRUVc2MEU2T0NOOGlKbDJFTXR3NU9iWkswRDBkRVFIVW5aWVFOV0FMaUlYbkd5Y3ZUYVZUcUMxWDZqZi1yTkgzOTk3b0RiODAxcmxLQTVQUm9JN2ZMbFN6LWs0STlpQ2ZLalVnRXhqQQ?oc=5
2026-09-06,AIデータセンター,,テーマ関連ニュース,⚪ 情報,10,"Unwelcome neighbors? Data centers concerns grow over energy use, utility costs - Diocese of Scranton","Thu, 03 Sep 2026 14:16:44 GMT",https://news.google.com/rss/articles/CBMisAFBVV95cUxPcy1BNFJBYWJKYktPUnk0Z2lMVDBocTVDSGJwVWloYWQ4TlctSnQ4YmNmS0hqaHRhTWRxRUpsM1hvZEZLd3QtRzBDa1AzdmMtYlN0bHUxQ09lWl9LQWowMmlTTFdhV0hFTlFfUzAwT0dfU2tMelJtQ0VTbXVHRTFUT2xmMVltVFRtRXdCZlpBUDQ5X1dRR2hhNGFnQ3RzdTBtWFNBanVJWVpyYUVjRlpDZA?oc=5
2026-09-06,AIデータセンター,,テーマ関連ニュース,⚪ 情報,10,Global Crackdown on Phantom Power Demand from Data Centers - 조선일보,"Sun, 06 Sep 2026 15:38:03 GMT",https://news.google.com/rss/articles/CBMijgFBVV95cUxQQmpYbHptV0hFN3cyM0VHODZYczlwcHZuMi1yNGlJR1JwY3lhVHRQbkVLT05BN1paUjhwSUNtMUhzWThwbkF0UEJtdUk0V0d4ZmNKVFF5ZTFvTUpuMXNCSmtnZ1NNUU56ek5VSk9LcDF6VFdTUjBNdmdMTGJlNDZ1U2ZXV2lwSk1DMENEREJR?oc=5
2026-09-06,AIデータセンター,,テーマ関連ニュース,⚪ 情報,10,"WV NAACP demands moratorium on data centers, microgrids; Opposes HB 2014 - The Real WV","Sun, 06 Sep 2026 09:47:35 GMT",https://news.google.com/rss/articles/CBMipwFBVV95cUxOaWk4Q0hQdnRZbUJxZTNqRmVEUW1VeV9tQUVqWlFhTlhwaUxWRXBWZmRHYkc3Sm55Skpwd0x6RGI5WksxRHdJRGxHd1FkTkZkWnVoei1XWk5EY19udDZnUjFUUUo5NUQzckVIeWs5OERvTVU4ckFoRmFrNFl1Q09rLWJZNFRacms2VG1zR1pxQWFyanZQdmhmME40R0NRelpTSWltUXprOA?oc=5
2026-09-06,AIデータセンター,,テーマ関連ニュース,⚪ 情報,10,Tax relief or environmental threat? Bow residents divided over possible data center - Concord Monitor,"Fri, 04 Sep 2026 18:52:55 GMT",https://news.google.com/rss/articles/CBMiwwFBVV95cUxPZnNpZXBlZlZJUVZyLTJqeWxZSEZ0bVFCYTNlSnBzVHdTS1hIV2V2Q0x4cUZDQjhuN1RRVVpvLWJQZW11VFpLMjZRSXRtaTVFRnJQZ1BhNllXX2JvZVBCdWJQQW9OMWlWTEFMWGJHb2xtdlRKUzVjQVBwR1J1dEZaOVc4bkp3NnVtbnJRM1RIWW1NcE9RS1BsM292c2llMzJVZkY0WVI3REJINk5JczRESTZURzhvd0dPV1RpSDJ1eHQ0QkU?oc=5
2026-09-06,AIデータセンター,,テーマ関連ニュース,⚪ 情報,10,Data Centers Can Strengthen the Grid and Lower Bills - RTO Insider,"Thu, 03 Sep 2026 22:04:25 GMT",https://news.google.com/rss/articles/CBMihgFBVV95cUxNZElBQ1NuMFd6QkRSSGN1YnRsQm5CTmVsLVl2Q3Q5SW9HaWFnWHY3b0lfLVJtdlBWZGF2NGxSTGdtdHRjR0NfSDVCZDhzektGdWtEakQzUzg2d01hdGdsb2J5MHpTTXprejNfMnpSQmVPSnpSS1gtd1F5dUVEX3otSjY5Z3FZZw?oc=5
2026-09-06,AIデータセンター,,テーマ関連ニュース,⚪ 情報,10,3 Utility Stocks Tied To Long Term AI Data Center Power Deals - simplywall.st,"Sun, 06 Sep 2026 12:21:04 GMT",https://news.google.com/rss/articles/CBMivAFBVV95cUxNcjg1M1R2X0ZFRWxDZDZQYjBRNWpVRWRhcV9mN3M1SWZ4MTBUQ2ZnUlBSYVFJRTB2SFBWVXU1X0VzRUc3X3ptV1B6ZkEwc2p1UTRKcG1sZzdnQkhITlJIRmYycGg2c0FQbWlnZ1E4M0Z6N0k1akRzenNTczB1V3NKR1dXQU5LcV9SMGM5aERTNUpneGdKSGxDVzdVblZyVTBJTFFsUkQ3RHJuTXhBZ1VscnQ3SU5kWUdESDV5UdIBwgFBVV95cUxNTDFZczQzbjBJX002eXRrUTZBeFRSckJMbFZNMGNzNGhYSm1kUkFOMXhhRUttU1hobjJIb1JQdGJGSzNuUkFwNmlIbUE3dlRGaFBBR1ozaHpQNWQ0d2xGZXUwQlpMY21FMS1hbFhoX09IejlGd18tNEladDBLZXBEVFliTV92amt3N3I4YnBHZ3NDYVJuSWJ6V2ZNY3dEMUJEU1B0VGM4ekZENlJZblI3SkZ1WWY0V3VUM1cxYVFsR0t2Zw?oc=5
2026-09-06,AIデータセンター,,テーマ関連ニュース,⚪ 情報,10,The evolution of data center energy: storage and orchestration - Latitude Media,"Wed, 02 Sep 2026 03:27:38 GMT",https://news.google.com/rss/articles/CBMioAFBVV95cUxNRGVHeU5IQ01GaFowaWEzY09kY3BPU1dDMjIzZmpleXNxVk96ZEdPNlc3cmRuQjNxVW9GOEQxNHlvQTVuM3NranctUF9qbDBfVkt6Ulp1a1Fvc3ZxdkVTZDVyUEhOQXVQNmtacWZkNFhvUDhDemV6eHNvTkY5RnpYZzJQQUVSY2l3V3hRWWI1YU5hcWZZTGxVOV9rNjlBYXI4?oc=5
2026-09-06,AIデータセンター,,テーマ関連ニュース,⚪ 情報,10,Data Centers are Helping Fuel a U.S. Battery Boom - e360.yale.edu,"Wed, 02 Sep 2026 13:49:15 GMT",https://news.google.com/rss/articles/CBMiaEFVX3lxTE5td2ZnUDhIS0ZuV3docUI0R3VVQ3NsZEFEWTFYTThJZEh3TmdvZDFzNHpsU2hfY3ZJSzJ6T0N5OERJcW9UY3E3RnFLbWlORHIyMmt0cTZSWG9oc3M4MFRIdXFlcDJ5UmZF?oc=5
2026-09-06,AIデータセンター,,テーマ関連ニュース,⚪ 情報,10,Battery storage projects advance in West Valley as data center demand surges - The Business Journals,"Wed, 02 Sep 2026 21:25:00 GMT",https://news.google.com/rss/articles/CBMiqAFBVV95cUxNQlVFNzhaaDVYX0JJZzVaXzFNODRxM2ZXdWZjd29EQ0Y3QWVXN3hzekpvM1djd2ttVVk5aTJ1d05hSG11MWF5THdzUk51VmZWOFZXa3h1dTRfLTRpeS14ZVI0SkJHVW1jb3dJUjN0Qm9JX2l2dldCR2FMTlBMcEx1blpVVmxCeGhoZ19zUWdxc3pwUG92NDRfa0wyNV9KS01lVXZZZnVIVkc?oc=5
2026-09-06,AIデータセンター,,テーマ関連ニュース,⚪ 情報,10,This Energy Storage Stock Jumps on Deal to Power Google Data Centers - barrons.com,"Wed, 02 Sep 2026 18:54:00 GMT",https://news.google.com/rss/articles/CBMif0FVX3lxTE9vck5ITzFvYUNTcEU2VGhjNkJSWkZxT3Zkb2JwYnJieDZTaE5SYmcyQUhuNkNVRENISjdqd19YbF82MU04NV9FanhFa1JYWnJXUWt0SXczdHdaYWppQ3FGSzlQZlA5aTNidWs5ZUFFTFVOcml6SkpuRjRHejdjbms?oc=5
2026-09-06,電力・蓄電,,テーマ関連ニュース,⚪ 情報,10,Cal Poly Pomona Faculty Collaborate on Thermal Energy Storage for Food Drying - Cal Poly Pomona,"Sat, 05 Sep 2026 02:25:56 GMT",https://news.google.com/rss/articles/CBMiygFBVV95cUxNX00zd3VWUzNlejh0M2VaUUtVOXNZTlg1VTFRckc5WjVsUGtWdzZXRWJ6WFZ6eVQxbVAzSlFaYzU0YU91SjVkX19PRXIzLWw5OGh4aEJWQlFGdkhqdVRDQUZSWmdOSlFpUTh1UVBTTDJhZWVoeXc0WlVPUHc1V2x6enp4QVhrOEpQRDFiRk1XY3lJRGRmYUQ1MVpTR1ZkWmowLVc2dGgxemVWRUhNT1VuejdrekF6SGVHaGNMemg5UmpTWFpjSXF1RFJB?oc=5
2026-09-06,AIデータセンター,,テーマ関連ニュース,⚪ 情報,10,Automakers enter energy storage business as data centers face backlash - The Detroit News,"Thu, 27 Aug 2026 07:00:00 GMT",https://news.google.com/rss/articles/CBMi2AFBVV95cUxNRHM5U2s2cDl4ZkRtcmYwUUVKVWZLSVFWVmliQm5rOVU0Q2VuNjVwbmtsM1htOTBUU01GTWd1RkprQU1nTnBZZnMzZ0ZoblRueW5nNjZLU1hSZDFpY1JuNllxOFJucFB5SUJxU09GZUdZUjRNSXhQd3hvVmZsSkxGTkpHNnpKZ0dGUDJoOERxT2IyY0dIbjdaOE1xbGV1b1hZZHhlOEJLbDFJZFhzcXItWjFlSENDdV91UXV2TUFCYjN2YlNaMnhlb3BYaWdBVFlFMmJQbG1wSlc?oc=5
2026-09-06,AIデータセンター,,テーマ関連ニュース,⚪ 情報,10,"Salem Lakes adopts zoning ordinance on battery energy storage systems, solar energy systems and data centers - West of the I","Sat, 05 Sep 2026 17:09:48 GMT",https://news.google.com/rss/articles/CBMi5wFBVV95cUxNNlpfRVhZc19OZ2k0YlNkM2ZPQlRJV0tjcmdzRnhNZEUtX2lycjhTa1o5SGFKd3RwUHVIaHBsOWpzeWJrYkZJQmg5Ukpla1lWRnZwVENicFB1cno5M0U2bTVhQ1hGSEgwaTNkT3NCTmVFQnJoX1BIbW9VdExwY19veEFXVDRUMFFMX1NUYXpXTnd6a29Wc0g5dmY0dmozWEFENUtubjgzN3JsYndIOW5RYUNEVW9OZ2ktM3Y0SUtyaGRLMHprZTRRbkFjRVV3ak1DN2x4bnY5TnNRUWxBSUhUUlY3UWh5TG8?oc=5
2026-09-06,AIデータセンター,,テーマ関連ニュース,⚪ 情報,10,From Coal Mine to Clean Energy Hub - Data Center Richness | Substack,"Fri, 04 Sep 2026 15:53:03 GMT",https://news.google.com/rss/articles/CBMiggFBVV95cUxQaGp2TXRzT0diQkxBNXdWNDA2NnVYUGtrUnNKTHdjYzQtOE1sbHdPelAxaVVWSF9NNVFWVFY0ZjByei1talpZM281WGZzSXBxMUtUWGFwcjFTZXNsU3RvYWxxRzZ3QUZibDJJbV9yY3F6SWZNRTJLOVhpMlVXbjhtdS13?oc=5
2026-09-06,AIデータセンター,,テーマ関連ニュース,⚪ 情報,10,Sacramento company develops clean energy technology for AI data centers - KCRA,"Sat, 05 Sep 2026 01:45:00 GMT",https://news.google.com/rss/articles/CBMilAFBVV95cUxORk53SHhISTVkeGlDYUpnYzBpaXYzRlJRRzZiRVdwSTFPaUNSbGp4UnJJZmxwdFZWOVpKa3QtMkYxWWZFZWJVTnRjb0FlSW9FaFBlT3o0Vmt1RnhIRUxLSFZRVDE3Y1I0ZkJPd2JhZE1QMjBoNTNFODhxeWJ6UXRDR3ZyVGpSV3dncGZPRmNrSkp5OXF4?oc=5
2026-09-06,AIデータセンター,,テーマ関連ニュース,⚪ 情報,10,"Morgan Hill declares moratorium on data centers, battery storage sites - Morgan Hill Times","Wed, 02 Sep 2026 00:09:56 GMT",https://news.google.com/rss/articles/CBMinwFBVV95cUxNYk9ZNWUzS3djYmJhYUNwcUJZd0VVdGNzQVhJTlNTRjRNMXBXRF9wOVBxRDBhSEE2T1dIM0VmLVlyLVo4dFVaTVFWMHZYY3dYQnN3Rm9vM3k3T0FxZzVGb2p6NXpWRnliTHRBSk9XakVXdXFZMXp2bDQzbVdnYzk2Vk01VkJoZVhob2UzSmVidTZ6Si1jNENIZmFKcFRUOGs?oc=5
2026-09-06,AIデータセンター,,テーマ関連ニュース,⚪ 情報,10,Italy accelerates AI data center with hybrid power - inspenet.com,"Sat, 05 Sep 2026 19:00:00 GMT",https://news.google.com/rss/articles/CBMigAFBVV95cUxPX0dHbEgtTTkzWW1XdWpGY1g0MmZzRW1WV0xnSmQwN2RjdWJiSGNuNERoQ0VuZ0ZiYmFYYTM2Q25PTnhFcm8zRjU0cl96N3ZSTExkMTMtcVpzZGNuVHlLRWdCUjZnU21zbFRiRnNPVlRKOVVqZ1NfRFNoRFdISHR0cQ?oc=5
2026-09-06,AIデータセンター,,テーマ関連ニュース,⚪ 情報,10,ZincFive’s Liz Wallace to Discuss Data Center Battery Storage Strategy at DCD Connect London - citybiz,"Wed, 02 Sep 2026 14:03:27 GMT",https://news.google.com/rss/articles/CBMiygFBVV95cUxNN3MzUm41UjhYNFpraWNvNTN6aTgtanJQclJJZGVTR3ZfRkpwMUdNWklnOXF1SDJKZnp4M0R4VEFDbjBzTm94Z1B1eVBkUk1WY2xfQ3hFcUI5NlJWU2pQX3ZGOVI3cURsYnZ3TUVTTnVCVEViZzVhVmFaNzNkSWxqZUJnZWN3RkVTUk9KejQxa1Y3eFNYWDNEalNnRzBaNThENGE1N0JVcU5pWFZZblBpYU5NWUFiTGp2bWhucURFNVpUejdiUUJFZVF3?oc=5
2026-09-06,AIデータセンター,,テーマ関連ニュース,⚪ 情報,10,"Not-for-profit utilities turn to energy storage as data centers drive cost, reliability concerns - Utility Dive","Tue, 09 Jun 2026 07:00:00 GMT",https://news.google.com/rss/articles/CBMitgFBVV95cUxPTkhmbVFObWJHU0pPY2wtRGp5M3I1b2pDTkY5TllVbFJJbDl6b1FUMTdGb04ybUFDSXVMbXB6dlVzZ3VqZmNsdjROckdNS1BUN2pwN0JNWFFUZzByeERyV0lvS05kRGFWczhoOUktUGhWbnlveWczU1dmRnhTZWszUXJ5a0J2WDN2Rm5fVGtzVk0tSzR3NTBVZlltUm02SGN5b0RqU0h5dkswRC0xMlhQc3M0WmhTUQ?oc=5
2026-09-06,AIデータセンター,,テーマ関連ニュース,⚪ 情報,10,Building clean power for data centers in a gas-obsessed market - Latitude Media,"Fri, 04 Sep 2026 17:29:56 GMT",https://news.google.com/rss/articles/CBMinwFBVV95cUxNVnNSNmxSYW9OcFRoc255Ym9leXN0Q0tmbXRGSjZ5ekZfenZfbmNBcUhnZ21tNzAyRnB6aHlpeWlWT1FkVXBhS2hjd0FZSGc3LXIzU3djT0dTRzhMQkZOWDRobXlrLWpHcFk5OGpucDRIbU9IWkFlcnNGdzVVdzFKVUdKUXRlRjh2MmdEdm1nYUJCMTBKUHl3MmpmOHB0Qmc?oc=5
2026-09-06,AIデータセンター,,テーマ関連ニュース,⚪ 情報,10,Rancho Cordova battery tech company targets AI data centers with ultracapacitor system - The Business Journals,"Tue, 01 Sep 2026 21:58:00 GMT",https://news.google.com/rss/articles/CBMiiAFBVV95cUxPcFU2THFrSHU1Z0lscnJHTWNMSWxOVGd6VHFuQ0todkg3bkZhNmdaa09lOUJkOVRwNEhHcVdMMFhoWW9veFhMalRkeHNwa3hZaWtOckd6bkdWYnd5ZjBWU2J4NV94YWZBZDR5MFNKNWdGTG1uMkp0SkR6LXpldXVIaFVPQmNCLXRa?oc=5
2026-09-06,AIデータセンター,,テーマ関連ニュース,⚪ 情報,10,Data Center M&A is Popping Off - Data Center Richness | Substack,"Sat, 05 Sep 2026 11:10:45 GMT",https://news.google.com/rss/articles/CBMiggFBVV95cUxQLWlHX3lxUVBGNmtTVDFHeTA3WC1jbEVaWVU1QjVsTnduejNyVHVwRGNRM2lRRGVDVm9iSGxUYldGUE0tSF9HV1JQUEhDYkx3eXJfTUhqOGt6dS0yY1plcGNoZFNETUFOaXRLU1lSOUZWNVRaOTNmZEs1ZWlQekZMQkZR?oc=5
2026-09-06,AIデータセンター,,テーマ関連ニュース,⚪ 情報,10,"FuelCell Sinks 13% as Wider Loss Overshadows First Data Center Reservation Deal, Bloom Energy Slips, Plug Power Barely Budges - 24/7 Wall St.","Wed, 02 Sep 2026 13:13:00 GMT",https://news.google.com/rss/articles/CBMi-gFBVV95cUxOd1FYVDlKRTRoeEJKMEh6U2pnaVhiQ3g0a19qX0lPRnVfVlkxYi1GWUJJZ2FXTjlvX29SNXdtdV9zV2VrcC04aEhzM1p0bHlOMlFPaGg5aTN0Ui1BUF9rbDEyRlRnWHgtcWVwUTQ4ZFBIMjZra2hMMFY4SUVqbEd1NDhXMTBTcDhacEt4VkZtZXlvQ20tRUVJU3UxMV9jRmE0WDY4eHFmVnhSSlhOckd4cmk5RmoxM2dCTEhLelJXZXpuMExlaDRLZjBpR2hoWE01MmtGS05nczdFbHNGV1FrVnhFRFFDd29ERTd0Q3JFMmNJMWJMMXB3bGhn?oc=5
2026-09-06,AIデータセンター,,テーマ関連ニュース,⚪ 情報,10,FuelCell Energy: AI Data Center Push Likely To Remain An Uphill Battle - Hold - Seeking Alpha,"Thu, 03 Sep 2026 02:53:04 GMT",https://news.google.com/rss/articles/CBMirwFBVV95cUxNNU9Pb0w1SFRya2IzUUZOekxaVW9xUDdjUkdzbzQyeFRRNVFJNlVseTd3SlJGZVFwbmp4VGZFdGVuZVpTWVpUX1BWaXJqdU9GU0VGNlYzdFJMS1BKR3dqT1c1UTB1a3NWemt3bUFtc2RPa1RrTU1RcTZnTGhwNU9jRHh4R3BSX3RhRE5EVkdrZ2t6aHl2XzdJT0FYZ2Z0ZjV2dWtTZUdHOEJKVXc0bF9V?oc=5
2026-09-06,AIデータセンター,,テーマ関連ニュース,⚪ 情報,10,Vineland planning board approves 2nd phase of 300-megawatt data center plan - WHYY,"Tue, 18 Aug 2026 07:00:00 GMT",https://news.google.com/rss/articles/CBMiggFBVV95cUxQV3QtLTlyU29oNEpqcWJESk5VZ21CNlkzWnhGM1o4MFRfWmNwNjlGWDBFMWZzNzJOOG9hYnRsck1ubVRrLVFNNnFQMl9DMUU4UGY5dzBGMGs5ZVdJNTJPWHVPTi1kSGtUYkd2d0NaUnplU3JfVm5XeVhYaVBBUkxoZVd3?oc=5
2026-09-06,電力・蓄電,,テーマ関連ニュース,⚪ 情報,10,AI Transforms Hydrogen Fuel Cells Through Smarter Materials and Performance Optimization - GlobeNewswire,"Fri, 04 Sep 2026 15:21:22 GMT",https://news.google.com/rss/articles/CBMi8gFBVV95cUxQWXoyZ0ZKelBWbEFQQ2dabi1OTlV4MENGMHkwaEw0alBFN2xnQTJjc3ZLQkdGRXJodmFxTUxiZXJVQlZHRHVaeERwVW9GWDRPczBpNkRkRmNfeExrSGFXNmdiLXM4QkNXM1dRYnhjSThWQUwzbFlQeWZMN0ZXQTRLcTJoVHBudTlrN0ZKek9OU0NnYnFIT3NEaEozcFBVT0hOVnY0Qm0tZDR0NlVJYkIwNFZFMXEtVVhHOWNTcXBCZlZpUHc5b3AweWp0U2Q0a29iYXc5SzZxbkdrbWVHUnpfZ3Jlekphajh6VnJPMHZ6LV9fQQ?oc=5
2026-09-06,電力・蓄電,,テーマ関連ニュース,⚪ 情報,10,PTFE-Coated Carbon Layer Market Growth Through 2035 Driven by PEM Fuel Cell Demand in Heavy-Duty Transport - IndexBox,"Sun, 06 Sep 2026 05:41:17 GMT",https://news.google.com/rss/articles/CBMi0gFBVV95cUxOQjYyS19JTlQ1dl81TVBOeUY0UGRTVi1hdThoLWtNTmU5c0lxeThQM21MLUVDVlRPVjVUUVdSRkFFc3dEc3lUbVlwbkRTXzh3NzUxQ3VjOTdFTjRfWEM1cVpPMlpBTWhvSWVaN01hOW1QZFNzb1Q3SUFNMVhwRkdtZ2FXeXBnY3JkWkFVNFZGUTV6NVFNcW1tUVJQYlpWR0hFSnlIUTNEUjZ4LWxnS3FaV0VNVEhCNHpoeXdrQXhXVE55YmZ5b2tSazFUdlJHcWJKelE?oc=5
2026-09-06,AIデータセンター,,テーマ関連ニュース,⚪ 情報,10,Doosan Fuel Cell Wins $365 Million U.S. AI Data Center Deal - Businesskorea,"Wed, 02 Sep 2026 00:58:00 GMT",https://news.google.com/rss/articles/CBMidEFVX3lxTFB2ZHpIVGpuRjB3UzU5ZFNNNmdYVV92MEJsWWtCUjVtVktTVUc4bGxCVDY3V3BidGNHNzJNd1pNUEEzWWdOd2hoelVUTjhxWFo3d3FhSjZvS0k2ajdRc2hrV1ZqcmFhUlhGWEFPdUdvYzlTX0g2?oc=5
2026-09-06,AIデータセンター,,テーマ関連ニュース,⚪ 情報,10,Why data center companies Equinix and Oracle are buying fuel cells - Trellis Group (formerly GreenBiz),"Tue, 04 Aug 2026 07:00:00 GMT",https://news.google.com/rss/articles/CBMikAFBVV95cUxQRUxjOXp0ZDc3LWNfY21Bb1I5RWtrR2luYUJJRWZfRzNkcFRpQmlBTHFfYWQ3eW9NamFtQTBxbEVCY3oybTctVGktQm9BZU04T0ttdzhNWHRvdklaUXpuN21OeFBQQTZvQkFlSFVYSmtDMzZINlZfbDJYVGtZYVBjR0tVVVo4Ym0xYV9penowNno?oc=5
2026-09-06,電力・蓄電,,テーマ関連ニュース,⚪ 情報,10,Teragen Energy Raises $6M for Solid-Oxide Fuel Cells - fuelcellsworks.com,"Mon, 31 Aug 2026 15:40:00 GMT",https://news.google.com/rss/articles/CBMi5gFBVV95cUxOUk5pSGR3emtuOHlRbmsydVFVM3QtT3UyT3RkeUFvTDRjNnV5SlRSSGNkeE9iM1Vyd3VRSEx6SV94aGswS0pndFozRTZXS2pzaE5DX3UyeGxkQ0lkcVJJU1hHbzJEc1BVY1l6Snp1bGhkalBwMmhFTUYtYVRySkU1Rl8xb3pZVEtuUWVmV2tHal9RNDVFVHpIR1c0NDJFci1yWXh6bUpfaFQ5aFJUbmxhMkF0QWhvTmlnWTlMVlRyUVRzWFN0LUVtUm5ZNGJMN0dZTF9xRkJQU3Q4aHpXRlZXQXc2MmxDUQ?oc=5
2026-09-06,AIデータセンター,,テーマ関連ニュース,⚪ 情報,10,Doosan Fuel Cell Enters U.S. AI Data Center Market with ₩501.4 Billion Fuel Cell Supply Deal - finance.biggo.com,"Wed, 02 Sep 2026 01:26:00 GMT",https://news.google.com/rss/articles/CBMidkFVX3lxTE1neWRRcUEzeDZMcjluaUxGdkVqWkt1ZEYxNDcwUEN5WmM1elpXYzdvS2VDekF3enJUZEJaUlNRSzBWNVQ3NDNJQjAzWDJ4UkNMQjRFQlR6VVd5cnhUdXRoc2dBcld3MHNDcG5JeXJNdGcyOGxNYXc?oc=5
2026-09-06,AIデータセンター,,テーマ関連ニュース,⚪ 情報,10,Doosan Fuel Cell breaks into U.S. AI data center market with $368mn deal - 매일경제,"Thu, 03 Sep 2026 05:35:22 GMT",https://news.google.com/rss/articles/CBMiV0FVX3lxTE5abzVCRzBCWHU1cDlNMFFERlJhb2JKdHZOdWNTSHdobkFDVEh6aDAtbzBpZG1WSnlzQWdocGFYQTFBNFlLSWNRZHhLZlV4c1hlQ2k0empzVQ?oc=5
2026-09-06,AIデータセンター,,テーマ関連ニュース,⚪ 情報,10,A fuel-cell maker signs its first deal to reserve factory capacity for a planned Texas data center. - Stock Titan,"Wed, 02 Sep 2026 11:30:00 GMT",https://news.google.com/rss/articles/CBMivwFBVV95cUxOQ0tETlB2WlVkSzc1NFhDbWczZDhhMzBONWt0X3ZmbVBEcmI4Q3ZEZnp3VTRmTnlhMnp0RS13YWl6U000bUNHeURVcjROYjdlM3kyMk50d242UlJVcVhCdXdCZDlRMmR4UVlyY1dTUXBFSHVqV2FYRlFkU2RqUkllMFdBQTVTaE9kcDJrTHFUa1JsVXNRXzIwemF3LWhCRzl6bXRSRlFIZS1QTkp5OEhzaHJFOWRwVjVoaWViRUplQQ?oc=5
2026-09-06,電力・蓄電,,テーマ関連ニュース,⚪ 情報,10,Hydrogen Fuel Cell: Global Markets to Reach $13.1 Billion - GlobeNewswire,"Wed, 02 Sep 2026 11:10:23 GMT",https://news.google.com/rss/articles/CBMiqAJBVV95cUxPMnBpdms5VW5zU2VlVWN6SDZ6Qkgxa3U4Y1ZYdEYwOFFWNjF5akNCZnAwZFJwWE1SLXprdHZQTUh2YS14cGpVenF3ZEJVcy1NTEdVZlFvdG5pMUxuVjdDNml2TnJQWUhVU3czamtnVHhyYW54TW9vakZiUFJmcDhtNGdWMUR1STdCYm1WSVFpQlBGMVRzLTdKaDJKNkdzbC16Z2ZSdW9IUndIWHJXSzE1UUJnX2lVeWJ2Qm1SdlJVc28tUEFOWDlkTEZyYW1MQVhyVE85YlM5bTBuZkcxLWlXNURIUkVmWGk5bFdFQkhfT09lN20zdGZRQ3ZadzRiSEUyUzg0YTRNU0djQThQalNfSXNsNk91TGw4bFZNS1NweU9WQi1PbkRaeg?oc=5
2026-09-06,AIデータセンター,,テーマ関連ニュース,⚪ 情報,10,AI Data Centers Need More Power and Bloom Energy Could Be a Big Winner - 24/7 Wall St.,"Tue, 25 Aug 2026 07:00:00 GMT",https://news.google.com/rss/articles/CBMitAFBVV95cUxOaHFqa1RFRzZ3cDFsQjBTaFRjZHplamV3ZDhmckJYVXNPQlRZYTZyaDBCc2dSUVJTM1lqLUZUUVFyUUdSMV83OEdlVFBmOFZxWkZpc092VktKNUJkSmZaVXJoYlQ3Znc3RlNoNTJaa0JEeWFSNVpqaEIzdUlFdmRmNV90UnlUbVZjM0ZZaThJMFRJajA0ODVDaTI2aV83TGktQ0tBX3hpd3hBSEdzUElRbGhGM0s?oc=5
2026-09-06,AIデータセンター,,テーマ関連ニュース,⚪ 情報,10,"Hitachi, Bloom Energy Target Japan’s Data Center Power Gap - ESG News","Wed, 02 Sep 2026 14:07:27 GMT",https://news.google.com/rss/articles/CBMigwFBVV95cUxPMHdJYWVkR1BwM3FzeEtzWGs3alNHR1RLTThNZjVCUk9qS2NHa0xHLS1Od2pVN05ET1ZURDdxLTZsMGo2ZEUwTzlseGhULU80SEpibjU3LUgyYXlNaUhXR0luQU9Dd1poSmVDMHp5emtaUC1uN2dJaU1wMnp6S0c2OU00OA?oc=5
2026-09-06,AIデータセンター,,テーマ関連ニュース,⚪ 情報,10,Teragen Energy Raises $6 Million to Advance Fuel Cells for Data Centers - citybiz,"Wed, 26 Aug 2026 18:22:58 GMT",https://news.google.com/rss/articles/CBMirgFBVV95cUxOZmdLaXpidHpVS284aGUxOVVjNVhVbVpBZjYzN2YtZExnRWh1dnpVQ1otR1JUc0poYm9DWGozdUZRbVNoOG9CUDltRmxBT2FSeUlIMHZjZ0pHemtadks4V19LanUxRGphdUo4QXNBRjJmWmpJTmNlc1dfSGg3R09oMUhJdDAzd2YwUGIwZFhDV0ZmTlpVM0NvUzd5UDY1ZWhxWjNpY2c4WV9weERVR3c?oc=5
2026-09-06,半導体,,テーマ関連ニュース,⚪ 情報,10,Why the Advanced Packaging Semiconductor Market No Longer Moves as One - TechInsights,"Thu, 03 Sep 2026 14:10:18 GMT",https://news.google.com/rss/articles/CBMigAFBVV95cUxONTFGTGVGU0FRYXRBVUdOQWxNamoyU3EtX09IZVdEWDlWX0cwcTB5ZVpkRWZSRkVlak5nS3pFTUZZX2Jyb1dUWi1VMGRFaGhYTld1M0l2Ym1ZZEdXVm5TajBsa044MDBoaGdUTXREdi1kOFZQUWw4N2lIbU5vc2pyUg?oc=5
2026-09-06,半導体,,テーマ関連ニュース,⚪ 情報,10,Intel's U.S. Advanced Packaging Enables Next-Generation AI Semiconductors - Intel,"Wed, 29 Jul 2026 07:00:00 GMT",https://news.google.com/rss/articles/CBMi2wFBVV95cUxOY1EtWVoyZnI4RVJaN1VvUEw1Q0x5eXZoREVlVjFSVlNQRWhlOUtOZTBkYWg4N1dISG9neEdPMWN3Y1IxaEpQRDhkMHYwQTBteVJRTlY1VzhEelAxM01lZmtyNWdCX082LUpGOGVIT2x2TGZrZWNNN1lkc0lBU2hEdTJNMVV3dkhtMGdBeXQ3cXZvbGpuNWQweWZfYnp4NUhwRWgwcjBTNUF6M3N4LUQ0VVQ3X2hZMjhSWlJmTWZ0czc5TjI0UGp2eFluZWRLYmFMN0VLSmFvemhlNEk?oc=5
2026-09-06,半導体,,テーマ関連ニュース,⚪ 情報,10,KLA Gains From Advanced Packaging: Can it Outpace ONTO & AMAT? - qz.com,"Thu, 03 Sep 2026 17:00:20 GMT",https://news.google.com/rss/articles/CBMifkFVX3lxTE9mQ00tQk9UZVZOZThnRmM0U0JrWm91N1JxaFBVSHBzZlllcFRXSEZyNU5VTnc2a1NfMWk1WUJVMXhEUmFxdHRMYzFNcjJOMTFGWWRublh5djJLVy1HN1lKOFMxTmdPZmRralIyMWpoWFB3WjB0Y2lTeUE2cGhVUQ?oc=5
2026-09-06,半導体,,テーマ関連ニュース,⚪ 情報,10,Applied Materials’ Advanced Packaging Vision: AI Scaling Is Becoming a System Integration Problem - semivision,"Thu, 03 Sep 2026 13:02:38 GMT",https://news.google.com/rss/articles/CBMigwFBVV95cUxPN3lYWkdjREtYQlNOWXU2OV9OeGFUa01kaFhFa1cxLXhuZXp1RFpzbnl0V0QzVTE3ZjZZRWl5VEhUTTVNbDl6cFhmcUdkVHNZQUg2NnZBY1ZLOXhubzBjbmdxTG95ck45eF9mR3dIZUdmVWpVQTE3ZjEzbTlLbXVXalV1TQ?oc=5
2026-09-06,半導体,,テーマ関連ニュース,⚪ 情報,10,Dow to showcase chip-to-system materials innovation for AI and advanced packaging at SEMICON Taiwan 2026 - WebWire,"Thu, 03 Sep 2026 15:17:07 GMT",https://news.google.com/rss/articles/CBMiYEFVX3lxTE80RmF5dmNIYy1lbHlBQzhCOWRBM1ByRjBTVDJpOGUxLU4yOFpOOFlDYjJpeGh2WnBWM002b2EwY1ItVjd2ZjNfMVJ0Vi1MSktvelYtSlBLbEdzM1JIWDFOVw?oc=5
2026-09-06,半導体,,テーマ関連ニュース,⚪ 情報,10,Advanced Packaging and the Shift to System-Level Semiconductor Innovation - Samsung Semiconductor,"Mon, 01 Jun 2026 07:00:00 GMT",https://news.google.com/rss/articles/CBMiygFBVV95cUxNNk1NTnF1OWN3cFhxQkRIOWUxWnB4OUFwd0VsRFdtTk95RVB6QTlOZVRVUUdzNHQ3Ukd0Z2JGV3Izbm8tMVBUNFJaWEs0dDdVTHpxcHhkcFlIYm5KUU51VzZaSW5CTDV2MXJrTWxWTDRrTHlsQTNUVk5RTEtvZmFFYmZmSVZ4SzVPVHZjNVZINzJKV09TdXdkZF9xaXpGUFBjSnJGTW1iQzNwNEhHeEc0OTV2T0QzRElmTFRRd1I1N1ZLNHZCZnU1TkZ3?oc=5
2026-09-06,半導体,,テーマ関連ニュース,⚪ 情報,10,Top Advanced Packaging Stocks 2026: Scaling AI Compute - Exoswan Insights,"Fri, 04 Sep 2026 07:18:35 GMT",https://news.google.com/rss/articles/CBMiWEFVX3lxTFB1WkN6TWxYSEhsaTRLXzFrVC1pb0xyUzFsVVZKM1BRS2ZyQjMzamtVei1DeVdReWhwMmpSRERYbjNQODhnU0VWTS1GaVg1LWFxcnV6RHZMRDc?oc=5
2026-09-06,半導体,,テーマ関連ニュース,⚪ 情報,10,AMD to Bring UCIe Chiplet Connectivity to Versal RF Adaptive SoCs - All About Circuits,"Thu, 03 Sep 2026 07:00:00 GMT",https://news.google.com/rss/articles/CBMipwFBVV95cUxPZ2FlU0w4WGhCZFlUZWRPM251WWMxWnowM1lFcXU2Qk1nZmxRamhDSDI5SjNBUGZlQVZMTy1ZaE5CbU9WNVo3ZVBad29hWnplcEZaTHRaV0FDQXBhR2VPVUJDXzM4OU1abW50WU9uOFBlSWZIYUFIcVJFajA0c0RXUmhXdHQ1ZFA2TDV1QVBPQWFhRkRpZEJhaDFyT0V6OGg0T0V3UWw2bw?oc=5
2026-09-06,半導体,,テーマ関連ニュース,⚪ 情報,10,"Chiplets Market Size, Share, Trends | Growth Forecast [2034] - Fortune Business Insights","Mon, 17 Aug 2026 07:00:00 GMT",https://news.google.com/rss/articles/CBMib0FVX3lxTFBVQmd2RjlwRnU5U3l1TW1kQzVVNEFZNzgwNXZ4LUFFZ19oMzdDRGVwVnlSUmkzNElBcFpUT2c0Y1BybjlRd181bEQ0QVdDX2xKeTlJdmhvWXVYMy1IRnhfUVU2Y1F0eXYxT1pIVkxKTQ?oc=5
2026-09-06,半導体,,テーマ関連ニュース,⚪ 情報,10,Photonics Forces A Chiplet Rethink - Semiconductor Engineering,"Mon, 31 Aug 2026 07:32:58 GMT",https://news.google.com/rss/articles/CBMicEFVX3lxTE5UV3BXVFB1X2VIS0NFZXZEMU9wQ250dU1zdFljdGFBaFNQbzdvRkNnbzBEOTJCTnlVNUpFLTQ3eG5vQ2JDNkp3YTV3LXJjNXktRGJMYTlReUdKdWhfWWRhektCQW80Z2h4ajRRdHVNcjk?oc=5
2026-09-06,半導体,,テーマ関連ニュース,⚪ 情報,10,"AI Chiplet Interconnect IP Market Size, Scope, Forecast Report 2026 to 2035 - Insightace Analytic","Fri, 28 Aug 2026 07:00:00 GMT",https://news.google.com/rss/articles/CBMihwFBVV95cUxQMjJJMXdNSFZpNDhqRzZpVkRaV3N0bnBsWDlmMU0zX2U5MWtZREtUS25IVjRiaFZJLWNfVm9EeTVYcmdJbVlobzE3MTZMVms1Yy1KWnNMR096YU9PenI0SUpnUTZZbktyYkxpZnNrRFVMUUdxOHhkbllsS3Q1RzhVNGZGTVNrRHc?oc=5
2026-09-06,半導体,,テーマ関連ニュース,⚪ 情報,10,Chiplet Architectures as a Practical Path to Scalable Automotive Compute - EE Times,"Fri, 28 Aug 2026 07:00:00 GMT",https://news.google.com/rss/articles/CBMingFBVV95cUxOaXE5S1Bmd3oza1gzaG42Yy1wc3B4WVNOa3pWT3laT0FoU0JtZ2gyZk40dnZiY3NVcnFwdFRkdlNCMGxWQml5V29SeW80V3l1VlV5Tk1EcEd2Q1ZvMjJtSkxtbEFUOFc4TXpfSjFGUlVxanl1TXVaQ2tpTmdHdTMxNmVWR1JHRWNVU21hNklnemptRUEyNzRSWXQ2d0dTQQ?oc=5
2026-09-06,半導体,,テーマ関連ニュース,⚪ 情報,10,AMD Adds UCIe Chiplet Tech to Versal Adaptive SoCs - Bisinfotech,"Thu, 03 Sep 2026 12:06:50 GMT",https://news.google.com/rss/articles/CBMihgFBVV95cUxPVUlRaTZuTXZFVzhnR04tblZQTFdSOFZKaVV0Qi1rRTRPNVhaOVdYSkoyYXJQdGYzRWdCZWEzYmRkcGFXWHJjMC1ZZmN1VUh3c0U3WlJfTTNkaGJIYk53Q2MtLXZzYXNqaHFFS0dJWUwyMEt2OU0yQWFJZktjVDZQSEdicjl4UQ?oc=5
2026-09-06,半導体,,テーマ関連ニュース,⚪ 情報,10,TYLsemi Raises $43 Million to Launch First Full-Stack Chiplet Platform for Custom AI Silicon - PR Newswire,"Tue, 14 Jul 2026 07:00:00 GMT",https://news.google.com/rss/articles/CBMi4AFBVV95cUxPaEkwcDJQLUNGTkN0aXhvV1FaU0Zlb2JFcjZKRmVuUVZLTjNzR3RZNlVsWWtHTDZjMmZHSkh2bVRPbUVYNTVIZS1helI3QzM0eDdfUjZ5QUhSY0YyNE1CWml0elJqLUNMQ04ycDM4N2xvM3NPUU53QjItdmhhT2xVdnptbGs4cktIMTktSFNDVXJMUnZMOWJvM0REWTdLQWJKUjFfekN0c2ZfUEtXeWdkVFp6dmU3UC1EaUlqQ2E5S0VkeFRDUkFwMmFaaWN3eHdCN2pTTl9felFWZG5DZUtEMA?oc=5
2026-09-06,半導体,,テーマ関連ニュース,⚪ 情報,10,China Develops Its First 3.5D “Infinity Chiplet” & 3D DRAM Tech As It Tackles External HBM Constraints Through Domestic AI Supply Chain - Wccftech,"Wed, 15 Jul 2026 07:00:00 GMT",https://news.google.com/rss/articles/CBMisgFBVV95cUxPTEc0MEpQbGtkc1d0M3BKczlWcFoyZ21TaVlsZ1ZybHRwZV9uaFNScWtoYmw2dXNzYml2M245OE9QRlpBeGZmMWoxdHV2VG9ZbHpPUUJ3VDd1OG9ULUdLd2RoWHZ5bzBvUHNuRG5kS2RNeHVSYmx2UzBGOW9DaWFMc2MxME1jMkhCS0owQnVQbXp6Z0dNMHdLV256WkJKUV9oZkd6VVhnNjdnWW0tRThoQ0JB0gG3AUFVX3lxTE80MWJfeFVzMTN4TF8tanBZRG9SckV4bTRLSGlyejg3aGFlc0RzWEw3RlV5NjIxWXQzS2RTQzExZXkwczd2eWVXdktjc2YzT0NkbEZFcUJITGk3SzJTZ2lMUUwzTUpnY3lxZ1cyZXQ5blNfcnVTMWw5bDZJX3dvcmdBQVdYUkNkenI2YV9xTTlILWl4YzV3b0kyQVhaZG1GaFVvcnpnVkZCZ0dxVzFqQVZGSE1DODFsaw?oc=5
2026-09-06,半導体,,テーマ関連ニュース,⚪ 情報,10,Chiplet Interconnect IP Market Size 2036 - Fact.MR,"Wed, 19 Aug 2026 19:05:19 GMT",https://news.google.com/rss/articles/CBMibEFVX3lxTE5mWVlGZjc5YUc0eDlaTWlsaEpEQ1BSdU82NnFSRTc4dHptMzl4cmpraE02b0xhOG94a1hVZms4RFp6QkhpX3hnZ2MxWE1Ob0xGMVpHMFNzNDM0NzROSGFUMTJHNEpBakF5eUFkag?oc=5
2026-09-06,半導体,,テーマ関連ニュース,⚪ 情報,10,Samsung Foundry and Cadence: Accelerating Chiplet Solutions for Physical AI - Samsung Semiconductor,"Tue, 14 Apr 2026 20:44:01 GMT",https://news.google.com/rss/articles/CBMiywFBVV95cUxPeHdJM2dlRVdqdEc0TlRMeGRRSEtiSEFXTjAzZEdLNzhGTktTaEdrQ1J6STBxbVcxZnJ3SmpDS2lSaU9yN2pBc0ZqOUZOT0IwMnpSOTdxbkwzU25pV1VxSjFqeU5OYWIzVzA2bng0VTVwbU1FSWtmalJZOVhSRExpN0lTSlBDTnJRYTgxMi16OGNNVDNVTjA3SUhHT2cxZE9HSGNBUUpwWGhrTXFRS2VXN0hsb05BYlhKWTN2RmdZOW5sS1RHdFF1R2VpSQ?oc=5
2026-09-06,半導体,,テーマ関連ニュース,⚪ 情報,10,Arm AGI Hot Chips 2026 Chiplet Interconnect - servethehome.com,"Mon, 24 Aug 2026 19:48:04 GMT",https://news.google.com/rss/articles/CBMitwFBVV95cUxNeGY4SGxKa3NfaVUyZ1pzYjF4ZkhRR0dSbVNSTTcwbTE5emNxQXhkcDlLcXRQNms0VnhLaWlYaG83eGNNd3V6YUNQckJNZjFZT0RRTGVCa2ZhSFBIaW5hWTV1Y21lYjZyU2FnUGt1d01ZQzY5bjBUem1GTzN3MFVvSkd1NmZRdFZkUnkwVkViYkhuazdrTjJseHFWRW5ZMkhUdjhIZ1FRZ3RFWkh3a2RuQ0FMVFZZaE0?oc=5
2026-09-06,半導体,,テーマ関連ニュース,⚪ 情報,10,Chiplet Fundamentals For Engineers: eBook - Semiconductor Engineering,"Mon, 02 Feb 2026 08:00:00 GMT",https://news.google.com/rss/articles/CBMieEFVX3lxTFBveUZHU283X2hsREFqYjRxcllyTUliRzgybVVycXlsTUI1a0EyWDN6cm04eGVHUnd6d1gzTmJwd0Z4LWphNU1INi02VnI0LWVrbGhnVS1naDd6MWFWd0s4Vm94cFlXWmNXS00tT1BOQTg0NTF5QkNNUQ?oc=5
2026-09-06,半導体,,テーマ関連ニュース,⚪ 情報,10,TYLsemi De-Risks Chiplets With New Business Model - EE Times,"Wed, 15 Jul 2026 07:00:00 GMT",https://news.google.com/rss/articles/CBMigAFBVV95cUxQWHhpUDBwdkFqazJMdWFZYnBnS1phRnJpbmwwMkdmWTF0OXUxTWR1LWdhSi1lT3BMa2F6bmtuY0IyWlFnUkY5LTc2X002TFVwOWlDMml3YUV3X3JJUHFwMjBJLXNPZnFORG1jUDRUdFNTUEpPY00ySU1QRGxCQUdKcA?oc=5
2026-09-06,半導体,,テーマ関連ニュース,⚪ 情報,10,Chiplets 2026: Where Are We Today? - Semiconductor Engineering,"Tue, 24 Feb 2026 08:00:00 GMT",https://news.google.com/rss/articles/CBMibkFVX3lxTE9HTjZOMEluYktnRmlkc2R2bEREZmJIS3lnT0M1MEROQmtZQ0x5X093eUZQYjQzVWJDMUY0bXRIeUFYTUExY0V0clRmb092ZkRjbHBsZmExX3Z6d1hzNU1PUFRKamNrZzlCSU1GU2ZR?oc=5
2026-09-06,半導体,,テーマ関連ニュース,⚪ 情報,10,Swapping Out Chiplets: I/Os Vs. Compute - Semiconductor Engineering,"Thu, 28 May 2026 07:00:00 GMT",https://news.google.com/rss/articles/CBMidEFVX3lxTE9nUWFxQ09FM1BuNW5Jd3NSbHE4VDRQSkxhcG5tSXlNeTZ1bmZsejV0bFBGTVlhRlM3SEc1TUNDNGVhMk84ZVQ2VnZwTm1nRUR5bXRIOXVjWFNoYVU4MmFRd0c1cWRqdVJfeVZsRmYxZ0dkQV9T?oc=5
2026-09-06,半導体,,テーマ関連ニュース,⚪ 情報,10,Imagination gets an automotive chiplet story - jonpeddie.com,"Tue, 16 Jun 2026 07:00:00 GMT",https://news.google.com/rss/articles/CBMiggFBVV95cUxOc1dQRlU0bXJ3UEJ0VnU4WEJ3bmVpLUR3WUczR2x3d1prLWJNVE1uaGVkeGJ0SEpNUm1Tb1M5RE8zdnhsSE9RZFhMX0ZMcWVmSlprRHFtUDJaRnVQbG5FOUFzMmxzd1A5aHRXNU1hYm1pVUZ5MXNkY2p3c2YzTGx6YS1n?oc=5
2026-09-06,半導体,,テーマ関連ニュース,⚪ 情報,10,"Mexico Chiplet Market Size, Share,Trends, Growth Analysis Report, 2030 - marketsandmarkets.com","Thu, 13 Aug 2026 05:37:45 GMT",https://news.google.com/rss/articles/CBMihwFBVV95cUxPNmdCZFZiQTJJM1ZSZURuY0ZLQjdMaU5QY3JHd2h2S3NiSjd2ZGEwOEZDQlEtSXFfT3AwYUdpeUFLdUNqV08tblpXajcxa1NGWEtOYzBhUlQyRjR6VWdaLU15YTlXQTUwelcyTENGQWRpQV82cmtjQ1lGdEc3ZDNLRmExQmRoTk0?oc=5
2026-09-06,半導体,,テーマ関連ニュース,⚪ 情報,10,Dell’s Monster Quarter Just Confirmed Micron’s Biggest Opportunity Is Not Just HBM - Yahoo Finance,"Sat, 05 Sep 2026 14:00:02 GMT",https://news.google.com/rss/articles/CBMiogFBVV95cUxQaW1CeGh2SVd2cWxsSlNYMk13SmdHRkNVeDVIbjUxUkVkcXNscGVrQ1N5YjQ2a2lCOUNsS2ZTaDNyald1czB4ZzNaWVRsY3VHVEtqSm5YbFpQVl9fUEFMVnQ2aERneERmSHhRQm81RmltWE9TeC11Wmc2WkZSNWZaWkdtcmxnQS15S2ZRR0t2NjBMYnNxNjdkMFpvZnNUWW1GakE?oc=5
2026-09-06,半導体,,テーマ関連ニュース,⚪ 情報,10,TSMC urges HBM makers to design for X-ray inspection as packaging grows more complex - digitimes.com,"Fri, 04 Sep 2026 09:19:18 GMT",https://news.google.com/rss/articles/CBMikAFBVV95cUxNUGs5d0tkM3ZOYjFGUlI5TWsyTW5kS1VOUTVxbDZGbDV0cXA5cGZ3N3lEcG11N3FxNDEwMVByR3NtY29uZ2I0cFpEeC1vMjNrMFRwQTd1ODRPc2JlaV9lS2RqNnlsblRrY3liX2F2QVFMbkMwSGRGNGxyLUFCVkhzNjJCTGVpLXBxbEtKOU9FdTM?oc=5
2026-09-06,半導体,,テーマ関連ニュース,⚪ 情報,10,"[News] Micron Reportedly to Add 60K HBM Wafers/M, Reaching 100K by Year-End to Narrow Gap With Rivals - TrendForce","Fri, 04 Sep 2026 00:40:30 GMT",https://news.google.com/rss/articles/CBMi5gFBVV95cUxNRm1RYWhYME4ySnZzOWNWdDg3NVEwZjFPaTg5V1pSTGFpcEJKVHhhSjRZa2Y4c3lYRjlobld4NUM3Q3RPekVfVWZncW5OSGt1N1pySmdTTzlhSHRQSUYtd0Y2Z3RTSi1mOUg3OUJBODJFTTJtWE9DaHRBeTZfejdNX0RWUDFGeWl3Rndva3BVbTNiMjNRRWt2YUhpNFcwNE1ROWNXTzFJSzllY1ZVR1R0ck9pWGhyWjZyZERGY2ZrNzF6TWktUlRIRXg2aEZiTHE5MnZWRGl2bnRxaUdZTmFGVWNoOGt2dw?oc=5
2026-09-06,半導体,,テーマ関連ニュース,⚪ 情報,10,Micron: The AI Memory Shortage Has Spread Beyond HBM (NASDAQ:MU) - Seeking Alpha,"Thu, 03 Sep 2026 12:06:08 GMT",https://news.google.com/rss/articles/CBMilwFBVV95cUxQTnhhMWZyX0hVbmhuYVdCTF91RFd0NE5wcngyM08xN0xycy1fN0FHREVyS0p4b21FVXpja0FjbUItcnUxb2xvamFlUElLTl92LTl3MDMzTkZoYUcxZnpIN3B5MW1JazZNOF9QVXRfV1VlTzlwcXVJZkhBZ01Ra0dJNXJYWVVmVFBycm52RGRqbXJ0d0hjWmpv?oc=5
2026-09-06,半導体,,テーマ関連ニュース,⚪ 情報,10,"Samsung Locks 70% of Memory Capacity Into 2031 Deals – Long-Term HBM Deals Run 5x Cheaper Than Spot, as AI Demand Chokes the DRAM Market - Wccftech","Mon, 31 Aug 2026 11:40:18 GMT",https://news.google.com/rss/articles/CBMi6gFBVV95cUxNWUxYYWVIQzZGdm14dzlmOHhidUhDLTVTaWlVZk1FX0p0MUpiVXVXdFR6R2ZqYk5uT2hUUnpPelk3ZzhkZnBmazZtWFlPTzYxTzZ4eks1alZIRmtQekNHdGRYUFk5ZmpubEJiUHVuR210QkZpWGlDd1UxNDUteENzZnRibUttOGczMkVTZE5HaUpuUU9lWDhhQzE1OXQwdEgxcXhtaWJEaEEtdmZ3a3J6ME5obncxYzVtSk5uVWF2U1dMM3l4cXdacEZnRjdLVHFHNl8yZ3dDYW5ZdXRaRTcxNnBTdURNUVNKZGfSAe8BQVVfeXFMTkpRektEMk1SOUJHX2JUelF1TmtmeXlDb0hlSkZfV1A4VmRVMjBTMHVfM05vQmRyejNicjItTVQyU29tLVZTV3UwYXpwRDNsWmYzNk90Zmw2OTVOMkVYWUtlRW1NTkVnY0VTUm1LeGh1UnNWdXFEbmwtajBhLTV2cm9KRHp5dXQzUlZTbU5FVnZuNXJWX0JlZzBXV182SnJwVmREV2Z3QlNDaTJ4UFpzbUVPajVHUEFvbV9SYTJha3BOVnAyWTBSR2xxdFVCNks4SXFrc0R2VEpONzdmX2hDWW11NDVUQzZYOHZWdktBWkk?oc=5
2026-09-06,半導体,,テーマ関連ニュース,⚪ 情報,10,Hot Chips 2026: Samsung reveals a three-phase HBM roadmap that puts logic and compute inside memory — zHBM ultimately stacks DRAM directly on top of the processor - Tom's Hardware,"Tue, 01 Sep 2026 11:06:15 GMT",https://news.google.com/rss/articles/CBMivgJBVV95cUxOMEVZWHRkVm45Q19lY0x0S2ZLRzhqTkdaOExrUmRvSTRvNTNhV3NveFBScTktYW42RnUyQjI1RFdDY25hQUVCZWxjNDZrSThKTzV0WWdKTEtzaEM0dGRTcHM2enh0cTlRN09RXzBTOWdqOVYxVkZaRE53UTNfOG5yQkJUSU8zSzN0a3JxNV9xLVZ4Y3o2WUszMzlOOExpbm9nMl9HckRia05UQl9WNzBQQWJBVV94RW12UE9EbzNlQnhwVUQ5TVlZRHRrWF9rVXpIV2J6eWpvSmhsWVUySVFmVzZmMEdIR3E0V1RiZnRFUmxaT1BmWkpEd0NldkJhczVmVmx0WWhlY0w2T3YxbnZ5NzdnZ0VuV21UWjZtSFd2VVRGcFBxdEZuUWdzTG9ieTkxdXRDTU5HaUR4a1RvdFE?oc=5
2026-09-06,半導体,,テーマ関連ニュース,⚪ 情報,10,NVIDIA NVLink Fusion Expands With NVHBM Custom High-Bandwidth Memory - NVIDIA Blog,"Wed, 26 Aug 2026 07:00:00 GMT",https://news.google.com/rss/articles/CBMihgFBVV95cUxPM1pRSmtuWGd4ZW1YWTJOc3RUUWxNRmp6T0RCMmEwMGNNWDZCaWk0djVHTnkyUW5fZEZ5Q3VGalc0ZHhTYlBWYUt2V0RwcXlIMXJOWXVuOGxwdnFDb0ZDZDdKNlcxWGFsMXZmZGZBdjBJMjZNVjhNN3AxQTNxcFl4TVA4M1duZw?oc=5
2026-09-06,半導体,,テーマ関連ニュース,⚪ 情報,10,"Hot Chips 2026: HBM Base Die Evolves from a Memory Interface into a Computing Engine — Samsung Unveils a Three-Phase Roadmap Toward Custom HBM, aHBM, and zHBM - semivision","Sun, 06 Sep 2026 01:00:08 GMT",https://news.google.com/rss/articles/CBMiggFBVV95cUxNUkNpbDZ6SFZ1ZlZRQXUzMjU3TmtpMWg4N2xnWTRBSHJ1Z2xtdW9BZWpLUE1xVGdNTlNYaXlqX0VteE56Y2VjbXNzNV9zRlNBTHBJa1VzbUJiVVE1OVhLaTUxMFhHMUZuM0NVSl9tTHY2VzBRNVpsTk1WUG5ZUk1uM253?oc=5
2026-09-06,半導体,,テーマ関連ニュース,⚪ 情報,10,Dell’s Monster Quarter Just Confirmed Micron’s Biggest Opportunity Is Not Just HBM - Barchart.com,"Sat, 05 Sep 2026 14:00:02 GMT",https://news.google.com/rss/articles/CBMiwgFBVV95cUxPckVOVlZIS3dPZzdIQ3BGX3pCelhjVnFlX0ozcElLYVdGem5xOE1pMnJlZUEtZGVMY2VkSmw2SXVlUF9SRVd2Uk5sVUJQV1FTbHNVaDk0MzY3V0RQbWk4eElvZzllandsSUJRN0NmTUQzNlQ0d1pxaFI1cGlmRGVWblFwZElFd0d2Y2FqcVJGdjBod3BpNkRDMjk1UTYzU2NmdEJ5dTNFNGlaUU1vb0hMV0lHTWJaYzhOci1MSE5qenVIZw?oc=5
2026-09-06,半導体,,テーマ関連ニュース,⚪ 情報,10,SK Hynix’s $4B HBM Project Targets U.S. Chipmaking Gap - EE Times,"Tue, 01 Sep 2026 07:48:41 GMT",https://news.google.com/rss/articles/CBMiggFBVV95cUxOMVdvV1Fld0pnRnlMazZMbVI5SFgtSHY0SnJPTnFSRGtaaWRicFAwbUlKMUNpNDVmVGlyUzVIeFpCdE1BOWFlZTE1SHZfc0Ryd3JBUERRaVRuY3JVUUY5aHlhU1d1ZEh4dUY0VkIxNWRhUE1nZVNUcTFTaFF0SHBNRmRR?oc=5
2026-09-06,半導体,,テーマ関連ニュース,⚪ 情報,10,Why SK hynix’s ‘Made in USA’ HBM starts in Korea - The Korea Herald,"Thu, 03 Sep 2026 05:26:56 GMT",https://news.google.com/rss/articles/CBMiV0FVX3lxTE9MVVBtaHlkQWttejFkaF9wZWtjS1ItVTFLSzVWOXE4enVGUVZGQzRfMjRQcS1sTnZwc0ZxRnNVSHZlUHVHOEhnY2hTeGJtelVxMUhLbldZNA?oc=5
2026-09-06,半導体,,テーマ関連ニュース,⚪ 情報,10,"Intel, Softbank Announce Z-Angle Memory to Compete with HBM - TechInsights","Thu, 03 Sep 2026 14:10:18 GMT",https://news.google.com/rss/articles/CBMijAFBVV95cUxNZjIzUVVqN010RW1pb0ZPaUkwMFd5YTBfMV9UM1AzQ0NTN0dZZmpDbkNwTkhGVFpUWk5Mb0ZyRXhMbjNNc2Y1Vkxaa1lyUGFMeWRMVHU4NFVMMmNycVRNdWJOUFk4MFl0akw1ckFYd2ZjREVkaGdCS1hXYmp5N1BuRW9iUG91OXlQSzFFOA?oc=5
2026-09-06,半導体,,テーマ関連ニュース,⚪ 情報,10,"Micron plans to double HBM capacity to around 100,000 wafers per month – HBM4 share expected to rise sharply - igor´sLAB","Sun, 06 Sep 2026 04:00:00 GMT",https://news.google.com/rss/articles/CBMimgFBVV95cUxQcnB5dFEzMGc0ejR6Y1ZfemxRVFhXcHRFdzNUZkNBX2NEbkp0SjdfeU8tY0RReG1xel81SWdRQ0puMnlLdmEzTTJiVEw3ZlVtcVFVWW4yQ1A5M3dVV0pCT01jS29LRzRmS2x6Zm1tLTUycHlUZ0VjV2JBV0ZQOXFrZnltNWpaV1lGcWRmbG45c3JCN2ZQdnMxV0d3?oc=5
2026-09-06,半導体,,テーマ関連ニュース,⚪ 情報,10,Samsung Targets Memory Limits With 3D-Stacked HBM - thelec.net,"Wed, 02 Sep 2026 07:37:41 GMT",https://news.google.com/rss/articles/CBMiZ0FVX3lxTE1IZGJTR0xsNkNKZXVoRjFxZ0o2YVdzdkI0d3hKUDQ2cVFDbzBIMmRjS3JZZnl2Qi1vaFdBSUJySloxU0FnSHRYU0JDalhEX05MUFZCOEozUGVPZXVMYXlSaWpuSktlOVk?oc=5
2026-09-06,半導体,,テーマ関連ニュース,⚪ 情報,10,The Memory Shortage Isn’t Close to Ending — Samsung Just Locked Up 70% of HBM Capacity Through 2031 - Yahoo Finance,"Mon, 31 Aug 2026 15:52:33 GMT",https://news.google.com/rss/articles/CBMilgFBVV95cUxOem5DaEk4Tm92aFd2QXF2VE9fRjNCelR0VXJ2TU1qelR6eTVtOWNLRi05c3B1dVdTRjVMQllTLUNRR3dKcFlRQzNnTnlVTnNmelVndzhpNjgxaWQ1TVR4cDBxQ0tBX1pMVmxkRkhnMnZ0NXR5T2E0N0RXZ1NaNWFDdDgtamNnOXYySGhYZU1DS3lUTTZIZlE?oc=5
2026-09-06,半導体,,テーマ関連ニュース,⚪ 情報,10,Infineon and Skeleton to collaborate on AI power - Compound Semiconductor,"Wed, 02 Sep 2026 10:39:44 GMT",https://news.google.com/rss/articles/CBMingFBVV95cUxQYWNmdHV4ZWg2eE1vQmVod2NPR2JQSWxvcFYtSUVMekxUVjNGcTlwZnlDWHJUb1VyQW90cWc5ZGZtUzJLbElhbDBVN3BnZ0JSdmtfb29vWlFsZzNjaDhHOVN4TzlSSzRoOHlCNUVma0ZzdnNudEdvSlhDRm9hc0gzd2FlQnVOMkZQbkNZNEJNN2VOQ3JrM2dwcjNaRlBhZw?oc=5
2026-09-06,AIデータセンター,,テーマ関連ニュース,⚪ 情報,10,"Visual Photonics Epitaxy: Compound semiconductor leader with robust growth, targeting 5G, AI, and data center markets - TradingView","Wed, 02 Sep 2026 07:39:01 GMT",https://news.google.com/rss/articles/CBMiogJBVV95cUxPWW5YaWFMQTJ3dUhpRFVhbUFaYWZ1VnotQ0U3Q1hQOGRGWjBKcUtHNjlNTEszVFF5VE9lbWRDN0xfY1FiQkl5MVpHV0M0YlBlVmcwQVk4RXNlRUxKSFlFWGlHeUtzNHNJbldTWlZGQ01oNXhHR3JaZ0tma0tLV2ppQUVQUldTN0pWaGQyQWZQTDFmcG9jX2htUDdEOHBmaEhpeC1CX2xaWk1KeTY5VDRjWkdNU055WURsYjY1bEttZTA3YURydW5JVXF4QlZza25weEdtLWxRRXBncUNBTjVBc2JXVk5Nc3RTa2pTWFRWcnpMcXl6d2F2aEt1bEJHcTZCMXlsazJXR0pPMGNfbVZ5dEplaVNiWUw4RzJ0aWI5bWhNQQ?oc=5
2026-09-06,半導体,,テーマ関連ニュース,⚪ 情報,10,Compound semiconductors enter a new growth phrase powered by AI & electrification - yolegroup.com,"Mon, 23 Feb 2026 08:00:00 GMT",https://news.google.com/rss/articles/CBMivAFBVV95cUxNVTBxd3NnaGNDYUhfWDc2SVdWd19mWEFNTmNVXzJJa3NybzBoRG9pN2tQbDZPbzBpMzBWcU95X0otSy1YYlBBcGgwWTRUY1ZOY2RyNGtGTlNMZGNZVGJmU3BfdVBfRUE2WlBvRXBoYUY1bUdqTEFGOGlMcTFoaS1mdHNaTkVETnlnS2hBbnpzTEkwdkc1OW4tbnlzQkkwTDBlR3UwYlVSMHJjbjBCX1U2WmRjMjJvVTNkLVEtaw?oc=5
2026-09-06,半導体,,テーマ関連ニュース,⚪ 情報,10,Semiconductors: 'The oil of our generation' - Compound Semiconductor,"Mon, 10 Aug 2026 07:00:00 GMT",https://news.google.com/rss/articles/CBMinAFBVV95cUxPU0NRdVdXclhsdmhTOU9iLUNXcHc2Nko1Z0wwcUxpVnFBQ3lSS0M5LVlFaFhfQTBRaDQzM095UFdaRHdOT0hrR0VTMUtWZHgtRWVzVk1jZHdnLVlyREFSY1k2aklYN18xU1h3OGw2a0lKMENGU1dkLTZhOEFrRkdod0FkZTFXZ3NaXzNkejNkSWgyUlFreGNnYlhVcFk?oc=5
2026-09-06,半導体,,テーマ関連ニュース,⚪ 情報,10,The quiet war beneath our electronic chips - Compound Semiconductor,"Wed, 12 Aug 2026 16:03:27 GMT",https://news.google.com/rss/articles/CBMilgFBVV95cUxPU1pTTGNHV19uTnBNYkNVQWpiTng3anpxZW1ZSVc4TFV1T18zdzR4NUFSSFJqVHZfc3U3NThTT2tHamlzYW1WXzlKTFFTT1FzbFdmdy1XbHhvSjAtWE1CSVk3MGtDb2RVaWh3QTh1LWJON1pqWHQ3UlRtVFFhWkdLdVEySlFpUmJCd0piSE9RMG1sakhnMnc?oc=5
2026-09-06,半導体,,テーマ関連ニュース,⚪ 情報,10,Space Forge to use Texas A&M University System - Compound Semiconductor,"Mon, 17 Aug 2026 15:47:52 GMT",https://news.google.com/rss/articles/CBMimgFBVV95cUxNMzZzT2J4N3ZnMUc0WGxBd3dsTDhuaHlEdWRzR2ZYNlZkODRpYnVHV0R2NHhDWEkyNGJldmJyMlhCcGxFbWxTcU1OOHNHUEgxRmhYYlNTblhDTThsdFJOQmN5TnpaRW5qVWZnTm1lb3pYY241NzE3LXl4enVIcmhtSEQtcVc1UGpEQWZrdVNGVzdQU2duWG5qajhR?oc=5
2026-09-06,半導体,,テーマ関連ニュース,⚪ 情報,10,Strengthening the world’s first CS cluster - Compound Semiconductor,"Fri, 22 May 2026 07:00:00 GMT",https://news.google.com/rss/articles/CBMioAFBVV95cUxQdzd4UGxQSnBaN3JrUl9UdjlkQThkd1gzcE9WVEFuQ2Q2dEdHWFF6cEhHbW5fOGloQkdKZWh1ZV9la2Vsam83bXpBbjBMSzFWN1JWOExkZlBjM0Z6V1Y1anJtTnFNOXNsZWRVTW04Ym9zX1pPaFY0NndKU1Y1bm5YYmlnUmZmOWJNU2xnZERMbWpNYzkwNjZKNXN5ODd4VzZ5?oc=5
2026-09-06,半導体,,テーマ関連ニュース,⚪ 情報,10,Joint US-Taiwan initiative to scale the future of SiC - Compound Semiconductor,"Wed, 03 Jun 2026 07:00:00 GMT",https://news.google.com/rss/articles/CBMipAFBVV95cUxQdDBtNUZPQklWNEh1al9mNUVrdWdUbkZjWWF0ai1qa3RtZHVXeUlVZTZqWUl3NkpQQ2Z2djdMR0Ywb0dGWGxpSk8yaVhtY1NVYmx5RDdrYnN6OHhjUzhGaVVUWnM1cDlVNkFnSHd5al9mRzF0TThXY3FGd21iNXhORzFZdEY0VXVGUW9TbnNPNGdOS21oMWoySUI4QU55WVNTcTNkNA?oc=5
2026-09-06,半導体,,テーマ関連ニュース,⚪ 情報,10,UK CS Catapult to become 'Semiconductor' Catapult - Compound Semiconductor,"Mon, 08 Jun 2026 07:00:00 GMT",https://news.google.com/rss/articles/CBMif0FVX3lxTFBGTzRxYkFEcUZUMlF0TVNFV0M3ZUVZOGk2QjN5dzVDN3QxOHlFMGNLd3dXNldIRV9CTGF2QlRRLUFfZlpXUkZjQWpHVDBDcndVTDdFREdqNWxuR0V0QVhEU1NlZFlCNjF3VWZMMHE5QWtZWUk1TmFPU1dXY1VDckk?oc=5
2026-09-06,半導体,,テーマ関連ニュース,⚪ 情報,10,Get ready for CS International: 20 - 22 April 2026 - Compound Semiconductor,"Mon, 23 Mar 2026 07:00:00 GMT",https://news.google.com/rss/articles/CBMinwFBVV95cUxQZ3F2ZWZvRkdIN2pfOEhVU2ZPUjY5VlpUcjVXS25hQW92bFRRbm9JdklDV2VBNjN3Rk9XSUFnVzJVLTRZV0FHUHl3ZEtGTzRtZ1VfejktekN1S1B6M1RCbUQ5ZEx2R3ZKanVQZEZjYzdPWnJKVTBuOVhJT1ZLUzcyNmdEMWNOU1lubkwxWlpYQ3VRRlJRY1AyTWh1VGNtMzA?oc=5
2026-09-06,半導体,,テーマ関連ニュース,⚪ 情報,10,CSconnected announces five supply chain projects - Compound Semiconductor,"Tue, 11 Aug 2026 07:00:00 GMT",https://news.google.com/rss/articles/CBMingFBVV95cUxQaVRmMEV2eFlha29NSWJKVjZmVnM2QTJ6NjhTTVFBV1c4U0JtWGlVTWxHNlZIY2RybzdhQjY3ekc2a3ZZenhEcXVVOXZMTDZLVmRCcEIzS1lKN3B4NlllOFZrTW5pZjdpejBPXzdFdXEwYzczUEI5RGdCWTVOQ2lPeTFDVzc2cENScjQtNHlPeWdPblJ1bWFMZGRvMnBGZw?oc=5
2026-09-06,半導体,,テーマ関連ニュース,⚪ 情報,10,UltraRAM: A viable solution for post-silicon memory? - Compound Semiconductor,"Wed, 11 Mar 2026 07:00:00 GMT",https://news.google.com/rss/articles/CBMioAFBVV95cUxPNW9rR1RtRkE2WDhvOWVsWTNCS0JXZThLdm03aUw1SFBjbi1XQ3JmT2poSWJPMTdOS3RIbFcxeFBCd2p1YmluNG91LWx3UG1zOGJSeVFmWTR1QmxhdjV6YjFqWUFJVUhnMEY2dnZoMl9IeVpEb0ZfSS1rNlBGN3RkSUNxTlZnc1QtVkthTFZtcjZwSXp0dzBUaWVtRzJ6Sm9u?oc=5
2026-09-06,半導体,,テーマ関連ニュース,⚪ 情報,10,UK students start new semiconductor qualification - Compound Semiconductor,"Wed, 08 Jul 2026 07:00:00 GMT",https://news.google.com/rss/articles/CBMinwFBVV95cUxOdUNwY1Z2clJ2d2Q1V2ZTcmRxZjAtYTl5SGVhNElBOEQ1TWhNU0ktcVd1MXdvMG95a2Q4U0hZTjBoeFlFNXlTSUctYjdoa2ktS0p3RE5FY2t2WlZrV0tYYmVaOWtKcC10cWlSUkxROS0xYkFyRGVMVWtTekpPNG9nNmxsT0JDRGQyTkFmaEJrZHJ5dW1XSFh2R3pmRWdvVzg?oc=5
2026-09-06,半導体,,テーマ関連ニュース,⚪ 情報,10,Compound semis enter new growth phase - Compound Semiconductor,"Mon, 23 Feb 2026 08:00:00 GMT",https://news.google.com/rss/articles/CBMikAFBVV95cUxOMVJ2TUVTTFdFRmxkU0xzT1VsbU8xQjZ4b0prb245OGM1Y3lEbVU4Wm81d0FLekFBa0dCcXdmZjRPVWgyeElYQmMxNDYwSTN5dFA3NWJxc2ZLVGlrRnNkSHlGS0JndElONktvb2RBN21pWExLS3NVdGlFSzM3emF1LUREa2xldUtaQW1mOEF4OXU?oc=5
2026-09-06,半導体,,テーマ関連ニュース,⚪ 情報,10,MIT team boosts GaN for wireless applications - Compound Semiconductor,"Mon, 08 Jun 2026 07:00:00 GMT",https://news.google.com/rss/articles/CBMimgFBVV95cUxObzcwcjd3RVhBRTRaaHgwTzVHbjdycnNrdkMzTEJYQWoxNUlqRjlHUEhwSnhVaEVZWHpWZWVXdndrem9XUWNYY2U4NTBaS1VXb2h5a09zdkpvNHdJRmtjN3dYNU5sU3ZxanZCdzRoWlhub2dtTWtCOUtDTkFUSkJjZEduRXBoSFptV2FNejBTOV9HQVE0Znp6VDZ3?oc=5
2026-09-06,半導体,,テーマ関連ニュース,⚪ 情報,10,EPFL group redesigns GaN - Compound Semiconductor,"Wed, 02 Sep 2026 18:40:42 GMT",https://news.google.com/rss/articles/CBMifkFVX3lxTE1oTG81Rm9CR2ZCa3F2U2dGWE1PbE5OcHdnZHBaN2xzRDRxMEtkTl9BTmE2cFRBM1VUY1VwZjlFQ2xxOGVRV0NKcmd3cHpKTkRNUVU3OXN1cDRta0toZTNDUTQ3WXFVV2M0OU1nOWRkQmFla1Y5dnF6OVJYM2c1QQ?oc=5
2026-09-06,半導体,,テーマ関連ニュース,⚪ 情報,10,GaN-Based Power Supply Adapter Market (2026-2035) - SNS Insider,"Thu, 03 Sep 2026 18:30:00 GMT",https://news.google.com/rss/articles/CBMihAFBVV95cUxNYm1jUk5KekZkSzhrZVlpWU9ZMnM5YW11Y1E2MUdMVHRhTXV0TVV0R21kVndKMHdwMjB1UEx1YU1zZklrS2xDQ1U5LVVuckM1RlVYVFYzOWljaV8zUzNzRXdtMlNfcG56eFVUbFRpWmxUWVJGTWptaVc0WmVYNEIxNkZsbFM?oc=5
2026-09-06,半導体,,テーマ関連ニュース,⚪ 情報,10,"Navitas Acquires Firm, Preps U.S.-Made GaN Devices - Semiecosystem","Tue, 01 Sep 2026 23:03:07 GMT",https://news.google.com/rss/articles/CBMiekFVX3lxTE11cTFBU2ZiNHBSR0kyT0RKQXJLRGpTVE1TMXVqSDk4cVRKWXNRMERIYmRpVTdwNUY1emNUYmotdGRLZHJqUzJPeEFabFhrenk3ZUdXTlNHalNkZ1NxUDV1ckhJb1NFWlA1WlhqRTVFdkNBbVN6aDlIdThB?oc=5
2026-09-06,半導体,,テーマ関連ニュース,⚪ 情報,10,Navitas Gen 5 GaN Shipments to Begin in U.S. With GF | NVTS Stock News - Stock Titan,"Tue, 01 Sep 2026 12:05:00 GMT",https://news.google.com/rss/articles/CBMivgFBVV95cUxPY0RtV3ZRSzI5S1dzRkhaOWhGcUJFM0RkVlMyRWE3VWFKcFFTekRiNlVwaGhLSFU2dk51OXR0RERhdS1TMlhKM0dmQnVVdkQ3SXJ2eFkzbHRCbnBvRng5aE9kbnFaV0R6YXZXY1ozbGR6Y1ZfS0gtN1M1clN4XzNsVEo1bVBvTWh4MGw1Y29BaHFXQUhIU0tONnJDWjh6MnN3amw1d3N5bkNfeG9YNEpta0ZjczMwZHhxYk12TEp3?oc=5
2026-09-06,半導体,,テーマ関連ニュース,⚪ 情報,10,V-GaN Tech Hub Opens New Test and Characterization Facility to Accelerate Microelectronics from Lab to Fab - University of Vermont,"Fri, 24 Jul 2026 07:00:00 GMT",https://news.google.com/rss/articles/CBMiuAFBVV95cUxOSXlLSnU5MTNuX1hOdEVTd3hmRVBQTXV3clV2eERSSGh3Ry1WcUFScVJjZmd2eEsxY1lrMzltUDA5TzZmc3JjeU5rRkk4SXpYUkRCbjczQ2NLRmlWVkRIM3FzTnJYTzE1N0V2UXROM2xxZE9oQldxd0pKT3ktclpmbENTZDU2VjdwMjJUYmpBUXpFS1BuZHVsREIyRHlfYjlxZlFtODBCdjU0WnozWUNmcXpOQWI0OTVW?oc=5
2026-09-06,半導体,,テーマ関連ニュース,⚪ 情報,10,RF GaN IP competition intensifies - Compound Semiconductor,"Wed, 02 Sep 2026 10:39:44 GMT",https://news.google.com/rss/articles/CBMiigFBVV95cUxQZHJnUDllbW40ZFNOaDdIYkFrMERuLU9CamZTMlFCNXNxc25CWTU3elQ3QWU0Y3drOEJWOTB1SmdRd0ZMVXAtX21BQzlwZnkteFBaVWtONVV2MWxFSHo0Y2JJOGthWXZ5M3lLOXpwYWk5RTFwbGxJV2dRRGtmT1UwenZSemZFY3ItUWc?oc=5
2026-09-06,半導体,,テーマ関連ニュース,⚪ 情報,10,From charging to AI: power GaN’s next chapter - Compound Semiconductor,"Thu, 20 Aug 2026 14:28:13 GMT",https://news.google.com/rss/articles/CBMiowFBVV95cUxOQ3BKN1YwTE5FVWk2ZmFlNjlCV2I2SXUwQ0RuSU50dnBhQll0ZkpYcXViQnktWllLREhkOFpIX3VtalZRZXpId2haUGZNNWpTamFrRXF3cktOV1FOc0xvdXlDQkZzOWVhUmstUU14MnVLSUxMQWpfZk92ZEJWaXVDYmtYOUV4NER2THE2MmhJdjB5OXVpa2hCYXlMRUJCVnN3bDlj?oc=5
2026-09-06,半導体,,テーマ関連ニュース,⚪ 情報,10,The U.S. Should Fix Its GaN Problem - by Aqib Zakaria - ChinaTalk | Jordan Schneider,"Mon, 20 Apr 2026 07:00:00 GMT",https://news.google.com/rss/articles/CBMiYkFVX3lxTE9XYTNHYlY0NEg4clBKdXVNSUVlNEs5SU1JdVZSU2t2X2J6M2hEbUtzN3JYUmdmUTQ1cWJ2M1duQ2Q4d05kMkhaRUhWUGg0TXlzQXdpOHIzWGFRd1A1V0w2bGVR?oc=5
2026-09-06,半導体,,テーマ関連ニュース,⚪ 情報,10,HexSeed raises over £600k for diamond on GaN tech - Compound Semiconductor,"Tue, 18 Aug 2026 23:43:39 GMT",https://news.google.com/rss/articles/CBMipgFBVV95cUxOSmdPYzFrVFpOLXhXbDhNb2l2WE1TcFpGTnBVUkRMdWU4VmJfbDF1aGNHblZzUWEyUWZVdndzY2M1aURUVlhjUExRa1k3Z1JxOFJYYTAzd200Smt5WUV3YU5fWjdFVzVwM2hTTDdsaHlvcC1sYjhibXRrUEdnaHFSa0toZElkajB5SzZLN0FzYi1BWTlkMVFJMXJZd3JBWTM1WG1tUkV3?oc=5
2026-09-06,半導体,,テーマ関連ニュース,⚪ 情報,10,"Silicon Carbide (SiC) Devices Market Size, Share | Trends [2034] - Fortune Business Insights","Mon, 17 Aug 2026 07:00:00 GMT",https://news.google.com/rss/articles/CBMiiAFBVV95cUxNMkN2ektsV04xck9hR0hzaG9ZWmhzZFFWUmZwTWozNGNSZy1sejFwRWh0ZS1NdVlZLU1pR2ducWRIanFuZjV3Z184dUU1TE1IOEd2RmxJaWhqSHQzSTQySS16NEhDeU5vZEhzT29fNGVJWEVvZHFpSTZmZXhBUkQ5WktENmpWTENT?oc=5
2026-09-06,半導体,,テーマ関連ニュース,⚪ 情報,10,BASiC Semiconductor becomes first to turn gross margin positive amid SiC price war; industrial-grade MOSFET revenue surges 582% - finance.biggo.com,"Tue, 01 Sep 2026 07:36:00 GMT",https://news.google.com/rss/articles/CBMidkFVX3lxTE0xWEFWN295VXgzUUktalNZRXpPUk0wUndjVjJhb2h4UkF4amYxeEpUTU9qdzFRQ1dibFpUWWt5aFFkSjJud2hhb0tmODRVbEZlNy1pbEhMejB3QXpwczJ4N1ZaeVp1bHBBWTZ6cDZqNmNFb0N3bUE?oc=5
2026-09-06,半導体,,テーマ関連ニュース,⚪ 情報,10,"CVD SiC Market Size, Share, Forecast, 2035 - marketgrowthreports.com","Wed, 26 Aug 2026 07:00:00 GMT",https://news.google.com/rss/articles/CBMifEFVX3lxTFBsWklVdE9KaEhpOFdiU09wNG42OHkxbEZ5a3oxTHQ4RzJTc0NNUnN3U3AzdGZ1eVdjV0pyRXVUVjFCaE1fMTkzODE1MmtkRlhuQ0hFYWp5MzZid1RxVWw2QzVBVXJqRjd3SThsWXBHZW5fem1LdlBVZ3dTWWo?oc=5
2026-09-06,半導体,,テーマ関連ニュース,⚪ 情報,10,Power SiC enters the AI age - yolegroup.com,"Mon, 15 Jun 2026 07:00:00 GMT",https://news.google.com/rss/articles/CBMid0FVX3lxTE5lR25KZzd6QjF5NE1tY0xOT2t1MnVCdFdTbVhxaVB3Q09kNHYzOHVrX2FkLVVmNFZHbzBxRkFHSUlfbVJXYzR0eEl6dUdZS2tfcjUxODNqdnI5X3BhRUtQTEVuSlRWSDRMSnJndmJnUFBRMWlnYWlJ?oc=5
2026-09-06,半導体,,テーマ関連ニュース,⚪ 情報,10,Fuji Keizai sees China SiC semiconductor market at 970.2 billion yen - International Business Times,"Tue, 04 Aug 2026 07:00:00 GMT",https://news.google.com/rss/articles/CBMimgFBVV95cUxOZ09YNFFKNHRtZ3RXMEhlVGpEV1RyYjVRV0drcGlWblVjMFFiMUh0Z3VYdjNydEh6bGpKSHlRY01mS2pXVUdMM2ExWkJBZUZvNURWd0l6UG9UaFprMDdsWWpHYmdHam1QMDRrSU1FaWNJcnVFZkwtS1RJMnN4RnFOMHgzanQtc1NNTE1Ic2RaaWstTEc5eU1PQnRB?oc=5
2026-09-06,半導体,,テーマ関連ニュース,⚪ 情報,10,"China Silicon Carbide (SiC) Market Size, Share,Trends, Growth Analysis Report, 2030 - marketsandmarkets.com","Tue, 21 Jul 2026 14:10:12 GMT",https://news.google.com/rss/articles/CBMioAFBVV95cUxPN21Ba2dERG1aZ2VfN1M5bDY3ak5yOFJMcGk3RWhzajdXcnF3M2g1OWQyN1lnZHBqUGROZy02Yy1vZDFpS3RQSEpMeTZhZWI3Q0p1eFRndXA4Y1FBZEVxc3NBTThLR3ZNcG1LNXNJRFhzdmg3VEdyRU9EYjRReEtLUDFoaDNTbENMV1dmUEIwTjdIdFl6NXgxQ0g2OXNnSW8y?oc=5
2026-09-06,半導体,,テーマ関連ニュース,⚪ 情報,10,EYEQ Lab reveals 200mm SiC wafer - Compound Semiconductor,"Tue, 28 Jul 2026 07:00:00 GMT",https://news.google.com/rss/articles/CBMiiAFBVV95cUxNbVAxUWp3N3BJQ2JXS3VhWlRvSlhVRl80QnU1Y0pHVjlkbU5uWGRHU3VxVlNaaEdBOV9HUDZ3b0pwWDRKNVdVX014ZU5hRTNtSzg2RXE1a3lUSEE4UWx0SmRjX2tJTHU0U1RTd3IzcTJKMXBiZlJPWFZZS0ZmT3QxNHhkVnN5WV94?oc=5
2026-09-06,半導体,,テーマ関連ニュース,⚪ 情報,10,Bosch boosts SiC capacity - Compound Semiconductor,"Mon, 24 Aug 2026 07:00:00 GMT",https://news.google.com/rss/articles/CBMif0FVX3lxTE1VUHg4U0hxbW1vU0hKRWc1NWdaWXMxUHcybG9sbklFQkV1cmFTaXFKMzVzdzZzX21ETTNUWjRidUhsN0Jyck50OEhMemZUbnBZLXVnV1hmMjZmZmZRSm5ERG1YNDRFbDJITDBLbEFPT1dKQ2YtTG1Ubm1DQnMzSGc?oc=5
2026-09-06,半導体,,テーマ関連ニュース,⚪ 情報,10,Coherent samples high thermal conductivity 300mm SiC substrates - Compound Semiconductor,"Tue, 18 Aug 2026 07:00:00 GMT",https://news.google.com/rss/articles/CBMisgFBVV95cUxPNDZ5OXQxaXZXX3R6Tm5TUjgzdWZpaU1vN3NobWgzZko5RXN2ZHJPcnphTGpXOEtrR2dpd2RjS09ndGRlMlZjSlFyR00xR2lpblY1QUhRZ25yZXdXUVZSRUJEajJSM05mb0t4MjVfV1V2RnRBVEtKV1d0OEVFY2dzMGtTR211MC1QTmpZYjhPWGdLVHowUGdpcG1LVmZiem5zam5ib05BRUtUdkVYekVNdnNn?oc=5
2026-09-06,半導体,,テーマ関連ニュース,⚪ 情報,10,NoMIS demos 6.5 kV SiC MOSFET - Compound Semiconductor,"Wed, 12 Aug 2026 07:00:00 GMT",https://news.google.com/rss/articles/CBMigwFBVV95cUxPWUg5U1p0ajkxS3Z3Q2p3VlFDdU9JdXVNZE03Ym84d2lOSUtNb2lhYl83eFlGLVBSdk1xcFRnVVNCT1pQQTRQNlpuM1ZFdXNCZTlzZzhZbzkxLS0tcTlWWFh6cUgwMGpRMXBURWN2WlZvZTV0enhmNktPZDhONnBKZE1OMA?oc=5
2026-09-06,AIデータセンター,,テーマ関連ニュース,⚪ 情報,10,Elon Musk wants to put data centers in space. Should we let him? - vox.com,"Thu, 03 Sep 2026 14:00:00 GMT",https://news.google.com/rss/articles/CBMid0FVX3lxTE55U1ozMnhrMWhiX09IR1FSaDNzb0hQVGxMMW0yaExUQ1JObDJRbTVRQ2RCMnl3d0EyQTVkYmxMQlcyNE9sX2oybXFtSXFDMEVESjRieHEzNHhTVXJzaE9kUnNuZG0zRHUtY2I5OFItMno4TkVaRzMw?oc=5
2026-09-06,AIデータセンター,,テーマ関連ニュース,⚪ 情報,10,Cowboy Space leases a huge facility in the Seattle area to produce hardware for orbital data centers - GeekWire,"Sat, 05 Sep 2026 20:37:19 GMT",https://news.google.com/rss/articles/CBMieEFVX3lxTFBxcE9wNnFZZFU4dlhYX0V0Uy0wbWZiQXpjZHBPX1pmRmdtVHpLSTF6ZFM5dzdtaXltcUxOMUF3Vld6TEZyMGtEX3hDZTBFaklaZ3lpRFNVUzhNUTF5VTBBZlYzY3UzdU1aVnlMRWtQYmw1Mm5Ua0dqcw?oc=5
2026-09-06,AIデータセンター,,テーマ関連ニュース,⚪ 情報,10,Jared Isaacman’s support for Musk’s space data centers did not occur in a vacuum - The Hill,"Sun, 06 Sep 2026 14:00:00 GMT",https://news.google.com/rss/articles/CBMiiAFBVV95cUxQVFhBMnh6NzBiSHNGOWE0bGNaeHRzb2JSNV9HanQySktPYzlweWszT09BNHZiMk1heDhHdi1VMXpCeWdETnhEYzU0Rm9RbzFkcHdsUEdiMmhYNF9Xd29mWlBfaWw3MHJ4NW56OGUtbGZUSXJkdnZ5RDlqaloybkJQN1RFLTd1THhy0gGOAUFVX3lxTE12VFlmb1pmdDBzdGI3Njg1SXFCT2tqeFpvTkc1U1RRclVrZFMtSDEyMXZBSV80RzhLZ01BdF9RczR1UFFPa3FUNjRYRm9SZ0N6Vk53MHIxX1lkMTFYQzdIX1VVZkJoeThSR0JKWVpRS0xXaWRBX2RMMHV1eVBPMEo1Zm8yS19EVUdCZ2NNeUE?oc=5
2026-09-06,AIデータセンター,,テーマ関連ニュース,⚪ 情報,10,Data centers in space could be a new frontier for insurers — if they can price the risk - CNBC,"Fri, 14 Aug 2026 07:00:00 GMT",https://news.google.com/rss/articles/CBMimwFBVV95cUxPanlzbTkxbHVrT0dsb05kNnhrZVNzOFNNc0JKTm9xZ1BUWUpWQkEyWmRUcGhLdXNFbHM1X0U1NnoxbU91UGo1Xy1DQzdCR2ZmYVd4UXpaYkwtNTMtNWJmd2FYTUtNTW5mYWZJV0VlWlQwWnE1S3VzZEdIZFBFRDlmS3JjMkdYa3ZTRUdTd0kzWWRQTkxsbWJZa04zVdIBoAFBVV95cUxOX2ViSzFsb0JfakozR1hrcUlCNGV5bHdXWlFPSmJ5NHFHQXQtQmo1T3ZmTUpCN0YzLUcxMXoyR2doTnRNczg4VkFNSnc4aTdQN0djdDRhbC1MazBJYzc2dHo5ZzBKbFR3MXYzMUNVLURsY1IwRTNOM2F3UnFYZHZLUUR2a0lyX3draEVraHFGcXQ0WDBGWU81ZGxlOUJ0djRO?oc=5
2026-09-06,AIデータセンター,,テーマ関連ニュース,⚪ 情報,10,Messaging on data centers is hard. This committee offers a safe space. - Politico,"Fri, 04 Sep 2026 08:45:00 GMT",https://news.google.com/rss/articles/CBMikAFBVV95cUxOQkFGMjZFZGtsUTlRQjAyZlhKUXQ4QU1feExNZ2VUSVRBR3l3SVNSX0t4SGFxcWVtaGtud1JKcDZHd1pYR0U0NW8xOU4yVG9STXV4T1pTYy1EeWs3Y2FHeExaTVdrNUs2UGZIRm1PclMxZ1Jfeml4MkxhRVpNdE45V042ZWRrTklHUml6MmRJRlc?oc=5
2026-09-06,AIデータセンター,,テーマ関連ニュース,⚪ 情報,10,The Backbone of Modern AI Data Centers: Networking the Gray Space - Cisco Blogs,"Thu, 03 Sep 2026 13:20:07 GMT",https://news.google.com/rss/articles/CBMipgFBVV95cUxQcTFaQ2dtV3d5NnA3d3pleU96NnlSNU5kWUZtQ3oydlZvckZ1NE1tUVpuaHdEZHNxam82cGs1TmhoVENKTEh6VlNmM2NFd09ESUlVWUtwU0pPZjVEbXdYRzA3UFpUYm9lclV2MWJWZ2FnMFg1bzEtNkkwZkdScU9xbXNNY1VGeEdiMWZWclBueDFCVHR6T1F5aDJReVBmdHhTQXlDajJn?oc=5
2026-09-06,AIデータセンター,,テーマ関連ニュース,⚪ 情報,10,The Space-based Data Center Hype Machine Is Already in Orbit - IEEE Spectrum,"Wed, 01 Jul 2026 12:01:52 GMT",https://news.google.com/rss/articles/CBMiX0FVX3lxTE8zdHR5cGpadzFtZzNRSi1FeWRBc21UcTVYYmJhcTVYZW9TenA3b1pmcmpGN050UzlJQTQ3bzlZZ3ptVWZpUC01Q0lQbi1WWVFocC1aS3pSbHpfeDdIZmI4?oc=5
2026-09-06,AIデータセンター,,テーマ関連ニュース,⚪ 情報,10,"Rapid City data center backlash: EPA rules, Meta cash & space tech - KOTA Territory News","Sat, 05 Sep 2026 15:00:00 GMT",https://news.google.com/rss/articles/CBMingFBVV95cUxQbjdKZDJfX1ZfTUxPYUwwdXl2RGpZNlFETHowQmhidjhiTkRDaC1tRWhTSzlCdzJRUVl6M2NwQVBWaUYyaHNUUzdXWTNiVVVscHZmbFc4TDBDd09fYXdjelJibnZ3Qy1fTWdxUUwwbUZxSHJzWEV3cUVBZmtpSmlGTUhzYkxCRXQzbU1iX203V0dlXzRDemdsMGF3YUZOUdIBsgFBVV95cUxPNjBKaDZtN01haDMzNy14eVNPQ2Y4a01zUVA5X2hhRnBsZ1cxUGlIOUZvVFdjSFNaM1JGaWpxTnVVdGI0RWNwNE1GelhUQWRtMlNZbjVNUTRYbHdUV0lZWVY1YjJHYWFiMWU3X2RlZVFYNG1zcThUWWF5X2YyX0NBbUpnMlR0S1ZtVVJOY3RhNjdSWnlnMlhSSlVRRXl4MnFyRkIyTlNRb1pkeTZLUEhnb2JB?oc=5
2026-09-06,AIデータセンター,,テーマ関連ニュース,⚪ 情報,10,A.I. Data Centers in Space? A System to Cool Chips Could Help. - The New York Times,"Thu, 30 Jul 2026 07:00:00 GMT",https://news.google.com/rss/articles/CBMigAFBVV95cUxNYlhkbDdzYVQyRHBaSE01N0trZ3hvYlQwMjVEazVHQk9KZExnUnF3WC1mWGV2ZEdIWUIzU2VYVy1JREs2WWdDbEsyUHIwb3hlNEFQRWhldlQ2azBVQ2ZndU5SVE9fd3BxNmFVbjVsMnRfck5GV0ZuLTg0WE1SVGJZZA?oc=5
2026-09-06,AIデータセンター,,テーマ関連ニュース,⚪ 情報,10,"Orbital files plans for 100,000 orbital data centers - SpaceNews","Tue, 30 Jun 2026 07:00:00 GMT",https://news.google.com/rss/articles/CBMif0FVX3lxTE02RHlZWUU3U0JWV3lmRVNJMURxaTFVT0p1RUhNblowZEZGVm45d3YtRG5XeG1sYU80MlgwaURpSXRIVV9TcEhTV0tUZzFFbl80MXJZanJ5RDlxd1JTUGZGajZHdFQ3bmp1Z3lnUnRNYldsa2FqbVhkNTgzWEU4LWc?oc=5
2026-09-06,AIデータセンター,,テーマ関連ニュース,⚪ 情報,10,"Space data centers could be ‘catastrophic’ for planet, scientist says - NewsNation","Mon, 27 Jul 2026 07:00:00 GMT",https://news.google.com/rss/articles/CBMikAFBVV95cUxQYzc4b2ZPX1paVU5OMC1oRWhWaGtFZnVSNU13QUtSLWlwUkNnZ1Z0SmRwTl9Qd1p6emFQckFVN3pyQWZGSExRbjBGRFhqeVhBcTNreGFROTJXNHVGdnpSNnotT0hWMVlZVXppM2JtR2w5MWVnbnpYMzFxbncxUXFmajN2cWZmNmZnVlpJX3NBTWnSAZYBQVVfeXFMUG1XRkp5WVk1REl5MHpvMVNKQVZqcVJzVDlsc1VWb2wwZ09RS3g1ZWFrRDE4N3pjbEJoeWduRTNua3U2UlFzeWlqQWVtS0RlNVpsQVV4bWtWTlBINEx2VWF2X0pfbkQ3a1R6V2NtZnN6NFJELVptZ2cxLV9ZaFRsYm00ckR5ekpGeHJTcVkyNHR6bHJoVDB3?oc=5
2026-09-06,AIデータセンター,,テーマ関連ニュース,⚪ 情報,10,Data centers in space - JLL,"Tue, 09 Jun 2026 07:00:00 GMT",https://news.google.com/rss/articles/CBMiZ0FVX3lxTE15RVYzNW8zQTRINzFsSlo3ZFBpQ2pobV9Yb1FESDN5ampzUjZGRVlfTkZkckpKU2RFZERobFBTdlBIZ28wUElkRnk4WGUtZGVXRUdzbmxYTjJnNWNsM3VDRGlpWW1PYlk?oc=5
2026-09-06,AIデータセンター,,テーマ関連ニュース,⚪ 情報,10,"How hard is it to build orbital data centers, actually? - Ars Technica","Wed, 15 Jul 2026 07:00:00 GMT",https://news.google.com/rss/articles/CBMilwFBVV95cUxNazdPRFRsYkVHbnN4M2J6Z3ZTWWt6WGhacnBnOWtDWGgxck40T2dkYlBzcWE3UDBHQW1PT1p2SWtKc1c5b3otSWplSmxNbDktLW80TUh1bjVDZjhJQW9vc3NwRTFraDJUcFpDMExHNktuMXlFUm5oRnJ6MlNYdEFzT0s5LUVseHFDOU1Rai0zS3Y1OWlYOE40?oc=5
2026-09-06,AIデータセンター,,テーマ関連ニュース,⚪ 情報,10,Big tech's next move is to put data centers in space. Can it work? - NPR,"Fri, 03 Apr 2026 07:00:00 GMT",https://news.google.com/rss/articles/CBMijwFBVV95cUxNbWtzR2pqTmxiUEsyMmRKeTZncWxmSzBoYzFTRWs0eU42ZWpORUcwWlJGSWlkX0NNa0VvVnQ0Wko0Q0FZakR6S0dUekpBajQ0UTVFN2ZMTVItbWU2RTJ2WjFDQXBxYmY5Y3FyNXNiRjNGVzhiazB6V1FwWHFoSVVEVzVrd3JCVklCM2d2c2Fxaw?oc=5
2026-09-06,AIデータセンター,,テーマ関連ニュース,⚪ 情報,10,"Data Centers In Space? Coming Soon, But With Down-To-Earth Hurdles - forbes.com","Mon, 15 Jun 2026 07:00:00 GMT",https://news.google.com/rss/articles/CBMiuwFBVV95cUxNTUtNcWloNWJoaG5ldkpmRlZvOUE3dVBuYlkySjBvZVNzRkJBU3I3aUcwUnZLWm5oaF82a3pPaFFNS25IdXJ6QVJoOWptaDRYTFIxYjY0c0pxVFJ5LUxlSkZ5b0MwaTJPZ2FWTU5sc0hwSVB5V3dDQ2E1Ull6aEt1VEVlYWdhcEZBOFM3aE0teEFFYnlYdlhWVVlOc1pwRnJYWW1hMG12eGpVZnFDYUVZbm5SNUhaM1p4MVFr?oc=5
2026-09-06,AIデータセンター,,テーマ関連ニュース,⚪ 情報,10,"Greetings, Earthlings: Philip Johnston of Starcloud on Data Centers in Space - Sequoia Capital","Sun, 28 Jun 2026 10:25:18 GMT",https://news.google.com/rss/articles/CBMiqAFBVV95cUxOQ0ZSRTlIWF9DeFNPd0tRdGhGMUNFQmxGMmdrUzN2RV9JSGFHYmY5V3R5cnotWS01QnJ3b191SUpHMnlVMEJ6SEUyaVBJTEg4Zy1FbTlVeWFoRDYzVE5pTFk0S1kwZkpUSEQ0d1BHNno0ZWg1X1F4aGhwaDN5ZEstSmM3eTJmdWRJd1REdVF3bE1VcWI2VVItTXE4djJGWml5N2V4bTBMckw?oc=5
2026-09-06,AIデータセンター,,テーマ関連ニュース,⚪ 情報,10,NASA administrator suggests putting data centers in space - The Hill,"Wed, 26 Aug 2026 07:00:00 GMT",https://news.google.com/rss/articles/CBMikAFBVV95cUxPbHZ3azJ1dDkxYkhqZndPeUZJYVZYTFRaMXBwVGg5a1YtZU1WaEJiSE9LMnN2cUE1VjNTcWtDdmFQbnJlbW14VkNoQ1hnTVBrTG5rNzgtLV9wSHUxNFhYN0RzRmo0cFlXemxuM2c3Vkl1cjRBdi1nNHVrQjJJYTRxTDBlV2pQdzJYSFBvU1dVckXSAZYBQVVfeXFMTWR5NTR1N0JJYjFsb25qVGZmOWxydDRlMVhqOGJQWUM2NHJIUXNSb3ZnNy1mTl9YOVRoMlBsS0tzQ0dtWTgxVHFFREVFZnhIcFlhcDNPUmI4TmdRTlJ2Z3BYcVBUUmtraDJrNkNucEEyb2hFaENPQVdBN2hQSW9Vak1XenFnUU1KQS1GS21taElDOVhjTFpn?oc=5
2026-09-06,AIデータセンター,,テーマ関連ニュース,⚪ 情報,10,No one wants AI data centers on Earth. Do they make sense in space? - CNBC,"Sun, 21 Jun 2026 07:00:00 GMT",https://news.google.com/rss/articles/CBMikAFBVV95cUxNckN0aU9QN2xCT0MxZGN1NnZkN19ZY3loUTdJUHc5dlBiUzV2bjgyVW85OTQ5czEzUDgxYU8tTnVMMnBEQUNOdUhGdGU0NmRDODJ1SGlEUGVxQm8wYVg0bVRRR0Y3U2g4djFUdFF4SEx0SS1lV3p3czM5NU9KWEROby1DNzdBcGhVb2VTakxOMTXSAZYBQVVfeXFMT05mN21fLUdwQTV1UnRjWHVneHAtR3RYTV9jMW9GMldVYmJNVlRmT055alVGTnJfVkU0Y2RWVElydzFJTUI3bkxxSGxYeE1BVFFlLWVwU1BmWFZGNVFDUXlNVHgwVkYyM1VhOF9zdHBrWXdYNUtHN1ZzWDBOYXE0cWx3SzFxRzY2S2ZWUWxBNnFQU2lRdlFn?oc=5
2026-09-06,AIデータセンター,,テーマ関連ニュース,⚪ 情報,10,"Musk Moves Up SpaceX (SPCX)’s Orbital Data Center Timeline, Again - Yahoo Finance","Sun, 06 Sep 2026 20:41:03 GMT",https://news.google.com/rss/articles/CBMimgFBVV95cUxNS3V6WjZhMVdqTV9SVnNyOVpON0d2UC1RRzB6WENzYjFXVWhkenpscGtDdkx6UlU4ZVhmLVl6d2RWeVM2eVdxYW52R3RzWWlLSVlxTkdkd2pFTXBtazRnTGlOc25YMGYweXlCbUJsQ0NLd1ZCM3hZMDk2NWFMZ1dxNzktMHhocU1FY1hrSF9zb2VYLTJuTGJwaXpn?oc=5
2026-09-06,AIデータセンター,,テーマ関連ニュース,⚪ 情報,10,Orbital data centers could outshine the Milky Way - Scientific American,"Thu, 20 Aug 2026 07:00:00 GMT",https://news.google.com/rss/articles/CBMipAFBVV95cUxNSDZLdUV4UVNVakNZN0hTZEoycjM3VlV4YlhwbXVVUVZsMzQ0NU45eGtwNWZVZWhjQUd3VVBTcTE5SDZELW00dTRsVml4UTVjV2VIVUVRLW9nY1M3NnJIRjBjM3lDZEZpcldqMl9keFlWWlllVDFEWFktckVHZWtmdXhEY1dWMkFPSGROa25HRlZwSkI0S0NrdHB4Q0ZPTWxsM1N0Ng?oc=5
2026-09-06,AIデータセンター,,テーマ関連ニュース,⚪ 情報,10,"Space-Based Data Centers: More Than Hype, but Not a Revolution - Boston Consulting Group","Thu, 27 Aug 2026 07:00:00 GMT",https://news.google.com/rss/articles/CBMigAFBVV95cUxQRGlIZU9laXhmTGNyTWxHRUdtT3V3VEhVTnNGRFh1cnBzaGdYMzdNcHJ3bExPVFdRLVNLOEhBS0ZHbDBDeDU3VUJOSVgwSEFXYUtkQzkwNVdYZHItNm9lRERxMkt1UVppVWRCQ19iQ1R4dEVDOGEwd0dHZlE3c0JHMA?oc=5
2026-09-06,AIデータセンター,,テーマ関連ニュース,⚪ 情報,10,"For Orbital Data Centers, NEPA Could Be the Next Frontier - Morgan Lewis","Mon, 31 Aug 2026 18:57:14 GMT",https://news.google.com/rss/articles/CBMitAFBVV95cUxNcjVYMGItQU9QUW95aW1SN1F4TFVvQks4bFNYb3R2cktVcHJyMEx3UTdaVnFBYmh4SWR0UDM3UGlUQlpHcVl6aFYtcHhfLUEzZEJpUEdDOTFndk5idk9ZcUlCVTVCUldWTGZWTW1PTS1ZS0FuTm9iczZwRWFwOEwya0daUXBnQ21KVzRVdDdhTlpHUkZELTBVQzU0OEJDWVVaVFFFbklwRjBoNEdldlFWZ2pKUG4?oc=5
2026-09-06,AIデータセンター,,テーマ関連ニュース,⚪ 情報,10,"Elon Musk, SpaceX eyes 1 million satellites for orbital data centers - The News International","Sun, 06 Sep 2026 18:58:00 GMT",https://news.google.com/rss/articles/CBMirgFBVV95cUxPMS02dlJkQ3h1cHRiaUs1aVNMc3dWWko5X2ZFUDdDVVhqT0Jrbk1CTkI0emJvZUloVmNqUHhzUnBPVXk3RWJHbGROMllXN1ZyWFlVXzgyX1E1TmcwM3R5c2JqRzlra0JfaXhrWV9SU1FfSnZWcG45Y1A5MlFKQ3hIWnU3UUVrclNJeERrMjB0bjRKcXFadFczNWxiaUZXcGJ0YW96M3RwSDFOa05mQ1HSAaoBQVVfeXFMTzAzaGlTaXlyTUVERkxZOHYyN214TmVia01taGJWOThWelVNbWx4RlNJdVBUZmVJOWttYWM3QjFKa1B5VFBia3ZST251ck9Kekp1OFVqVV9aZWRhdkQ1YWIzSllLb251d1d1RTM5dnFvY1NQYkxNekVSVGw4OE5Ud09idXJPWHlYaGhjZU4xdjZtYWFpOFRzSk5VMWxPejJaTTB6Q1Vlazc4YXc?oc=5
2026-09-06,AIデータセンター,,テーマ関連ニュース,⚪ 情報,10,"With Nvidia on board, SpaceX orbital data centers to hit 'significant scale' in 2028 - Light Reading","Tue, 25 Aug 2026 07:00:00 GMT",https://news.google.com/rss/articles/CBMivAFBVV95cUxPV2E2NlVRdXNUczZLR1FEZ3Fid2NSa3hfeW1LaEtieDZNNV8yVENwQ3pJY1I5VzEtUWxScEpma1FXWEpjUEliYldEc0ktVVhoRUYtNTlSNzFMNlNNYkZCak5Sc3pvclhqWVhOZ2tsWUdkeXVDY0RZM1Q0OU01YlJJUTh1Zkh1SzFzZlR0YWxlX2J5MnR2RFJfZVBTVXJ1SmNzcFFDRW44bWtWVnVYRS16cV9zNnJ1SjNfMUxXRg?oc=5
2026-09-06,AIデータセンター,,テーマ関連ニュース,⚪ 情報,10,Musk Sees SpaceX’s Orbital Data Center Launch Near End of 2027 - Bloomberg.com,"Mon, 24 Aug 2026 07:00:00 GMT",https://news.google.com/rss/articles/CBMiswFBVV95cUxNenFaRnNzODc0bFNvdzRhU0xrNko5Z0JQc01JYW11T2JId2pFclg0OUVwMmJQdXBqSHRIcUV2aTQxekI4TC1FV0VpVnB4a09oMzdRTUcxREJvdXNxZVNSSnliX29ndnhvbDFiMEIwUkt1M09vNnUzLXNlazhNb041RGR2ejFrLXIxWkZwY1BQdXNkRlpMbllWcXVMd09YSDZIWEc0WGFnaDFVZkV6UFNfZXJPSQ?oc=5
2026-09-06,AIデータセンター,,テーマ関連ニュース,⚪ 情報,10,How do we solve the data center problem? Build them in space | Opinion - Austin American-Statesman,"Thu, 03 Sep 2026 10:22:58 GMT",https://news.google.com/rss/articles/CBMisAFBVV95cUxQak10QjN1YjYxdEdkWEVyWjlBRDJOZV9FUFAtcktFS3hOV0djYTN4c0p4MnF2RGJYYUxMTkxudTBKZThrV0FZc0dOcVo0cEhmQWV2VzZXdFl5ZTRrMFlYQVlmeGl6NlBYQWtDc04taHhjZGV2b1dKckxZY08tWnhvS09NYnhtaE5abExYR2VQMzk1NUxuMkxfend3MTJrY2E0dldyNTV3QzNKVl9uMkR3Uw?oc=5
2026-09-06,AIデータセンター,,テーマ関連ニュース,⚪ 情報,10,Orbital data centers’ feasibility gap is a governance risk - brookings.edu,"Thu, 25 Jun 2026 07:00:00 GMT",https://news.google.com/rss/articles/CBMimAFBVV95cUxNQVNmaWY3LUVPR1JmRzc2Q3g1cnVONHVBMFF5THhRZGllYWtVbERwUV9ncTdxN0I3Z0l4RjZsemFqaEdZYXhrb1dpbmFCUnp6N2VqaTZpR3lNSmFRVmtWRFUzVlQ2Yjk2X3QtLWhEemhnazNYUUNoSlR0eFZDNVJsdGx3aUFLaWJSdUJCb2cyQ0xjeHpEdldTRA?oc=5
2026-09-06,AIデータセンター,,テーマ関連ニュース,⚪ 情報,10,Starcloud raises $250 million for orbital data centers as launch options dry up - TechCrunch,"Fri, 21 Aug 2026 07:00:00 GMT",https://news.google.com/rss/articles/CBMiswFBVV95cUxNeXVPM3dmSzFKVFBVX012dWE4cmNSQ0xvamRkYUJBYUttT1U3ZkVnc2Z6YXVKSmFMMk9TWEZOTGV6eFgyLWx3LVIyTmw5cWdQZ0NSTWNmMTVkSFZ2WU8tRXp4MjlKc1ZHUy04MjNhVFM2OFAyN0RzR0ZlUGxpZjV6SGx2ZmplWXFzdzNJVEhlbDJHRXc5R3Jja1dXaW85Yjl2cVVrMTRfVmxmMUdod2RhY0g0WQ?oc=5
2026-09-06,AIデータセンター,,テーマ関連ニュース,⚪ 情報,10,Are orbital AI data centers the next frontier for compute infrastructure? - Data Center Dynamics,"Sat, 15 Aug 2026 13:01:47 GMT",https://news.google.com/rss/articles/CBMivAFBVV95cUxOWlgzcXpscFpoZjljMUx3VFVVRnpwdktGTGtGbU5nc0RxNnJRUm56WV9ydkV6c2tvVjAyYzU2TlBPOEp2N0NfN1JpMExnV3kzYWpEMlhERU5VcXhWNlJpaEVPdHlQWUEwZUtkenhxcDZIX3JpekNxNjA2MXVHMXB1RE5tNFRtX2t5QzVVX1FaN3hJczc3WmFOem8wYlVFNUNtcGpnU0VVd3YxcVFRdW9VTFVLdGpCd3g1SFRvZQ?oc=5
2026-09-06,AIデータセンター,,テーマ関連ニュース,⚪ 情報,10,Orbital Data Centers Could Put National Environmental Policy Act to the Test in Space - Morgan Lewis,"Tue, 25 Aug 2026 07:00:00 GMT",https://news.google.com/rss/articles/CBMixAFBVV95cUxOOHRRRlFwZ3NyVkUwaF9KNXRNR0lwYVRsTF9id19fajJidmEtbkdzQnk5bWdMb0M5YXROYkhTSk1lVFZIT0xvVVpoQVRBSkV3RXBvanNCLXpsMllNbHlhSVZPeEVtX0JuZkhKVTk1ejVnWFFxMzJwWnlISldtQjE2WUhSSDN4WW1ZdW45ZFpKNmZsWVpfMlpvN0VwdzJTNktDTnlBNFk4WG1oYmJ5c0FLUmJGUzdEeFJKdHJLX09ZVzNwQ0hI?oc=5
2026-09-06,AIデータセンター,,テーマ関連ニュース,⚪ 情報,10,Environmental groups urge FCC to pause orbital data center applications - SpaceNews,"Thu, 09 Jul 2026 07:00:00 GMT",https://news.google.com/rss/articles/CBMinAFBVV95cUxPMDF3c3hYVUluczRBWlY1VVlweDY2azRlTkZMR1M5Zzc0c0RqR2hLVEI5aFhpaHhCcGxiZUVNeVBzaWo4Q3NsYVpOZHFNY1VYNnozWi1UbFlGMy1nTjhUaDJlRkhXdnhUV01tQVVmUXVjdG9tQzFqQkRjZWE1Uy14Z0tUTVowRlliNW9KTXl3bzBLcjdnUVBTaWFKdFE?oc=5
2026-09-06,宇宙,,テーマ関連ニュース,⚪ 情報,10,"Blue Origin Plans 51,600-Satellite Computing Constellation - Aviation Week","Fri, 20 Mar 2026 07:00:00 GMT",https://news.google.com/rss/articles/CBMioAFBVV95cUxPSGVON2RkZGJJSnFGSlBvZ1pzTG40dUpvVzl6YW1va2dwVm9sZUMwcndhdksxSDU5N0hrRHRDWmwtX2J4aU52WXI2dFVjUE14RjRUVWtPOEZhM2J3b1NkaWFIRlU4Z0ZpaFU1dDFnR0VQRUp6amlDcUhINFJ4aERPT2JLUjZUS0lqd3lKM2NGbG1FUEI5UGhESV9NZnZLNU9X?oc=5
2026-09-06,宇宙,,テーマ関連ニュース,⚪ 情報,10,Setanta Space unveils €3m funds drive to accelerate onboard AI and modular satellite computing - Engineers Ireland,"Fri, 04 Sep 2026 10:07:53 GMT",https://news.google.com/rss/articles/CBMi4gFBVV95cUxNZXlUVm0zUUZob3M0aWV0YjJrWm1reUVhMHVhLU9sOWpqbGdzUlRJUlZMWkl6NWFJN21ONVhNd2tfNllnZFcyZzg5RnhZeTB5T1FpajM2a1FIdWdqbkdXLWc2azJKT2pUbFVOUHNlZzJTbUJyLVpXbERNMEg0MEpiUGUxU0k2X3BSRGdBbU11REJlNWJkN1ljNzIwOGdWcGlxOGdLQmV5Smh4Ykx1MVJMX3dpUzJxeEVQNjNCeWlwUm9qZml3WG1HSDkzZzU3R2htdXM2eE9kMGFSb1NCT19QR3ZR?oc=5
2026-09-06,AIデータセンター,,テーマ関連ニュース,⚪ 情報,10,"AI Computing Race Heats Up in Orbit: NAYUTA SPACE Unveils 10,000-Satellite Constellation as SpaceX Builds Gigafactory for Orbital Data Centers - finance.biggo.com","Tue, 07 Jul 2026 07:00:00 GMT",https://news.google.com/rss/articles/CBMidkFVX3lxTE9aWURvdFRSNXNUNERJeUxwenpZZnRNVVVkeE9vQnZaT2lYOF9DQXcwRFVIWDdpRER5bW04eFgyR1BabVFLd0pxaGZ1MGdRSVJ3NDZ0ZFpaZ2k0MVlnMlp6QmVvNElHZlpLZ2lHaElMSFU5SVJWckE?oc=5
2026-09-06,半導体,,テーマ関連ニュース,⚪ 情報,10,Free-space optical communications at 4 Gbit/s data rate with a terahertz laser | Communications Physics - Nature,"Wed, 04 Feb 2026 08:00:00 GMT",https://news.google.com/rss/articles/CBMiX0FVX3lxTFByTjBPZ0dZUkRjNENjUVhOOTQybFRtQnQ0WmpPdllOV29Zdm9Mc0p0SHQ2U3N1VzhzczZ3a19hMS1xelIwZVg5YWdQTUdHejJMbTF0QnM0NVlHMFlLQU5r?oc=5
2026-09-06,宇宙,,テーマ関連ニュース,⚪ 情報,10,PI’s Fast Steering Mirrors (FSMs) Enable Free-Space Optical Communication - azonano.com,"Wed, 15 Jul 2026 07:00:00 GMT",https://news.google.com/rss/articles/CBMiWkFVX3lxTE1mcFdpaXdGSzNvNDA0dXVaRXhFeEY0T2dkUFJQdXFRVUxoYnU5bTlnX0pWejRSa2hFbGVEQURQMWh6MzNjbW9KaWxaMEtDN1RBdTB5QjF5S1R2QQ?oc=5
2026-09-06,宇宙,,テーマ関連ニュース,⚪ 情報,10,Vector Photonics demos free-space optical communication using PCSEL outside of a lab - Semiconductor Today,"Thu, 09 Apr 2026 07:00:00 GMT",https://news.google.com/rss/articles/CBMijgFBVV95cUxQLUZYQVl3bFlsalJ2ZUZpaVhabEpUOHRvLVRCaEJrdDFnOU1JM2J3OGR0dEhDSGNqZ0FreklZYU92YjNLNzgybEh6cHJaRWJDNzhnZVBwUmEzOEt0OGFjczdxM2NRbTRKZmZPbUg0RHY4ZlQtRFdqWFBLbXhma19QdDRhazNTMjE2a1BnT0lR?oc=5
2026-09-06,宇宙,,テーマ関連ニュース,⚪ 情報,10,INCERASOLUTION Closes $10.3M Series A to Scale Precision Laser-Steering Mirrors for Space Optical Communications - Wowtale,"Tue, 01 Sep 2026 08:23:50 GMT",https://news.google.com/rss/articles/CBMiU0FVX3lxTE5BMlpLMEN2V2lwOGNCd3BCUGwyaksxTU5LeF9EcUVxTFpPUnpiUFhabTFPdS1tTlUzRmpad0xrWGZQMERCUVgtTWF3ODIzZFg2UHZn?oc=5
2026-09-06,宇宙,,テーマ関連ニュース,⚪ 情報,10,Why Is the Free Space Optical Communication Market Transforming Space Connectivity - marketsandmarkets.com,"Mon, 09 Mar 2026 07:00:00 GMT",https://news.google.com/rss/articles/CBMijgFBVV95cUxNekNoSVY2RExudFlVT2I5U3RsMFRDb0FYOFJPdk5odERZVzA2NFo2NzJ0bmtJSnRQQzBCWE1VbjRtV1FrM19Wdm1hTTlBYWJLMVlad2RTZ3dGVUptYWE0N3BFNlFjTl8wTDZyVjRpR19tcUdfR2lybE1XS1hIcHRNNW9ZMnhYZzF6aGk0dVBR?oc=5
2026-09-06,宇宙,,テーマ関連ニュース,⚪ 情報,10,"NTT, MBRYONICS sign space optical communications MoU - International Business Times","Fri, 05 Jun 2026 07:00:00 GMT",https://news.google.com/rss/articles/CBMiiAFBVV95cUxNcGtCQlVoZVhIUVhNR3NobGhxcWljLTN2ZGYwa2c3MlZlX1NHZnhhcGFtcVVHdWJ2WWxZNkZ3RXhLTS03TnpUbkRZMXhJVjhSZVF0UmVpWmJGeW9GM0ZiQ3FZMXMwd1lCN25hbHdYOFk2Z3lwRUh3NmlvZDgwczNLN2lfVTV4VUp3?oc=5
2026-09-06,宇宙,,テーマ関連ニュース,⚪ 情報,10,Robust high-capacity free-space optical communication using OAM-based structured light and intelligent adaptive signal processing - Nature,"Thu, 26 Feb 2026 08:00:00 GMT",https://news.google.com/rss/articles/CBMiX0FVX3lxTE54V3A4b3FHMkp2Rjc3RXpYVUx4R2R5bEVnTVdDMmNUOUxiSDNHMGlWVEpieEJTZ2RtS0xLa0ZxOEhKRVJxT0hOaHpsQ0pjalRfdXU2UWlpQVF3a0dSVHdF?oc=5
2026-09-06,宇宙,,テーマ関連ニュース,⚪ 情報,10,Partial coherence and multi-channel vortices enhance high-security free-space optical communication - Nature,"Tue, 09 Dec 2025 08:00:00 GMT",https://news.google.com/rss/articles/CBMiX0FVX3lxTE1zYjNLdUpTMjBKekxGeHdxU1ktTzlXbGFzZEYxcUg4UTJ1RGRZUVRkX1U2djg5dElLVlRDVk9idWJ5dkd1MzFMd2hTa3Bxd19oNUVILTU0Sm9ySlVHQ1BV?oc=5
2026-09-06,宇宙,,テーマ関連ニュース,⚪ 情報,10,DARPA selects companies for inter-satellite laser communications project - SpaceNews,"Wed, 10 Aug 2022 07:00:00 GMT",https://news.google.com/rss/articles/CBMimwFBVV95cUxNQlFaZTN2ck8wbkpwQ004czNweW5OVTloYXduX29KdzIwbl9kcXdEZ2VsbWtvbUVfM3VWMDQySkxCRk5LakxVRVJSZUpEM0VFcEZNUzRpRWhPYnVsNlo2Q0FNLVhsbk0tY2d1Sm1JU2tTa2tCdThGN3VvVGg2X3c5czhreXR2OUdrcGI2aFpNZmxSNzZRMi1LY0hSRQ?oc=5
2026-09-06,AIデータセンター,,テーマ関連ニュース,⚪ 情報,10,The “Physics Wall”: Orbiting Data Centers Face a Massive Cooling Challenge - satnews.com,"Tue, 17 Mar 2026 07:00:00 GMT",https://news.google.com/rss/articles/CBMipgFBVV95cUxNV2FjZHhsTkpsUmhhUUNxWUFsVXdZeTlSSmhMWl9TX2pXVGpidjdxQlRqMTBzQ0RaRkpvSVlrV0VLVmptaHZXRGxiTW1Tb25qTjhQRVlDQWd1N2lSYkJUbWdSN2hyY0swOEhscHVlblJMczVGQ2R3ZkhwbjZiSno1M2xjYTdRLUlsazF1cjZwVmNUQnpVeGkxUEwya2F4a1VlQzdZMXN3?oc=5
2026-09-06,AIデータセンター,,テーマ関連ニュース,⚪ 情報,10,Are we really going to build data centers in space? - Spiceworks,"Wed, 24 Jun 2026 07:00:00 GMT",https://news.google.com/rss/articles/CBMiiAFBVV95cUxPQ3lxR2NvUVpkZE8ydkEyUXNZWkdpakh5cDJiOUN0VEg1aWx1QnM4NVNuV0ZpcXZFVHhYNC05THBDdGFfV1BQUXpPR1pXSDBTUFBObWg2OUxqLW00cl9lRFg0VDhSNnF0bGVTR0Y0dkR5R29mQlZYaWIwaTllRUxwb01hV2loaXZk?oc=5
2026-09-06,AIデータセンター,,テーマ関連ニュース,⚪ 情報,10,Heat Radiators for AI Data Centers in Space Will Be a Huge Advantage and Not a Huge Problem - NextBigFuture.com,"Wed, 01 Apr 2026 07:00:00 GMT",https://news.google.com/rss/articles/CBMizwFBVV95cUxQal9tNlR2dXVHWndNcWptbExaNDJGQXhKYmg4MHpobVlnNzQ2RGtNNFlVQ09pNE9fdGtpSmV1QzJKVEhhbUcyalR1Q2NtdUhBdVk5ZnJSUDU4aURpZW1xV1ZsaGZnWThOQ09GZ1JsVFdtZjN4VFVVWDByd0dEZ1JWOEhJUFU5NUp5S2cxVHRTRm1OcGtMVG1NaHI4MXd0R2UycEJ3ZlplNGtfWEdlQ2pySkliTVJLcUUwdTk2dTN3YzVJT2VxT0JSNS13VzJuX1k?oc=5
2026-09-06,AIデータセンター,,テーマ関連ニュース,⚪ 情報,10,How to Build a Data Center in Space - Bloomberg.com,"Thu, 14 May 2026 07:00:00 GMT",https://news.google.com/rss/articles/CBMia0FVX3lxTE85Yk1JYVQ0X3JZbkwzb0Zxd1BSX1hmak9kT0JuUXdzU3l0SWRGY0R4dTR1dG1YWF9yOFQ2SUwxZEpFcmVFQVlCbEVlbzR2dk13Q0EyeFhrQUZJejRuM1RnWEpfbmdlMHBTYmNj?oc=5
2026-09-06,AIデータセンター,,テーマ関連ニュース,⚪ 情報,10,Phantom Space acquires Utah thermal tech firm to speed orbital data center - The Business Journals,"Mon, 06 Apr 2026 07:00:00 GMT",https://news.google.com/rss/articles/CBMipAFBVV95cUxPaWR1Qkk0RG9GVV9QaFhDY2J4RXZPQ1l1Q2Fhakp3eGR1RG9Kd0IxSmdpYkd4VkRRZUNycE4xYlhhM2lCel8zLU50cWFab0lfYVp4bWJ1TnI3c2RlMFg2Yms0NGF1eGZNWmRTbXU5eTM2cUZvZDFJSHBBSmxYb09jbDNWeDk3cXFsejI1RklpY2ZOSW9SUW5Xanh0T3dOdjdYSllfcg?oc=5
2026-09-06,宇宙熱管理,,テーマ関連ニュース,⚪ 情報,10,Review of the VO2 smart material applications with emphasis on its use for spacecraft thermal control - Frontiers,"Wed, 14 Dec 2022 08:00:00 GMT",https://news.google.com/rss/articles/CBMikAFBVV95cUxPNUJma05Mc1pzbTJDV042djFNeWstQUotN2NFYjZGT1FPajJzQ2VHNGZpUHRlS0FPZXpOcWF0Q0swc0FFQmhYQ1dtMnFsMVZqNF9WQks2OEQ2dTJaaEl0Skt5RFpKX0tnV1FZankyWFlVQVd4eXQyajE0WWdwRHlKSFFBNldYNVRBamgxLWcxOFM?oc=5
2026-09-06,宇宙熱管理,,テーマ関連ニュース,⚪ 情報,10,VO2-based switchable radiator for spacecraft thermal control - Scientific Reports - Nature,"Mon, 05 Aug 2019 07:00:00 GMT",https://news.google.com/rss/articles/CBMiX0FVX3lxTE9lWlkteWd5YWVQNDVBZXhLMi16allmSXhncHFvZTdyT2tpLW5TZzdGcXFMckZTejBNOXl6cXF1SV9iRXJvZEFpUEx0Z25rTm9xeG5MWF9xTmFHa21faUQw?oc=5
2026-09-06,AIデータセンター,,テーマ関連ニュース,⚪ 情報,10,Why Don't We Put AI Data Centers In Space? Nvidia's CEO Has 3 Reasons - bgr.com,"Fri, 13 Mar 2026 07:00:00 GMT",https://news.google.com/rss/articles/CBMikwFBVV95cUxPU1BNNlVmdjc3NXRDcEZDa191Sk5XN2NuQ0JyamFIek1PNzVraWNkYkNiVkhmYWczYmZ6cUZyemlLb0tweW1venVnVDIzYVRwdHVoWDBNMUR1WlJneFlacFFrOTBZQTh3QlJRRjdicnRYaFlmdV84ako5ZWZqaFdkc1Zpb0s4NXFMMkZINXpOeTA5QkU?oc=5
2026-09-06,AIデータセンター,,テーマ関連ニュース,⚪ 情報,10,"As AI Grows, Should We Move Data Centers to Space? - Time Magazine","Wed, 07 Jan 2026 08:00:00 GMT",https://news.google.com/rss/articles/CBMiX0FVX3lxTE1jelozUEQ1b3UyWHNQQXNHOGFqaDF4YlNQQVhTS2VicGpEMFJEZ29FWGVJQko5ZXEtRTk2Q3JsUU1faWdtVjQzTFIxQkg1ZW5CRlduV2c0SGV3dnlGUUs0?oc=5
2026-09-06,AIデータセンター,,テーマ関連ニュース,⚪ 情報,10,Top Strategies to Cool Down a Space Data Center - 36 Kr,"Wed, 04 Feb 2026 08:00:00 GMT",https://news.google.com/rss/articles/CBMiU0FVX3lxTE8yUWdNaGtPZzIwMEZpcWhNNkZLanRBQmxQZzBkd1JhVDJGdkMtc3g4MWJ4QjZXZlVmTzkwS1c5OGdrLUt2QkN3STA4bGNtMDVBVWtN?oc=5
2026-09-06,AIデータセンター,,テーマ関連ニュース,⚪ 情報,10,Overview Energy to provide space-based solar power for Meta data centers - SpaceNews,"Mon, 27 Apr 2026 07:00:00 GMT",https://news.google.com/rss/articles/CBMimwFBVV95cUxQNG1TWWNxdGJfZEJ2WTNraDJMYTZGeE5zcEE3clB5LUxPZG1DeTNxZDRoMUk0MTljSnUwUkpwZTFYN2lMeXR2NXFDNXJEN0dGQWJ0N1ZjTHh2c2lXVWlZdFp5VVJaSmVlS3gtYmhBSXBwcWdRSUVSejV3WFFGQ3k1a05TczNJVGhzV2NNUHVRMGdzbGZqbTNST2tSUQ?oc=5
2026-09-06,電力・蓄電,,テーマ関連ニュース,⚪ 情報,10,"Powering AI, Strengthening the Grid: Innovation in Space Solar Energy and Long-Duration Storage - Meta Store","Mon, 27 Apr 2026 07:00:00 GMT",https://news.google.com/rss/articles/CBMitAFBVV95cUxOWjZBYmRkOEJESnpnQ2RjSGd4TmxuUkRMWk1NRWZTZkVhbnZjOEgyNmJqQTVraXNVWlhiWnlWT1Jmd2FFVWVyWHI4R1J2OFJfVTdjRXZicFo0QjJxNlVBTFRZYUxLcHJCQm9hZmZId0w5ZU90eHdvVXNkcjc2VzBraHZtT29iNU9kU2VabmI1bHlSTUQ1b0JkVTBocmdMZHZQWTgxTXROQWlmUW1pcW1IQ0RLd0LSAboBQVVfeXFMT29fNG5EYjFiMTZkTk5LTWJ0TXRRMUM1YjlyRC0ySzB3TUJENU1zZXF6dFhQVy1ySVJSbVFUV2kxZW5BakNfbWw4SXcwZ2N3NlZkQlNoamwzeUpjODMtWm5HOHdXV3pYc2c1a1BtbEJ6YWQyQ25KUWhTcVVYMmlUTWtjQjlYMEphdVhtZ0xXOGNzTEZGOW5DNk81a1J1dENTOGJ0LVVjWkI1ZWZPMDVqejdVSVJKelR0ejZR?oc=5
2026-09-06,宇宙太陽光・発電,,テーマ関連ニュース,⚪ 情報,10,Space Solar Power Is Coming Home to the Energy Industry - POWER Magazine,"Thu, 09 Jul 2026 07:00:00 GMT",https://news.google.com/rss/articles/CBMiiAFBVV95cUxQSXZTY3ZJTEJYZ28wS1kzM2Vhb2l3UEhIZjFNVXVmbEpFb0NLMlpiNGFJcXVOYXdrY250bnpkbENLWXZ2cG5pT3FYRmNEbTAxOXIyVHVBT0ptbXQ1OHBnRnRYWXNpRTg4NTU5cGpOc3VVTWdWZzBoSXZSOEk1NUNBWDBHdmFkZzJ4?oc=5
2026-09-06,宇宙太陽光・発電,,テーマ関連ニュース,⚪ 情報,10,China Progress Report: Space Solar Power Station - Inside Outer Space,"Wed, 10 Jun 2026 07:00:00 GMT",https://news.google.com/rss/articles/CBMigwFBVV95cUxQcFJWWDB4cTROOURPc1JvRTZMbGs2Vlh1SWN0RU1aYVRTUE5BeTByaFNwbTlqSHd6MWRxREVycTdoTUZjclZSNW9mVmw5eWllZTgwR21TcnNFM2g1eGdmazMwQTNaVDRNWmF4cTNaZmlHeTBLTWJWN0ZLTVlsbEJnMWRZUQ?oc=5
2026-09-06,宇宙太陽光・発電,,テーマ関連ニュース,⚪ 情報,10,Meta Secures Overview Energy Space Solar Power Capacity - Payload Space,"Mon, 27 Apr 2026 11:29:46 GMT",https://news.google.com/rss/articles/CBMiiAFBVV95cUxOQkk1X3dGeGRNYm5qRE9PU2owVHNLaG0yRkpMMUhyMHg2QzlxWTkyQzktejJSUzloUUR1X0Y1U24wTHNnYURwQnpUTzVOaW9uWFRwX2pOZ0tRUGFDcHB2T0hGRWVnTWZqX3dtcmRkMkRDRzJIYkpacWFYVmhSOUZoMU5pZTdieDlV?oc=5
2026-09-06,AIデータセンター,,テーマ関連ニュース,⚪ 情報,10,Rocket Lab Introduces Advanced Silicon Solar Arrays To Power Space-Based Data Centers - Rocket Lab,"Thu, 26 Feb 2026 22:58:54 GMT",https://news.google.com/rss/articles/CBMivAFBVV95cUxQMm1Edlh2ODJJbGt1bmhWa2tIcnJYRllySlZYOW50UUxNRE9wdWFENTJnRmdzdU4zTTVMVHhwNEd0bTZ3alFvZ0tZLTJGVHBkQVRQZEFNNXJTQnNoYUJLRThyaG0tUTFsbnhrVmpKNi16SWRxOHdXOVdGdEFKVHhUb0FfRTVSYS16RTZGTzM1WEpBOFlDaFlKLUU0T21BZjhRRUpjZDNrdEYzZXAyN05HZHZKVmVjYUlDUnV5cw?oc=5
2026-09-06,宇宙太陽光・発電,,テーマ関連ニュース,⚪ 情報,10,Exclusive: Starpath Unveils New Ultra-Thin Space Solar Panels - Payload Space,"Mon, 02 Mar 2026 13:56:51 GMT",https://news.google.com/rss/articles/CBMijwFBVV95cUxQRHF0UU5TQ194TE1YRkF1U0pGMlh2bXo4djl3aGRIQXNrWVVOa09ZaExQSGNyLU94R242UEpBQmxvWG1JaUl1akJJYm5JMlp1eXgyUXowQ21KcVpEWmpZNDFjOGstVkFrY0M0dUJSSE5JS3RIdklOM29GcDhQSWRjYnN2bmRUNVJYaHN4em0wbw?oc=5
2026-09-06,宇宙太陽光・発電,,テーマ関連ニュース,⚪ 情報,10,Overview Energy demonstrates technologies for space solar power - SpaceNews,"Wed, 10 Dec 2025 08:00:00 GMT",https://news.google.com/rss/articles/CBMijwFBVV95cUxNc1RDZXJCdTgwRWdZLTlwT29zT2NPMzdyY21UZDdEWG1VckxxWnlNcEx0elVtWFhWUjhRMDZwX0VWOG9jVVlSM3Mwc0JfUlhaVHhxQ1llVlBCVWQ5OFdGVEx3SEU3cHZIRFRRSGhxeEYtWXhmZmxWREpBMkNUZGphNUNXTUhtdlhaS00xQTZ1cw?oc=5
2026-09-06,宇宙太陽光・発電,,テーマ関連ニュース,⚪ 情報,10,CMEI to invest $12m in space energy generation - Innovation News Network,"Tue, 01 Sep 2026 14:54:49 GMT",https://news.google.com/rss/articles/CBMilAFBVV95cUxPQ1JoLUdyVVJoZ2J2WXdQaHZNalNXZHhkZkxRZXRNenZCeWd0d2Nxc0o2SVQwQkJ0bnZjbEpmUWZ2TzZvckpDSjNXN2dsWlpoeGxwNW9BOEtkSHhIcEV6RkhuMWxlVkx3bUtCb2JlMDhpR0cyVS1XZ29PcDdQWkdKdThieU9HbkdjNXVEcGxEdC1PWURG?oc=5
2026-09-06,宇宙太陽光・発電,,テーマ関連ニュース,⚪ 情報,10,What’s the Best Way to Monetize Space Energy? - SpaceNews,"Mon, 15 Jun 2026 07:00:00 GMT",https://news.google.com/rss/articles/CBMidEFVX3lxTE5DVmNFRkNxME80QXFvNFl2UGt3UWhRd3dSQ2w3MUMwVVR6UUNCeW5pVm5Rbll4VVViWW0xS0ZZRWwzV3NReDZmTVdHYmFVOXJpWVMtSFpLbXFlQU1EWUZwMTcxTGZvaEQ3TmxkcHhQeU9yVmhn?oc=5
2026-09-06,宇宙太陽光・発電,,テーマ関連ニュース,⚪ 情報,10,"Nuclear microreactors move towards operational capability for military, space energy solutions - spaceconnectonline.com.au","Thu, 03 Sep 2026 17:54:41 GMT",https://news.google.com/rss/articles/CBMi3gFBVV95cUxQbXI0WTU4UGNEc05jN3hfMW9iam5hR0g2bGktMFZXc2R1VXRyU3dqQW1uMElOenVHMXVIYzZXWUx6M20zQ1JOdFhfMGVLVUVqSTJRY1Axem4xWWpQRjVfel9xYWdkSzRoWEZiVkFXa21VZk9Oc3duTGk5TXNUeklqc0piaVZuQ0Q4MlV0U0c1RHIxRHFZSGVCWkNqUkNWcVhNQUpRVEVrVWtoWjJYOHNWT3dBSEZkcU1HZmRwOHl2dTZYUExqZjdzZ0V6TXNVMFoyOTdRWkxlWEQ1QjZhS1E?oc=5
2026-09-06,その他,,テーマ関連ニュース,⚪ 情報,0,Not just Nvidia: these power and cooling firms are riding the trillion-dollar data centre boom - Reuters,"Tue, 01 Sep 2026 23:03:00 GMT",https://news.google.com/rss/articles/CBMizAFBVV95cUxQamJMNVI1ZThlMnNnbFl2Tl81SXd2ckc1eGF1aS1uOU11RHFSTjh1a29pOUV6cV9VR2QtS0liSlU4YlBBbWxVQ0ZTMDlLRnlad0p0cGtXY0ozWkl2MURsM0lOdktDSFRMN1pDLUh6TEplLWtJSFY1T3hmRVVMeG1jNGc1bFVhZ2V3YTdLZ0VKRlZQWks4SXVyb09uRmJ5YllpNTdKVVFfZXk5VEg4Mmw1UTFja0hFYjZDZjFfXzhFd3pBWmxvcnljT055Zl8?oc=5
2026-09-06,その他,,テーマ関連ニュース,⚪ 情報,0,Fact check: Is Sam Altman right that almonds use more water than ChatGPT queries? - calmatters.org,"Fri, 04 Sep 2026 00:48:17 GMT",https://news.google.com/rss/articles/CBMikAFBVV95cUxQNnRkLS1VS3kwcHFZcTB1aUhBYkhyMDhFejl1LTJZLTRKWGZ5TzdOOWhlcVVNLUJEaFFQTVFGcVR4cHlSYWpkek1OQ3lZUVZaajZfNkFBQ1RIcjNic3VsLXVFblZJY3l2MG8tWDZQbUZLd01BS1NPY19hSVpyQndtdkl2ZWk3MXUxSlE4NzhmLTg?oc=5
2026-09-06,その他,,テーマ関連ニュース,⚪ 情報,0,How AI Is Rewriting the Rules of Data Centre Cooling - Data Centre Magazine,"Tue, 01 Sep 2026 12:06:08 GMT",https://news.google.com/rss/articles/CBMikgFBVV95cUxOWkVVSXhJejNndlRvX3ZiTXNfUThPWkMtN2I4Q2ZjUDVxcTlZNTVOOTlqZVVWM3VSVWYteW01RmVoTXNTbUt2ZGRXX2x0VU5fYzRvYTYzV0hwSUcwQ1RwRVVMS2JENWhOcmIteWtHY0RwTVYwYWo2Qjhaakg4NXhHMWpuSFhwUVJKMXo2aVVIOU1Idw?oc=5
2026-09-06,その他,,テーマ関連ニュース,⚪ 情報,0,"Co‑Packaged Optics Market Size, Share | Growth Report [2034] - Fortune Business Insights","Mon, 17 Aug 2026 07:00:00 GMT",https://news.google.com/rss/articles/CBMifEFVX3lxTE5lYWJ4WkhMcmNuendJWTNVNDc4NmplN1NPdnJhX1lyTldEb3lkZTZuS2xmOTVvdlN3TTJPR3hKbXNDeGNCVzV2cmpURWEwM3QxaVRCNkFRbTZneDktU3FDU1FjMDVTLVVub3k5NkJIZEFWdzBlbkRhN0hKcWE?oc=5
2026-09-06,その他,,テーマ関連ニュース,⚪ 情報,0,Near-Package Optics and the Evolution of Optical Connectivity - Credo | We Connect,"Fri, 19 Jun 2026 04:10:57 GMT",https://news.google.com/rss/articles/CBMiXEFVX3lxTE4tMzJjU09JVWVYRnZtRm93M1ZiLVdaVWZzTkZnel9hUksyVWFOYldmN01vUjNPbVZHMThtMlJGdGVlSWxvLVJGYnVOaTRoUzlIdGlfN3M4aFBKQnZX?oc=5
2026-09-06,その他,,テーマ関連ニュース,⚪ 情報,0,SK hynix Unveils CPO Roadmap to Connect Memory With Light - thelec.net,"Thu, 20 Aug 2026 07:00:00 GMT",https://news.google.com/rss/articles/CBMiZ0FVX3lxTFB1SVRIb0Fjd184VGRLNmlBYjlVY1dCSXkybTB2ZWxFSTBnLWQtOGFZOGxDVUtUZE1aaXhZVmJCUl9wM2JxMWhBNkR2cDQzcTFGc2ptRUxoYkxLN1hJLUFwTXVUdnNtSWc?oc=5
2026-09-06,その他,,テーマ関連ニュース,⚪ 情報,0,"Fabrication platform could enable flexible, transparent next-generation photonic chips - news.mit.edu","Thu, 03 Sep 2026 15:45:00 GMT",https://news.google.com/rss/articles/CBMitwFBVV95cUxQd1BvTE51QUVrQ2E3aS1fVkpWQnlxN01GZUdZbzVmX2d5VHpSV1B0bjhkLVdCS2U4NnZWS1dMcmFkcTQ0V013dXpUS21KS2hFOTVIMENocy01YnpTTDBaM2RZdU5Mb3NQMERUX3hQMUdpSjF1dzJqZEtTME15X2FvUXVEM1RLSVRJMW1FTXNWZ0t0Z3V5Tk1iTDI4T05FSjBPTGFxbkROYnczd3JMV1RNczNhYVhuOVk?oc=5
2026-09-06,その他,,テーマ関連ニュース,⚪ 情報,0,"Integrated Photonics Firm iPronics Raises $125M, Secures NVIDIA Backing | Business | Sep 2026 - Photonics Spectra","Wed, 02 Sep 2026 15:26:59 GMT",https://news.google.com/rss/articles/CBMikgFBVV95cUxOR21kOEctMmRYblRPYlpjaWE5dnFjVnk2ZnJ0NlJRWEJMUHprQXZBYnZiOS1tQWh0emRaWW1oWElsb3plZEhjTFdTWUVlWktGcXdkZDU2MXpDaEg2dHpjQkYtVXFzY3ctMUkxdU1LRG9SMFQ5clIxZ2U5MFl6VVV2OEhuZXQ5aUF1cXhBV1JVaTlBZw?oc=5
2026-09-06,その他,,テーマ関連ニュース,⚪ 情報,0,"AI Networking Arms Race Heats Up: 800G Today, 1.6T Tomorrow - semivision","Wed, 04 Mar 2026 08:00:00 GMT",https://news.google.com/rss/articles/CBMifkFVX3lxTFA0SGotWmE3T1Y1Q04tMEM0cXRCU1E0TnBCUWpldjZvbWVxczc3WHFGbU9SeWNsWW1ha0cyekRBR1h2WGZ3N0NUUU4tLURPYVRMdG02WHdJNHFfOFZiczExRlNZcDk0bGpRY2NPTlRJZWkwdmFxRXRHZjFuSkJFQQ?oc=5
2026-09-06,その他,,テーマ関連ニュース,⚪ 情報,0,TSMC COUPE × Metalens: Building the Key Optical Architecture for NVIDIA’s Next-Generation AI Interconnect - semivision,"Fri, 28 Nov 2025 08:00:00 GMT",https://news.google.com/rss/articles/CBMifkFVX3lxTE1pTHFsdEtHQ0ljMVNVWWN2WjJDbkF4Zk1oTjRFUXBiWjZmUF9jMEJ1QnEzbThEbDEwQWM1RW1raXgtMWhVdWZ0bXlYWFJuWjNyTHJRT2ExY2pVbTRqVTJMblRjNUQybGxlUTRvYV9VSlU0VVpQVXVwVk9HNFVoQQ?oc=5
2026-09-06,その他,,テーマ関連ニュース,⚪ 情報,0,Ferroelectric Tuning Reduces Optical-Interconnect Stalls In LLM Training (Georgia Tech) - Semiconductor Engineering,"Fri, 28 Aug 2026 17:57:20 GMT",https://news.google.com/rss/articles/CBMitAFBVV95cUxPbm5uQzYyZVhHQTBJTXYtQ21sVDBiNnpBVnBzdTFZWFQ3SDllZVVqM0E0SHpCbGwzb2g5NmI3Z3dFTndiaEJRbGxibWFreDdTMFJ1NHFjRVJBamVIV3pGYl9VdUZrN01XTlh5c0kzdF9GUkJBdzk0T1pTZ3duWmVuWDZraklNY1FydE5UVlVRQ01VT3FrMFhGVHhSVWx6UVUzaGVEV3VGZnNGcDFWNXRUT3VIUDE?oc=5
2026-09-06,その他,,テーマ関連ニュース,⚪ 情報,0,Credo's Optical Bet: Is a $600M+ Revenue Opportunity Taking Shape? - TradingView,"Wed, 02 Sep 2026 12:40:00 GMT",https://news.google.com/rss/articles/CBMiugFBVV95cUxNZ2NKYkZmRFhRdmxHMk5zRFBZeDIxTDJsTHRfSmNFR2FnS0h5bTZEbUU2ZzdsdkVaSnFWWXJXVFhrRzR5bEhTMlBUbG5kcFVSdjVLRGlSLVJDY1VocnpmQkgzWGRPQW8xSG04bkc3Tms5WXZSaWp0YVJYS3Y2VjRyMXlwckpENV81TG4zZFRuWm5peVZQVmxQVG9kaXRnelBfSnJNXzRZR2l6R1FleDdEVmR0Y2N0MzI1MXc?oc=5
2026-09-06,その他,,テーマ関連ニュース,⚪ 情報,0,THine Unveils VCSEL Drivers and TIAs for Next-Generation AI Datacenters - World Business Outlook,"Wed, 02 Sep 2026 11:34:29 GMT",https://news.google.com/rss/articles/CBMiqAFBVV95cUxOLWtOQjZRYW5NRW1hQ0lmSVBBUTBvNTdXQnQ4RDFtcy1qdHVXZnBKdFFiYkxWT21sNTctLVFDdFBLOUxjWUdVTDlDeHVJeW10eUJpNFVvU0dhU21CSXo2Q0ZOcGhaZnZOdTE1dGV5cGdqbW5sSTdMcGRuV3NmWnUwU0V6NHI1QXZwbkpaNWoweExxazJEMGhnZzkxV3k3RDc5MlZEUF9xdWM?oc=5
2026-09-06,その他,,テーマ関連ニュース,⚪ 情報,0,Credo joins a consortium developing optical connections closer to AI chips - Stock Titan,"Mon, 31 Aug 2026 20:05:00 GMT",https://news.google.com/rss/articles/CBMihgFBVV95cUxOWnY3UTd5WXFNaEtPRlczeXlDQ3NPRGJOOC1DTWRuWkhURmJ0THVmZUo2ZGpMRWlLUU9LWmtKazRXVUVTdUNYTllKX3JkZW8yd3ZSWGxuSmRObGNZLXZGb1hEbVFVTGhLRVpEcnNvb1BtcE5rOGVOY1dCZVFBRjcyc3RYWlZsZw?oc=5
2026-09-06,その他,,テーマ関連ニュース,⚪ 情報,0,"Aligned plans Ohio AI campus next to retired Conesville coal plant, with first capacity targeted mid-2026 - MarketScale","Sun, 06 Sep 2026 10:38:25 GMT",https://news.google.com/rss/articles/CBMi7wFBVV95cUxNeEtjelkzdk04anBHZ2JIWnczNFg5Q05NZmxHdVV6TkwwaEJNWmZUWFAxTUhNTnlTRVhTbURxekFXVzhzWk5zQUZGVVptQWhST1A1R2lEdHY1QlA4YXFDdy1uT2lJTU0wUUN1Y2l1S1diMG90MVJEYjZzdVB4N1Y4bWJmOEV3c0hBZUs0czNjOUF4Mmd3WTd5ZzloRXRBY2ZnaFAtZGYycGt1eW9QN3ZsRUgxR1RkOHNiR3BaNnJtX0JsRU93RDh6bzRQcHl0djdMUWxXRzJ4NDIzT01fM1dBRlFia3VJY3l3alBodERCZw?oc=5
2026-09-06,その他,,テーマ関連ニュース,⚪ 情報,0,Gulf Whitepaper Shows Increased Need for Data Centre Cooling - Data Centre Magazine,"Wed, 02 Sep 2026 09:11:12 GMT",https://news.google.com/rss/articles/CBMiiwFBVV95cUxQbUtiNG5CSjRGXzlkTTFJeXBSU1Z0VzlMelBlXzB0RFdlV2NVOUR5RVQ4SElUay1UTHNMeUlMQm1CU2QxaTZFMXBHd05fOTJjNlZpOEFNdWF3ZEJrblVGSlFFUlVuYl9JT0dueWpZLU1ybmo1dktyRjBRX0tQUzNmcnEzQ3hQMUFTZkZv?oc=5
2026-09-06,その他,,テーマ関連ニュース,⚪ 情報,0,SMM Hamburg: XING Mobility Launches High-Performance Marine Battery System - markets.businessinsider.com,"Wed, 02 Sep 2026 08:33:58 GMT",https://news.google.com/rss/articles/CBMizAFBVV95cUxOVVhPdTdsNVNKeGtodU02THlFNWF6X2ZCeGZUQU1iTHdDSF9JOWpmUFpPWFJ6WDlmek9MNTdleHYwNm9MZUNDczlJTk1hVi1WV09uMVpPM05vc080MEhHc0xqekd0bGtrYUhORUotVlYydmU4VkI4dGt6T2puLVRNVDBEeWFZQTNLRUU1M0VBRm1xck05RnlsQXdKalFRMFhpbzVVc1JsTlZnSzVCUjFGMklVWVRYalRKNWZEX0dnaFBnTHQ3SGRTakxsbXg?oc=5
2026-09-06,その他,,テーマ関連ニュース,⚪ 情報,0,‘World’s first’ spray-immersion system cuts battery coolant volume by 85% - Interesting Engineering,"Wed, 15 Jul 2026 07:00:00 GMT",https://news.google.com/rss/articles/CBMilwFBVV95cUxPQk1oOU5jcTctaUVUbDg3WDRxOEMxN2d1V1haRFo0bEZCQWNKWnFOc2UxVWNQRUdkMnFqN3EyOTRiLV9ta2t4ZE5IQjhoeGlLMnNGVG5mMExmSUhBZGtqSXFreHM5SzdnMDVFRmZFelVIU1BZZGpoYmtYa2pnaWw0b1R6cjlMZDRtMVZlcmE5aDJnWjRqSTY4?oc=5
2026-09-06,その他,,テーマ関連ニュース,⚪ 情報,0,There’s a better way to cool data centres that cuts their huge thirst for water - The Conversation,"Wed, 19 Aug 2026 07:00:00 GMT",https://news.google.com/rss/articles/CBMiswFBVV95cUxPdHEteVZkUDdBS1NndERsZ3dIY2NQSFNjNWVtWl9CbVU3M2MzcXNMUTJveFRHQUt0WWJ6ZmppeW1xUURrNmJTZERCOUZfSW5iUFJhZlNDdFl2NENLWTRzN2Z5QnRMc0VOUE00WUlhckFhcldfa0lwd0tRbTBOWVZrajZBYkNkVjlOTkE3SGwxZlpnZXAxRzJtWHlOV0lHaDlkXzIzYkNBUU9sdVU2dTM4cVZ0Zw?oc=5
2026-09-06,その他,,テーマ関連ニュース,⚪ 情報,0,SLB Agrees $4.1 Billion Kelvion Deal for Data-Center Cooling - findarticles.com,"Tue, 01 Sep 2026 00:44:52 GMT",https://news.google.com/rss/articles/CBMihAFBVV95cUxNR2lKc3dULTNQVkNmNk12R0FKLUJTeWVZdV93c0VTc2pNZ0tlZl8tMFVPNXlCT3lyc0h4cVNGVWhmUWFyaFFRdG0yUzNQU0RRWm1xNlpNTHF2Wll1eW1CVWh2MTZ3N1c2bFJuNXAydHh1alY4ZXRZSXdrbEprNU9vdUxCNGPSAYwBQVVfeXFMTTBxbnNaMndncGZQNlF1bERhbEhUMV9QaHRQYlFJTWxDSDV1MUJwOEpZVHh3cWJkWlZGWHlaYTk5WVFVMHdhUmN6UEpRNDI1cUl1SWlwR3VPWEo2Z0dUOUpUS0s2blJWdWJiczlWUVBkbUZoN3NrUXBXS1Z6V25ocjdZSFVHdTA0RDRGaWE?oc=5
2026-09-06,その他,,テーマ関連ニュース,⚪ 情報,0,TVA says it's prepared for continued heat wave as electricity demand sets 2026 record - News Channel 5 Nashville,"Sun, 06 Sep 2026 20:00:47 GMT",https://news.google.com/rss/articles/CBMiugFBVV95cUxPWUpQbmFNT1hwclM2RzdMRXZxa09WdWNnS3d0UjNmSVNMc0V5bWp1MVpoRmh0ZEFUaC02bkg3TnhXTFI3MHVibTZNWFBEWW4zQW9aRGxJMGdmSnJBSmZxaExqUlNrNVUxRFdPekVWY190c2cxLXJsTlc4YU9uSVY0R3FjUFRNaGdSeXJwVWIzM3dOSUQ5djhXdGN6R3ExSEtySFk4djVobjJZOTY4eTlOVFIxN0V4cjJ2b1E?oc=5
2026-09-06,その他,,テーマ関連ニュース,⚪ 情報,0,Vertiv to Buy AI Data-Center Power Provider - barrons.com,"Wed, 02 Sep 2026 14:07:00 GMT",https://news.google.com/rss/articles/CBMiqAFBVV95cUxOYzB1TVUyQzhPSW9nYklEUmVidklsVWQ5XzFNcW1FY1V4YUl4aVVFTmViQlg3R0FKUDFIaXZoY3o1TEpKeTloNkc1NFVXY2s1WmFGZXBZUmJ5NUFTS3RKNGM0VTRyMENDdy16V0ZyQXp5SHZZU3B3Y3QwTHYxUjBWYnk5c3ZmYXV2UDlEZ1hMaWNwNnJwSHhZMGxvbTM2cGR2ZFZOX3pJZkQ?oc=5
2026-09-06,その他,,テーマ関連ニュース,⚪ 情報,0,FuelCell Energy Stock Sinks 17% on Earnings. Has the AI Luster Worn Off? - barrons.com,"Wed, 02 Sep 2026 18:20:00 GMT",https://news.google.com/rss/articles/CBMihAFBVV95cUxOeHFBX2FXdGNQdm9pbjZyNEpPT1VwaFM3QUw3RlZGRWpzSXRPd1Z4bDB4UTJuVUdfSk5CUElET2Zra0dGc0d5YTRDWlAxU0Q4VlhNcndmQ2owZEJuMXhLR2lKZFMtZGdUYlpXemJXVmdrRlBkMjJWTWkwekJBT3Y4UUZ1NW4?oc=5
2026-09-06,その他,,テーマ関連ニュース,⚪ 情報,0,Transparent Glaze Market Demand to Accelerate by 2035 on Advanced Semiconductor Packaging and EV Electronics - IndexBox,"Sat, 05 Sep 2026 19:41:23 GMT",https://news.google.com/rss/articles/CBMi1AFBVV95cUxOVVZEY21VQjdhXzBDNEtlcGlydmN2Z1NfUEZEQkdQSzlnSmtOMkczbmpyeHNtcnB3Y2Zwa25kTnlXZWdFaDV2Y0dwTFFwLW1oMkdIMkxCWERyZVlmRFRqeEV4cEhpRG1rckJaRVB5ZDU3RWNUeTQwM3lIc1ZHbTNEWWRQbmxQRVZ5UEhPbXdjNGZvdnZNZGl4V1JybFJCS09YbWpPVmZkVDJQdjQyZ2xRUnlid1FZMWVTZXVXNVl3LTlxT2NOQkhpX0NmVXZJSHpLenVnUQ?oc=5
2026-09-06,その他,,テーマ関連ニュース,⚪ 情報,0,TSMC to develop site in Baipu park - Taipei Times,"Wed, 02 Sep 2026 16:00:00 GMT",https://news.google.com/rss/articles/CBMidkFVX3lxTE1fQWJPQXB0MHEtYkZyVXdyMzQ1WHcyMjEyZWJRNWdLRXJ6WWR0bzFJMTBqUmRoeHpWeUM4V2NyUkx3N2tJbjNwT1VlWU1JQWI0dGRNUjUybEJzaHVaWFpaZnhOa0lfbkt6V2N4ZXdqZFdsMTJULWc?oc=5
2026-09-06,その他,,テーマ関連ニュース,⚪ 情報,0,Southeast Asia Shows Surprising Semiconductor Strengths - cepa.org,"Mon, 31 Aug 2026 16:12:07 GMT",https://news.google.com/rss/articles/CBMiiAFBVV95cUxQWE91WTYwallTOFZBeDQyVEFuOE84MllWTVExU2dLWTFDSEJVYmFfYUtXb0RtVUNSSm50Zl9hQS1xV09QbFMxVU9SbFoxVUkxV0dMRmtkblI2ekhWS1puRzJseGdybjJWQ1d0NW52Z21hVk41N1RkVWFHckhWajh4bnNVejFERTFV?oc=5
2026-09-06,その他,,テーマ関連ニュース,⚪ 情報,0,Materials Shaping the Future of Advanced Semiconductor Packaging - IDTechEx,"Tue, 07 Jul 2026 07:00:00 GMT",https://news.google.com/rss/articles/CBMitgFBVV95cUxQb25oQW11dmUtdEdnRXZVUDl2akU5T0JpU1dzeGhtalFDY3JhR3Jrd0UwZzlKZ3l0ekRzc2NZTm1XNWhPd0ZnczdCY2MxQWRNWnJSN0ZsUVpmS2d3eXRPcmVRSkIwdWQ5QXN1dWRMT19PR2llM1d0YkFhZE90bzNWTldFNURMNjFjcTlhV2IxQ29HZ2NjR3JBTUsweGpxWE1URTR6eFFpUkJOMUhFeG5BdWplbVBFdw?oc=5
2026-09-06,その他,,テーマ関連ニュース,⚪ 情報,0,"Amkor 'Underappreciated Beneficiary' of Advanced Semiconductor Packaging, BofA Says - Yahoo Finance","Thu, 27 Aug 2026 07:00:00 GMT",https://news.google.com/rss/articles/CBMiqAFBVV95cUxPQkpEU0ROcDdPenk5cUVsb0x3b0JLWmFYbVQ5OGxEcjdBRGRLLWlxaEV1MEZzNVA1YTZyT1kweV9UV1hXUUVuS1pFTWpaRVB2a0djNlZlb0lxRXA5MTN3R09PRnhrOE1LcHZjR2xjX3BEQm45M2NFX3BxaU5KSHgzWEZyZkgxSXhyR0RTYmNwa1hoQTZKWGVUdTgxeU1RUlFELVdGR1p3Wm4?oc=5
2026-09-06,その他,,テーマ関連ニュース,⚪ 情報,0,"5 firms could boost Malaysia’s high-value semiconductor industry, says expert - Free Malaysia Today","Fri, 04 Sep 2026 14:15:00 GMT",https://news.google.com/rss/articles/CBMi0wFBVV95cUxObENDYnJSWElBcGxIOUpCZW9LX0V3ZVNmZGVmTGY1TFdFcHlBc2g2TFRNdFlGQmFJemFVaUFXSkxOeVcyV29GNXo2NEFFVC1JbldlUnlwa3Rhb2xmdGFyZ2RubGRET29HLUtCODE4bHdwUU9iVDZLakV4WDgzNUlBRW8xNk1lTGYzOXJKSHZ6QU1WLUlvU3hWeVlNWDY4OUdTSldzcXNQWWdzdmdVeTJ1a3ZyU29sbDVyd3RUOS1lT0tna3IzZ1hXNWZ5b3ZrRVk0bUJz?oc=5
2026-09-06,その他,,テーマ関連ニュース,⚪ 情報,0,SEMICON Taiwan 2026: AI Is Lifting the Entire Semiconductor Supply Chain - semivision,"Fri, 04 Sep 2026 13:30:25 GMT",https://news.google.com/rss/articles/CBMif0FVX3lxTE42Z3hiREdSSXpGN2h1eHZoUEYwZE9yTF9DX0Q0QXJzb1RrRTVRdFFxMV9TWU4ycjZ4bWZvOFBKaTdDcktjV0toMmE4RkJnT3huTEVFVmxKUUVWazNQM1ZWb2FYc2JrbktQOS1tVVZTaEJMbkd6VVNDUDFJcXlKZUk?oc=5
2026-09-06,その他,,テーマ関連ニュース,⚪ 情報,0,What’s New in UCIe 3.0? - electronicdesign.com,"Wed, 02 Sep 2026 14:04:26 GMT",https://news.google.com/rss/articles/CBMipgFBVV95cUxNNGtsazFYcm1jaDdMSTZrUzFhbUl0aXlxY3NDOUstM1NheXlTSGNmMDBJNjRLNlQxS0dGMms5VnZaV24zRTVWQWlnOEVTNjM3ZGJRRThUaElQN2pKcmRCN09ZRVFlaHo3amZOdGlTUUV0Z0U5N0lhYnNpcm9ZQVRLNmt3OW1jQjJyTmVGLWVLRnVJZ040ZmR3T2x4WG9Oek1td1RyZEJ3?oc=5
2026-09-06,その他,,テーマ関連ニュース,⚪ 情報,0,Micron is doubling down on AI memory chips. That could pay off big time for investors. - MarketWatch,"Fri, 04 Sep 2026 20:12:00 GMT",https://news.google.com/rss/articles/CBMixgFBVV95cUxORmRMZGlCdVBRbTJfSUc0dUlXLTM4WlNlTll3NmNVSVA0Ylo1b1FKVWItRjYzYWVZVTFPMnpHSm44YVdGdVpwNVlBMHR1ZmUyLUplQnpnVHh4UUJDdU5LLWtRanZyVkZrSHlUSDlmYU10aE8zQk5uMDYxMkpqSGlnR3ZMOGtzSXdiY3IzWnI0eUVONjFYSHJVQnpmbWV2UnVpZVYySFVRQzZPb3FRblN0UlY5Z0xqVFBpTkZUOGJ1WHN2Rjg1N0E?oc=5
2026-09-06,その他,,テーマ関連ニュース,⚪ 情報,0,SK hynix: The HBF And HBS Bet You Don't Want To Miss (NASDAQ:SKHY) - Seeking Alpha,"Thu, 03 Sep 2026 16:24:41 GMT",https://news.google.com/rss/articles/CBMilgFBVV95cUxQNlZtb3VQdHlHRnlVOVRTbWVUdUZFX3VTT3MtZXRkSERJYzFMd29TbzRJZVV5b1YxdG9wblZTQ18wbU5Od1pmZXhBTGZzcDlxMUJzNVVvdTU0RTRncVZIVGcyNjEzc3M2bDJTeEpWUXpjeWxxaTMwem0xUGc5eWxTVUJadWliMTBHV1E5Rk5nUnlCeEl5S0E?oc=5
2026-09-06,その他,,テーマ関連ニュース,⚪ 情報,0,Semiconductor and Quantum Computing Advances: September 2026 - IndexBox,"Fri, 04 Sep 2026 10:52:00 GMT",https://news.google.com/rss/articles/CBMikwFBVV95cUxPdXVaNy1OVVlfU2twLUI3TVlQZWhhVTN2RTZQTkF5Z0pydmN6NWZEWmF1NTJxcXVieGNacGlReHRPVzMzU2Y3OVAySk9HazlFVW9BMXRicmRwVENSdDlxZEVxZmV0MFV1NFV1cDhraERJOVBNdWszSTRmdGFWZDA5UFNTOTJXbWtMM0dyWWtfa1hGY3M?oc=5
2026-09-06,その他,,テーマ関連ニュース,⚪ 情報,0,New low-resistance contacts pave way for improved gallium nitride semiconductor devices - EurekAlert!,"Mon, 24 Aug 2026 06:47:14 GMT",https://news.google.com/rss/articles/CBMiXEFVX3lxTFBtZkZRMS1wX2tSa1VkOVVjcjZrZFJwYjBybUt5MHBPUjJoMlA3ZmIxeWpjUjVDS3J5ZWluSEhLUjNzdlZaR3NLZUxjTHh3VjFvMVctTjlrcFByVl9s?oc=5
2026-09-06,その他,,テーマ関連ニュース,⚪ 情報,0,Tema's MLCC & PowerSemi ETF (PSOX) | Invest in the Power Behind AI - Tema ETFs,"Wed, 26 Aug 2026 01:08:31 GMT",https://news.google.com/rss/articles/CBMiPkFVX3lxTE5jZkdfbUxOdm1zY0lLRzVfWE44ODlhS0UxZXVESTBlaXFMWGpnUy00aXdZMktwc2FYVWRNbGlR?oc=5
2026-09-06,その他,,テーマ関連ニュース,⚪ 情報,0,Infineon supplying silicon carbide power semiconductors to Fox ESS - Semiconductor Today,"Wed, 26 Aug 2026 18:27:46 GMT",https://news.google.com/rss/articles/CBMigwFBVV95cUxPRjR2S2tIT2dXMjNaZTVtQmNZRFRfdjRpbTlxbGtTWFNfVVhIZ01TOGxRV3hrRWRLaGtYdFNRVlFDNG9zY0FLQU5hNnB2VlRXSms3UjdGRkVadUxuOGsteUZCTG55WVFxV21Yd2t4aW5qa0lzZ1MtODBkbERzb0NnSnRfUQ?oc=5
2026-09-06,その他,,テーマ関連ニュース,⚪ 情報,0,Semiconductor room-temperature maser - Nature,"Sat, 25 Jul 2026 07:00:00 GMT",https://news.google.com/rss/articles/CBMiX0FVX3lxTE92RTYwaFJBRXVzWTBSVFNXb1lKdkpuZnNfZkpxUmJfUTZKTDNpRWZOWVd4TWhKWGdqOHlsSDExRXF0cXFkTHZHOFJVclVRazBnUzJOOFJpeVNNZUliLTY4?oc=5
2026-09-06,その他,,テーマ関連ニュース,⚪ 情報,0,Why cooling is the real obstacle to space-based data centres - The World Economic Forum,"Tue, 02 Jun 2026 07:00:00 GMT",https://news.google.com/rss/articles/CBMiiwFBVV95cUxOc3dOS25iSFRFdUFDbHVYZDFUZHFFMzZwV0lPeFBqYXZ1a3RveTFRejJJT0FOcl81ZkFXVEJUclRVcnBWWkMza19XMTBmVDBtNlhxX0VsS2RwYUptMnhpUnZPMkhiUGl5T2lYbUhZSE5UODM0T0VUSHhNd2JSV2NxVnB4ZHVEVWxjMm1B?oc=5
2026-09-06,その他,,テーマ関連ニュース,⚪ 情報,0,The Real Cost Of Cooling GPUs In Space Might Shock You - IEEE Spectrum,"Thu, 11 Jun 2026 07:00:00 GMT",https://news.google.com/rss/articles/CBMiYEFVX3lxTFA0QnJCcEJMUHBMa1QxWWZUVUJweHFqbXFndEVJTnNGVDFXUFNpbkotblVEWHY4VTE1dTdTZGVqVlR5T0ozVE4xZGQ0cFd0LWwycmFaSVJvVzM0eW1YanhYNQ?oc=5
2026-09-06,その他,,テーマ関連ニュース,⚪ 情報,0,Neuberger on why orbital data centres remain a next-decade bet - CNBC,"Wed, 02 Sep 2026 02:10:00 GMT",https://news.google.com/rss/articles/CBMi_wFBVV95cUxQWU1JdkxERU9xVDlwNTVXT2NfRWs5amxGbzV6OGxTX0dfM2tWOElsdEItSDI3cWkyWnBETlRxY1ppaFhGdk9SeW8wRmNMeG1TVkpZSm5ma2tFd1p4Nmd1dVpwMEtIRnZIcURsblV3MUVZN0lSaTBTU1diaVdoZUlLM0cwTm5nQ21zbGhySDZrZDdUUTQydDUtdWRWMU9odDR4cFlmLVhRRjdzTE8wWjJDNDI0QlhxSU00ODQ5VEVsaTBPZUczQTRIOFJFRTBLdV8yVThnOUthWTVyMnV2LVFvTGtydEthN3hrVVl5R012TjZwX1ZHTHJLSW5BTkxGN1U?oc=5
2026-09-06,その他,,テーマ関連ニュース,⚪ 情報,0,A high-performance onboard computing architecture for autonomous satellite mission planning - Nature,"Sat, 21 Feb 2026 08:00:00 GMT",https://news.google.com/rss/articles/CBMiX0FVX3lxTE1xc3hJaENKcXQwVDc3RE1tREZnc1R4RlJEcDV0VHBFb0NyMGN1a0s1Nl9kemV3QTQzLTJBbVF2cjZwaFgzZUYzYS1QZVBFTU1xanJJMG9lbENBSXZnYXBr?oc=5
2026-09-06,その他,,テーマ関連ニュース,⚪ 情報,0,"Starcloud’s path to 88,000 computing satellites - SpaceNews","Wed, 27 May 2026 07:00:00 GMT",https://news.google.com/rss/articles/CBMid0FVX3lxTE5iNkU1d2lGbXNzdnZBYmd5NllGU3lLZlA5RDFCWFF0Mmdrd2tzS1JaQWVYNVBHZndXc215ZVNmWW9zbDk4WVBsNncwOTlmVkVjcDI2NWRZUjFURTYyZll0MWhrdXR1dzZjR3ptNG5FSU05Q0t5Q0FF?oc=5
2026-09-06,その他,,テーマ関連ニュース,⚪ 情報,0,China targets new space-based computing network to process data born in orbit - South China Morning Post,"Fri, 24 Jul 2026 07:00:00 GMT",https://news.google.com/rss/articles/CBMixgFBVV95cUxOVk01WlRxaC1IWVZoV0R6UXA2Z1BGRjNLd25qWlR2QVdlUHUxTGIwNHNPc3Vlek1mZkhZSDJxaVBGM3N0R3NzZlB3OHpiMlZMRlF1Ym1VSnpKTmVoSjBXNUx1SXEwaldjdTFWTzN5MjdJR1ZEUG4zenE0MjBNWktpT1RWR0FlQ2NuNVRDU0IwX3V2b1o0NEJtejhXYzRfalNScm9zWVpfZ0VxVU1Yb1dhSkVYZlVoVHFTcFlaUTc0WDZDa3ZieUHSAcYBQVVfeXFMTlNHNHdwa0dqbXFjZm81ZTJ3Qjd1T2ZsM1Q3eld6OTNXaXZmZFZiMUpPZ2V4TEZaRkFXRGFmOGh3aE9fN2FjMkphSldvWWQyODhjV3d1RjBYS2pLdklLVnp0MWNJRjhjWWZkN0pCbmNXMUR1UUFwMHNubFFkZzg5NnFCSEVKQ0VROVVXOWhsMWRDMVl5UzRmUEVtTm5Pc3R2VlFkR3g4Tk8ycnU5VlZmOWplZnhMbmdKcWhUNzdPOGlKRFptbkh3?oc=5
2026-09-06,その他,,テーマ関連ニュース,⚪ 情報,0,China Completes In-Orbit Testing of “Three-Body” AI Computing Constellation - satnews.com,"Mon, 16 Feb 2026 08:00:00 GMT",https://news.google.com/rss/articles/CBMiqAFBVV95cUxOa0JGMGl3Z0lrVGl0NGkwb1hTUFpWcnJ6OUxyVkhRVVlFZGx1X05hWGtpVUtpeEJLY2NJdHY0WXhSU1dBczA5TWdpLUdIckoxRHByYXJkMTdibk1zV3oyX0VHaGotejBoTkdHSUVuOE54REZrWGNhZTN6WldhM0YxSlRKcWhqVFoyZEtuVFg5bERpM3h1bVRUYURuUVpXbkVpSTVVSElZb0k?oc=5
2026-09-06,その他,,テーマ関連ニュース,⚪ 情報,0,"Sophia Space Raises $7M, Selects Apex Space Bus for Orbital Compute Demo - Via Satellite","Tue, 23 Jun 2026 07:00:00 GMT",https://news.google.com/rss/articles/CBMiwgFBVV95cUxPbjBoZmZ5QlRucDZTbWc4ckhPQUZqa2p2VVBtcWZqVzZYdkhEQmRjeHRHdXU2Y3BadVUwVWY5YjB0c0VjR3lkUDh5bkMzLXFmQllTZzdMUk1OQ0tWV2YwZnFxaUs5NjUwTk9ONkc4MzZEVzMyUVRObHNORWRtS2JybHA0TjBTaG1CRHV1VEwxZGk4MWxMb21OZncweURyazZTd0hIVDF6UFZ0R0pMckwzRzRfbG1jc052bHNZbVhSdkRXQQ?oc=5
2026-09-06,その他,,テーマ関連ニュース,⚪ 情報,0,"Memory chips cut power 59-fold, may make satellites 2,000 lb lighter - Interesting Engineering","Mon, 03 Aug 2026 07:00:00 GMT",https://news.google.com/rss/articles/CBMilwFBVV95cUxOazJWMVJhcmlldE9IZVh6MElfOWt3VEhDeGhhS0JyY0phRno2Q2UxOTJ4Z1dyc0x4U3lnMEtyaERKUGx2S3hsZFFpa3AzaTlHSm1XaERoVGhvUjJ0Y0xmX1Z3M1hvSjNmNkFsUkRhWXV0ZjB6MjgzQ0Z1T3lXdGFyTFVTRVVZc3ZzX3ZhaEhoR19OdVlXMkNj?oc=5
2026-09-06,その他,,テーマ関連ニュース,⚪ 情報,0,Space computing power networks: a new frontier for satellite technologies - EurekAlert!,"Tue, 30 Dec 2025 08:00:00 GMT",https://news.google.com/rss/articles/CBMiXEFVX3lxTE9xd3RNMUlEaVJXU0N1WE4xdjh2cklkT3JDckk3TVBBMzVzWUdyWG8wakRQZ3RNc2dqbGIzSXlYZW9RMFh3ankyUXN0OUNrbWhpZFBUd3lMLUJtOWRD?oc=5
2026-09-06,その他,,テーマ関連ニュース,⚪ 情報,0,SpaceX taps NVIDIA for 1M-satellite AI plan - Crypto News,"Tue, 04 Aug 2026 07:00:00 GMT",https://news.google.com/rss/articles/CBMifEFVX3lxTE5UcjRGN0dnRVR0VENmV0dzZ1hTNDFXc0ZrS2hXSW9KMnlHVzJPZ3ZXTGdqZURoeWdnWkxldHBMV0pBemVHdkRDRnRhY3lHT2ZTbFpPVXlaSENLT0pDNFRaZDdPazVNSjhVVGJsQWstam1NTXNiN1JsX2w3WEY?oc=5
2026-09-06,その他,,テーマ関連ニュース,⚪ 情報,0,SpaceX Just Unveiled Their First ‘AI Satellite’ — and It’s Absolutely Massive - 24/7 Wall St.,"Wed, 10 Jun 2026 07:00:00 GMT",https://news.google.com/rss/articles/CBMitwFBVV95cUxOWGM5WmlqR2d5cU5LNlZZbkRweU03WjE3X0d5NGZ0OW5zZGJ2S1cxNno3djVrV1h5ZVVVR2d4MjlZZGxfT21nV2xRREdXSHkxRmZrWHZEc1NocTdTUlcwUmRnbWNmajhGdTZJM1ZudXcxYUtTcG0tOFB2eU1KWko5a2p6VFJLeTNOZmFtVkNPcjZCUm5vZ0c3Y0RaZlJJdHdaSXVkVEpMMlNadGZDX2FxbnFsR3JBeEk?oc=5
2026-09-06,その他,,テーマ関連ニュース,⚪ 情報,0,"Ahead of SpaceX IPO, Musk says AI satellites will use mostly existing technology - Reuters","Mon, 08 Jun 2026 07:00:00 GMT",https://news.google.com/rss/articles/CBMi0AFBVV95cUxNTU5kZTNKTkVQc2hvTGVhMVJsSXEzc05aTHVPNUY4R2VfaTNzU3B1bzRrUUUxYUZxX0wtaTMzb3BXZEpRcHcyOHVGVjRZY3dmazJ6bmpaSGxTU1dPMnpPM3VCcnhjWVY4dXVqam1XMWJsdW9GbFVwOE1rUWhuMXgxSGczTERwLS12alZTaU82eXV5N0JmZERmdEJhX3ZiOE1jRzNYTnJaQy1xMFB5UHF4bldEc2lfcFNzVDQ3ODd4N0Y4N0xEYUpVamlIYk1wbEJm?oc=5
2026-09-06,その他,,テーマ関連ニュース,⚪ 情報,0,Nvidia Launches New Chips for Space Missions - Via Satellite,"Tue, 17 Mar 2026 07:00:00 GMT",https://news.google.com/rss/articles/CBMinwFBVV95cUxPRlVueGV0V3VBSnFsc1g0VUhEUG9IWVIySU5oZmZCNUgxMWtrZFExdjJKT3hUcG9HTTdEOHBKQzlfV0I3MlhyNVF2X3EyNXpsZnV4YjU3S1pON002akZDczh2ZWtzbXRmd3dxQlBlVkJheFlCT0tqRTVDRzBsekNTd21POGpFdTM4MndTNzRGT1JsZkRHRWhmSUM0Y01qeW8?oc=5
2026-09-06,その他,,テーマ関連ニュース,⚪ 情報,0,Laser Ground Stations Slash Costs for Moon and Mars Data - IEEE Spectrum,"Wed, 13 May 2026 07:00:00 GMT",https://news.google.com/rss/articles/CBMidEFVX3lxTE54OUozcTVMaF9ZTlJ4WC1MQ1dTRFhiZlNvLTlzaUNBcDBPNFMzSjRURE1lRmpiQkRBalFQc1JEWDBWUmpUa1lTRUhRVXhGNkQ0VVpoS1VlVEZiZDdEbGg2TmhobGc0TWlqTVRCYWZyYWQyTkot?oc=5
2026-09-06,その他,,テーマ関連ニュース,⚪ 情報,0,IonQ’s Skyloom Optical Communications Terminals Reach 84 On-Orbit Installations Following Latest Launch - IonQ,"Mon, 24 Aug 2026 07:00:00 GMT",https://news.google.com/rss/articles/CBMixwFBVV95cUxOVVRFTHlfQ21mdjRvN3ljZl9kNVpHMko2U1hwb21tZmZoZjh3cFo0U2t2SlZWajg3NVFwcVQyb1lHV0Ffa294WkxBN2JPWTZaTlN5Si1xX2ZfVTc1ZmlvaElUNWF3ZGtwQXgtMU1EeHZDcWFjVlFYRHkyMFZ3NWhVbnFfRy1abWRQSi1ZcEVUWjA0c2NEQS1paTlyTjdRNTVrTFNYTHFsRndWam0wcEJUSHNEZzVDcnVhNFNIcXNqaHJHU3R0amNF?oc=5
2026-09-06,その他,,テーマ関連ニュース,⚪ 情報,0,New free-space optical link adds a wireless component to the nation's longest quantum network - Phys.org,"Mon, 24 Aug 2026 07:00:00 GMT",https://news.google.com/rss/articles/CBMidkFVX3lxTE4zTFFXQklEdDNfVTBaM1pqOURMTkZaSVFqMmx6SFRVZXlwOWxfdEMwQkgtamd5ZVFsZVczWWcwRlN5cUFMWGFpRjBpV0Y3bzJZMVRpZ19aeVRFeE1meVItVzk5Y0Rpcmh0UHZwMktsWWkyYmFlNXc?oc=5
2026-09-06,その他,,テーマ関連ニュース,⚪ 情報,0,SDA Issues Request for Information for Future Space-To-Air Optical Communication Terminals - sda.mil,"Wed, 28 Jan 2026 08:00:00 GMT",https://news.google.com/rss/articles/CBMisAFBVV95cUxObFdzYUlEVXhVcm1pYTRJaFRVT1N1VjUxYUgzZ2RGXzJQMVBFMmVwZEVzSVhteTZTWW5yZU1MeF9VbUc3dzl6WkhjYUhENDhSSmpQZmpQWjF0SnNkeThDbEtKVGlHTS1ENzNSa1h4VnNpWlBfakpNek1SaVZpYU02MjJpUVpUXzAwWW5QOFBjb3dxeWxTTXVwVWZNR2FIdE1Cb2NMclJTMm5yczluenhaaQ?oc=5
2026-09-06,その他,,テーマ関連ニュース,⚪ 情報,0,IonQ Subsidiary Skyloom Reaches 84 On-Orbit Optical Terminals Supporting SDA Constellation - Quantum Computing Report,"Mon, 24 Aug 2026 07:00:00 GMT",https://news.google.com/rss/articles/CBMixAFBVV95cUxOUFl5UzlrQ0F3MTB1Wmo3THczVTBXQkhCbFJBeER3bzVUei1jeDlmSk9WRE1uWGpaY0FETTRHNUwzdmxQazJEUGFwYm8ybk5aQ0tUVVZuRGVmSldFUUVSYkEybV9McGt3N1VyTi03Tk5FbkJVX0FOb1dYeUt1NWhyc1EzMjJ3bmpRVGtGN0VzVzJOc3VVOTJBVWd2X3JxRGdubzh5RlVlRlRndzlOT0ljdmJrZEI4VzAtTnlaSlVnalZkQVVX0gHKAUFVX3lxTE5UZnEzaFAxbVIyX2M3bGk5WFgyMnI3OTEzNjl3MjJTTDJGNGxiNGx2TmRad2h3Z1JGbHlGWmlhdjlNQlVDRm9LeTJMemxNWU1fb0lVMFlEY0otZmN1RDVsMEFDQjR5Z2kyalJRelBudUZqYW5kNkN2a2dLenl5cHF0SFVLdVdlRnZJWHEzZE9iTnRRbE9LdUU5QUh1elJUb1JhZWd4VVdVS1dGbFVfWGxGejByTlpmVE8walRSWFBzaG42OFZXWVp3ZEE?oc=5
2026-09-06,その他,,テーマ関連ニュース,⚪ 情報,0,Quantum-safe free-space connectivity? - Laser Focus World,"Mon, 31 Aug 2026 07:36:53 GMT",https://news.google.com/rss/articles/CBMimAFBVV95cUxQM1dmaUk1NUlzdUZqWjJPa3lCTDNoWUk4VTJHV0JVS2lVaXpFZEF2TmRxT0ZYdnh5MHJRTFBUemRNdVkxWmtmX1Mxb1dBSG1Tb192MUpiTEZTUnl5VnktbWpITEJkSkFjNlo4RWNaTlE5djkwdDBWU3YxcFlYYVlISVpUR1FPYWx0c2xlektRQ2VYRHE2UnF6VQ?oc=5
2026-09-06,その他,,テーマ関連ニュース,⚪ 情報,0,Optical terminals still a bottleneck in Pentagon’s proliferated constellation - SpaceNews,"Thu, 02 Apr 2026 07:00:00 GMT",https://news.google.com/rss/articles/CBMioAFBVV95cUxOcUdFOW9yNDhia3hrUmtiUFhVdHBmZXpPZUFHeTRNTW9PcWRnQ0JsYnptU0N4MFRfaU9GQTlxUl9rREpvdmYwMk1iR1ZyQnpIOFpoN2FySUNjSzBaNHYzMG1oZ2RCZ0RtVEVmR1R5RnJvMUl0MTRTM2RabnhlLVRHUlpLNDQ2S0xmbnpaa2hvZ0dRVm41eXBGWWVidzQ4MGxD?oc=5
2026-09-06,その他,,テーマ関連ニュース,⚪ 情報,0,General Atomics Selected for Phase 3 of US Space Force Enterprise Space Terminal Program Following Successful Laser Crosslink Verification - General Atomics,"Mon, 27 Apr 2026 07:00:00 GMT",https://news.google.com/rss/articles/CBMi3AFBVV95cUxOeGNIdE9FeGhDR2FVVzN1TmRYUE92d0R1WFI5RmJ0RVZLQ2VXNWkta3dTSkdaWndPdTNoZUwxZXhSenplTzhrdjBva2RyTUphWUNSekVnZmdEVVY2cTJ0clZ1Wks0bVV5V1V4Tnc2ZE1GeFM2cFRDMXpDaDYwQ1BMcF9wUGV6dTh4N2RiSEl5S2lWOGpuNThLeHMwWEJtN01MOEsxVTQtNDJ4dW1naFZBV3NwM0FRUlZPU1VkWFo0TkJVZWhJdUw4b3N5WmJyMG4yVkZlZmxMNEdDcUNZ?oc=5
2026-09-06,その他,,テーマ関連ニュース,⚪ 情報,0,Optimized weight spectrum method for interference signal separation in FSO communication - Nature,"Tue, 28 Apr 2026 07:00:00 GMT",https://news.google.com/rss/articles/CBMiX0FVX3lxTE5ycUFKek9lWkZPOS1Kc0RfZVJxcktzR0V3OVMySDJtR0VOT3ZiaWZpenByNXFtQkJLVk9tenZmN1F0QnFEY0tyMVduUGp0aUxGMTJ6NXo0WGpnT0owZkVr?oc=5
2026-09-06,その他,,テーマ関連ニュース,⚪ 情報,0,ESA begins next phase of 'fibre in the sky' optical communications project with Canada - European Space Agency,"Wed, 15 Apr 2026 08:13:50 GMT",https://news.google.com/rss/articles/CBMi7AFBVV95cUxPbFBYeEVXUTN3RDV3Y1JrdkIxald1WVNIcW5PNy1VdEkzNldET3dFc2JyNU1oWGNIUGsyMlZYQktScGVMWWVTcm91YTV0RXpiUUJvTm5Rb0Ryb1lSUU5sc0h0OUVSaHpPUkl5REZDNktwalpXTDdkcHhDNWd3Y1lHNWRVU3VDRGlQc0JmSVRFU0ppZmJvZXk0blpOLUxTNHFZSWtyUEEzZDlyQ3ROVW9aOWZ1Xy13VmtZT2tON3Myd3RXWGlCZTkzMlVXcE02QUpKeXluZG01c2loNHpXdHdobFBad2VzaGtLbkM5Zg?oc=5
2026-09-06,その他,,テーマ関連ニュース,⚪ 情報,0,Laser communications push satellite networking beyond RF - Military Aerospace,"Wed, 15 Jul 2026 07:00:00 GMT",https://news.google.com/rss/articles/CBMiuwFBVV95cUxNTzBPd2x6SmZqeFU1cDZPa1lsWEwtZWJQTGY0TzlqVVo4Q0t4VDRPUy1oREFpVlhBQTJSR0dFcXhEUXVaTE53SnNmQUJjbTVsTy1DT19Xc2s5N29FalNZdlpFeFV4SmVlak5XN2pJZTU2cm01amhLTzBhWnFMbkNkdElCRXNPVWVOSktRMWVMbE1TRU5HOUJiZEFBdkQwLWJfMzhqTjFWRVh2WExWS1VjSnNvdkVVWjU3SmE0?oc=5
2026-09-06,その他,,テーマ関連ニュース,⚪ 情報,0,Optical Intersatellite Link (OISL) - KeepTrack,"Fri, 01 May 2026 07:00:00 GMT",https://news.google.com/rss/articles/CBMicEFVX3lxTE41ZHhrZ0s2Q1ZYYW5NTnNTeDJwRllSaW11QWhtMWFRQ2hFYzRqVU11bmpmaHQ4MmtLR1N5UXJ4dGJ1QnRYQ3dJZGV3RmNaOXZuQVVDQlJkS0ZSVzl4UThaeFgwWWNXTFRDX2VodENuQVk?oc=5
2026-09-06,その他,,テーマ関連ニュース,⚪ 情報,0,Europe warned over space laser gap - Room The Space Journal of Asgardia,"Wed, 15 Jul 2026 07:00:00 GMT",https://news.google.com/rss/articles/CBMia0FVX3lxTFBjUzlFWG9ZLUQ1Znp3cEhRbGF5TnZLTEhXcUV6bU01UGRBTEZxTFF2RlhtSmNWVUQyb3FoM0ZmeFlJZ3d3VUR5d3Y0Qnc3NU0yaFZiX1ZVbGl4UGdoNzlkcVJyNmxhN1dkTHdj?oc=5
2026-09-06,その他,,テーマ関連ニュース,⚪ 情報,0,Optical (laser) Satellite Communication Market worth $1.56 billion by 2030 - marketsandmarkets.com,"Fri, 23 Jan 2026 08:00:00 GMT",https://news.google.com/rss/articles/CBMiiwFBVV95cUxNcm9JUzdZZWxaZDExckhraWlLU01FQVZ4YW1nX014OUhXMG9HRTNaRmdBTmZRcS1NNVY2M21scHhYbWpGVEoxQzJid1lxVm5Ibnl6bG16Q0hhN0FvR3B6RXVubV9aVDNlVUJ4RUY3YkNkelFtbEh4bnV6ZXhxT1RjYWpERXFyVndMLWl3?oc=5
2026-09-06,その他,,テーマ関連ニュース,⚪ 情報,0,Why Laser Communication is Taking Over Space - AZoOptics,"Tue, 13 Jan 2026 08:00:00 GMT",https://news.google.com/rss/articles/CBMiY0FVX3lxTE42ODdtQVRaaVZ4eldRb1Uxci14b2d2aXFHNncyNVFYV0hvNExHMkdXMWw4aWpNRGIwM3VMNl9nOU5sUFBZbVFrSDZFWTE0QUR4QTNfLU0yRURnUHdFU1F2N0E0UQ?oc=5
2026-09-06,その他,,テーマ関連ニュース,⚪ 情報,0,[New Space Odyssey] LeOSPACE targets in-orbit laser inter-satellite link demo within 3 years - DongA Science,"Sat, 20 Jun 2026 07:00:00 GMT",https://news.google.com/rss/articles/CBMiVEFVX3lxTFB2WmNoSWdTSXZxU2tCbFVFVFhRUFBpcldEd0xfLWprRVpaVTRPOWg5MjVkUjlfa01PZHhWV3ZxODdPV2ZLamwwWHFScElDTWVUeDdIOQ?oc=5
2026-09-06,その他,,テーマ関連ニュース,⚪ 情報,0,"First In-Orbit Test of ATLAS-1 Laser Terminals to Bring Affordable, High-Bandwidth Communication for Small Satellites - MundoGEO","Fri, 27 Feb 2026 08:00:00 GMT",https://news.google.com/rss/articles/CBMi5wFBVV95cUxOaXYwOEhWUlNXRkhoMGJ2NGExaEI0WGVPM0tFckR1WlFJX2V6RjE5R0VwN1Itb0p1UENZMFdGQUJnUFB1YThRN1hROHF6VkI2WG5jQzVSUm5DUkpJb21jckVsMUVuWTZFSFZPTkVhNXEyTms0MWhfaEkyZ1NHOF8xdFVCaEtKWHlaR2U2ZThlNEQ4dXdranljXzkzZDFBV2Y5UTNOQ1hWdlF1b1p4eGdvU3VRaDhLNlJ2cmE5elNuWDNrQXpUNDNXYkZydDRQdmRjX0lzNzBGYzVIc211bFRld3F2SElnTFXSAewBQVVfeXFMTUx4bXdCLVJqWll5andhRnJ4MllUWFhfYm9jSk1CWVhySFVpUEhsSjJ4N0lqbG1XTW0ya1dEckRBTWRYakh1Qzc4b2hwWWpkX3hHOGt2cGdLcFJVV25sZmdHUlYwUGNMRFlsZlVvck1DdnoxYW1WT3gzc2JrYXgxdVVxSHJnbHk0b0RBLVR4ejFXZXdrckRYNVMxSzBwS0g0NFJNeWN0VDNScHlPdzYwa1NzbjhRbGZHaWtOdmJ6VzNrOVgxZDNONXZKakhVcktXei01eGhlcms3NUJLdXdJNnZLUXYxeGZ3N3pkcWs?oc=5
2026-09-06,その他,,テーマ関連ニュース,⚪ 情報,0,How Space Plasma Can Bend the Laser of Gravitational Wave Detectors - eos.org,"Fri, 24 Apr 2026 07:00:00 GMT",https://news.google.com/rss/articles/CBMiowFBVV95cUxNaG9GUVo2RDlKbjZIVS1HN05Td0tsd3BTYUJkOGtzTkpkVTBqMVh0U3JqTUpoWWpaQVViTkJBMFozQ2FQRkN1MjR3RFJLUmhjRUhqNkVZakcwX2N5SmdZbGRGYWJXa1VCU0Rqa09xNGUyYnlwTVZnTDIxZUpaaFVqRm5jVG5uM1VldTUtZGx4YmV4MlFmc1R6MXRkRWp6QU1CT2tF?oc=5
2026-09-06,その他,,テーマ関連ニュース,⚪ 情報,0,Firms Plan Laser Satellite Network to Cut Data Delays - Deccan Chronicle,"Tue, 30 Jun 2026 07:00:00 GMT",https://news.google.com/rss/articles/CBMiuwFBVV95cUxPZlh6NDF6ZlNjSVN1Z2ZjeTFSTFVnaWJnTURqNTJDMjVHR21nTmFiVzBDcHN2ZlMyYTgtZFRuQkpVRUxuZnFfNUxUbHVzYXRKQWFuMnlJaFBDcmdXZVdYVEpsdVR5cmFkV3c4bks1RjJ5LWJxZU5iTVJ1UUdNbU1mOVBhajVNOEN5U1lXWU5qNExTM2tOZ1RtNERPaFFJV1d3MzU2T19aT3ZJM1RCSDVfWkJLaVRuMHpvWE9N0gHAAUFVX3lxTFBGVTRpQnoxa3FWcXJ0cFNGWXdMcWdwMjRGLWd5MVJfN29ZYzBQMXB4OFZTTll6eFIwRjFvWTlkd2pJcmM1Zm5fSlNucDA3Y1N6dkJuUzh5VThZU1Q0dWlDOHdKR3U5TlBRbzRjLU1NeUo5LVZYQ2E0YnVtTFZCdnZKTEhvdGZTYzRMeXV2eVVtNVdGNkdnNTdUQlNWaGlBdVpQRXIzY3FNVjhCc3VvNmNJRFEyYkt0eW9xS2s3U2VNVQ?oc=5
2026-09-06,その他,,テーマ関連ニュース,⚪ 情報,0,Space Force Battle Network Expands Thursday: Laser Mesh Not Yet Switched On - Tech Times,"Tue, 14 Jul 2026 07:00:00 GMT",https://news.google.com/rss/articles/CBMixAFBVV95cUxPYnV3MklYZDhSNHZCNFc4VnFZbDJhbGNIbjFMOEtldjJORi1KRnZYNXM5TDdEM1V6alRsZjQwTTZ3QXJoSVo5elQtVDljSk1YSk1SaExlaUpWSlVKV05QczQxOXF1TnVQczVpajZISHVxZGJtd2R5MVR3RUdaa0tyeTdTc2t1WmphZVJBQ1VFVEhVVVBlSTZYakRYcUhJa3ZMNGJGbU0xYlRGVEZNeHVQTHlDZC11WHAxVmdiemNTc3B1bV9S?oc=5
2026-09-06,その他,,テーマ関連ニュース,⚪ 情報,0,High-capacity and secure inter-satellite optical wireless communication using 2D DPS-OCDMA - Nature,"Mon, 09 Feb 2026 08:00:00 GMT",https://news.google.com/rss/articles/CBMiX0FVX3lxTE1DT3d0SlRyTURfQjdhekJlNEdBUDF3U3E1WnFwenZYa1ZBUjJIazFfbnVabGRScGdxTHhyUTdkc3dHMGc3XzJ2RHNscWEzd0tpVG1LeG5UWjRpd29GRElV?oc=5
2026-09-06,その他,,テーマ関連ニュース,⚪ 情報,0,Amazon's Project Kuiper completes successful tests of optical mesh network in low Earth orbit - aboutamazon.com,"Wed, 13 Dec 2023 08:00:00 GMT",https://news.google.com/rss/articles/CBMiswFBVV95cUxORklfcnJaV01MOFVyRHpCTjlhaDQ4aWxJbTBJRjVSY0NvaGhHc2N4X2s0ZWtXWkFBTUt2Zlo1VmFmN2VkdWh0NzlVREFiU3RZY0w5MUxKRXJRdXh4dXdfbS1PUV9tQ1hlalEyODU0RnpkSTdrZEw4N0t4ZlFxMGxGZlNFdm1fRnp2aThETXM2M0hvd0t6cWRkUzVOdE9ENk1VU3pZaE9MdGdGbFg3NDVNa1oyaw?oc=5
2026-09-06,その他,,テーマ関連ニュース,⚪ 情報,0,China's Leap in Laser Satellite Communication - IEEE Spectrum,"Mon, 12 May 2025 07:00:00 GMT",https://news.google.com/rss/articles/CBMibEFVX3lxTE1zR2FQNWpQNkRlRFRhOGlPQVhiLTFPUHlvTjZsN3NzNFdOZmhmTzFnY2FHVElqUV9kaWFGWERidFp2b3UzV19OVGNtU2o4UjViN0hJd2cyRzY1emJkSmNqTW1qYjI5WW5feGFnbg?oc=5
2026-09-06,その他,,テーマ関連ニュース,⚪ 情報,0,Reservoir computing-based signal compensation for laser inter-satellite communications | Scientific Reports - Nature,"Sat, 15 Feb 2025 08:00:00 GMT",https://news.google.com/rss/articles/CBMiX0FVX3lxTE8xZE1mcDRIeTJGeXItRGFKUG4yZzFMOVRMWC1qSzU5NXlnME04YVJRYVBJRWR6d3FBQTFGdVRNTU9vdnBwNVhCV0JBR1VXeWd0aHVjRmpBSVFicm95RGI0?oc=5
2026-09-06,その他,,テーマ関連ニュース,⚪ 情報,0,Assignment of hybrid laser and microwave inter-satellite links for navigation satellite systems - Nature,"Thu, 03 Apr 2025 07:00:00 GMT",https://news.google.com/rss/articles/CBMiX0FVX3lxTE1sa1AtbWk2N3FMM1o2VS1mdVRXaXk5LXg0NHBBNkZWcE5yUEZkVnVtWXZMZFNucVJiZ3dqNFUwR1BwYy1DTzNEekhwWlV6SUtQYXZ5b2phSUM3RDQ0SVdj?oc=5
2026-09-06,その他,,テーマ関連ニュース,⚪ 情報,0,Modern Ikea Radiator Covers Space Heater Cover A Brown Rabbit With A Small Figure On Its Back's Head In Front Of Trees - krepsiniozinios.lt,"Mon, 31 Aug 2026 01:54:54 GMT",https://news.google.com/rss/articles/CBMiggFBVV95cUxNSktVMHFLQTQ5M0RsYWgzcjFyUjYxT28xLURWc0RZZjNESEY4Sl80bGc1cHZZMzV0Tnl6amhHazhlZ0hrd21GcGZfalE1a0FzUTdWaFZqMUdRUkRvaXBjYjNFMW1rVFJBZW5LSG5PNnk2Qmp0Q0lpLXFQRG1pOHQ1S0l3?oc=5
2026-09-06,その他,,テーマ関連ニュース,⚪ 情報,0,"NYT Connections hints today: Meanings for each word for Aug. 29, 2026 - Mashable","Sat, 29 Aug 2026 02:23:59 GMT",https://news.google.com/rss/articles/CBMihwFBVV95cUxPc1RoQ2tiMl9RM1QtX0hZQlFnc2pwMlFpOTdEOGFMRjNsaUptc2htSTFTZU5EQml5c3o1dFhYUFJrdWNQb29MeG40WUpFMG1yendlMHBiOE4xZ0oyYVVrSWdIS3RWS3ZxNWUtcEtSRm1tNEthbFRYS0lZVzlrSGU0SURaZHZvWTQ?oc=5
2026-09-06,その他,,テーマ関連ニュース,⚪ 情報,0,"NYT Connections Hints And Answers: Saturday, August 29 - forbes.com","Fri, 28 Aug 2026 07:00:00 GMT",https://news.google.com/rss/articles/CBMipgFBVV95cUxOTGRrZDBUdDM3bUU5T2NielE2Zmg3UGtJXzVBMXRzMlJjYW9iTUxrVUEtbHF0YnR1V1EtLVctMWNlWF9jTW4zY2JtUDJVLVpFVjNKMi1yNW12aEtXMTRtTTJ3bTFBZlF2ODFPNVpFQWlhUUZYbnBkVzBPQmY5Y2RtVUZpZFNMamx1MGdaMGJvUHJUemYzNlozbkc4Zzc2RFpvMmdPbjVB?oc=5
2026-09-06,その他,,テーマ関連ニュース,⚪ 情報,0,"Today's NYT Connections Hints (and Answer) for Saturday, August 29, 2026 - Lifehacker","Sat, 29 Aug 2026 07:00:00 GMT",https://news.google.com/rss/articles/CBMihwFBVV95cUxOcEFMTVlIZW5vWlZnLWJ0SHlwOWl3bkJxeml0RmVodWdxalJwOWFOeUVrNjVZcnBBb1VMeWVSeUR3ZGFoNmQyN3JtWUdDWmhia19rNFVjRXpKdVhJYl9EandLY3dzbC02LXNvY1hVeGNCdEdlT1VfVHhVRldXSHRBbWJjZWhLVGs?oc=5
2026-09-06,その他,,テーマ関連ニュース,⚪ 情報,0,"A typical AI-focused data centre can consume as much electricity as 100,000 homes. Now companies want to put them in orbit, where carefully chosen satellites can see almost continuous sunlight and dump their waste heat into space through giant radiators i - Space Daily","Mon, 17 Aug 2026 07:00:00 GMT",https://news.google.com/rss/articles/CBMihAFBVV95cUxNQVk5RWFBNldjZ3BmbmN2azRGNjI1akp3SDlWRkFnVGhwWG5WOGNjOG1OaEZ0bndVcE9QejRNU1hicHdvNVpFcmE0UHBMSzliNVJBSkVzYmZmOGdHdFR5bzNld1RGelI2LUhjZzdhYzI1eVQ2bk1lSXZqWXlnS2NHZjh4WXc?oc=5
2026-09-06,その他,,テーマ関連ニュース,⚪ 情報,0,"The 6 Safest Space Heaters, Tested and Reviewed - Family Handyman","Thu, 23 Jul 2026 07:00:00 GMT",https://news.google.com/rss/articles/CBMiaEFVX3lxTE5JaUY3RGd4M25RS3lIS3g5Tmg2bllFODNQejZxWVBHZXZPRGNaNmpHUW10aVZRUmxPZnhkaS1wMXVlaHRqN1FYQUJyS2lfUmZaRmZMVzJvZ3Y2akVMWW1qa0xyeUt5LVlr?oc=5
2026-09-06,その他,,テーマ関連ニュース,⚪ 情報,0,Feeling a Chill? These Expert-Picked Space Heaters Can Keep You Warm - TODAY.com,"Fri, 23 Jan 2026 08:00:00 GMT",https://news.google.com/rss/articles/CBMiZ0FVX3lxTE5UWnBmcnFWN3JQWERTdUpudmhMOUVKSmFOSXBkdE1Bb3pUVnZobk1nSHBXSFYzMVBnb0VPQXFsSE43MWROdEROT2g0Qzc2eEVBM3VfeE9Na09hNWRXSkphLWFSMThxb3M?oc=5
2026-09-06,その他,,テーマ関連ニュース,⚪ 情報,0,How to Not Burn Your House Down With a Space Heater | Reviews by Wirecutter - The New York Times,"Wed, 10 Dec 2025 08:00:00 GMT",https://news.google.com/rss/articles/CBMimwFBVV95cUxNcUFSZWJZVmU2bEtLMFczcjA0TjdIS0o4Qnk1Nlc4QVRHS0pCTU04NmE4YnNHVVZTb0F2X1Z6WVhkV0ZHUjZoQ3FfcUY5QUZ0YmZ1R0JQeEEyM1AxY3VaWmQ5Yk5wNFdZSmx1SXBqUkJxZEN5U3dyV3E0aVQyaGxFRXpzam9ROWdzZEZoVFpmTU1nNTJrYUNMLVl2bw?oc=5
2026-09-06,その他,,テーマ関連ニュース,⚪ 情報,0,Introduction to Space Datacenters and Orbital Compute - SemiAnalysis,"Wed, 03 Jun 2026 07:00:00 GMT",https://news.google.com/rss/articles/CBMiiAFBVV95cUxNVGNGNF9xb21jVzI1aS1uZU1iVF85ZEtFR3VzRFBVX1JCdGIwS3FkR1UzenNYTjVyM2J2dHFacGQ3UGNqTDQ4NmozMkVVZ3NsRkRFMldyYm9sUzBaRDRDNFRlLXZGU2xUV2xrX1lkbTJvdjY1T3Y4NTRacEY4TGg4ZVE2ZllPSGVp?oc=5
2026-09-06,その他,,テーマ関連ニュース,⚪ 情報,0,"Comfort Zone Infrared Heater How Many Watts To Heat 500 Square Feet Space Heater For Indoor Use, 34"" Quiet Heating Space Heater For Large Room With Remote, Modes, Overheating Tip-Over Protection, Oscillating Ceramic Tower Heater For Garage, Ho - fuelcarmagazine","Wed, 26 Aug 2026 21:58:41 GMT",https://news.google.com/rss/articles/CBMifkFVX3lxTE01Z2lRODlicnRWTzlxQ3JyY1p3OEg0cnBXNnBMbnhFVkRBSWY1UWJIWjB6QnAtUGppVzVRckprR1B5emsxWG5jaExrTDhFeVNSN05ZaTBfeUZBeURCMDA4Uzh6YkdhOHQ2Rjh4TktPTlRlTy1IWlR0ZEpWaWd3QQ?oc=5
2026-09-06,その他,,テーマ関連ニュース,⚪ 情報,0,These Space Heaters Will Arrive Before the Imminent Winter Freeze - architecturaldigest.com,"Fri, 23 Jan 2026 08:00:00 GMT",https://news.google.com/rss/articles/CBMidkFVX3lxTE9mOWlNYXJzUnV4Umpab2ZDcDg4WnRvYldXTlpGcXFWY2M3NGZkVkdUZWdSM2xjUGRianFZM3o3OGtCaUFtSkJvZzFNQnFKWWZZSzQ2VUt0MDRLSHgtUVRscEg1QkFsY1hBdTk3OHUzNU1LZWNQb1E?oc=5
2026-09-06,その他,,テーマ関連ニュース,⚪ 情報,0,"Cooling a data centre on Earth can consume 10 to 30 per cent of its energy budget and millions of litres of water; in orbit, there is no air, no cooling towers, and no river to dump heat into — only vast radiator panels bleeding waste heat away as infrared light int - Space Daily","Sat, 04 Jul 2026 07:00:00 GMT",https://news.google.com/rss/articles/CBMiuAJBVV95cUxPOUpnOV8xeFYyR0tjazRZNkltUi1ZWmRlTmRIZk5fY05pdWI0aWM3Z2VpTkV4aURITUtrMTZpSnVzQUtUcy1OWjZqaEI5X3pIem9BOU9SSzBJSm1pZkZaLW5PQVVBZ1FDck4wRV8yTUdvZmVTbDltRUtlTHRnc0FXenBKaW92bkFXOURtTUUtRjNIa3RYTXhYQkJ4aVVHRk1maHpBSGw5NmRKV1ZCNzQ1cHZRT1ZQWkpHVHZJMkZoeVdoUnlxS3pvQ2hONkZxT1lrZEdQT0pXa0NJbEkybi1MT1VpWkpBa1BJUWN3QndfR3psVWVuYjFXbkJhZlcwNGY3b09GS2FrNThPZTVSaTJFMjZGR3dLSU1DeGVtWU1IYlo5VkFfZXJEZ1lwRWpldWVweTlwZzRuSV8?oc=5
2026-09-06,その他,,テーマ関連ニュース,⚪ 情報,0,Best Space Heaters For Large Rooms: 7 That Reliably Boost Warmth In The Chill - forbes.com,"Mon, 02 Feb 2026 08:00:00 GMT",https://news.google.com/rss/articles/CBMimwFBVV95cUxPeVhPRjFYaU5XX1ZxOVlYaXBkWURqMnViMlJOQndnTjdDY2xlT05ORFlVaHBxWjJjb0dzQTg4ZzZLMEtVM0doSDhtUGpXb3UwODN0VE9nUzFvdHlzVnVpOVFXemFGRHEtbS03alpkQjVhU2FNd2t6TVRxalFsNFdBci1kaGZGYXBoampNRWkwRGZxdFE1MXFSdllMUQ?oc=5
2026-09-06,その他,,テーマ関連ニュース,⚪ 情報,0,SpaceX Has the Best Radiative Cooling Solution and It is Working - NextBigFuture.com,"Tue, 24 Feb 2026 08:00:00 GMT",https://news.google.com/rss/articles/CBMiqwFBVV95cUxNU3E3bkRTdUd2T0tXRFRfWFA3enotSUd2TUZBVFluYVQxNm4zMEg5b2xLR1dYY1lHMHZWRGoyeVRvNVVfdmZoMmZCbGxHYVJBNFpmV1BXVHdHRWRQRFVTTnN0R0Y2emh5YzZGcW14M2doLVA5Q2dQaGFGeXdYZVA2SDBlNnpXWjFyRFFnYk1ia1AyeDRKUFZSN0R1YUJLRkt6TUU0SXpyb1BFems?oc=5
2026-09-06,その他,,テーマ関連ニュース,⚪ 情報,0,Surviving Deep Space: A Look at the Orion Spacecraft - lockheedmartin.com,"Wed, 08 Apr 2026 07:00:00 GMT",https://news.google.com/rss/articles/CBMisgFBVV95cUxPVS1xYWZxMEtfdU44NWI5SUYzaWVKR2NJQTJmLTRxQkFhdEZyTFplUDYzMlBGNjVJdzY5WmU1NlRUTFZ0OHhzbzdITHJrSDlRbnVyTmlQNWtqVVk2MkZmNHM0RG85RlZkd0VvdzJVVDY3aDlZb2liV2I5dEhUUzJ0QUZXTC1MQ3liVzVUeHVFSkI5bDFTZE5CeGw3UVBxaEpuajdWSGVlZEE2WXZ0NEYydVR3?oc=5
2026-09-06,その他,,テーマ関連ニュース,⚪ 情報,0,"Maxell, JAXA to Develop All-Solid-State Batteries for Spacecraft - International Business Times","Fri, 05 Jun 2026 07:00:00 GMT",https://news.google.com/rss/articles/CBMijwFBVV95cUxNM0hOaHlXSEhqVV9WYVpuZFRrTG84TUM1QzUzRmljWXJxZkRndFQ3XzR6RHBJY2w2WnM4X2JXbFdDc0ZxYkNsWGJlN2pvUjFkOHNMWFF1a2I5cGdCQW13R2VXN0EyV25XRlBmX2cwaFE5YXItbFV6a0F5Y2ExUFkxT2dwUFV2NGpSRklfRS1WNA?oc=5
2026-09-06,その他,,テーマ関連ニュース,⚪ 情報,0,Bi-layer photonic random meta-composite for cryogenic thermal control by ultra-broadband scattering matched reflectance - Nature,"Tue, 30 Jun 2026 07:00:00 GMT",https://news.google.com/rss/articles/CBMiX0FVX3lxTE1GMmVnY09aUWR0dWVWRU9hYk1BQXpoUHdPZGJqTGpCSVFzZUdEcm94Tndwc3dsYzBReUo4YUQ3ZFIxSWV1SF9jOVVxS2MybTBpYzlHX2RxZG9KOEpWb2Rn?oc=5
2026-09-06,その他,,テーマ関連ニュース,⚪ 情報,0,"AFRL, industry launch revolutionary spacecraft technology - Oscillating Heat Pipes - wpafb.af.mil","Thu, 21 Oct 2021 07:00:00 GMT",https://news.google.com/rss/articles/CBMi2gFBVV95cUxQeWoxSXY5QWRMMnR4QTZrTUgwcHBIeXFESDVLazNmWFR4ay1RMm52NS1yYU5UWk1zR000Ukg3US1jWHhOS3d2SXFwSzdaSC1EWHY2b2I0cGdfaTV3dVJEZmtPczNTWUpFT2JUcV9hUnM2YjNGTXc2eXRTamRRMUFKZzVhbzF4dlpQYXhGb0FMcURjV2g0TEk5Z3p1MkpUVGpFblNzMzl6NzU1Z2JEbXFpRkJHaHRKQ1JoZnl3dENuVmVNbnU5TkU1RElQZWZUSUpQaVZLUTNZT1gwZw?oc=5
2026-09-06,その他,,テーマ関連ニュース,⚪ 情報,0,Space race heats up: Advanced electronics cooling systems for spacecraft - Phys.org,"Tue, 04 Jun 2024 07:00:00 GMT",https://news.google.com/rss/articles/CBMihwFBVV95cUxPdFJTMnBLSHh4R2twTk00THBCRnVnYkJYOGI0ZDJ2aXdQVEhZaW54MzM2LXA2Q0Z2NnVDZ0NNeVFnWjdOQlY1S2VDRXpsbDhiLS14a1dzTjVlbFFHMGJiWXJBSGV2RGk4V1lpeFowVS1pQ0dIaHdxTUJJS3NzYThJbXZ3OTd4Sjg?oc=5
2026-09-06,その他,,テーマ関連ニュース,⚪ 情報,0,New device provides active thermal control of spacecraft surfaces - wpafb.af.mil,"Tue, 03 Jun 2008 07:00:00 GMT",https://news.google.com/rss/articles/CBMixgFBVV95cUxQT3gyM0Zkcm1US0RLMlFHSk5PNGZDVmw5ckl6QnVJZEdzcThOYklCeS01ZDUzaHJ3MGlWZ3JwWVRCTWVaNGFRUk1nWldQTEJ1Q2c3WVFxbUUtUDE2dHlaZmVoX2l2Rkp1RGdFTDQ2Q1BYakJCSm9pS0pwcEFtUzlxalhtTmFVZVp3aGlfdTVxNV93UnFVLUoyWVNpNzVvLUd0TGE2aVI3cmFTVGE3OTlMUjIzZ29nVjFiSlpRTkhNck9NOU8wb0E?oc=5
2026-09-06,その他,,テーマ関連ニュース,⚪ 情報,0,Managing Heat - NASA (.gov),"Mon, 29 Jul 2024 07:00:00 GMT",https://news.google.com/rss/articles/CBMiYkFVX3lxTE9OOGJwZjZwWVhIVkIzNkRXNGh4YXBBOHVZLWtCRG1jZC1LZ3VPZ2hvbzRXajJkLUVmRzBUQi1OTWh6OURRY3dhVHBFZjBwZFFFRlF2Y25FVi1TWllBSDA0Q3l3?oc=5
2026-09-06,その他,,テーマ関連ニュース,⚪ 情報,0,CubeSat Form Factor Thermal Control Louvers - Tech Briefs,"Tue, 14 Jan 2020 08:00:00 GMT",https://news.google.com/rss/articles/CBMiekFVX3lxTE1yc3RncFlDWWRac29PeGFpUWdNWU8yRjBudk1XakI5MXliMDdWRTFLN0NhUml5YXZtbXFFcUtQQTdJVUxNaEVxeDZNSUthYlduZjlFak9VTUIwY1FtRFlBNEJ6WThGX1cwMEY1cXh1ZVAxWDQ3V0tPSkxB?oc=5
2026-09-06,その他,,テーマ関連ニュース,⚪ 情報,0,"Cheaper launch has moved the spacecraft bottleneck. Mass is out, surface area is in. - SpaceNews","Fri, 14 Aug 2026 07:00:00 GMT",https://news.google.com/rss/articles/CBMipwFBVV95cUxPQXk4MGdWNDExV3RKSjNqbmU3UzExUlA3bTBLY251QmtjM1I1ZTBiUkFNNU5TbTRQUjRYQ3gwaGFrQjJIcE9SUUxMbUR5a0dGX2ZrZDIwdVo5YXNOSE1rV25JeDZROFU3bE82SkZxMVFVYzYxdVhHdkVoeVJSQnRDUHhkWDd5cXNZZnFJLXhtMHE2OTRfTmEwY3U3VUJ3SVFJVVhpOUpoRQ?oc=5
2026-09-06,その他,,テーマ関連ニュース,⚪ 情報,0,"Space Station captures, berths Cygnus XL ’S.S. Steven R. Nagel’ cargo spacecraft - Spaceflight Now","Mon, 13 Apr 2026 07:00:00 GMT",https://news.google.com/rss/articles/CBMiyAFBVV95cUxQMmNzUUJ3c0lvR2dLellVbi01c2M4MXJYZnhjYWRkc2VMTjBhYTV5MkRXbVpCc3ItZGx5MnhuZ20wamc1RGtlVW5FN1ljcVdfckU2aDkzQTNvMElyNnU4U0tlT1RXSktJZmpBV3FCZVdkVmdJUURlQnF5UGZMRFBUUy1jcHRiSjNiZWdISDJTVGl4RmQ5c0FWbWs3dlE1MnBxMlNablRDTG05Q1ZpY0hCeUlwa3h4VnhWd1kzYktfNG1XcEJnZU9zZw?oc=5
2026-09-06,その他,,テーマ関連ニュース,⚪ 情報,0,Orbital AI: SpaceX–NVIDIA’s Thermal Reality - debuglies.com,"Sat, 29 Aug 2026 07:00:00 GMT",https://news.google.com/rss/articles/CBMigAFBVV95cUxPem5YbXQ1VGVmWXY2Q0FqZF9oUGFEMGtseGlBUHJOYmpURl8wR0FUTGQydzNIT1NMd0Q3cHJvZjRtZUpNTHQ2ZTlCMXNKNnNiREgxVDBlVXlzX3M5SDBpa3pkbHJpVjFQaGlLa0txYW0yQmJfQXp0a3NKTzF6OENQdQ?oc=5
2026-09-06,その他,,テーマ関連ニュース,⚪ 情報,0,NASA’s Northrop Grumman CRS-24 Mission Overview - NASA (.gov),"Mon, 06 Apr 2026 07:00:00 GMT",https://news.google.com/rss/articles/CBMijgFBVV95cUxQcEJHZzVlVGRlaHh3YVJwTzViZlZDeEI1dVNIMl8xcE5DMXhoRi1CTkllSmRhbnZFd1luXzgxSjFHTDZDNF9fSS1JRGNZZklKd0c0Z3FYUkZudXg1RzhCUE5ZdTZZbklfUVhZV1FDUWxtUFBhMzNpeUlNM2hRa3NtS3h2ZkpFLTNhejl3WU53?oc=5
2026-09-06,その他,,テーマ関連ニュース,⚪ 情報,0,"NASA Tests a Spacecraft Thruster That Runs on Lithium Metal Vapor, Could Take Us to Mars - autoevolution","Sun, 03 May 2026 07:00:00 GMT",https://news.google.com/rss/articles/CBMizwFBVV95cUxQa0JZdkpURzE1RTRyUHdaakYtTDN4MEdvcjFJdFpCU09rYnJKbzVXMzdrMWNOZG9YX0lnNlFmQ3V0NEtkSVNuWlh2Snh2c0hnaUVxOWx0M0ZkVXd6MFNSM3JnYlV0Z1FNSy0zbTgyLUxDd0RRbXJWWkRVMW5HYjE1R1JpeWt2T3BFTTA0emhfaU12c3Y0S0FUcktkRDhfVkVjSmhRWmRqanRWQTh0MFVCVVVMRTFTcWZ6ekdWVHZERjJIeDJDZGVhVXdzRG9XLWM?oc=5
2026-09-06,その他,,テーマ関連ニュース,⚪ 情報,0,Orbital unveils ambitious plan for 100k-satellite constellation in push to accelerate AI computing in space - spaceconnectonline.com.au,"Wed, 01 Jul 2026 07:00:00 GMT",https://news.google.com/rss/articles/CBMi9wFBVV95cUxOc0JEbnlLb25BY0VhYWgxd1BPeE1HNjcybFo0MHVhYnR6U0FMc3poTEVOQ0M2Wksxa0g0bHBmTHVWRGIxNGhFcUtBYll3X2Y5eC1FSFc2blZQNmVBUE5MUWpxcE5DWm5wS0tBTUFQQjJnZ01wOGFOSzV3V2xDV0RKV2xWdm5IcHN4eWRiY05COTU2eV9XRTVuWEtoRWZhd2V0MVNLTDVXeF9JZnh0NDNpUlRfd1ZZLWhoUHlBWFItUjZITjdGR0JMN21FRENocHBxSDJtQmVlWXZJZWJHX2hSOHJ6WWxEWmU0YzJjWHJRbDNnU0YwX0lV?oc=5
2026-09-06,その他,,テーマ関連ニュース,⚪ 情報,0,NASA selects Penn State engineering team to develop technology for spacecraft - The Pennsylvania State University,"Mon, 01 Jul 2024 07:00:00 GMT",https://news.google.com/rss/articles/CBMidEFVX3lxTE1yQ1pPcFl6LWVpakdQWHc3SGVDcTNRTU9pQTNpUW41cm4zR0ZGN2E5X29WWUZLWnJwWVE3cFJ2WkZLUC13b2VhQUFTa2UxOHpGam9VQkwxOG9HUU1oWEZaTkp3bVRWelhlV29XTFNHSWMxSTM2?oc=5
2026-09-06,その他,,テーマ関連ニュース,⚪ 情報,0,Cornell leads subteams on $35M nuclear-powered spacecraft project - news.cornell.edu,"Wed, 16 Oct 2024 07:00:00 GMT",https://news.google.com/rss/articles/CBMipAFBVV95cUxOVzdWbXlxblplai1SbTFxNzFMdVB5MHZ3WkVhVEFmUndYYl9uSmtiVjZrZkxtam0yMkJwV2UtOXFESkhRUUhqUmhMTmRZY2tZX2xWTXBGdW9GZXhmVDYtU01GVGJ6T1B1a005cm5wampncGs5cW1tQkM3M1I0WHBPS3hzaDFyVDM0U2gxS0tFVENHN1RKSTVwQU1iQUkwNmdFYjE2cQ?oc=5
2026-09-06,その他,,テーマ関連ニュース,⚪ 情報,0,Demand growing for managing heat on increasingly intricate satellites - SpaceNews,"Mon, 20 Sep 2021 07:00:00 GMT",https://news.google.com/rss/articles/CBMilwFBVV95cUxQSFFpbm0wZDNEaU4wUlFzUjNUTW9UOTI5R0dhZGx6MUhIZU9mMWFsWll4MGdpOWFkb3QzdzlGSS01bkFqQkt3RUtxbkVJM1BZZmdXTzBmRVpHOEpod3dPUEFRZmY3RzRsVE9wWGNxMUNxc2lfQ3JZZnkzSzRvTkx1Tl9rcmp6cUxuMk5YOGY4VXdScU9BTng4?oc=5
2026-09-06,その他,,テーマ関連ニュース,⚪ 情報,0,"APL installing electronics, readying to add insulation on NASA’s Dragonfly spacecraft - Aerospace America","Thu, 16 Jul 2026 07:00:00 GMT",https://news.google.com/rss/articles/CBMiugFBVV95cUxNcWEyNFAwUVBjT3BSQmJ4Umt2d0FQUXFMaTFZSmg3UFM3SDVfWmxlUW82VnpPdWFQZ054ejEwNGdXaXpuRjNRaDlLNnkwS1NWX0lqQmRtWkdXdWI4RDJ3SDEwTWlULXJaa0hNaEozdE1lck80Ym13TkhHd3hkNnlZVG16eDd0RERGdUVCS2FmMFBWSm13NUtkOTA0QV92T2hEUnhvMzVHYm1oTlY3dUJXbDVZMXNNbnhmUkE?oc=5
2026-09-06,その他,,テーマ関連ニュース,⚪ 情報,0,Space-Based Solar Power Is On Its Way - cacm.acm.org,"Fri, 07 Aug 2026 07:00:00 GMT",https://news.google.com/rss/articles/CBMickFVX3lxTFBCaHE5RGxmcTRfTzZpb0d6NnZUOEVGU2hZWnA1ZENrOVhJbFp2ODNjaXBNanltSTVIVFhrMjJYTjhXNWU2UVd4TXpuZmhIQzJKYk9FdVdBTjJlQUZ5d1g1bFQtWGdQZGRFVUR4YWVEYnA0QQ?oc=5
2026-09-06,その他,,テーマ関連ニュース,⚪ 情報,0,U.S. DOE announces $12 million space solar fund - Solar Builder,"Wed, 02 Sep 2026 18:09:36 GMT",https://news.google.com/rss/articles/CBMiiAFBVV95cUxNNWlEUGRNVmZULXNFT0tQRkhBQTlYd0J5YXR6b1M5OG53S2pOaVNZQWo2RHZYYndxQjJpRWF4TGo5aG9SRXNoZU1ib0docTBTNGNhWFhuSGpfazZjUDlpbkdXNF9hYjZzUlo5aVZYMWEzdHExcnVJWnE5ZURPWHpZSzFfMElWNTNi?oc=5
2026-09-06,その他,,テーマ関連ニュース,⚪ 情報,0,The Chinese scientists hoping to use a space solar plant to power the world - South China Morning Post,"Fri, 19 Jun 2026 07:00:00 GMT",https://news.google.com/rss/articles/CBMitgFBVV95cUxPd3d3MlBtaGVYaTBLWUpOMUZXYlVpUlVKN3J6MVM3c00zM2VDVnlrMXk3TklqSjc5T0l6RjJ3aVZhVEd5aklXbXpiUFlUbk5FZVZFOEZpSG1BVWo3eEdwc2taN191dmVkSjllTmR5bnZ3d0VyRW1HcU9mekFRUGVPQkkxaElxeXhSUUVOZ0R6RVBsMEhRdnVVZndQeVkwQzVuUzJ2ZkFSdjNJOU9aZGJxSWQ0VE1ZQdIBtgFBVV95cUxQUzFSeVJ0VkJSNklPUHN4U3pEZlR5RWVrczctX3hWa1UyUkpXMEVNNDBtRGRhRFNXZzJyV09XMll0X2FZOEFFNlQ2alAzdVRwbERUNnY3RUF4YTExN1VteUliRVJyemNfZHBtbnZmVnp2S1NFcjVlTVE4RHN0eW5ZUVVPVk9BZ2RpWFZ2dElnOWxGNzByYlNfejZiMWJqQkZka183d1NraUpPcFJKOXRrUTZLYjZPdw?oc=5
2026-09-06,その他,,テーマ関連ニュース,⚪ 情報,0,KIER achieves world-record 26.7% efficiency in perovskite/CIGS tandem solar cells - EurekAlert!,"Fri, 04 Sep 2026 04:46:01 GMT",https://news.google.com/rss/articles/CBMiXEFVX3lxTE8tS2FTcWpGRFR1TFVpZHh5d2RnRzByTFo2NGVLQ2ZuekRueTZKLUgwOUxZM1NYUVh6bVVrNDlvVndSeVFLb1FrTk1xaGtmeVRCQ1hjb1VISDQ5anpp?oc=5
2026-09-06,その他,,テーマ関連ニュース,⚪ 情報,0,Space-Based Solar Power Faces Its Infrastructure Test - Environment+Energy Leader,"Wed, 19 Aug 2026 07:00:00 GMT",https://news.google.com/rss/articles/CBMirAFBVV95cUxPaWRLOGpEMmFpOURXZllOOUhSVFVadkhCamdsNG4xYmJuUTMwb3Vld3VxN1B4T3BseVNtS1NzR2wwUGRPTC03SGxjOFZtdmhrWDNyZk95dUhsRFRYTVQwbFZER0JCR1hUcEV1dDhIeHQ3WmJXaVJvQ05qc1RXUXZTc2VMSFZCdmJGR040azVCdTBmN1llU3Z2Z1pkTHpSMDNHQWZtV2VYMXpoUGxl?oc=5
2026-09-06,その他,,テーマ関連ニュース,⚪ 情報,0,"Why DoD, Silicon Valley now are betting on solar power beaming sats - Breaking Defense","Thu, 09 Jul 2026 07:00:00 GMT",https://news.google.com/rss/articles/CBMipgFBVV95cUxQcVJFLUlTbHlpdnZxT05qNWlVaTRZVC1MQ2lmQ3M3b1RyMU14M0F1ejk5WFRUbWVOVnZQMDZzT1ZnTkk3ZmQxMGoteGNKTS1pUEQzRkVhdFljUEdiT3RfZG56MWJsVGRWQzZFU3pMam5TT2VuSGJFS3VxN2tDbkVZVkhJdmFNY25HQUkzQ3R0QTNlaUhtWERpNk42U0ZpdFgyM0dsY3p3?oc=5
2026-09-06,その他,,テーマ関連ニュース,⚪ 情報,0,Space-Based Power: Why It’s Gonna Happen - The National Interest,"Tue, 18 Aug 2026 11:02:01 GMT",https://news.google.com/rss/articles/CBMijgFBVV95cUxPMmFldmk0cUwyVnRuSFN5SUJ5d2NJQi1QNTV1c21XSUxzOXozV1BzVnJVRmc0M2RkUURselE2cHhuU0VHY212TjhGc0pVQzdJTEp2SHFTS2xpNERoVi1fOXgyNzhfU2ZhVThuTHVYQmlQcTRZMUVmazRjZTdkbks4UktKbVZESC1OV282dWdB?oc=5
2026-09-06,その他,,テーマ関連ニュース,⚪ 情報,0,Meta makes a bid for space-based solar - Latitude Media,"Mon, 27 Apr 2026 07:00:00 GMT",https://news.google.com/rss/articles/CBMif0FVX3lxTE1OT0hETUdXenB0dXk5bmlSRzBzZDEyeWNFT2JoMlFtOGdNQzdUQ3pFZG5PMEFvUDlGY3BYcy10aVIxUmVqOWwyMDBSWk1hVFI2TEF0MFNUQWYtTXZ5M1drWlpFVXRqZjEzamlGZXdHSm9GbTl2a3phTzhuQTJVTms?oc=5
2026-09-06,その他,,テーマ関連ニュース,⚪ 情報,0,Ultra-lightweight thin-film tandem solar cells set new world record at 26.7% efficiency - Interesting Engineering,"Thu, 03 Sep 2026 15:48:00 GMT",https://news.google.com/rss/articles/CBMikgFBVV95cUxPemNkcGZxa05uN2ZVZzB2RDR1SUZseGxNR2NaRUczOGZyUVJXNHZEeW5zYWt1Y2JZRjJ1TkhUajE1TkZrQ185MnJhLWkwUmtnYWttaDZJWmlsX05SbFF1Zzd2NlVGMTdhc0hxTmZWLWVMeEhNcVQ0X0hTTjhDaUp0a2E1YlptZUNab2JuRDRuM3RtUQ?oc=5
2026-09-06,その他,,テーマ関連ニュース,⚪ 情報,0,Solar Power From Space: How Close Is It to Reality? - Impakter,"Wed, 11 Mar 2026 07:00:00 GMT",https://news.google.com/rss/articles/CBMie0FVX3lxTFBlLXdGcG5VX0VReE1tWVZwYWdoczNBVXFNM1o3eDFZUjJZMGpCRmgxRkpmRmRsR2ZtbkU2MUQzbkc2dHFmVk1DbHJKTVJZb1lzb2NqV1lJYWVidWRsSGs1MnNHbGhHb2ZCU24xeHVrSjJRVzc4dnFwdkNITQ?oc=5
2026-09-06,その他,,テーマ関連ニュース,⚪ 情報,0,Space-Based Power: Will It Happen? - The National Interest,"Tue, 18 Aug 2026 11:02:01 GMT",https://news.google.com/rss/articles/CBMihgFBVV95cUxOTUNtR0ZuOWVhYlhPenlBUHo3X3lONEd1UUQ3dTItaFd5YVVDV2lfbGpWZWh1a3ZZXzRjVUQyNjg0RDVyUXUxQTRDT1hRdUJkMDhrRy1xZWNRVUtyWlZmVHkwUm52a0JRNVl6UWJ0c00wRlJ6UURtVGM2cS1tN0tYTXp2eFVXUQ?oc=5
2026-09-06,その他,,テーマ関連ニュース,⚪ 情報,0,"Rescue satellite gets close to NASA’s doomed telescope, even if it can’t save it - latimes.com","Sun, 06 Sep 2026 21:42:17 GMT",https://news.google.com/rss/articles/CBMixAFBVV95cUxOczFaZGl6X0dodDZaODFjMDJFRGwzXzdEbGxkd1Y2ZGNaN2dKQ3Z5V0lLQWxOVmY0U2VRemRKUUY5ZHZfLVppZGh2cWFZYXFoaGhqQnAwUlFBRWExdEZiUG1JWHhsd3VmQWoxam1qYi1MbVhZTHpyQ2paelB1TzgwMlE1aWU4RUV4dW82TWlJR0hfVGVUcVhSRERqZXRyVlVWZ09UcEJJMHI2eUJXOWVlNTViQlNiMGtGTG5lS29zazR3WHNE?oc=5
2026-09-06,その他,,テーマ関連ニュース,⚪ 情報,0,24/7 energy straight from orbit: Why we need space-based solar power - The World Economic Forum,"Wed, 08 Oct 2025 07:00:00 GMT",https://news.google.com/rss/articles/CBMilwFBVV95cUxNMkE4NzRIMjBYTnlYdGhNY3VCZEdLSjFwbHZadUN6d3B5R0s4ZGJ2aERFcXg3R1dQdkExUEE3dGU0ZHRhVEFaMWQzcGxuSF9hMW9Wc0RJQ0Vzb05SdzhBMXNndXpFMlExa2dWNHJEbmNIZ0JoemFtX1AzM3BrTG8wS0k0S1NFNzZQRGRuY18zZFF6TTNpVlJZ?oc=5
2026-09-06,その他,,テーマ関連ニュース,⚪ 情報,0,Have scientists found the secret to eternal power? - Prospect Magazine,"Sat, 22 Aug 2026 07:00:00 GMT",https://news.google.com/rss/articles/CBMiuwFBVV95cUxQbXctTWdKLXY5TGpIZFBBMzZJNnNVMUgzMFpsUzNKaC1scElKUHBtd0JRQXZYM2RoWlQxUnFfbzYwel9jN1dWbXhhTlg4UXoxTmF4Q0lhNUk3MC05RXdYZVZXbjgtLS13M0FWT2h6Z3pIc3NiZXRxVDhYN1JsZ1hoWmZIQk5ZTDY0MHFKc2JSSThtOTY3a0tzT0FfMWw0cnVYTlFZOTlSdmNzVTYtRDloS0g3SmFDNU4wenVB?oc=5
2026-09-06,その他,,テーマ関連ニュース,⚪ 情報,0,China's Plans to Produce Renewable Energy in Space - sustainabilitymag.com,"Wed, 03 Dec 2025 08:00:00 GMT",https://news.google.com/rss/articles/CBMimAFBVV95cUxPVDdfV25ObU4zYmJUbFNndmxSWWV3R1d3Ym1qamdnajRVNGhfQ0pSMlZ6a0plNExrVmVZdU42QlBfTlBwZlZHM2dMenplVDhYSVBUeHhqOGF0MTdyaFVhVzR2MFcwOGxwakJzUHp3WTlhbkh1TTdJX1BlMy0tVDFYd0s3TDVVSGZOd09JZEd2b2pUZ0tiVTE4ZQ?oc=5
2026-09-06,その他,,テーマ関連ニュース,⚪ 情報,0,How Does Space-Based Solar Power Get To Earth? - bgr.com,"Sun, 28 Jun 2026 07:00:00 GMT",https://news.google.com/rss/articles/CBMickFVX3lxTE5fbTRQdUtOb3Fsb1Z6TlB1WFJtUUZQbHdvaGhzRXRDdktwR0FfZEVxTk9mMHBwLXBCd3BMY2FlaC1ucnVIcmFnS3R0M0tuaFpyRFNmdGFTTDJoT1hRM3FBZXd1bDFtRVFXUEZBckgyWk83QQ?oc=5
2026-09-06,その他,,テーマ関連ニュース,⚪ 情報,0,DOE Explains...Spacetime - Department of Energy (.gov),"Thu, 03 Sep 2026 19:21:47 GMT",https://news.google.com/rss/articles/CBMiYkFVX3lxTE9BWXJhcEJlaGpkNFpKcVdUS3JEcXcyaVB1VzdZVDFCdEZHWFZTbFdvU29RN3VaQTlxZW5nM1pwY0llLWZuTC1obnhabzh3WXAzSFgyQlRxSkcwcWxrTVJnVTh3?oc=5
2026-09-06,その他,,テーマ関連ニュース,⚪ 情報,0,Emerging Tax Controversy Issues in the Energy Credit Space - McDermott Will & Schulte,"Wed, 02 Sep 2026 22:45:26 GMT",https://news.google.com/rss/articles/CBMimwFBVV95cUxPTTFHMnVOSzJFc2JoVW5GZU5rbjgwRGpKUEgyOE9SU3RlWE1ZZjhfRldVT2pCRlh0b1R4RVM4SVRNUVhMWUZ0YUFzQi04Ry1vRFFiTVhhelpUZU1iZEluNkVnNDhsODBYZlBpTEFOQXpsSHMyMGxSWEtXSVpuMUptRDB2R09peTdKNFdPd2hFcmRFc01aRFFSSVVXYw?oc=5
2026-09-06,その他,,テーマ関連ニュース,⚪ 情報,0,How NASA's new space telescope could help solve mysteries of dark energy and dark matter - PBS,"Mon, 31 Aug 2026 22:30:50 GMT",https://news.google.com/rss/articles/CBMivgFBVV95cUxOLWE1ZGtTRzlTRkhwQklWZzB0c2FSOGV0MEZrUHdoS1NIU3pWSmNtc2E0VVRPTUJrN2dEMU9fU2VxZVV6UUZxcW9FM19XSUkwUVNTd1JoVDU2RUJ5WnN4S2dHZ1B4S3ZCZzdzU3hvWkFYa0w1RFd0U2lsdWsycHJLdzJMUElGZDMwQi1NN1NwS1M5b0J0LWVyTUhtUkZsN255WjJzOEozVlByd3Y3Z2ZOeW1WeWQyS29Pa09Ma3Rn?oc=5
2026-09-06,その他,,テーマ関連ニュース,⚪ 情報,0,"China's private, reusable Pallas-1 rocket aces debut launch (video) - Space","Wed, 02 Sep 2026 20:00:00 GMT",https://news.google.com/rss/articles/CBMiwAFBVV95cUxOd2tUTG9Vc2tfXzdNYUdoRWRUZkJxb0lxbF9zNTlQdHQtMFlZMEdMS05ucXhESFE4Z0pmeWl3WDRGUHNkazlRckZ4NEo1R3I4WEFYcUJtOTV3dnlyX2ZsUDRYdlhLVDRfNmFLVlY0Tk9uWXlFOGk1b3ZLMDBEdUltRlFhUlpCUzZLUGlaa3FnNFlLQjNyV1ZGQWQ5eDJBNHplUXVmdTBxdnM0XzFYaHNjOVducnRlSTlEV0syX0cwNjA?oc=5
2026-09-06,その他,,テーマ関連ニュース,⚪ 情報,0,How NASA's new space telescope could help solve mysteries of dark energy and dark matter - AZPM News,"Tue, 01 Sep 2026 16:38:47 GMT",https://news.google.com/rss/articles/CBMi0wFBVV95cUxNZnliNDhNalROOVlQRktCbVg4STltM2ItX09IaFZaS3RBbFlJblpOQ0tzLUthRmQtbXJUZk5XeFdxb0tLYWNCNG9SenNSbXJVWmhxajA0dWJyMktPWjVwZ2JuazM2cTl6M2ZxNDVrQzVTRmpfMWV4RmJsUzdYMWRDZi1XZm16RDBaZ1RjZEdwRTNvTk1iY2lfUkdPTk9tay0tV19wT2YwLS1fV0RjT2M2MmxrNnk0Vm9raG1NZWlUMG94NkJKMUZ6Q0tvdmE2OHZIekpz?oc=5
2026-09-06,その他,,テーマ関連ニュース,⚪ 情報,0,NASA’s newest space telescope is on a mission to solve the universe’s biggest mysteries - Scientific American,"Mon, 31 Aug 2026 10:00:00 GMT",https://news.google.com/rss/articles/CBMiyAFBVV95cUxNaERVUHBod0lUQm1jYmpVSWF0em5KamZralNQSzljelpQWWpFN1podGY0c1RXQUV3TXBpLW1zdXRUazhXWFlfbG44ZFZSbkNoRUNWbjFINGstdDVSS09VemZVMlJCX21NaUJhQkMwOUF3SmlZLWFWNmtJQ3dfd3YxQzdJY0pheWlVTzVPdzFjaVU1NGV4a25tMTRPTGdia2FxVkJMNWRRZTZFeEI0QTNTQmpaeklHQUQ1c0NiUkZvd1JsRGRMQmRaRg?oc=5
2026-09-06,その他,,テーマ関連ニュース,⚪ 情報,0,"NASA launches its powerful Roman telescope, studying dark matter and dark energy - Houston Public Media","Thu, 27 Aug 2026 07:00:00 GMT",https://news.google.com/rss/articles/CBMi9gFBVV95cUxQWHJ0VmZEZkJ0WGRxaEZVZzNzOW4tc3NVUm9uOGxmbGZhZ21iU01BemZneGtKTzRlejZ0RkhYb19VVlk3Vm1iaUNfZ0wyR1J6ZC1OVmNfNmVmaTFVX1BTdGYtUld3VnNYWWdvbFdCMUpOaWs5c2tqbzlyUGtHT0RYQ2JCMEt3RjQzQVhSVlhQM0l6T2toOU1vTjFCaEdiNXltb0tlMTk1bjg1NEpXbHR6cnZoYTJ3eURMZHIybURSbF95alprYmFpQWttY0dZcXE5OEFjeHlmcVBfbFhBMWVXRXljTmp6QW1hRWRqS2hKekFhUUFyMFHSAf4BQVVfeXFMTUpydVBoOWZTNm14Z1IweUR6d0MyOVU3dl93U3gzemx4NlZ3WUtvQUtQZmZfNG9WSFlfcWswZDdPUkVvbWZ1bUZlMnhpNHYyMWZ5SlNPRS0xcUtzS2FxdmRzeFNleWVnb1h3QnRCeERFR0pUWEJfSlZFYjZtLTVCOGhDYmtOUW1Zd2UzWmVYQXZpSV95bEpWUXRCU3BtZFlMcWRzNk90Vm9fSHIzTkw2NUFIRXlKTTNkTGJSZ1ZPNm9USTlPZ3preGlhMm5GMXdGbHpSOWFxdDdDZjZFTlJvbjZCOWtjajZjMnFSUU5jM3lIeXpHVXJld1pwcUNWNnc?oc=5
2026-09-06,その他,,テーマ関連ニュース,⚪ 情報,0,‘The Roman telescope will bring us the biggest images of space yet — and explain dark energy’ - The Times of India,"Sun, 06 Sep 2026 06:53:00 GMT",https://news.google.com/rss/articles/CBMi_AFBVV95cUxQd013WVBfcF9VWU5QaDB0ZExDaHd3UFdZQW5TVFNaWG9aaV9wN09HRDNKejRwUVgyNXEwM05xbFVDNGFsdHVFclJ1LXg4cmZENFVndGlFTkJDZ29IOC1vTHBIcXZicmxseGk2MTVQUS1YQjBkeVhweENoNkhLbDhDNV9LZVQwalJXUE03QS10NDlKXzFmOW9qbFVNQ3FtRHJDRU1BMlh4MXp5R054VnY2dmVQUm1nVHlYT1A5ZmY3YVBQNzNkaXdDUlY1WG15aVBxazRNbm44RXV2R09ITkUwUDd5MXh3ODN4VWs3T2h0UGw1UHRQbmdyVlVEY2jSAYICQVVfeXFMT3hMTEsyMHJxdXIyOFhnNHozQXh4RWl1c2VZUnM4NFRFc1ByRFlmcHQwYUNLMEhJWHN1U1hDRG43aUpaWlFic2NaSFJ6NDM2Sm8xcjNSQlBsZEt2ZDRxNUhTbGV6S216X3A0QXVfT3VVekFJNVBqSE91YTJFR1doWEJ2YjJ4M29MMlNGaVJPVHg5ZjFGZHZILWJUU1hfMVQ4VmJfbzBYUVZPenpvTFlZU2ZyM2Nvc0VGUHhTVlJDNkF0N3FxV0kxMktGX21BMnU3U0hSMkV6VjQxaUFFTFJNcF9lZG9RUjNMZllNZ3pBZlc4eEVnUkRnYnlZZDd4bjVqYmdR?oc=5
2026-09-06,その他,,テーマ関連ニュース,⚪ 情報,0,ROMAN TELESCOPE TO EXPLORE DARK ENERGY IN SPACE - LiveNOW from FOX,"Mon, 31 Aug 2026 09:42:09 GMT",https://news.google.com/rss/articles/CBMiY0FVX3lxTFAwaWxPbG5McEVTZ0l6SjIxZlhSMUM0NGpnaUxXMGotblZlRjRuNHBBVTRXX052Q0RxZ1VXTWhoRUY2aTZBdG5EOGtSVEoxMm8tdTdBME9MS3ZoYkl4MDZ6Y0E5d9IBaEFVX3lxTE10ajh5a00wVlZOQV9IanEwUG9aUEJPcTdXTFFEaVRxcDdwSWo4aWJLdHVYT25ndi01WmdtZ2ROVXhNOWpGWUZwZ05pNUJEeFpyN0t5RGY4VVMxNVpkckNLd1NaN3RNYkV1?oc=5
2026-09-06,その他,,テーマ関連ニュース,⚪ 情報,0,'A glorious dawn launch': NASA's newest space telescope has left the Earth - NPR,"Sun, 30 Aug 2026 10:30:00 GMT",https://news.google.com/rss/articles/CBMilAFBVV95cUxQY3ZQa3UxTWJvMHdUZHdrb3FsRDdPa1FXUnZITEppOVJINWs0OHZzdHNDRWtKM1RMbDM2Vm03M1ZUeV84RVRCVnhuYzdvaUxoMTZndjU3bGhGUnF4bGh5Q0NtY09lUnZzVUtRUzlfbjhnYy15YU4wempWNnZrOXBLMXptQm9GdEk4ckhpeTFwUkR6a1d0?oc=5
2026-09-06,その他,,テーマ関連ニュース,⚪ 情報,0,What is Space? - Department of Energy (.gov),"Tue, 25 Aug 2026 15:56:00 GMT",https://news.google.com/rss/articles/CBMiX0FVX3lxTFBRZjdtWUZmSXVOeGE4WXVnV01ZaG9ienJYRDZCWGo5LWFqbXVHX2JnMHU1TTdZSF9FX3lrNGgzc1d2UDg2cTlKQm4yV2paTEdsUGoyclUtc3BFSTd4QTJZ?oc=5
2026-09-06,その他,,テーマ関連ニュース,⚪ 情報,0,"Supermassive black hole spews energy 300,000 light years into deep space - Space","Thu, 13 Aug 2026 07:00:00 GMT",https://news.google.com/rss/articles/CBMitwFBVV95cUxOZUFoRERfMkUyRzlEYUVNZ0N0cG9WTFdlakZwY0FHSGdVelRKT3E3bGhYTkd4OWNtS1RSbFQxM01kd0REdFFMZjZmRkJFV0NPeWdwQURkNzJzdTNJQVNpaW9qanZydENaSHhKNTlmNHQ1OXJyS3RLcTNnQ04yUkJseVEwbWllTFVqMzNNN0kxQTBuRmlSd1VRcmRLTi1MakMxWWpxWVlteU9WM0FDYUh6WmRSMGZ5OEE?oc=5
2026-09-06,その他,,テーマ関連ニュース,⚪ 情報,0,Can NASA’s Roman Space Telescope solve the biggest problem in the universe? - Scientific American,"Wed, 26 Aug 2026 07:00:00 GMT",https://news.google.com/rss/articles/CBMiswFBVV95cUxQMjVNOU9pUjlKcjlmLS1wZXZNRFc0azhydkJFdjNzUERhSFR1YmZ5akhQTy1kZlZXWjIzcjZ2YTA1N04wVXZfcEgzazBLSzlGSlRBbnlzc3dpWEg1aWxnMUMzZ05iVUZPYmhjdjZNd3ZvOWd4V2VOMUVtRU1kV2JnMTBweEdhLWVBNEN0b0MtQktfOWp0YUptclZpS2xqRWZTY0RCRlFQdTQtWUItZTFmaDNQdw?oc=5
