取得日,テーマ,企業,証券コード,材料,重要度,総合スコア,理由,リスク,PER,PBR,EPS成長率,売上成長率,営業利益成長率,営業CF,ROE,ROIC,時価総額,利益品質,バリュートラップ,配当性向引き上げ余地,株主還元姿勢,価格帯,しこり判定,タイトル,原文タイトル,公開日時,URL
2026-09-13,半導体,"Advanced Micro Devices, Inc.",AMD,大型受注,🔥 最優先調査,100,成長テーマとの関連 / 企業を特定 / 売上成長が強い / 営業利益成長が強い / EPS成長が強い / ROEが強い / 営業CFプラス / 利益の質が良好 / 配当性向引き上げ余地が高い / 株主還元余地 / 下値支持候補,主要な警戒条件は未検出,131.66582,12.530164,164.16819012797075,34.33779329067288,77.08533077660596,77.1億,10.196,未取得,8425.7億,良好,低バリュートラップ条件なし,高,利益成長に対して還元余地あり,112～120円 / 154～162円 / 196～204円,下値支持候補,AMD「HBM確保が最大の課題」…Samsung ElectronicsのHBM4搭載Helios、受注が予想上回る - BigGo ファイナンス,AMD「HBM確保が最大の課題」…Samsung ElectronicsのHBM4搭載Helios、受注が予想上回る - BigGo ファイナンス,"Thu, 10 Sep 2026 03:05:00 GMT",https://news.google.com/rss/articles/CBMidEFVX3lxTE1mNUVPY1lNUm9kUGdkSU1lWGhCNVhubWpzcFJQRVI3VGo2ZUFQSVdITDZkdWlzZVNIV195TkhNVHJMeU5DMEhWOTRZUDR6cEE0MWxuYzQydDZ4R0dxMzJVaUtDQlh0R05FSFhqc0Vid1UtTzAy?oc=5
2026-09-13,光通信,"Excelerate Energy, Inc.",EE,大企業との提携 / 研究開発,🔥 最優先調査,99,成長テーマとの関連 / 企業を特定 / 売上成長が強い / 営業利益成長が強い / EPS成長が強い / 営業CFプラス / 利益の質が良好 / 配当性向引き上げ余地が高い / 下値支持候補,主要な警戒条件は未検出,26.308218,1.756528,19.225621996471798,44.257649127298905,39.9669759761855,4.6億,8.7840006,未取得,43.6億,良好,低バリュートラップ条件なし,高,要IR確認,27～27円 / 28～28円 / 26～27円,下値支持候補,IOWNが宇宙へ、NTTとMBRYONICSが光通信モジュール開発で協業：10倍以上の通信速度向上へ - EE Times Japan,IOWNが宇宙へ、NTTとMBRYONICSが光通信モジュール開発で協業：10倍以上の通信速度向上へ - EE Times Japan,"Tue, 09 Jun 2026 07:00:00 GMT",https://news.google.com/rss/articles/CBMib0FVX3lxTE9xVXVmOFVhemo0VDlJWWZleHlncll2Nk5OU3VLMTdKek9uXzFRRTVEZDFfLWpYa2Q4bE9pNWVGYmVseGdsMjl3cHlaOGgwOE1xa2VGTlpBUDh2NldhYV9vYkhNZDExUXRkQjZyTWlXbw?oc=5
2026-09-13,AIデータセンター,Kioxia Holdings Corporation,285A.T,特許・技術 / 研究開発,🔥 最優先調査,99,成長テーマとの関連 / 企業を特定 / 売上成長が強い / 営業利益成長が強い / EPS成長が強い / ROEが強い / 営業CFプラス / 利益の質が良好 / 配当性向引き上げ余地が高い / 株主還元余地 / 下値支持候補,主要な警戒条件は未検出,53.47599,12.315012,103.62080678625856,36.9869788919752,92.66692934999159,6165.4億,87.10800400000001,未取得,28.77兆,良好,低バリュートラップ条件なし,高,利益成長に対して還元余地あり,1518～3579円 / 9763～11824円 / 20069～22130円,下値支持候補,宇宙開発における設計工学の適用／キオクシア、AIデータセンター向け最新技術 - monoist.itmedia.co.jp,宇宙開発における設計工学の適用／キオクシア、AIデータセンター向け最新技術 - monoist.itmedia.co.jp,"Fri, 04 Sep 2026 01:30:00 GMT",https://news.google.com/rss/articles/CBMib0FVX3lxTE04bjJrMXJzdUxmZUktVC1CQXVjQ1ZUU09YQmpqNk1qYm5QMTR1ZGhKSWlFLVJoRC1iUG9XTk05dy1NV1lEeUp6ZUdMdzhYQW04Z1B1MEVWclZod2xuWWFCRmtYYWdRclJ5eWpjd3VvWQ?oc=5
2026-09-13,半導体,"Excelerate Energy, Inc.",EE,量産・生産開始,🔥 最優先調査,89,成長テーマとの関連 / 企業を特定 / 売上成長が強い / 営業利益成長が強い / EPS成長が強い / 営業CFプラス / 利益の質が良好 / 配当性向引き上げ余地が高い / 下値支持候補,主要な警戒条件は未検出,26.308218,1.756528,19.225621996471798,44.257649127298905,39.9669759761855,4.6億,8.7840006,未取得,43.6億,良好,低バリュートラップ条件なし,高,要IR確認,27～27円 / 28～28円 / 26～27円,下値支持候補,SKが米国にHBM工場 40億ドル投資：2029年にHBM4E量産開始（1/2 ページ） - EE Times Japan,SKが米国にHBM工場 40億ドル投資：2029年にHBM4E量産開始（1/2 ページ） - EE Times Japan,"Mon, 07 Sep 2026 02:00:00 GMT",https://news.google.com/rss/articles/CBMib0FVX3lxTE9KTFB1MzFGWThYdXhLaHY3Nzk2ajltRTV1S29pUDBBOEFtbGF5NUxpRWNycWJBR1k3NzF1X1VPM2NQaW1TOTdqLVptSDcxYWpXS0xIR1Y2R1hlWE4xMmdQVUNaV3hRa1VEcWNIbEFhRQ?oc=5
2026-09-13,AIデータセンター,Kioxia Holdings Corporation,285A.T,研究開発,🔥 最優先調査,84,成長テーマとの関連 / 企業を特定 / 売上成長が強い / 営業利益成長が強い / EPS成長が強い / ROEが強い / 営業CFプラス / 利益の質が良好 / 配当性向引き上げ余地が高い / 株主還元余地 / 下値支持候補,主要な警戒条件は未検出,53.47599,12.315012,103.62080678625856,36.9869788919752,92.66692934999159,6165.4億,87.10800400000001,未取得,28.77兆,良好,低バリュートラップ条件なし,高,利益成長に対して還元余地あり,1518～3579円 / 9763～11824円 / 20069～22130円,下値支持候補,キオクシア、直接液冷対応のデータセンター向けSSD開発 - 日本経済新聞,キオクシア、直接液冷対応のデータセンター向けSSD開発 - 日本経済新聞,"Wed, 29 Jul 2026 07:00:00 GMT",https://news.google.com/rss/articles/CBMibEFVX3lxTE5RcGQ2b2NIcW56R1RrWEYtejlXal9xaElCNHk1WUhJcU9sU1FZWGV2a2ZMcGh5T3V5QmQ2eEktT25hT2FRNFc0RGVMaU5ocW5IVmp3SWFkSV9MXzZ2U3V3YVVmYkNtVm9OSlpCcw?oc=5
2026-09-13,AIデータセンター,Bio-Techne Corporation,TECH,戦略的投資 / 研究開発,🔥 最優先調査,82,成長テーマとの関連 / 企業を特定 / 営業利益成長が強い / EPS成長が強い / 営業CFプラス / 利益の質が良好,主要な警戒条件は未検出,62.172417,5.3398495,147.7683923705722,-0.37683405281088156,12.276156900215817,2.9億,9.032,未取得,113.1億,良好,低バリュートラップ条件なし,中,要IR確認,70～71円 / 72～72円 / 51～52円,主要価格帯付近,三菱ケミカル、次世代光通信材料開発のNLM Photonicsに出資 - データセンター向け需要拡大を見据え | TECH+（テックプラス） - マイナビニュース,三菱ケミカル、次世代光通信材料開発のNLM Photonicsに出資 - データセンター向け需要拡大を見据え | TECH+（テックプラス） - マイナビニュース,"Wed, 09 Sep 2026 07:58:10 GMT",https://news.google.com/rss/articles/CBMiaEFVX3lxTE1MUFNIME1rRWZKMU44Nnh3WkZuWTdJZEtWQnQ1b3lBM0pSeG05dmhyUTN3YzNuQVg3U3ZNX013UXRSak1XX1RzeEFKUVc4c2tGZld3VFFlMDhSdXhnUElBdHJPUm9sUzlv?oc=5
2026-09-13,半導体,"Excelerate Energy, Inc.",EE,特許・技術,🔥 最優先調査,79,成長テーマとの関連 / 企業を特定 / 売上成長が強い / 営業利益成長が強い / EPS成長が強い / 営業CFプラス / 利益の質が良好 / 配当性向引き上げ余地が高い / 下値支持候補,主要な警戒条件は未検出,26.308218,1.756528,19.225621996471798,44.257649127298905,39.9669759761855,4.6億,8.7840006,未取得,43.6億,良好,低バリュートラップ条件なし,高,要IR確認,27～27円 / 28～28円 / 26～27円,下値支持候補,WolfspeedがNavitasを特許侵害で提訴、主力のGaN／SiC製品対象に - EE Times Japan,WolfspeedがNavitasを特許侵害で提訴、主力のGaN／SiC製品対象に - EE Times Japan,"Thu, 09 Jul 2026 07:00:00 GMT",https://news.google.com/rss/articles/CBMib0FVX3lxTE9oUnl0WWtTNUlqSTlKZWozZFprckR2NklyZ0tISGhGdExWNG1idUJxd0xXV0VwYzQ4bXhHVXp3dGFwRW1YZzJQOWRON1FkMEhmeUhnaXM3d0VESHdJOWpXMGV4RmVzQl9qVFVFMmxTcw?oc=5
2026-09-13,その他,Coherent Corp.,COHR,戦略的投資,🔥 最優先調査,76,企業を特定 / 売上成長が強い / 営業利益成長が強い / EPS成長が強い / 営業CFプラス / 利益の質が良好 / 配当性向引き上げ余地が高い / 下値支持候補,主要な警戒条件は未検出,74.118935,5.4824057,1530.7390000810308,22.513599128416573,68.52548009428972,7951.4万,7.981000000000001,未取得,598.0億,良好,低バリュートラップ条件なし,高,要IR確認,94～101円 / 88～94円 / 76～82円,下値支持候補,【米国株：銘柄発掘】S&P500新規採用5銘柄：エヌビディア出資のコヒレント［COHR］とルメンタム［LITE］がそろって構成銘柄に - media.monex.co.jp,【米国株：銘柄発掘】S&P500新規採用5銘柄：エヌビディア出資のコヒレント［COHR］とルメンタム［LITE］がそろって構成銘柄に - media.monex.co.jp,"Fri, 03 Apr 2026 07:00:00 GMT",https://news.google.com/rss/articles/CBMiVEFVX3lxTE03MTFRUDZlazZnZDZIbG9LTXdHSzdyX3ZHR0wzTGhJMDNsVUZCSmhNSl9Jb0pZOHA4UW1aYUJUVVhsUmtVWU92ZFdOYzFkT1Ffejg4R9IBV0FVX3lxTE1CdDFnUkVKeFEzaUZGVlFYMjgybWxUTVZtRlAzdDlOZzVaRU0zcFNKUWJ4UVR0ZWhrQmlDUlNsZktEV29iWUl0WExYczB4OUtFZ2h0YW0zaw?oc=5
2026-09-13,半導体,NEC Corporation,6701.T,研究開発,🔥 最優先調査,76,成長テーマとの関連 / 企業を特定 / 営業利益成長が強い / EPS成長が強い / ROEが強い / 営業CFプラス / 利益の質が良好 / 配当性向引き上げ余地が高い / 株主還元余地 / 下値支持候補,主要な警戒条件は未検出,22.371277,2.6929727,54.254693663197905,4.653284964703541,40.318600217546404,4384.6億,14.16,未取得,6.02兆,良好,低バリュートラップ条件なし,高,利益成長に対して還元余地あり,4082～4143円 / 2634～2694円 / 4022～4082円,下値支持候補,2026 Chiplet High-Speed Interconnect Chip Industry Research Report｜QYResearch - note,2026 Chiplet High-Speed Interconnect Chip Industry Research Report｜QYResearch - note,"Mon, 29 Jun 2026 07:00:00 GMT",https://news.google.com/rss/articles/CBMiX0FVX3lxTFAtcU96Qlg3YlFRT1Q4bVZxZzk5WEU2X1VXTUotSHVxSVFJNTdmdFZyd19kVVBoRzRvOFNXeWRpdURKYWRDMDlGRUlJUUNjVk1NWTV1YUpsZDM2QzVxaVRJ?oc=5
2026-09-13,光通信,NEC Corporation,6701.T,研究開発,🔥 最優先調査,76,成長テーマとの関連 / 企業を特定 / 営業利益成長が強い / EPS成長が強い / ROEが強い / 営業CFプラス / 利益の質が良好 / 配当性向引き上げ余地が高い / 株主還元余地 / 下値支持候補,主要な警戒条件は未検出,22.371277,2.6929727,54.254693663197905,4.653284964703541,40.318600217546404,4384.6億,14.16,未取得,6.02兆,良好,低バリュートラップ条件なし,高,利益成長に対して還元余地あり,4082～4143円 / 2634～2694円 / 4022～4082円,下値支持候補,NEC、日本初の光通信衛星コンステレーションに向けた実証衛星を2027年に打上げへ - space-connect.jp,NEC、日本初の光通信衛星コンステレーションに向けた実証衛星を2027年に打上げへ - space-connect.jp,"Tue, 24 Mar 2026 07:00:00 GMT",https://news.google.com/rss/articles/CBMiT0FVX3lxTE9xNUtCRG81Z2JKalNObC1TaWladkpLS0ZPUklnRi0wZ3U5THM5cWM1ZlhpcVpLaXhHd2JYLXBJR3JuQy1tb1J6ZzdEN2dtYlk?oc=5
2026-09-13,光通信,NEC Corporation,6701.T,研究開発,🔥 最優先調査,76,成長テーマとの関連 / 企業を特定 / 営業利益成長が強い / EPS成長が強い / ROEが強い / 営業CFプラス / 利益の質が良好 / 配当性向引き上げ余地が高い / 株主還元余地 / 下値支持候補,主要な警戒条件は未検出,22.371277,2.6929727,54.254693663197905,4.653284964703541,40.318600217546404,4384.6億,14.16,未取得,6.02兆,良好,低バリュートラップ条件なし,高,利益成長に対して還元余地あり,4082～4143円 / 2634～2694円 / 4022～4082円,下値支持候補,日本初の光通信衛星コンステレーションの実現に向けた技術実証衛星に搭載する機器の設計を完了 - NEC,日本初の光通信衛星コンステレーションの実現に向けた技術実証衛星に搭載する機器の設計を完了 - NEC,"Thu, 19 Mar 2026 07:00:00 GMT",https://news.google.com/rss/articles/CBMiXkFVX3lxTE5iVTBvc0tkTVJZOHBSb3NIaWhWWkdZT0ctakRwdFgtNU5FZU5KMXB2N252N0Y0VUdlcHBITEpBRUJVTDI2ajdEZmk1SFBEWUwzb3BLck1CLXJtbVN6Y0E?oc=5
2026-09-13,光通信,NEC Corporation,6701.T,研究開発,🔥 最優先調査,76,成長テーマとの関連 / 企業を特定 / 営業利益成長が強い / EPS成長が強い / ROEが強い / 営業CFプラス / 利益の質が良好 / 配当性向引き上げ余地が高い / 株主還元余地 / 下値支持候補,主要な警戒条件は未検出,22.371277,2.6929727,54.254693663197905,4.653284964703541,40.318600217546404,4384.6億,14.16,未取得,6.02兆,良好,低バリュートラップ条件なし,高,利益成長に対して還元余地あり,4082～4143円 / 2634～2694円 / 4022～4082円,下値支持候補,NEC、光通信衛星コンステレーションの実現に向けた技術実証衛星に搭載する機器の設計を完了 - 日本経済新聞,NEC、光通信衛星コンステレーションの実現に向けた技術実証衛星に搭載する機器の設計を完了 - 日本経済新聞,"Thu, 19 Mar 2026 07:00:00 GMT",https://news.google.com/rss/articles/CBMibEFVX3lxTE9id2dnRVhxS3lwb0U5YjdncXRqbGlpWVJNbjNRWXdqWHNrb2Rwa1FmOTNJSFE5NkFpQno5Q0NlYXI1V0VyS2F4c2JqUlhzamkzRkYxTzh0ZkNUTzdnWWx2SEFHcENpTFpSdzhFVA?oc=5
2026-09-13,光通信,NEC Corporation,6701.T,研究開発,🔥 最優先調査,76,成長テーマとの関連 / 企業を特定 / 営業利益成長が強い / EPS成長が強い / ROEが強い / 営業CFプラス / 利益の質が良好 / 配当性向引き上げ余地が高い / 株主還元余地 / 下値支持候補,主要な警戒条件は未検出,22.371277,2.6929727,54.254693663197905,4.653284964703541,40.318600217546404,4384.6億,14.16,未取得,6.02兆,良好,低バリュートラップ条件なし,高,利益成長に対して還元余地あり,4082～4143円 / 2634～2694円 / 4022～4082円,下値支持候補,NEC、光通信実証機器を設計 衛星コンステ向け - 日刊工業新聞,NEC、光通信実証機器を設計 衛星コンステ向け - 日刊工業新聞,"Thu, 26 Mar 2026 07:00:00 GMT",https://news.google.com/rss/articles/CBMiWEFVX3lxTE5zUldQOVhlT0IwQ21iUGFfY1gyMm4wSmV6MW9VYmM3WWVmRlpEYUxPaHplZHE2XzVGM0plWVYzbjEycXBLYU1vMUNtOHJYTWJjY0RLM1Z0WjQ?oc=5
2026-09-13,光通信,"NTT, Inc.",9432.T,大企業との提携 / 研究開発,🟠 優先調査,73,成長テーマとの関連 / 企業を特定 / ROEが強い / 営業CFプラス / 利益の質が良好 / 下値支持候補,主要な警戒条件は未検出,13.922345,1.4512266,3.7015407753475893,5.139788629135045,6.993787279765273,1.49兆,10.7130006,未取得,14.27兆,良好,低バリュートラップ条件なし,低,還元水準は比較的高い,152～153円 / 151～151円 / 150～151円,下値支持候補,IOWNが宇宙へ ～MBRYONICSと次世代光通信モジュール開発に向けた協業を開始～ | ニュースリリース - group.ntt,IOWNが宇宙へ ～MBRYONICSと次世代光通信モジュール開発に向けた協業を開始～ | ニュースリリース - group.ntt,"Thu, 04 Jun 2026 07:00:00 GMT",https://news.google.com/rss/articles/CBMiZ0FVX3lxTE16NG1zQVdlNWhNREVKSFI0SlRFSEFqNzdfbW1YeER3aGYxS1dCY2pfdFdUaXdpTXJSMjRESzlnQkhONEFjaGVzU1J6VzI0ZGhRQ3R0Qi1tZTZQM3dZVHFtRHJzQ280MDg?oc=5
2026-09-13,光通信,"NTT, Inc.",9432.T,大企業との提携 / 研究開発,🟠 優先調査,73,成長テーマとの関連 / 企業を特定 / ROEが強い / 営業CFプラス / 利益の質が良好 / 下値支持候補,主要な警戒条件は未検出,13.922345,1.4512266,3.7015407753475893,5.139788629135045,6.993787279765273,1.49兆,10.7130006,未取得,14.27兆,良好,低バリュートラップ条件なし,低,還元水準は比較的高い,152～153円 / 151～151円 / 150～151円,下値支持候補,IOWNが宇宙へ、NTTとMBRYONICSが光通信モジュール開発で協業：10倍以上の通信速度向上へ - EE Times Japan,IOWNが宇宙へ、NTTとMBRYONICSが光通信モジュール開発で協業：10倍以上の通信速度向上へ - EE Times Japan,"Tue, 09 Jun 2026 07:00:00 GMT",https://news.google.com/rss/articles/CBMib0FVX3lxTE9xVXVmOFVhemo0VDlJWWZleHlncll2Nk5OU3VLMTdKek9uXzFRRTVEZDFfLWpYa2Q4bE9pNWVGYmVseGdsMjl3cHlaOGgwOE1xa2VGTlpBUDh2NldhYV9vYkhNZDExUXRkQjZyTWlXbw?oc=5
2026-09-13,光通信,"NTT, Inc.",9432.T,大企業との提携 / 研究開発,🟠 優先調査,73,成長テーマとの関連 / 企業を特定 / ROEが強い / 営業CFプラス / 利益の質が良好 / 下値支持候補,主要な警戒条件は未検出,13.922345,1.4512266,3.7015407753475893,5.139788629135045,6.993787279765273,1.49兆,10.7130006,未取得,14.27兆,良好,低バリュートラップ条件なし,低,還元水準は比較的高い,152～153円 / 151～151円 / 150～151円,下値支持候補,NTTのIOWN技術、宇宙向け光通信端末へ 従来比10倍以上の通信速度向上を見据え次世代モジュール開発でアイルランドMBRYONICSと協業 - Ledge.ai,NTTのIOWN技術、宇宙向け光通信端末へ 従来比10倍以上の通信速度向上を見据え次世代モジュール開発でアイルランドMBRYONICSと協業 - Ledge.ai,"Sun, 07 Jun 2026 22:58:41 GMT",https://news.google.com/rss/articles/CBMic0FVX3lxTE1OQmo4QVpVSUlwNWRiUDlNMnRjZzc5bEpjVHRBMkJVWFJpekdwN0xVdmdFdUVkekZ2N210b29fRDNrQ0tDcElDd05MeFhPUjB0VDhEWkc5RjBVaC1nQzZFMlQ4R2loQnpmeFd3b3FaTlVrNHM?oc=5
2026-09-13,光通信,"NTT, Inc.",9432.T,大企業との提携 / 研究開発,🟠 優先調査,73,成長テーマとの関連 / 企業を特定 / ROEが強い / 営業CFプラス / 利益の質が良好 / 下値支持候補,主要な警戒条件は未検出,13.922345,1.4512266,3.7015407753475893,5.139788629135045,6.993787279765273,1.49兆,10.7130006,未取得,14.27兆,良好,低バリュートラップ条件なし,低,還元水準は比較的高い,152～153円 / 151～151円 / 150～151円,下値支持候補,NTT、宇宙向け光通信機器開発で欧社と協業 IOWN展開 - 日刊工業新聞,NTT、宇宙向け光通信機器開発で欧社と協業 IOWN展開 - 日刊工業新聞,"Fri, 05 Jun 2026 07:00:00 GMT",https://news.google.com/rss/articles/CBMiWEFVX3lxTE9abDR5UGZDY1pfdGx1V01aMGMzRXNGaExMNWcxSmNWT1dVcVIzN3pjQ0RGX2NXTW5aMElONWUyamMtY2toblkwMnRvQkJKT0JrRk05Zy04UHE?oc=5
2026-09-13,光通信,"NTT, Inc.",9432.T,大企業との提携 / 研究開発,🟠 優先調査,73,成長テーマとの関連 / 企業を特定 / ROEが強い / 営業CFプラス / 利益の質が良好 / 下値支持候補,主要な警戒条件は未検出,13.922345,1.4512266,3.7015407753475893,5.139788629135045,6.993787279765273,1.49兆,10.7130006,未取得,14.27兆,良好,低バリュートラップ条件なし,低,還元水準は比較的高い,152～153円 / 151～151円 / 150～151円,下値支持候補,IOWNが宇宙へ NTTとMBRYONICSが次世代光通信モジュール開発に向け協業 - ビジネスネットワーク,IOWNが宇宙へ NTTとMBRYONICSが次世代光通信モジュール開発に向け協業 - ビジネスネットワーク,"Thu, 04 Jun 2026 07:00:00 GMT",https://news.google.com/rss/articles/CBMiU0FVX3lxTFBhME40VnJlNDdQR3ZVbXg4MDZkX3lTdWdPWnIzV3MtTzI1MEhBLV9XbjR5Si1PLXZKNEFFWFBJcTh0T3I3Sy1pM3c5TUxZVFI4d3VB?oc=5
2026-09-13,半導体,Bio-Techne Corporation,TECH,大企業との提携,🟠 優先調査,73,成長テーマとの関連 / 企業を特定 / 営業利益成長が強い / EPS成長が強い / 営業CFプラス / 利益の質が良好,主要な警戒条件は未検出,62.172417,5.3398495,147.7683923705722,-0.37683405281088156,12.276156900215817,2.9億,9.032,未取得,113.1億,良好,低バリュートラップ条件なし,中,要IR確認,70～71円 / 72～72円 / 51～52円,主要価格帯付近,SamsungとBroadcomがAI半導体で協業拡大、HBM供給から2nm製造・先端パッケージまで | TECH+（テックプラス） - マイナビニュース,SamsungとBroadcomがAI半導体で協業拡大、HBM供給から2nm製造・先端パッケージまで | TECH+（テックプラス） - マイナビニュース,"Fri, 28 Aug 2026 07:00:00 GMT",https://news.google.com/rss/articles/CBMiaEFVX3lxTE16eExBQkZHOXFSRmN4UmJ1c3g1M0p4d3NEOXp6WWpSOXJEU3IteVFXcWF2VUF5VV9WSW1RRlhiTWpiMVkzTFNsMkFUWWpmYUdzTzI5NUFaVDVNQmthRS1Bek9ZWm5FUGpC?oc=5
2026-09-13,光通信,"NTT, Inc.",9432.T,大企業との提携 / 研究開発,🟠 優先調査,73,成長テーマとの関連 / 企業を特定 / ROEが強い / 営業CFプラス / 利益の質が良好 / 下値支持候補,主要な警戒条件は未検出,13.922345,1.4512266,3.7015407753475893,5.139788629135045,6.993787279765273,1.49兆,10.7130006,未取得,14.27兆,良好,低バリュートラップ条件なし,低,還元水準は比較的高い,152～153円 / 151～151円 / 150～151円,下値支持候補,NTT、「宇宙光通信」で次世代モジュール開発 アイルランド企業と協業 - CNET Japan,NTT、「宇宙光通信」で次世代モジュール開発 アイルランド企業と協業 - CNET Japan,"Thu, 04 Jun 2026 07:00:00 GMT",https://news.google.com/rss/articles/CBMiUkFVX3lxTFB3azBENGNhYXI5aDRXNGx2MlI0TklPXzdJWVZqZ2lpdi03QnJud3pnOGJQTFlvSkVfb0lDOG41d2lsZWdmeFFlb1JYNjU2S3JDOEE?oc=5
2026-09-13,AIデータセンター,Jones Lang LaSalle Incorporated,JLL,テーマ関連ニュース,🟠 優先調査,72,成長テーマとの関連 / 企業を特定 / 売上成長が強い / 営業利益成長が強い / EPS成長が強い / ROEが強い / 営業CFプラス / 利益の質が良好 / 配当性向引き上げ余地が高い / 株主還元余地 / 下値支持候補,主要な警戒条件は未検出,16.641247,2.139347,44.861009509875636,11.448433612570351,31.65394973070017,11.9億,13.520001,未取得,159.6億,良好,低バリュートラップ条件なし,高,利益成長に対して還元余地あり,299～302円 / 302～305円 / 314～318円,下値支持候補,Liquid cooling enters the mainstream in data centers - JLL,Liquid cooling enters the mainstream in data centers - JLL,"Tue, 01 Sep 2026 07:00:00 GMT",https://news.google.com/rss/articles/CBMikAFBVV95cUxNQ2hYbWUya0RLUTNSMVY4eGh5eFVDV2hFaTdKMkdseWppS1JXVlhOSkpxWFhHV2dud19PbXhlamVkU2NJQzFrNmtRQzZENTQ2SVRWS0ZfWnUxWWJEbmVWNXBoOTAyYWNnb0YxSVkzcEVlRFZ2Q3ptc1RzRkR3YzZpQXd2TEFrODc2X2NzNFdydnQ?oc=5
2026-09-13,AIデータセンター,Jones Lang LaSalle Incorporated,JLL,テーマ関連ニュース,🟠 優先調査,72,成長テーマとの関連 / 企業を特定 / 売上成長が強い / 営業利益成長が強い / EPS成長が強い / ROEが強い / 営業CFプラス / 利益の質が良好 / 配当性向引き上げ余地が高い / 株主還元余地 / 下値支持候補,主要な警戒条件は未検出,16.641247,2.139347,44.861009509875636,11.448433612570351,31.65394973070017,11.9億,13.520001,未取得,159.6億,良好,低バリュートラップ条件なし,高,利益成長に対して還元余地あり,299～302円 / 302～305円 / 314～318円,下値支持候補,Data centers in space - JLL,Data centers in space - JLL,"Tue, 09 Jun 2026 07:00:00 GMT",https://news.google.com/rss/articles/CBMiZ0FVX3lxTE15RVYzNW8zQTRINzFsSlo3ZFBpQ2pobV9Yb1FESDN5ampzUjZGRVlfTkZkckpKU2RFZERobFBTdlBIZ28wUElkRnk4WGUtZGVXRUdzbmxYTjJnNWNsM3VDRGlpWW1PYlk?oc=5
2026-09-13,光通信,NEC Corporation,6701.T,テーマ関連ニュース,🟠 優先調査,64,成長テーマとの関連 / 企業を特定 / 営業利益成長が強い / EPS成長が強い / ROEが強い / 営業CFプラス / 利益の質が良好 / 配当性向引き上げ余地が高い / 株主還元余地 / 下値支持候補,主要な警戒条件は未検出,22.371277,2.6929727,54.254693663197905,4.653284964703541,40.318600217546404,4384.6億,14.16,未取得,6.02兆,良好,低バリュートラップ条件なし,高,利益成長に対して還元余地あり,4082～4143円 / 2634～2694円 / 4022～4082円,下値支持候補,Advancing Optical Interconnect to Meet the Demands of AI Computing with Near-Package Optics - The Fast Mode,Advancing Optical Interconnect to Meet the Demands of AI Computing with Near-Package Optics - The Fast Mode,"Wed, 09 Sep 2026 01:06:08 GMT",https://news.google.com/rss/articles/CBMi3wFBVV95cUxPeVFSc1Rid2tvNlNaNllKVjlPY01EU1QtcF9xd0NUVjR5bE8waG12UVBocE1oLTVWRFpickIxYlBBTGxOSmEzTnZXeU5BMzRGczhaWldzTWdpUjB3YjVMdTdwMzd5S3EwZWRCUUtSRXdMOXJNN2hEbjhsQ3lUeXlpTHZ6MXdkZ01Ya3cxcnZYZXR2Z1Mzc2x1SWplbDVIWjZVOV9tYWhObkxjRVUtMVF1dTJHR0N4SnUtVzNCS3pGUXpEVy1DZVNRTTVlVjVtZksyTkxmd3RhR01vUU5pd1lZ?oc=5
2026-09-13,AIデータセンター,NEC Corporation,6701.T,テーマ関連ニュース,🟠 優先調査,64,成長テーマとの関連 / 企業を特定 / 営業利益成長が強い / EPS成長が強い / ROEが強い / 営業CFプラス / 利益の質が良好 / 配当性向引き上げ余地が高い / 株主還元余地 / 下値支持候補,主要な警戒条件は未検出,22.371277,2.6929727,54.254693663197905,4.653284964703541,40.318600217546404,4384.6億,14.16,未取得,6.02兆,良好,低バリュートラップ条件なし,高,利益成長に対して還元余地あり,4082～4143円 / 2634～2694円 / 4022～4082円,下値支持候補,Data Centers Get Ready for a Liquid-Cooled Future - Connect CRE,Data Centers Get Ready for a Liquid-Cooled Future - Connect CRE,"Fri, 11 Sep 2026 19:39:50 GMT",https://news.google.com/rss/articles/CBMijgFBVV95cUxPT21kWDJVWlhEQXNLM2ZQTkgtXzBWS1h5MUJQbTdEWmRiWlZBME1HQWJZaXNEVTBtWVFuWnVUUm1hb2JUc29LWE9CSHFKX1dBRERpaElFYW1pOTNWaVZvSW5CUy1UYy00WVZkZzlaZDBOOUFsRHRUcmItZk9ONTRWWXJUaUFqSWdBM1BHZXZn?oc=5
2026-09-13,AIデータセンター,"Excelerate Energy, Inc.",EE,テーマ関連ニュース,🟠 優先調査,64,成長テーマとの関連 / 企業を特定 / 売上成長が強い / 営業利益成長が強い / EPS成長が強い / 営業CFプラス / 利益の質が良好 / 配当性向引き上げ余地が高い / 下値支持候補,主要な警戒条件は未検出,26.308218,1.756528,19.225621996471798,44.257649127298905,39.9669759761855,4.6億,8.7840006,未取得,43.6億,良好,低バリュートラップ条件なし,高,要IR確認,27～27円 / 28～28円 / 26～27円,下値支持候補,データセンターの立地は都市から郊外へ、放熱は空冷から液冷へ（前編） - EE Times Japan,データセンターの立地は都市から郊外へ、放熱は空冷から液冷へ（前編） - EE Times Japan,"Thu, 03 Sep 2026 01:30:00 GMT",https://news.google.com/rss/articles/CBMib0FVX3lxTE15NlA3QWt4Zl81U3p6amQxRi1kOVFYRlRRZTZXcGZoSHBMNmdyVGFBLXJMOEYtempwUkFzUEdIWG1oejdQSEw1SW80VU1ob1RLMlRSYi15N2FLRzhnZm9rcS1OWU8yM18tbnRlTXk3Zw?oc=5
2026-09-13,AIデータセンター,"Excelerate Energy, Inc.",EE,テーマ関連ニュース,🟠 優先調査,64,成長テーマとの関連 / 企業を特定 / 売上成長が強い / 営業利益成長が強い / EPS成長が強い / 営業CFプラス / 利益の質が良好 / 配当性向引き上げ余地が高い / 下値支持候補,主要な警戒条件は未検出,26.308218,1.756528,19.225621996471798,44.257649127298905,39.9669759761855,4.6億,8.7840006,未取得,43.6億,良好,低バリュートラップ条件なし,高,要IR確認,27～27円 / 28～28円 / 26～27円,下値支持候補,データセンターの立地は都市から郊外へ、放熱は空冷から液冷へ（後編） - EE Times Japan,データセンターの立地は都市から郊外へ、放熱は空冷から液冷へ（後編） - EE Times Japan,"Wed, 09 Sep 2026 02:00:00 GMT",https://news.google.com/rss/articles/CBMickFVX3lxTE5QYzBxU0ozQzJXTVJGeHJJc09GRWJUSnNjdnZEZ2pSLXJJQXR3ZkJWaTBzZmR6THlvRUdRdGFnS3d3WkRZUkFlQ2I4R3p3aExuSnBVUkRhVGxaYlhyY0dveEpfSmU4dlJyd3BEV21DemtXUQ?oc=5
2026-09-13,AIデータセンター,NEC Corporation,6701.T,テーマ関連ニュース,🟠 優先調査,64,成長テーマとの関連 / 企業を特定 / 営業利益成長が強い / EPS成長が強い / ROEが強い / 営業CFプラス / 利益の質が良好 / 配当性向引き上げ余地が高い / 株主還元余地 / 下値支持候補,主要な警戒条件は未検出,22.371277,2.6929727,54.254693663197905,4.653284964703541,40.318600217546404,4384.6億,14.16,未取得,6.02兆,良好,低バリュートラップ条件なし,高,利益成長に対して還元余地あり,4082～4143円 / 2634～2694円 / 4022～4082円,下値支持候補,‘Ghost Demand’ Prompts Texas to Halt New Data Center Grid Connections - HPCwire,‘Ghost Demand’ Prompts Texas to Halt New Data Center Grid Connections - HPCwire,"Wed, 09 Sep 2026 19:45:12 GMT",https://news.google.com/rss/articles/CBMirwFBVV95cUxOM2k0eGxuTlhXa3dtZ2xERWFDUUpmLUlUSWQzVEJMaWV2U1p3MnRfSFVBVkxzNkJ4SUpGMFVObHhzN3ROZExFSDVNY2p0ZlRqVWtvTjRyMF91LUthUS1hOUU4MUc2ZUV3X0F4Um9yWk5jLTdkSUFoblU0bTlUSzlYRkZsNzAwY1ZfNEJJbTd6d2VXdWxPdDBuNkpvdVdoSmRrX2QxTUljcE82clQxVGgw?oc=5
2026-09-13,AIデータセンター,NEC Corporation,6701.T,テーマ関連ニュース,🟠 優先調査,64,成長テーマとの関連 / 企業を特定 / 営業利益成長が強い / EPS成長が強い / ROEが強い / 営業CFプラス / 利益の質が良好 / 配当性向引き上げ余地が高い / 株主還元余地 / 下値支持候補,主要な警戒条件は未検出,22.371277,2.6929727,54.254693663197905,4.653284964703541,40.318600217546404,4384.6億,14.16,未取得,6.02兆,良好,低バリュートラップ条件なし,高,利益成長に対して還元余地あり,4082～4143円 / 2634～2694円 / 4022～4082円,下値支持候補,蓄電所とデータセンターの系統接続をより早く、シンプルに 「Grid Connector」シリーズを発表 - PR TIMES,蓄電所とデータセンターの系統接続をより早く、シンプルに 「Grid Connector」シリーズを発表 - PR TIMES,"Mon, 03 Aug 2026 07:00:00 GMT",https://news.google.com/rss/articles/CBMiakFVX3lxTE9fcXBPQTI0ZDlPQU5LWmdrUF8yajVGZllrRDREc3FPU3Z4Mkw2SUc5RnNRUHFRTzZIbFp0Tlk5aVFia3dKeE82Y1hJYm5hTUdsY203Mks3d0gyNVVJX1J4U2FzUW92aXJsbXc?oc=5
2026-09-13,半導体,"Excelerate Energy, Inc.",EE,テーマ関連ニュース,🟠 優先調査,64,成長テーマとの関連 / 企業を特定 / 売上成長が強い / 営業利益成長が強い / EPS成長が強い / 営業CFプラス / 利益の質が良好 / 配当性向引き上げ余地が高い / 下値支持候補,主要な警戒条件は未検出,26.308218,1.756528,19.225621996471798,44.257649127298905,39.9669759761855,4.6億,8.7840006,未取得,43.6億,良好,低バリュートラップ条件なし,高,要IR確認,27～27円 / 28～28円 / 26～27円,下値支持候補,Advanced Packaging and Chiplets Can Be for Everyone - EE Times,Advanced Packaging and Chiplets Can Be for Everyone - EE Times,"Fri, 29 Nov 2024 08:00:00 GMT",https://news.google.com/rss/articles/CBMiggFBVV95cUxOMmFZWW5LYjU0R2l6bk5PeHE1clJNVU1pZHJHSkRaT1V3bGpIZkxrNkhMSGhJWW5URnhaYzhSSkppOXpXVEFLWEN0eXdZeW4tLUk5ekpFVEFLMWJTcWg0bWNJU0VGU0h0UTJ1WExZRE0xZ3RVbW4talFEZWJJUmZLVGJn?oc=5
2026-09-13,半導体,"Excelerate Energy, Inc.",EE,テーマ関連ニュース,🟠 優先調査,64,成長テーマとの関連 / 企業を特定 / 売上成長が強い / 営業利益成長が強い / EPS成長が強い / 営業CFプラス / 利益の質が良好 / 配当性向引き上げ余地が高い / 下値支持候補,主要な警戒条件は未検出,26.308218,1.756528,19.225621996471798,44.257649127298905,39.9669759761855,4.6億,8.7840006,未取得,43.6億,良好,低バリュートラップ条件なし,高,要IR確認,27～27円 / 28～28円 / 26～27円,下値支持候補,ロームが見る「1ラック1MW時代」のAIサーバ Si／SiC／GaNは共存へ：アナログ半導体も重要に（1/3 ページ） - EE Times Japan,ロームが見る「1ラック1MW時代」のAIサーバ Si／SiC／GaNは共存へ：アナログ半導体も重要に（1/3 ページ） - EE Times Japan,"Thu, 20 Aug 2026 07:00:00 GMT",https://news.google.com/rss/articles/CBMib0FVX3lxTE42aG9wekt2ZEFuRnFIN2dXa2p6VEt1YUcwTFVMcS1aWmdXMUpFdUg2Q2VUUXF1bzZUU0l5Z2Q0alh1djg3Z1haTlBaRlZ4SWNxWWJWUEtCV21BeFBLM0Exd0Fyc3J5Y3pWaldvWm55dw?oc=5
2026-09-13,半導体,"Excelerate Energy, Inc.",EE,テーマ関連ニュース,🟠 優先調査,64,成長テーマとの関連 / 企業を特定 / 売上成長が強い / 営業利益成長が強い / EPS成長が強い / 営業CFプラス / 利益の質が良好 / 配当性向引き上げ余地が高い / 下値支持候補,主要な警戒条件は未検出,26.308218,1.756528,19.225621996471798,44.257649127298905,39.9669759761855,4.6億,8.7840006,未取得,43.6億,良好,低バリュートラップ条件なし,高,要IR確認,27～27円 / 28～28円 / 26～27円,下値支持候補,中国パワー半導体市場、35年に3兆2742億円規模に 価格競争さらに激化 - EE Times Japan,中国パワー半導体市場、35年に3兆2742億円規模に 価格競争さらに激化 - EE Times Japan,"Thu, 06 Aug 2026 07:00:00 GMT",https://news.google.com/rss/articles/CBMib0FVX3lxTE53YkJHT0dTNEVGTVFmdHk2Z3kzMTJlMEtoRVAtOGhhOGJOd2kzZWZLMndWSmZ6NzM5T1NsNFVxQ3ZYS1hya05iMU5nYlg0QzlpalUwdlhQY1lkYi1DU3RWM21Wc2RHN1VYUWpqVWlTcw?oc=5
2026-09-13,光通信,NEC Corporation,6701.T,テーマ関連ニュース,🟠 優先調査,64,成長テーマとの関連 / 企業を特定 / 営業利益成長が強い / EPS成長が強い / ROEが強い / 営業CFプラス / 利益の質が良好 / 配当性向引き上げ余地が高い / 株主還元余地 / 下値支持候補,主要な警戒条件は未検出,22.371277,2.6929727,54.254693663197905,4.653284964703541,40.318600217546404,4384.6億,14.16,未取得,6.02兆,良好,低バリュートラップ条件なし,高,利益成長に対して還元余地あり,4082～4143円 / 2634～2694円 / 4022～4082円,下値支持候補,光通信衛星コンステレーション構築に向けた 転送遅延/遅延変動を抑制するネットワーク制御技術 - NEC,光通信衛星コンステレーション構築に向けた 転送遅延/遅延変動を抑制するネットワーク制御技術 - NEC,"Wed, 13 May 2026 07:00:00 GMT",https://news.google.com/rss/articles/CBMiY0FVX3lxTE8yM2RvYjlnQkJnbmk2SW9CYm5uUHk1dHFkMjhmSndGVHQ1TGE5YkROakxaSm0xZ1JIUEZLVG1kZTN6MHFXS0Y4d29JUXhnYjc1Q19GazA5bHdMOF9pV1huejdHaw?oc=5
2026-09-13,光通信,"NTT, Inc.",9432.T,大企業との提携,🟠 優先調査,63,成長テーマとの関連 / 企業を特定 / ROEが強い / 営業CFプラス / 利益の質が良好 / 下値支持候補,主要な警戒条件は未検出,13.922345,1.4512266,3.7015407753475893,5.139788629135045,6.993787279765273,1.49兆,10.7130006,未取得,14.27兆,良好,低バリュートラップ条件なし,低,還元水準は比較的高い,152～153円 / 151～151円 / 150～151円,下値支持候補,NTT、アイルランドの宇宙光通信企業と協業 「IOWN」を宇宙ビジネス分野へ適用 - spacemedia.jp,NTT、アイルランドの宇宙光通信企業と協業 「IOWN」を宇宙ビジネス分野へ適用 - spacemedia.jp,"Mon, 08 Jun 2026 07:00:00 GMT",https://news.google.com/rss/articles/CBMiR0FVX3lxTE5HdjVQRzE1RjlLcFotMjF6d0RpdG10UmxNcXVjRkF5blhPV3d3R3RNX3pDNHVzRmRyckxTS1docGVwSGtaRno4?oc=5
2026-09-13,光通信,"NTT, Inc.",9432.T,大企業との提携,🟠 優先調査,63,成長テーマとの関連 / 企業を特定 / ROEが強い / 営業CFプラス / 利益の質が良好 / 下値支持候補,主要な警戒条件は未検出,13.922345,1.4512266,3.7015407753475893,5.139788629135045,6.993787279765273,1.49兆,10.7130006,未取得,14.27兆,良好,低バリュートラップ条件なし,低,還元水準は比較的高い,152～153円 / 151～151円 / 150～151円,下値支持候補,NTTが宇宙光通信に本格参入、IOWN技術で通信速度10倍超へ アイルランド新興と協業 - BigGo ファイナンス,NTTが宇宙光通信に本格参入、IOWN技術で通信速度10倍超へ アイルランド新興と協業 - BigGo ファイナンス,"Fri, 05 Jun 2026 07:00:00 GMT",https://news.google.com/rss/articles/CBMiX0FVX3lxTE0zUG1TRUY2djhNaFdJejhkZkM1LVRNTEFEd0ZTMkp1OEJaQVd1Vm1TeFZfUGp3eDlaVmhES2FabTRkcThuRFhMcUhJakt2d2g1dGxZS01uMHk2SkJFcWhz?oc=5
2026-09-13,AIデータセンター,Permian Resources Corporation,PR,大企業との提携 / 研究開発,🟠 優先調査,63,成長テーマとの関連 / 企業を特定 / ROEが強い / 営業CFプラス / 利益の質が良好 / 下値支持候補,営業利益成長悪化 / EPS成長悪化,15.341936,1.6588769,-5.029648593837111,1.2893507233138202,-13.437907292826623,36.1億,11.4029996,未取得,199.2億,良好,低バリュートラップ条件なし,低,還元水準は比較的高い,14～14円 / 14～14円 / 14～14円,下値支持候補,ハイレゾ、蓄電型発電所を開発するパワーエックスと協業検討を開始。蓄電システムを活用したAIデータセンター運用を目指す - PR TIMES,ハイレゾ、蓄電型発電所を開発するパワーエックスと協業検討を開始。蓄電システムを活用したAIデータセンター運用を目指す - PR TIMES,"Wed, 15 Jul 2026 07:00:00 GMT",https://news.google.com/rss/articles/CBMiakFVX3lxTE4xZTZtSkY5QUwtaXFETlpjQVczeXdtajgyQ0tLTkVzc2tnd2VlR0U2RjZQb0tFeUV6aVhoTFhpZnFaYVhrNEdGVHN3eHRmM3lSWE9RTTg3QUFoa2RLZERlUXByN1hhVGYwa1E?oc=5
2026-09-13,半導体,Permian Resources Corporation,PR,大企業との提携 / 研究開発,🟠 優先調査,63,成長テーマとの関連 / 企業を特定 / ROEが強い / 営業CFプラス / 利益の質が良好 / 下値支持候補,営業利益成長悪化 / EPS成長悪化,15.341936,1.6588769,-5.029648593837111,1.2893507233138202,-13.437907292826623,36.1億,11.4029996,未取得,199.2億,良好,低バリュートラップ条件なし,低,還元水準は比較的高い,14～14円 / 14～14円 / 14～14円,下値支持候補,リードテックとNext Semiconductor、GaNパワー半導体のスイッチング評価装置を共同開発 - PR TIMES,リードテックとNext Semiconductor、GaNパワー半導体のスイッチング評価装置を共同開発 - PR TIMES,"Tue, 01 Sep 2026 07:00:00 GMT",https://news.google.com/rss/articles/CBMiakFVX3lxTE9uU215blBhNmxQQjBVTzZKY05ySTlERm4xdnhWS2RpaU54NVViaEtyd3F1VGI1c1NYclRIbkxOQ01CUzl0ajI3QU50TGxpWERZblpkaUhUenVteUtCSkEyOG1ydkFPRVFsX3c?oc=5
2026-09-13,その他,"Advanced Micro Devices, Inc.",AMD,テーマ関連ニュース,🟠 優先調査,62,企業を特定 / 売上成長が強い / 営業利益成長が強い / EPS成長が強い / ROEが強い / 営業CFプラス / 利益の質が良好 / 配当性向引き上げ余地が高い / 株主還元余地 / 下値支持候補,主要な警戒条件は未検出,131.66582,12.530164,164.16819012797075,34.33779329067288,77.08533077660596,77.1億,10.196,未取得,8425.7億,良好,低バリュートラップ条件なし,高,利益成長に対して還元余地あり,112～120円 / 154～162円 / 196～204円,下値支持候補,"On-Package Memory With UCIe To Improve Bandwidth Density And Power Efficiency (AMD, Intel Corp.) - Semiconductor Engineering","On-Package Memory With UCIe To Improve Bandwidth Density And Power Efficiency (AMD, Intel Corp.) - Semiconductor Engineering","Fri, 10 Oct 2025 07:00:00 GMT",https://news.google.com/rss/articles/CBMivgFBVV95cUxQX3NYXzY1bVF3N2RNMWpEbTJnZTRoZFBnRXBGRFNITjBPWmNsSC1wRlpqalh5dG15R1VHSVNwdEt4MzBfUlZLS0tOaTVzbnVhdnFTTFM0S0FINk5fYTg4UnlnVWFrbkRpdm1pQ2lodHNHSmExNmpnX2Jydlc2QzR6Tnpzc0FpRWJ5VmliV0xRYmVVdUwxdHphaVp4WjA5Y1J5SFd6WTU4NllsOXl2THlpT29zNkdVelc4cFRCM0ln?oc=5
2026-09-13,光通信,Enpro Inc.,NPO,大企業との提携,🟠 優先調査,61,成長テーマとの関連 / 企業を特定 / 営業利益成長が強い / 営業CFプラス / 利益の質が良好 / 下値支持候補,EPS成長悪化,145.16425,4.0062127,-44.44444444444444,9.020692285687048,10.505050505050505,2.0億,2.86,未取得,63.6億,良好,低バリュートラップ条件なし,低,還元水準は比較的高い,225～229円 / 221～225円 / 217～221円,下値支持候補,Crealights GlobalFoundries Partnership to Accelerate 6.4T NPO Silicon Photonics - Electronics Media,Crealights GlobalFoundries Partnership to Accelerate 6.4T NPO Silicon Photonics - Electronics Media,"Tue, 08 Sep 2026 08:30:46 GMT",https://news.google.com/rss/articles/CBMijAFBVV95cUxPMEhyX2U0bjczV1JGUk9TOXhzbWtOVXM0RWZtLWZWVHp1OERnUnRqRWg3NUJkVUZUYUYzMVBCdFl2N1pJTi1MS2R1ajRiVkM3NWNWcTV5ZGZDWXlhZlJRNG84cF9wRVRBbnVrREh0R1FKSlNqOU14XzYwMEo3VXZXWHVxVkdlVjd1TEVudQ?oc=5
2026-09-13,光通信,"NTT, Inc.",9432.T,戦略的投資,🟠 優先調査,60,成長テーマとの関連 / 企業を特定 / ROEが強い / 営業CFプラス / 利益の質が良好 / 下値支持候補,主要な警戒条件は未検出,13.922345,1.4512266,3.7015407753475893,5.139788629135045,6.993787279765273,1.49兆,10.7130006,未取得,14.27兆,良好,低バリュートラップ条件なし,低,還元水準は比較的高い,152～153円 / 151～151円 / 150～151円,下値支持候補,NTT「IOWN」ファンド、スペインの光技術新興に出資 第1号案件 - 日本経済新聞,NTT「IOWN」ファンド、スペインの光技術新興に出資 第1号案件 - 日本経済新聞,"Tue, 08 Sep 2026 17:00:00 GMT",https://news.google.com/rss/articles/CBMibEFVX3lxTE1XWS1aVlFwWTFZcjZpbjFsX29jWFU3MG1vdG42QVBJb2I3S3g1WEc5VVAyT2IzWEFZanBDcVE3ODdPYzlKRjdRUU1YRXRUdUpjWGpoWXZIY1lBVnM2NVh1c1JNNFl3RXlJenFzQg?oc=5
2026-09-13,半導体,Ategrity Specialty Insurance Company Holdings,ASIC,テーマ関連ニュース,🟡 注目,59,成長テーマとの関連 / 企業を特定 / 売上成長が強い / EPS成長が強い / ROEが強い / 営業CFプラス / 配当性向引き上げ余地が高い / 株主還元余地 / 下値支持候補,主要な警戒条件は未検出,12.717592,1.9815335,57.15013803355278,23.413914854261076,未取得,1.5億,18.595,未取得,13.2億,未判定,低バリュートラップ条件なし,高,利益成長に対して還元余地あり,25～25円 / 20～21円 / 19～20円,下値支持候補,"AI半導体の競争軸、微細化からパッケージングへ移行… GPU・ASIC、5年間で1億3,000万個 - BigGo ファイナンス","AI半導体の競争軸、微細化からパッケージングへ移行… GPU・ASIC、5年間で1億3,000万個 - BigGo ファイナンス","Thu, 20 Aug 2026 07:00:00 GMT",https://news.google.com/rss/articles/CBMidEFVX3lxTE1MaFZNRVd6RUJjWmUxSkpqR1dEVDlDMVZUZ3NYaWRrX0RYeXdmS010QUZ4QTNwYVo5MXNoa1VjZHIxQlFGX2RDNnhVOUdzYlZNZUJUY2R2NldBcVFDbFZROG10RUVydjFPbUVZTHo1Rm1QZnVf?oc=5
2026-09-13,宇宙,Permian Resources Corporation,PR,大型受注,🟡 注目,58,成長テーマとの関連 / 企業を特定 / ROEが強い / 営業CFプラス / 利益の質が良好 / 下値支持候補,営業利益成長悪化 / EPS成長悪化,15.341936,1.6588769,-5.029648593837111,1.2893507233138202,-13.437907292826623,36.1億,11.4029996,未取得,199.2億,良好,低バリュートラップ条件なし,低,還元水準は比較的高い,14～14円 / 14～14円 / 14～14円,下値支持候補,GEO光データリレー衛星（1号機）の調達契約の締結について | 株式会社Space Compassのプレスリリース - PR TIMES,GEO光データリレー衛星（1号機）の調達契約の締結について | 株式会社Space Compassのプレスリリース - PR TIMES,"Mon, 23 Mar 2026 07:00:00 GMT",https://news.google.com/rss/articles/CBMiakFVX3lxTE5iMmMtdjc5cEU3czh3REZlY0hPR1BZajZpenpRa0drWU9tMWdRRWNUd2JRcGJtQWtENERSaFZvdzMwRnR2NHZuN29TUndiTGxYSXZId2F1NXlUNEFtYTNDM0h2MjJWM1psMkE?oc=5
2026-09-13,その他,"Dominion Energy, Inc.",D,研究開発,🟡 注目,58,企業を特定 / 売上成長が強い / 営業利益成長が強い / EPS成長が強い / 営業CFプラス / 利益の質が良好,主要な警戒条件は未検出,22.269896,2.0277252,47.39429695181907,14.157272287156797,28.17780088380557,53.6億,8.280999999999999,未取得,566.1億,良好,低バリュートラップ条件なし,低,還元水準は比較的高い,61～61円 / 60～60円 / 60～60円,主要価格帯付近,"36Kr Exclusive: Ruilai Thermal Control – 3 Years In Orbit, Full-Stack Independent R&D Aerospace-Grade Thermal Control Solution Provider Secures Tens of Millions Yuan in Series A+ Financing - 36 Kr","36Kr Exclusive: Ruilai Thermal Control – 3 Years In Orbit, Full-Stack Independent R&D Aerospace-Grade Thermal Control Solution Provider Secures Tens of Millions Yuan in Series A+ Financing - 36 Kr","Mon, 24 Aug 2026 11:14:23 GMT",https://news.google.com/rss/articles/CBMiU0FVX3lxTE80MW9TNkc4bjh0UzNFc2FXQnJkcmZpQ1lFVG4xTFRSeHNuUmJVdnFIRXA5ZmFnU2tjTlZlN3BsYzBYM0NaRHBxZVQ3eFAtdzNpajFV?oc=5
2026-09-13,光通信,Dollar General Corporation,DG,テーマ関連ニュース,🟡 注目,56,成長テーマとの関連 / 企業を特定 / 営業利益成長が強い / EPS成長が強い / ROEが強い / 営業CFプラス / 利益の質が良好 / 下値支持候補,主要な警戒条件は未検出,16.179222,2.958934,34.39741995800056,5.200544130611839,28.56317755242772,36.3億,19.692,未取得,274.8億,良好,低バリュートラップ条件なし,中,要IR確認,112～114円 / 76～77円 / 82～83円,下値支持候補,光通信や月での測位も スタートアップの超小型人工衛星活用法 - DG Lab Haus,光通信や月での測位も スタートアップの超小型人工衛星活用法 - DG Lab Haus,"Thu, 09 Jul 2026 07:00:00 GMT",https://news.google.com/rss/articles/CBMiYEFVX3lxTE9Zd3F2WkctRUpKUTQ2aTlpZXVtSURPblpmWWhpRjRuYkw3cXdiRzBWMWV4VUluTGtUbUI5WGY0VnFBRy1QVXhrazVsOTFBMGp3UnZIaWV4d3JnSmdxcXV3d9IBZkFVX3lxTE1lZ0kwLUpPQzhfYnFKeWJ3NVhSaTNHcFJGeVYzSndfY3V1am9aTmpmRUlSanR4WnNiQ1Fod2QzYnhEWmNDajM1Z251TTU1RWgzVTBhZ25Rbi01QnlyNFZwZE91ZHdxdw?oc=5
2026-09-13,光通信,193502,NTT,大企業との提携 / 研究開発,🟡 注目,55,成長テーマとの関連 / 企業を特定,主要な警戒条件は未検出,未取得,未取得,未取得,未取得,未取得,未取得,未取得,未取得,未取得,未判定,低バリュートラップ条件なし,未判定,要IR確認,未取得,未判定,NTT、宇宙向け光通信機器開発で欧社と協業 IOWN展開 - 日刊工業新聞,NTT、宇宙向け光通信機器開発で欧社と協業 IOWN展開 - 日刊工業新聞,"Fri, 05 Jun 2026 07:00:00 GMT",https://news.google.com/rss/articles/CBMiWEFVX3lxTE9abDR5UGZDY1pfdGx1V01aMGMzRXNGaExMNWcxSmNWT1dVcVIzN3pjQ0RGX2NXTW5aMElONWUyamMtY2toblkwMnRvQkJKT0JrRk05Zy04UHE?oc=5
2026-09-13,AIデータセンター,TIMES,TIMES,大企業との提携 / 研究開発,🟡 注目,55,成長テーマとの関連 / 企業を特定,主要な警戒条件は未検出,未取得,未取得,未取得,未取得,未取得,未取得,未取得,未取得,未取得,未判定,低バリュートラップ条件なし,未判定,要IR確認,未取得,未判定,ハイレゾ、蓄電型発電所を開発するパワーエックスと協業検討を開始。蓄電システムを活用したAIデータセンター運用を目指す - PR TIMES,ハイレゾ、蓄電型発電所を開発するパワーエックスと協業検討を開始。蓄電システムを活用したAIデータセンター運用を目指す - PR TIMES,"Wed, 15 Jul 2026 07:00:00 GMT",https://news.google.com/rss/articles/CBMiakFVX3lxTE4xZTZtSkY5QUwtaXFETlpjQVczeXdtajgyQ0tLTkVzc2tnd2VlR0U2RjZQb0tFeUV6aVhoTFhpZnFaYVhrNEdGVHN3eHRmM3lSWE9RTTg3QUFoa2RLZERlUXByN1hhVGYwa1E?oc=5
2026-09-13,半導体,TIMES,TIMES,大企業との提携 / 研究開発,🟡 注目,55,成長テーマとの関連 / 企業を特定,主要な警戒条件は未検出,未取得,未取得,未取得,未取得,未取得,未取得,未取得,未取得,未取得,未判定,低バリュートラップ条件なし,未判定,要IR確認,未取得,未判定,リードテックとNext Semiconductor、GaNパワー半導体のスイッチング評価装置を共同開発 - PR TIMES,リードテックとNext Semiconductor、GaNパワー半導体のスイッチング評価装置を共同開発 - PR TIMES,"Tue, 01 Sep 2026 07:00:00 GMT",https://news.google.com/rss/articles/CBMiakFVX3lxTE9uU215blBhNmxQQjBVTzZKY05ySTlERm4xdnhWS2RpaU54NVViaEtyd3F1VGI1c1NYclRIbkxOQ01CUzl0ajI3QU50TGxpWERZblpkaUhUenVteUtCSkEyOG1ydkFPRVFsX3c?oc=5
2026-09-13,光通信,193502,NTT,大企業との提携 / 研究開発,🟡 注目,55,成長テーマとの関連 / 企業を特定,主要な警戒条件は未検出,未取得,未取得,未取得,未取得,未取得,未取得,未取得,未取得,未取得,未判定,低バリュートラップ条件なし,未判定,要IR確認,未取得,未判定,NTT、「宇宙光通信」で次世代モジュール開発 アイルランド企業と協業 - CNET Japan,NTT、「宇宙光通信」で次世代モジュール開発 アイルランド企業と協業 - CNET Japan,"Thu, 04 Jun 2026 07:00:00 GMT",https://news.google.com/rss/articles/CBMiUkFVX3lxTFB3azBENGNhYXI5aDRXNGx2MlI0TklPXzdJWVZqZ2lpdi03QnJud3pnOGJQTFlvSkVfb0lDOG41d2lsZWdmeFFlb1JYNjU2S3JDOEE?oc=5
2026-09-13,その他,NEC Corporation,6701.T,テーマ関連ニュース,🟡 注目,54,企業を特定 / 営業利益成長が強い / EPS成長が強い / ROEが強い / 営業CFプラス / 利益の質が良好 / 配当性向引き上げ余地が高い / 株主還元余地 / 下値支持候補,主要な警戒条件は未検出,22.371277,2.6929727,54.254693663197905,4.653284964703541,40.318600217546404,4384.6億,14.16,未取得,6.02兆,良好,低バリュートラップ条件なし,高,利益成長に対して還元余地あり,4082～4143円 / 2634～2694円 / 4022～4082円,下値支持候補,Near-Package Optics and the Evolution of Optical Connectivity - Credo | We Connect,Near-Package Optics and the Evolution of Optical Connectivity - Credo | We Connect,"Fri, 19 Jun 2026 04:10:57 GMT",https://news.google.com/rss/articles/CBMiXEFVX3lxTE4tMzJjU09JVWVYRnZtRm93M1ZiLVdaVWZzTkZnel9hUksyVWFOYldmN01vUjNPbVZHMThtMlJGdGVlSWxvLVJGYnVOaTRoUzlIdGlfN3M4aFBKQnZX?oc=5
2026-09-13,その他,NEC Corporation,6701.T,テーマ関連ニュース,🟡 注目,54,企業を特定 / 営業利益成長が強い / EPS成長が強い / ROEが強い / 営業CFプラス / 利益の質が良好 / 配当性向引き上げ余地が高い / 株主還元余地 / 下値支持候補,主要な警戒条件は未検出,22.371277,2.6929727,54.254693663197905,4.653284964703541,40.318600217546404,4384.6億,14.16,未取得,6.02兆,良好,低バリュートラップ条件なし,高,利益成長に対して還元余地あり,4082～4143円 / 2634～2694円 / 4022～4082円,下値支持候補,AI bottleneck-breaker: China’s Huawei touts high-speed optical module - South China Morning Post,AI bottleneck-breaker: China’s Huawei touts high-speed optical module - South China Morning Post,"Thu, 10 Sep 2026 13:30:08 GMT",https://news.google.com/rss/articles/CBMivgFBVV95cUxQeXEtVXRPS0FBZkktUXdnNzRJaTVCTEdyY1M4NDdWMG9GLUtxUDhpRVRYT0xsOGp3YXp3NDJtd2RwS0hfbWdSdUZvdHN1c29selhlLWdqRzBSaEMtRUVXYkllTnZNRFZBd0JCOWRmbU0yNG9sMm1wVWpNOHZDakNFR1RuVjZybGZsZG1lLXliVzA3Y2NCUGNKM2NKWjNWa2lyOTBOd1ptSDhlZEJjNDA0MG12NUJkYmhjUDV1QWlB0gG-AUFVX3lxTE1SRkVkdXdDbl9qdW84dl9vUkVGQzVnV290bk85Zmt2U2RIU1pfSjF6T2FqVDBta3ZxUnFxU2Z3WXNvcGR4RFh0TV9VaFJBWjBGNkc5dkcwT1N6YXJpZm1MclR4N2JPVWwySlo3T2l2TUY2Q2JXUVZWUm01dkRsTExkR2xDUUV2c2F1X2dMQkVGTW5EZDFVVmFIUDdPc2g0TC1zcERFa3FYdFBBckZhUGl0WmE3VWQwRHVLMXNOZGc?oc=5
2026-09-13,その他,NEC Corporation,6701.T,テーマ関連ニュース,🟡 注目,54,企業を特定 / 営業利益成長が強い / EPS成長が強い / ROEが強い / 営業CFプラス / 利益の質が良好 / 配当性向引き上げ余地が高い / 株主還元余地 / 下値支持候補,主要な警戒条件は未検出,22.371277,2.6929727,54.254693663197905,4.653284964703541,40.318600217546404,4384.6億,14.16,未取得,6.02兆,良好,低バリュートラップ条件なし,高,利益成長に対して還元余地あり,4082～4143円 / 2634～2694円 / 4022～4082円,下値支持候補,Credo to Contribute OmniConnect Scale-In Interconnect Solution to the Open Compute Project to Address AI Inference Memory Wall - Credo Investor Relations,Credo to Contribute OmniConnect Scale-In Interconnect Solution to the Open Compute Project to Address AI Inference Memory Wall - Credo Investor Relations,"Mon, 10 Aug 2026 07:00:00 GMT",https://news.google.com/rss/articles/CBMirwJBVV95cUxNNW5KQzl2RkdtUnRIWjJBUldfTzZFa1pWV21UNk51a2lDMGIyZlFiMTgwMDdfT2FNalk2WW5ja2JJeFl0d1lTeXVvTUZRYkxUN2dwc1F0Q3VWYjdOd1AxU1M4dnpHLUlQVk9xWDRvNmNTZ1h4TDY2MU0wempOZW83ZzBuNmp4WTlkQk93VUFTeWk3NkVOcGtORjRCblRLR1BEWXZrTFp5VlNZLUk3eU5rbER3b2lwZVlHRzllUVVqekF4NlVKVkhJZ215NFZMWUw0OHJ1LU5Eb29TVWVlejlldy1qc1hyWmFEMDhWQ3diRWZvQnNVbW55X2dSUGsyNVZXQkpWOVM5Mk51T2pXUmlyQnM1MnRIbXpiYWlDSGVNbXFLb19lQkZibFBFQjFKaHc?oc=5
2026-09-13,その他,NEC Corporation,6701.T,テーマ関連ニュース,🟡 注目,54,企業を特定 / 営業利益成長が強い / EPS成長が強い / ROEが強い / 営業CFプラス / 利益の質が良好 / 配当性向引き上げ余地が高い / 株主還元余地 / 下値支持候補,主要な警戒条件は未検出,22.371277,2.6929727,54.254693663197905,4.653284964703541,40.318600217546404,4384.6億,14.16,未取得,6.02兆,良好,低バリュートラップ条件なし,高,利益成長に対して還元余地あり,4082～4143円 / 2634～2694円 / 4022～4082円,下値支持候補,Rewiring Taiwan’s Display Industry: From FOPLP to Satellite Connectivity and the Micro-LED CPO Shift - semivision,Rewiring Taiwan’s Display Industry: From FOPLP to Satellite Connectivity and the Micro-LED CPO Shift - semivision,"Fri, 20 Mar 2026 07:00:00 GMT",https://news.google.com/rss/articles/CBMif0FVX3lxTE5mUnk3MDlFZ1JidzVpdFRUcHdGaUFEVlNWeHp2RHlMSnZDX1ExalBlSmZQU1ZSYXNva3JfSlJiTzUxVjRUTUpmYUdVdl82SnUzbm9NVEVPREF5RkJ6RHY4RHpzQ3dNZk9HYlM5dEtXU1IyU1RFM01JdE9jOXN1MTA?oc=5
2026-09-13,その他,NEC Corporation,6701.T,テーマ関連ニュース,🟡 注目,54,企業を特定 / 営業利益成長が強い / EPS成長が強い / ROEが強い / 営業CFプラス / 利益の質が良好 / 配当性向引き上げ余地が高い / 株主還元余地 / 下値支持候補,主要な警戒条件は未検出,22.371277,2.6929727,54.254693663197905,4.653284964703541,40.318600217546404,4384.6億,14.16,未取得,6.02兆,良好,低バリュートラップ条件なし,高,利益成長に対して還元余地あり,4082～4143円 / 2634～2694円 / 4022～4082円,下値支持候補,Data Centre In Space (Part 2): The Engineering Bottlenecks & Economics Behind Orbital Computing - ETV Bharat,Data Centre In Space (Part 2): The Engineering Bottlenecks & Economics Behind Orbital Computing - ETV Bharat,"Fri, 31 Jul 2026 07:00:00 GMT",https://news.google.com/rss/articles/CBMi4wFBVV95cUxPQjU1bXZrX3hJQV8zX0dnRGlKYUxNNGtrTWZGUTdHZkFhRW9lQ011dVp2a1FudUQ5ZlBqMGhkZ0g0WkhpUFQ3X3ozb2F2V0Y5SU1oaFMyLVhldmFycmVFMzdKWWpTamZKRUkzbFhMc1BwRmNla0xVZ3NtdHc4c2RSODdYeXVVLTZiTlAyNTVBTEEtUUhhZVRKQndNakRUUkpUZDRzTlRPY2lnWlVLWm00S1I4d3dDUDlJdEp5bHl6aHFqT2RacElNbEhHNW9EcV9xUnpiQ1RhTDh6MnNlVEVCcWN4a9IB6AFBVV95cUxONktsWjZER0VWMVF4ZG40dGxLWi02LUFUbG9CUXFTZ2RWMkoxMkJkYU5HVEJWei11cUZpRDlyMDlmbkdmNGdmN09lanpsN2psLXNlOFN2MlZ3eGoyamRwVDVEMU5paFhGblNkWGpzeWRFLXg5SW1XaUQwaEpzaU5hdGVIdEt6N2ZVSjdzSFdsclNHcHpBQ0RuWlRkQnNKYnhkVVEwWkVkMi1LZzRhN0lQWTdNV2FsdmZIVG9SUVdPaW55RG80WnhnVFYzeUV6SzA0aGZlbzItS1dmcExGeG15VVp2dGpIazRt?oc=5
2026-09-13,AIデータセンター,Permian Resources Corporation,PR,大企業との提携,🟡 注目,53,成長テーマとの関連 / 企業を特定 / ROEが強い / 営業CFプラス / 利益の質が良好 / 下値支持候補,営業利益成長悪化 / EPS成長悪化,15.341936,1.6588769,-5.029648593837111,1.2893507233138202,-13.437907292826623,36.1億,11.4029996,未取得,199.2億,良好,低バリュートラップ条件なし,低,還元水準は比較的高い,14～14円 / 14～14円 / 14～14円,下値支持候補,Castrol、WOODMAN及び当社によるAIデータセンター向け次世代液冷／液浸型ソリューションに関する戦略的協業のお知らせ - PR TIMES,Castrol、WOODMAN及び当社によるAIデータセンター向け次世代液冷／液浸型ソリューションに関する戦略的協業のお知らせ - PR TIMES,"Thu, 23 Jul 2026 07:00:00 GMT",https://news.google.com/rss/articles/CBMiakFVX3lxTE54dVJfRUpKeTlyaHJ5bUM3TEZycmxJTDFkRkYxdE05Z2pXVjVDbEJhVjRWWnJXV2QxMGVidXJnblVnaFZjUFNDd0pGN2NUR2V4M3l5bDVfVzlURmZxbnY4RVRzLWhMSmZTalE?oc=5
2026-09-13,AIデータセンター,Permian Resources Corporation,PR,大企業との提携,🟡 注目,53,成長テーマとの関連 / 企業を特定 / ROEが強い / 営業CFプラス / 利益の質が良好 / 下値支持候補,営業利益成長悪化 / EPS成長悪化,15.341936,1.6588769,-5.029648593837111,1.2893507233138202,-13.437907292826623,36.1億,11.4029996,未取得,199.2億,良好,低バリュートラップ条件なし,低,還元水準は比較的高い,14～14円 / 14～14円 / 14～14円,下値支持候補,ハイレゾとGPUデータセンター併設蓄電システム活用に向けた協業検討を開始 | 株式会社パワーエックスのプレスリリース - PR TIMES,ハイレゾとGPUデータセンター併設蓄電システム活用に向けた協業検討を開始 | 株式会社パワーエックスのプレスリリース - PR TIMES,"Wed, 15 Jul 2026 07:00:00 GMT",https://news.google.com/rss/articles/CBMiakFVX3lxTE1LNHZiQm9wQVdVYlZJRHFBcERmSDV0TU9lS0pzTjQ3emo4dC0tTkdiTWV3bW03RGJ0ekdYLWpYOG5RMllQX3JOTDhZZ2pVMTk4eC04dDZhb2dDalNBX3hqdFF2T2o4VmlTWXc?oc=5
2026-09-13,AIデータセンター,RIEF,RIEF,政府支援 / 研究開発,🟡 注目,52,成長テーマとの関連 / 企業を特定,主要な警戒条件は未検出,未取得,未取得,未取得,未取得,未取得,未取得,未取得,未取得,未取得,未判定,低バリュートラップ条件なし,未判定,要IR確認,未取得,未判定,デンマーク政府。電力網への再エネ・蓄電、データセンター（DC）等の電力消費事業の接続ルールを、現行の「先着順」から、再エネ普及促進政策を踏まえた方式に変更する法改正へ（RIEF） | 一般社団法人環境金融研究機構 - 環境金融研究機構,デンマーク政府。電力網への再エネ・蓄電、データセンター（DC）等の電力消費事業の接続ルールを、現行の「先着順」から、再エネ普及促進政策を踏まえた方式に変更する法改正へ（RIEF） | 一般社団法人環境金融研究機構 - 環境金融研究機構,"Fri, 21 Aug 2026 15:44:03 GMT",https://news.google.com/rss/articles/CBMiREFVX3lxTE4zTEM3TTlUSy1vSzNEOGtyOHNhalc3LVJNWFBQdmlYbC1KWHB3VXFEYVdIYU9sQWZzOUJoY3VyMF8zbnRP?oc=5
2026-09-13,電力・蓄電,RIEF,RIEF,政府支援 / 研究開発,🟡 注目,52,成長テーマとの関連 / 企業を特定,主要な警戒条件は未検出,未取得,未取得,未取得,未取得,未取得,未取得,未取得,未取得,未取得,未判定,低バリュートラップ条件なし,未判定,要IR確認,未取得,未判定,日本政府による石炭火力発電へのアンモニア混焼事業は、コスト高、供給不足、タイミングの3制約で実現困難。再エネ＋蓄電池＋送電網強化への転換が望ましい。米シンクタンク報告（RIEF） | 一般社団法人環境金融研究機構 - 環境金融研究機構,日本政府による石炭火力発電へのアンモニア混焼事業は、コスト高、供給不足、タイミングの3制約で実現困難。再エネ＋蓄電池＋送電網強化への転換が望ましい。米シンクタンク報告（RIEF） | 一般社団法人環境金融研究機構 - 環境金融研究機構,"Sat, 11 Jul 2026 07:00:00 GMT",https://news.google.com/rss/articles/CBMiREFVX3lxTE1ITnlKTF9wRXdvcUprLVBtSnBicEVZbTlqREJWd3RMT0NuOGk0SGYzZV9nSlpNS0pYb2EwSHhCR3paOVJV?oc=5
2026-09-13,光通信,Kyocera Corporation,6971.T,テーマ関連ニュース,🟡 注目,51,成長テーマとの関連 / 企業を特定 / 営業利益成長が強い / EPS成長が強い / 営業CFプラス / 利益の質が良好 / 下値支持候補,主要な警戒条件は未検出,34.60339,1.3871473,485.0064323359755,2.767449641441311,255.95055253792847,2262.3億,5.059,未取得,4.54兆,良好,低バリュートラップ条件なし,低,還元水準は比較的高い,1672～1713円 / 1713～1754円 / 1631～1672円,下値支持候補,Kyocera and Tohoku University Develop Technology to Integrate Optical Isolators Directly onto Silicon Photonics Chips - Business Wire,Kyocera and Tohoku University Develop Technology to Integrate Optical Isolators Directly onto Silicon Photonics Chips - Business Wire,"Thu, 10 Sep 2026 15:03:00 GMT",https://news.google.com/rss/articles/CBMilwJBVV95cUxNWTh2QjN0TWE5bGNPSXR3RkpQZU03V1FLVDJvNUttdmN1SldQU09oV09ZY1MxRTJ5X1NMM05oNXJUdjRJMlRSU0VLTGZNbzlna2Z5eGJtQW9FakFnbHZ4NklOQmtLZDNqYVp1bHNBSEJYaTdJZ1huS3NTVmxqWG0yZ0twLVRyc0ZHbUp6X2V3V3YzUnhyV0VuRkM1OFFvNC1aOE5KVFcwR29Cc29jbjdXbWkwUmlnUzZVd083dlY4NjV6eERZWVkxdWFSTDItSDhDYVJPNGJnNjdXYnRyT3AzY1FVLWhhY0l3c2s2MXRWTGZKOGExYjhSSjJkWkJvUkp3UG5qRnhpQU1fTFctblVjMW50OWVMbzA?oc=5
2026-09-13,光通信,"NTT, Inc.",9432.T,研究開発,🟡 注目,50,成長テーマとの関連 / 企業を特定 / ROEが強い / 営業CFプラス / 利益の質が良好 / 下値支持候補,主要な警戒条件は未検出,13.922345,1.4512266,3.7015407753475893,5.139788629135045,6.993787279765273,1.49兆,10.7130006,未取得,14.27兆,良好,低バリュートラップ条件なし,低,還元水準は比較的高い,152～153円 / 151～151円 / 150～151円,下値支持候補,NTT、IOWNを宇宙へ 従来比10倍超の高速光通信モジュール開発へ - Impress Watch,NTT、IOWNを宇宙へ 従来比10倍超の高速光通信モジュール開発へ - Impress Watch,"Thu, 04 Jun 2026 07:00:00 GMT",https://news.google.com/rss/articles/CBMiZEFVX3lxTE1mUkRGU3pxc3dvWGNaQ2s5b1lkOTJWNmhoR19VRzNHZlExS1ZBeVMxSnBWNWhlMFVzdkVfQVR1WWNuVHBEcmw5NU1iYnN3ZkxaR1o3N2xmT25VMTc4TG5NaDA0QTc?oc=5
2026-09-13,光通信,"NTT, Inc.",9432.T,研究開発,🟡 注目,50,成長テーマとの関連 / 企業を特定 / ROEが強い / 営業CFプラス / 利益の質が良好 / 下値支持候補,主要な警戒条件は未検出,13.922345,1.4512266,3.7015407753475893,5.139788629135045,6.993787279765273,1.49兆,10.7130006,未取得,14.27兆,良好,低バリュートラップ条件なし,低,還元水準は比較的高い,152～153円 / 151～151円 / 150～151円,下値支持候補,NTTドコモビジネス、広域分散GPU実証環境を提供--8拠点を全光通信網で接続 - ZDNET Japan,NTTドコモビジネス、広域分散GPU実証環境を提供--8拠点を全光通信網で接続 - ZDNET Japan,"Mon, 06 Jul 2026 07:00:00 GMT",https://news.google.com/rss/articles/CBMiU0FVX3lxTE9EUkhWSUZEN2FqYm1PVzZlakFXWVpFZm5aYlVnbW9Hb3gzTlIwV0J5VFg2NUg5WS02TUR6WTlNOUVDdVJ6UUhYSFNwSGoyaURvRXNr?oc=5
2026-09-13,光通信,"NTT, Inc.",9432.T,研究開発,🟡 注目,50,成長テーマとの関連 / 企業を特定 / ROEが強い / 営業CFプラス / 利益の質が良好 / 下値支持候補,主要な警戒条件は未検出,13.922345,1.4512266,3.7015407753475893,5.139788629135045,6.993787279765273,1.49兆,10.7130006,未取得,14.27兆,良好,低バリュートラップ条件なし,低,還元水準は比較的高い,152～153円 / 151～151円 / 150～151円,下値支持候補,NTT、IOWNで宇宙通信大手と装置開発 通信速度10倍超に - 日本経済新聞,NTT、IOWNで宇宙通信大手と装置開発 通信速度10倍超に - 日本経済新聞,"Fri, 05 Jun 2026 07:00:00 GMT",https://news.google.com/rss/articles/CBMibEFVX3lxTE9vbDZWQVhYRWVKOTJvSF9yUmVidzFwMUpDWEFiVXVyVEI1bzB3TFNob2VHYlBYZ2xIMlZTWTVBRnRyNk8yWUthQlBOa05Fa1R2dDlxUnN3dWRUaGFJYVNGNmFORmh4NWJHS25scA?oc=5
2026-09-13,その他,"SentinelOne, Inc.",S,戦略的投資,🟡 注目,50,企業を特定 / 売上成長が強い / EPS成長が強い / 営業CFプラス / 配当性向引き上げ余地が高い,営業利益成長悪化 / ROE悪化,未取得,4.718108,56.265926133940745,21.889901042167548,-6.168041559514082,7661.6万,-23.008,未取得,68.7億,要確認,低バリュートラップ条件なし,高,要IR確認,18～18円 / 18～18円 / 14～15円,主要価格帯付近,【米国株：銘柄発掘】S&P500新規採用5銘柄：エヌビディア出資のコヒレント［COHR］とルメンタム［LITE］がそろって構成銘柄に - media.monex.co.jp,【米国株：銘柄発掘】S&P500新規採用5銘柄：エヌビディア出資のコヒレント［COHR］とルメンタム［LITE］がそろって構成銘柄に - media.monex.co.jp,"Fri, 03 Apr 2026 07:00:00 GMT",https://news.google.com/rss/articles/CBMiVEFVX3lxTE03MTFRUDZlazZnZDZIbG9LTXdHSzdyX3ZHR0wzTGhJMDNsVUZCSmhNSl9Jb0pZOHA4UW1aYUJUVVhsUmtVWU92ZFdOYzFkT1Ffejg4R9IBV0FVX3lxTE1CdDFnUkVKeFEzaUZGVlFYMjgybWxUTVZtRlAzdDlOZzVaRU0zcFNKUWJ4UVR0ZWhrQmlDUlNsZktEV29iWUl0WExYczB4OUtFZ2h0YW0zaw?oc=5
2026-09-13,半導体,"Agilent Technologies, Inc.",A,研究開発,🟡 注目,50,成長テーマとの関連 / 企業を特定 / ROEが強い / 営業CFプラス / 利益の質が良好 / 株主還元余地,主要な警戒条件は未検出,28.980274,5.626699,1.0861132660977546,6.728110599078341,-0.6048387096774244,15.6億,20.971,未取得,414.2億,良好,低バリュートラップ条件なし,中,利益成長に対して還元余地あり,135～136円 / 111～112円 / 120～121円,主要価格帯付近,"Synopsys, A*STAR IME Target Simulation-led Advanced Packaging Development - EE Times Asia","Synopsys, A*STAR IME Target Simulation-led Advanced Packaging Development - EE Times Asia","Thu, 10 Sep 2026 02:00:36 GMT",https://news.google.com/rss/articles/CBMinAFBVV95cUxNaHl4SHBqWmV0bVlMa2Yxb1BLM2RBRnd2UTZNdkxRWnNOZFNjeEpicVh2Q296eUF5M0xwRElCbjRTNHJSSlhTSUJnUV9wbFo2bFE2YXV5UWxVekZ3YTktUi0ycVk3NWdELWRxenBoeUxTUzdpS1Q3UERHVk5MY1M5VU9PX2tQVjl4ZzBhOFVubE5SOWJpbEpwWld2Tkk?oc=5
2026-09-13,半導体,"Halows Co.,Ltd.",2742.T,研究開発,🟡 注目,50,成長テーマとの関連 / 企業を特定 / ROEが強い / 営業CFプラス / 利益の質が良好 / 株主還元余地,主要な警戒条件は未検出,9.310987,1.0542629,0.8302479524290307,7.1017456619422825,1.6452190910571707,262.0億,11.7130004,未取得,832.6億,良好,低バリュエーションだが要精査,中,利益成長に対して還元余地あり,3932～3960円 / 3960～3988円 / 4129～4157円,主要価格帯付近,中国パワー半導体市場規模は2035年に3兆2742億円へ、SiCとGaNは5倍増に：組み込み開発ニュース - monoist.itmedia.co.jp,中国パワー半導体市場規模は2035年に3兆2742億円へ、SiCとGaNは5倍増に：組み込み開発ニュース - monoist.itmedia.co.jp,"Tue, 25 Aug 2026 07:00:00 GMT",https://news.google.com/rss/articles/CBMib0FVX3lxTE04QW84eGMyR3AxcV9SbFdaZXNtUkUzQjRuenN0bFc2NV9FQXJqakUtR05rWFZjMW15VVlxWjZIN1ptbHhYZDdtM2dTU2xzYjJzd0FuelVRLXNBVmpiRWdsNm9sTS11cUp0UmVqX3dHcw?oc=5
2026-09-13,AIデータセンター,"NTT, Inc.",9432.T,研究開発,🟡 注目,50,成長テーマとの関連 / 企業を特定 / ROEが強い / 営業CFプラス / 利益の質が良好 / 下値支持候補,主要な警戒条件は未検出,13.922345,1.4512266,3.7015407753475893,5.139788629135045,6.993787279765273,1.49兆,10.7130006,未取得,14.27兆,良好,低バリュートラップ条件なし,低,還元水準は比較的高い,152～153円 / 151～151円 / 150～151円,下値支持候補,NTT・スカパーJSATが挑む「衛星間光通信」、宇宙データセンターに向け開発 - 日経クロステック,NTT・スカパーJSATが挑む「衛星間光通信」、宇宙データセンターに向け開発 - 日経クロステック,"Fri, 21 Aug 2026 07:00:00 GMT",https://news.google.com/rss/articles/CBMibEFVX3lxTFBVQlVDb25sVzVNZFZSU29QX1p4Y3hiSTI4b20yMGlxWG1uVUpfeFFISk8tVXotZk90eEZPMUFPU0dnZ1dTUndWMUJVekRyc05ZN3doMlgxRkZCc0dyal9jc0pBSUhYeWJtZFNyeg?oc=5
2026-09-13,宇宙,TIMES,TIMES,大型受注,🟡 注目,50,成長テーマとの関連 / 企業を特定,主要な警戒条件は未検出,未取得,未取得,未取得,未取得,未取得,未取得,未取得,未取得,未取得,未判定,低バリュートラップ条件なし,未判定,要IR確認,未取得,未判定,GEO光データリレー衛星（1号機）の調達契約の締結について | 株式会社Space Compassのプレスリリース - PR TIMES,GEO光データリレー衛星（1号機）の調達契約の締結について | 株式会社Space Compassのプレスリリース - PR TIMES,"Mon, 23 Mar 2026 07:00:00 GMT",https://news.google.com/rss/articles/CBMiakFVX3lxTE5iMmMtdjc5cEU3czh3REZlY0hPR1BZajZpenpRa0drWU9tMWdRRWNUd2JRcGJtQWtENERSaFZvdzMwRnR2NHZuN29TUndiTGxYSXZId2F1NXlUNEFtYTNDM0h2MjJWM1psMkE?oc=5
2026-09-13,冷却・熱管理,Digital Currency X Technology Inc.,DCX,戦略的投資,🟡 注目,48,成長テーマとの関連 / 企業を特定 / 営業利益成長が強い / ROEが強い / 株主還元余地,EPS成長悪化 / 営業CFマイナス / 上値しこり,0.0014886697,0.06997538,-56.41765089486269,未取得,246.30927835051546,-5458.9万,11.77717,未取得,1.9億,要確認,低バリュエーションだが要精査,中,利益成長に対して還元余地あり,1～68円 / 136～204円 / 339～407円,上値しこり警戒,LITEON invests $176 million in Poland’s DCX liquid cooling technology - Refindustry,LITEON invests $176 million in Poland’s DCX liquid cooling technology - Refindustry,"Wed, 09 Sep 2026 21:45:00 GMT",https://news.google.com/rss/articles/CBMingFBVV95cUxPVktTRElaTUxTUDI3aW85a0p4azJmZ0FqWnMtMUdVd3liWlRveGNLWndHRmVyNXZnc0UxRFFzd25HdjRMZ2xLUHI3ckZTZ19VT3dzbmEtRlVDNEhnbkdRZlRDQXpHS1ZMX3FCRUdLNFJhTnNSQUpIYW1pWHAxTjN5MExVNm9MNEcySG9iWV83LVNDekZOaUhqR191cGZTdw?oc=5
2026-09-13,冷却・熱管理,Bio-Techne Corporation,TECH,テーマ関連ニュース,🟡 注目,48,成長テーマとの関連 / 企業を特定 / 営業利益成長が強い / EPS成長が強い / 営業CFプラス / 利益の質が良好,主要な警戒条件は未検出,62.172417,5.3398495,147.7683923705722,-0.37683405281088156,12.276156900215817,2.9億,9.032,未取得,113.1億,良好,低バリュートラップ条件なし,中,要IR確認,70～71円 / 72～72円 / 51～52円,主要価格帯付近,TECH FILE: Spray-Based Immersion Cooling to Boost Battery Safety - marinelink.com,TECH FILE: Spray-Based Immersion Cooling to Boost Battery Safety - marinelink.com,"Tue, 14 Jul 2026 07:00:00 GMT",https://news.google.com/rss/articles/CBMigwFBVV95cUxOTS1KekFuZXRWamV5aTFqdVVhQlNqYXkxYm1kWUFZVmUwRkxzTG9obnpQbHZDME9HYUd6aVhwZ0pKS1NGa294NnhPMElxOFdkTE5zUjVEVkJHUFFWNmlzTWNkZ09vZk8yWXNKQUw3amx3aTNPX0RCX0RRTk1MYWdKaGUwNA?oc=5
2026-09-13,AIデータセンター,"Mitsubishi Heavy Industries, Ltd.",7011.T,大企業との提携,🟡 注目,48,成長テーマとの関連 / 企業を特定 / ROEが強い / 営業CFプラス / 利益の質が良好 / 下値支持候補,売上成長悪化 / 営業利益成長悪化 / EPS成長悪化,52.913456,3.9263105,-26.098895308750514,-12.324493261988733,-13.947281657838563,5304.6億,14.746,未取得,12.45兆,良好,低バリュートラップ条件なし,中,要IR確認,2176～2235円 / 2235～2294円 / 2294～2353円,下値支持候補,エヌビディアと三菱重工、次世代AIデータセンター向け冷却技術で提携協議 - BigGo ファイナンス,エヌビディアと三菱重工、次世代AIデータセンター向け冷却技術で提携協議 - BigGo ファイナンス,"Tue, 14 Jul 2026 07:00:00 GMT",https://news.google.com/rss/articles/CBMidEFVX3lxTE8wUl9KYjhzVWJXTWFfRjFMcjRCaVhLQW9saTlsSGJVQU1TbkRsd0RweGktN3lxWnFwMi1Wa1JEbEoyM3ZxUmhsdXFwTFlBTmdRemhBa082U2hZWFVjNm45cUdfbFZGSWxONkdmaHY2cnFzNHRl?oc=5
2026-09-13,半導体,Bio-Techne Corporation,TECH,テーマ関連ニュース,🟡 注目,48,成長テーマとの関連 / 企業を特定 / 営業利益成長が強い / EPS成長が強い / 営業CFプラス / 利益の質が良好,主要な警戒条件は未検出,62.172417,5.3398495,147.7683923705722,-0.37683405281088156,12.276156900215817,2.9億,9.032,未取得,113.1億,良好,低バリュートラップ条件なし,中,要IR確認,70～71円 / 72～72円 / 51～52円,主要価格帯付近,中村留精密工業が「半導体・光学事業部」を発足、SiCやGaNウェハの加工技術を強化 | TECH+（テックプラス） - マイナビニュース,中村留精密工業が「半導体・光学事業部」を発足、SiCやGaNウェハの加工技術を強化 | TECH+（テックプラス） - マイナビニュース,"Tue, 01 Sep 2026 07:00:00 GMT",https://news.google.com/rss/articles/CBMiaEFVX3lxTFBuVExQTjhjVU9fcUdiVGIzOTZSNGFLWTNfLWlGdkl1UUlOVEdFamZWdFE2Q25xaUVzU1BuUGhxOERPanE1X2RxZVdwWTNSa3kzQXU4aDktUkp1ZVVSZ2h6X3BaYUlWNjV5?oc=5
2026-09-13,AIデータセンター,Northern Trust STOXX US ESG Select ETF,ESG,大企業との提携,🟡 注目,48,成長テーマとの関連 / 企業を特定 / 下値支持候補,主要な警戒条件は未検出,24.572552,未取得,未取得,未取得,未取得,未取得,未取得,未取得,未取得,未判定,低バリュートラップ条件なし,未判定,要IR確認,134～135円 / 143～144円 / 136～138円,下値支持候補,メタ、宇宙太陽光と長時間蓄電で電力確保AIデータセンター向けに新興2社と提携 - ESG Journal,メタ、宇宙太陽光と長時間蓄電で電力確保AIデータセンター向けに新興2社と提携 - ESG Journal,"Fri, 01 May 2026 07:00:00 GMT",https://news.google.com/rss/articles/CBMiV0FVX3lxTE90Y2dlSUc3UXBwRldkRG82eTZ3SE5BSVptTlV5dWJ6elMxcTlfRmFKeFV6ejh1T2JTZHdzZ2J2TlNnRF9HMjA2OFlqcHk4b3ZJQjN6LU1Cdw?oc=5
2026-09-13,光通信,Mast Global Battery Recycling & Production ETF,EV,量産・生産開始,🟡 注目,45,成長テーマとの関連 / 企業を特定,上値しこり,12.311106,未取得,未取得,未取得,未取得,未取得,未取得,未取得,未取得,未判定,低バリュートラップ条件なし,未判定,要IR確認,24～24円 / 28～28円 / 25～26円,上値しこり警戒,EV Group Addresses Critical Manufacturing Challenges for Next-Generation Co-Packaged Optics - Yole Group,EV Group Addresses Critical Manufacturing Challenges for Next-Generation Co-Packaged Optics - Yole Group,"Tue, 01 Sep 2026 07:00:00 GMT",https://news.google.com/rss/articles/CBMizAFBVV95cUxPSnoyQTNsd2JFNWFnTnlCTXRwbGR2Nmw4NUFsOG9UTDREVTViVXptZEpMRGZsX3B0cmRvUW9qbTUxWWxvV0hiZXdHaTR5WkgtT2dzTmt2SFRmVTdaV1l6dmk4TUR2bklCTnZmQTV5RS1zYW8yU2FiWHRXeEIyNE4yaUFiaUVSaVNQcHY4QWNKQ21JUmZhM2VHMDhnNWx1akRmRmE3R19rVU5zRUFxdjcyWWRJZG4tendLNEJTN1hLenB4SnJsV2s0Y1RKZFg?oc=5
2026-09-13,その他,2026,2026.T,量産・生産開始 / 戦略的投資,🟡 注目,45,企業を特定,主要な警戒条件は未検出,未取得,未取得,未取得,未取得,未取得,未取得,未取得,未取得,未取得,未判定,低バリュートラップ条件なし,未判定,要IR確認,未取得,未判定,Ayar Labs Expands 2026 Funding to $650 Million to Scale Manufacturing-Ready CPO for AI Scale-Up Beyond the Rack - Business Wire,Ayar Labs Expands 2026 Funding to $650 Million to Scale Manufacturing-Ready CPO for AI Scale-Up Beyond the Rack - Business Wire,"Thu, 10 Sep 2026 12:05:04 GMT",https://news.google.com/rss/articles/CBMi_wFBVV95cUxQcXJaaEZWNHZhWHY1WS0tSkNMeFd6SEhMdEMtd2xiU2JKVWVFVjcxbHhfdU45VHdSNHR4NHAwMFJ4Mmlya3B1a1h1dU5jdTVTWlpvWWVjLVJkOEMzLXVJUEhhNmQ3Tm5TWXlNcTVTSFRxUjhXdHphZ2lZRWplcnZsQUxTYk9kaTBzbkJHTjY5YXlzNWxGUTlzUmVrS0NuVWNWZm5tZkdwY19GbVVEQ1gwdHU0TlR4Uld0bEo0WnE2QmJBZjk0RWtpbks3UlZrdzNoMVVjZnNuUkhwQTZBbGVnM2hPUW9pamZWc1JBaDI4ZEFySkxmanZKeVlJWWFSaTQ?oc=5
2026-09-13,その他,668105,CPO,量産・生産開始 / 戦略的投資,🟡 注目,45,企業を特定,主要な警戒条件は未検出,未取得,未取得,未取得,未取得,未取得,未取得,未取得,未取得,未取得,未判定,低バリュートラップ条件なし,未判定,要IR確認,未取得,未判定,Ayar Labs Expands 2026 Funding to $650 Million to Scale Manufacturing-Ready CPO for AI Scale-Up Beyond the Rack - Business Wire,Ayar Labs Expands 2026 Funding to $650 Million to Scale Manufacturing-Ready CPO for AI Scale-Up Beyond the Rack - Business Wire,"Thu, 10 Sep 2026 12:05:04 GMT",https://news.google.com/rss/articles/CBMi_wFBVV95cUxQcXJaaEZWNHZhWHY1WS0tSkNMeFd6SEhMdEMtd2xiU2JKVWVFVjcxbHhfdU45VHdSNHR4NHAwMFJ4Mmlya3B1a1h1dU5jdTVTWlpvWWVjLVJkOEMzLXVJUEhhNmQ3Tm5TWXlNcTVTSFRxUjhXdHphZ2lZRWplcnZsQUxTYk9kaTBzbkJHTjY5YXlzNWxGUTlzUmVrS0NuVWNWZm5tZkdwY19GbVVEQ1gwdHU0TlR4Uld0bEo0WnE2QmJBZjk0RWtpbks3UlZrdzNoMVVjZnNuUkhwQTZBbGVnM2hPUW9pamZWc1JBaDI4ZEFySkxmanZKeVlJWWFSaTQ?oc=5
2026-09-13,光通信,668105,CPO,量産・生産開始,🟡 注目,45,成長テーマとの関連 / 企業を特定,主要な警戒条件は未検出,未取得,未取得,未取得,未取得,未取得,未取得,未取得,未取得,未取得,未判定,低バリュートラップ条件なし,未判定,要IR確認,未取得,未判定,The CPO Debate Is Over: Silicon Photonics Enters the Manufacturing Race - semivision,The CPO Debate Is Over: Silicon Photonics Enters the Manufacturing Race - semivision,"Sat, 12 Sep 2026 04:52:05 GMT",https://news.google.com/rss/articles/CBMiiAFBVV95cUxQWnlzOXhMaEFiOEZ3SXZhMEhtb1VVeC0wZnlKZzluYUF6VW9GcnczR1NoM1FXZ183M19NWlFYZ0d6LUV6R1c1UkVQM0ZkQkRhWnBGSzMzbERmLUt1UFBITVZuRk9qVHdvM0ZBcmt2SFRBM1AwaTRZWDZrTE51ODJ6VmVlTnE5eHJS?oc=5
2026-09-13,光通信,TSMC,TSMC,大企業との提携,🟡 注目,45,成長テーマとの関連 / 企業を特定,主要な警戒条件は未検出,未取得,未取得,未取得,未取得,未取得,未取得,未取得,未取得,未取得,未判定,低バリュートラップ条件なし,未判定,要IR確認,未取得,未判定,Taiwan Forms Silicon Photonics Alliance with TSMC and 30 Other Companies - finance.biggo.com,Taiwan Forms Silicon Photonics Alliance with TSMC and 30 Other Companies - finance.biggo.com,"Wed, 09 Sep 2026 23:31:32 GMT",https://news.google.com/rss/articles/CBMidkFVX3lxTFAyRlBsdXRXSlo1NnktUkdqRmZYN1VNaEN2aXFaaGlHSGFtT0JGZ1pwaXhlNm5QdW5xOHJkdlFqYjJKUUpOYlc5dXN0d1hGWEpLcExUWnJLSHhIeHlBZ1ZtNmx4U1FSQnhCb2xQaWJwZWlTaGFHVGc?oc=5
2026-09-13,光通信,2027,2027.T,量産・生産開始,🟡 注目,45,成長テーマとの関連 / 企業を特定,主要な警戒条件は未検出,未取得,未取得,未取得,未取得,未取得,未取得,未取得,未取得,未取得,未判定,低バリュートラップ条件なし,未判定,要IR確認,未取得,未判定,TSMC：シリコンフォトニクス、2027年に普及率5割超えへ CPOは今年下半期に量産開始 - BigGo ファイナンス,TSMC：シリコンフォトニクス、2027年に普及率5割超えへ CPOは今年下半期に量産開始 - BigGo ファイナンス,"Mon, 31 Aug 2026 08:13:44 GMT",https://news.google.com/rss/articles/CBMidEFVX3lxTE8ya0Z0QXBlSGdKaXpLeEp2ZmFzb1p4QVh5T3M0RDdOQXA1bDAwcGRjWjFldkp3dmZ3S2laWXZaRndzeGJsb3ltNjE2LWNHWUMyX1k1LXNwcE5sakJNSHE3LUhYTmM5eUpCa1V5VU9xOW9ZTlly?oc=5
2026-09-13,光通信,TSMC,TSMC,量産・生産開始,🟡 注目,45,成長テーマとの関連 / 企業を特定,主要な警戒条件は未検出,未取得,未取得,未取得,未取得,未取得,未取得,未取得,未取得,未取得,未判定,低バリュートラップ条件なし,未判定,要IR確認,未取得,未判定,TSMC：シリコンフォトニクス、2027年に普及率5割超えへ CPOは今年下半期に量産開始 - BigGo ファイナンス,TSMC：シリコンフォトニクス、2027年に普及率5割超えへ CPOは今年下半期に量産開始 - BigGo ファイナンス,"Mon, 31 Aug 2026 08:13:44 GMT",https://news.google.com/rss/articles/CBMidEFVX3lxTE8ya0Z0QXBlSGdKaXpLeEp2ZmFzb1p4QVh5T3M0RDdOQXA1bDAwcGRjWjFldkp3dmZ3S2laWXZaRndzeGJsb3ltNjE2LWNHWUMyX1k1LXNwcE5sakJNSHE3LUhYTmM5eUpCa1V5VU9xOW9ZTlly?oc=5
2026-09-13,光通信,193502,NTT,大企業との提携,🟡 注目,45,成長テーマとの関連 / 企業を特定,主要な警戒条件は未検出,未取得,未取得,未取得,未取得,未取得,未取得,未取得,未取得,未取得,未判定,低バリュートラップ条件なし,未判定,要IR確認,未取得,未判定,NTT、アイルランドの宇宙光通信企業と協業 「IOWN」を宇宙ビジネス分野へ適用 - spacemedia.jp,NTT、アイルランドの宇宙光通信企業と協業 「IOWN」を宇宙ビジネス分野へ適用 - spacemedia.jp,"Mon, 08 Jun 2026 07:00:00 GMT",https://news.google.com/rss/articles/CBMiR0FVX3lxTE5HdjVQRzE1RjlLcFotMjF6d0RpdG10UmxNcXVjRkF5blhPV3d3R3RNX3pDNHVzRmRyckxTS1docGVwSGtaRno4?oc=5
2026-09-13,AIデータセンター,Kenvue Inc.,KVUE,テーマ関連ニュース,🟡 注目,45,成長テーマとの関連 / 企業を特定 / EPS成長が強い / ROEが強い / 営業CFプラス / 利益の質が良好,主要な警戒条件は未検出,20.917646,3.2350802,42.71844660194175,-2.141701714655453,3.2712057816660423,22.0億,15.581,未取得,341.5億,良好,低バリュートラップ条件なし,低,還元水準は比較的高い,17～17円 / 17～17円 / 17～17円,主要価格帯付近,"Data center water use in Texas: What's myth, what's reality - KVUE","Data center water use in Texas: What's myth, what's reality - KVUE","Tue, 08 Sep 2026 23:45:00 GMT",https://news.google.com/rss/articles/CBMi1wFBVV95cUxNdVEwM0trd25mTUZGUmtZLXRpVHY0QnVjM25DRUlBRUpsTDRXNTdJbjQyaGVTUW1ScllxeF9OdTVWdjJmWlR2VjY4WURSQmlXWEFNOTIwOUZDUlE3QlRGUUtaSXRZdTFIWVVMWWdUeTBfc09ONmY2bmxqMkU4WEJlTXNnemtKSlh1akVpM09wRXBUOFp0SExIOGJ5SE03OU9vLWJhVHJuTUNSRGdrVWRERUxOZVVBM3NORVV3anY4eDVPZ1k1cFNnajBKa0tnRDdPcld2UEM5aw?oc=5
2026-09-13,AIデータセンター,TIMES,TIMES,大企業との提携,🟡 注目,45,成長テーマとの関連 / 企業を特定,主要な警戒条件は未検出,未取得,未取得,未取得,未取得,未取得,未取得,未取得,未取得,未取得,未判定,低バリュートラップ条件なし,未判定,要IR確認,未取得,未判定,Castrol、WOODMAN及び当社によるAIデータセンター向け次世代液冷／液浸型ソリューションに関する戦略的協業のお知らせ - PR TIMES,Castrol、WOODMAN及び当社によるAIデータセンター向け次世代液冷／液浸型ソリューションに関する戦略的協業のお知らせ - PR TIMES,"Thu, 23 Jul 2026 07:00:00 GMT",https://news.google.com/rss/articles/CBMiakFVX3lxTE54dVJfRUpKeTlyaHJ5bUM3TEZycmxJTDFkRkYxdE05Z2pXVjVDbEJhVjRWWnJXV2QxMGVidXJnblVnaFZjUFNDd0pGN2NUR2V4M3l5bDVfVzlURmZxbnY4RVRzLWhMSmZTalE?oc=5
2026-09-13,AIデータセンター,AGARA,AGARA,大企業との提携,🟡 注目,45,成長テーマとの関連 / 企業を特定,主要な警戒条件は未検出,未取得,未取得,未取得,未取得,未取得,未取得,未取得,未取得,未取得,未判定,低バリュートラップ条件なし,未判定,要IR確認,未取得,未判定,DIMAAGとToshiba、AIデータセンター向けZettaWatt（TM）Power PlatformのSCiB（TM）蓄電システムで協業 - AGARA 紀伊民報,DIMAAGとToshiba、AIデータセンター向けZettaWatt（TM）Power PlatformのSCiB（TM）蓄電システムで協業 - AGARA 紀伊民報,"Fri, 11 Sep 2026 01:04:00 GMT",https://news.google.com/rss/articles/CBMiT0FVX3lxTE9SYmdjRUtPTkVqTWNOakMwUXR0X2xhem5Zc1hKcE5pSUhudjRYV2JsTXRZd3F6TXp3LWhIbEEtMENBb25RSHNjUlhRaUVqNXM?oc=5
2026-09-13,AIデータセンター,TIMES,TIMES,大企業との提携,🟡 注目,45,成長テーマとの関連 / 企業を特定,主要な警戒条件は未検出,未取得,未取得,未取得,未取得,未取得,未取得,未取得,未取得,未取得,未判定,低バリュートラップ条件なし,未判定,要IR確認,未取得,未判定,ハイレゾとGPUデータセンター併設蓄電システム活用に向けた協業検討を開始 | 株式会社パワーエックスのプレスリリース - PR TIMES,ハイレゾとGPUデータセンター併設蓄電システム活用に向けた協業検討を開始 | 株式会社パワーエックスのプレスリリース - PR TIMES,"Wed, 15 Jul 2026 07:00:00 GMT",https://news.google.com/rss/articles/CBMiakFVX3lxTE1LNHZiQm9wQVdVYlZJRHFBcERmSDV0TU9lS0pzTjQ3emo4dC0tTkdiTWV3bW03RGJ0ekdYLWpYOG5RMllQX3JOTDhZZ2pVMTk4eC04dDZhb2dDalNBX3hqdFF2T2o4VmlTWXc?oc=5
2026-09-13,半導体,HV,HV,大企業との提携,🟡 注目,45,成長テーマとの関連 / 企業を特定,主要な警戒条件は未検出,未取得,未取得,未取得,未取得,未取得,未取得,未取得,未取得,未取得,未判定,低バリュートラップ条件なし,未判定,要IR確認,未取得,未判定,Navitas and Magnachip announce HV SiC partnership - Compound Semiconductor,Navitas and Magnachip announce HV SiC partnership - Compound Semiconductor,"Mon, 27 Jul 2026 07:00:00 GMT",https://news.google.com/rss/articles/CBMinwFBVV95cUxNUVk4ejhxTFhjcnJCSm5HLW1ZaUFQUTFpQk9pc0tfNnJ4SkVCS0w3N3d5RldCUW5JUjh3SXFlRTJYbFlHdmRDUHFQWmhoT19MdWRzeW9lRzQxbnVFS2NnQnNYYmVDT3dpUGFwdkFYX2VSNkN4b2N6c3VtUk0zRldRMUlCYjhOdF9MaTgxMnZMYk9WRzdiaHM4ci1NZGNoQTQ?oc=5
2026-09-13,半導体,2029,2029.T,量産・生産開始,🟡 注目,45,成長テーマとの関連 / 企業を特定,主要な警戒条件は未検出,未取得,未取得,未取得,未取得,未取得,未取得,未取得,未取得,未取得,未判定,低バリュートラップ条件なし,未判定,要IR確認,未取得,未判定,SKが米国にHBM工場 40億ドル投資：2029年にHBM4E量産開始（1/2 ページ） - EE Times Japan,SKが米国にHBM工場 40億ドル投資：2029年にHBM4E量産開始（1/2 ページ） - EE Times Japan,"Mon, 07 Sep 2026 02:00:00 GMT",https://news.google.com/rss/articles/CBMib0FVX3lxTE9KTFB1MzFGWThYdXhLaHY3Nzk2ajltRTV1S29pUDBBOEFtbGF5NUxpRWNycWJBR1k3NzF1X1VPM2NQaW1TOTdqLVptSDcxYWpXS0xIR1Y2R1hlWE4xMmdQVUNaV3hRa1VEcWNIbEFhRQ?oc=5
2026-09-13,AIデータセンター,"Future Innovation Group, Inc.",4392.T,テーマ関連ニュース,⚪ 監視,44,成長テーマとの関連 / 企業を特定 / 売上成長が強い / 営業利益成長が強い / 営業CFプラス / 利益の質が良好 / 下値支持候補,EPS成長悪化,37.44746,4.844075,-155.45325779036827,10.835552596537944,129.1208791208791,5.1億,未取得,未取得,344.5億,良好,低バリュートラップ条件なし,中,要IR確認,290～329円 / 1548～1588円 / 722～762円,下値支持候補,Data center backlash is everywhere. The biggest pro-AI group is getting ready to fight back. - NBC News,Data center backlash is everywhere. The biggest pro-AI group is getting ready to fight back. - NBC News,"Wed, 09 Sep 2026 09:00:40 GMT",https://news.google.com/rss/articles/CBMixAFBVV95cUxOTkxtV08yRVJJR3V2NzZUWHFvOFd6bExjXzVNOVVxYjZwZFZrTjM0TEFxb2VEZWlnekFtc0ZPanpTNnlnbkpJcHNSTG4wMDlOR2x6cUMyNnlfMTVDQWM3LWQzelFGenptNXFoeTJxM19OYUpZWW9yVkM4eW9iRFF1VTJnUnRFd05jMnc5SGEyRU5NRXBGSTBmX3FOcUh0RHlFZ1NEemdEcGlJRUlyZ2NueVk3RFdlMWhlT0xEWVBrbk1PUlZZ?oc=5
2026-09-13,その他,Disco Corporation,6146.T,テーマ関連ニュース,⚪ 監視,44,企業を特定 / 売上成長が強い / 営業利益成長が強い / ROEが強い / 営業CFプラス / 利益の質が良好 / 下値支持候補,主要な警戒条件は未検出,41.666664,9.684735,9.387283983501638,11.079216806970527,10.882673795509312,1335.4億,27.376,未取得,5.64兆,良好,低バリュートラップ条件なし,低,還元水準は比較的高い,41983～43064円 / 40901～41983円 / 45227～46308円,下値支持候補,Discover the Top 10 Satellite Industry Trends [2026] - StartUs Insights,Discover the Top 10 Satellite Industry Trends [2026] - StartUs Insights,"Fri, 16 Jan 2026 08:00:00 GMT",https://news.google.com/rss/articles/CBMiggFBVV95cUxQbmluQjdCcFNOUjFyWU9NTmZMNmhKQ24zWFRsNWpzeVdKcEh3M0pUb2xqUktSYlk3RWhNUTBaaG1nYTVBNE1zTzk4dzJzOHNGZk1yR2VUTDg3SjlaaTFuVkVLWUotQXdBMm5lX2VBNDBLdnI0VHJGOGhWS0M2RTdHY3J3?oc=5
2026-09-13,光通信,Permian Resources Corporation,PR,特許・技術,⚪ 監視,43,成長テーマとの関連 / 企業を特定 / ROEが強い / 営業CFプラス / 利益の質が良好 / 下値支持候補,営業利益成長悪化 / EPS成長悪化,15.341936,1.6588769,-5.029648593837111,1.2893507233138202,-13.437907292826623,36.1億,11.4029996,未取得,199.2億,良好,低バリュートラップ条件なし,低,還元水準は比較的高い,14～14円 / 14～14円 / 14～14円,下値支持候補,光電融合の最終段階「シリコンフォトニクス」 ～生成AIを支えるデバイス技術のグラント・論文・特許～ - PR TIMES,光電融合の最終段階「シリコンフォトニクス」 ～生成AIを支えるデバイス技術のグラント・論文・特許～ - PR TIMES,"Thu, 05 Feb 2026 08:00:00 GMT",https://news.google.com/rss/articles/CBMiakFVX3lxTFBLSW82Y1pNbF9MVGJzTW1CRjNpbTdjU0pZLW1pd0RqdEhrTVZ4Q01BTnZWaVJiT0R6OVg3UUttS3BiYUJCWkxXdGloNGNMcWlNYzRRaE85T0dXZUJvM0VNc0RNTjA1ZU15bkE?oc=5
2026-09-13,半導体,Loews Corporation,L,テーマ関連ニュース,⚪ 監視,43,成長テーマとの関連 / 企業を特定 / EPS成長が強い / 営業CFプラス / 配当性向引き上げ余地が高い / 下値支持候補,主要な警戒条件は未検出,13.348467,1.1633055,17.892503536067885,5.435350078310797,未取得,32.8億,9.313,未取得,222.4億,未判定,低バリュートラップ条件なし,高,要IR確認,83～84円 / 86～87円 / 84～85円,下値支持候補,Integra announces single-device 10 kW GaN/SiC transistor for L-Band - Compound Semiconductor,Integra announces single-device 10 kW GaN/SiC transistor for L-Band - Compound Semiconductor,"Wed, 27 May 2026 07:00:00 GMT",https://news.google.com/rss/articles/CBMitwFBVV95cUxQOHZoLXh2YXVUbDF4VkI3VFA2VmVIQW56UjRqbGMzVTlGcmUtSjdfVEkyRzNRc1RNamNEZ1RtOXpWR3NTZzRNLWxpZFhqamxNWmtOMG1tZ2d3ckpIc2FTbVhuaE5jT1NCOHNSNXFUZUxDZUVySWZZeUJDck03Skk0Mmx4aXRiVVNHbzJtd2MtOU83eHp0eG9JQTdNN1VibVQzOW9QWUV6TElPUEdaWjhDUVlUQTdOYWM?oc=5
2026-09-13,半導体,"ROHM Co., Ltd.",6963.T,テーマ関連ニュース,⚪ 監視,43,成長テーマとの関連 / 企業を特定 / EPS成長が強い / 営業CFプラス / 利益の質が良好 / 配当性向引き上げ余地が高い / 下値支持候補,営業利益成長悪化,未取得,2.2824492,216.43663237790872,7.2875089750393585,-127.12114026110181,894.5億,未取得,未取得,1.77兆,良好,低バリュートラップ条件なし,高,要IR確認,1416～1497円 / 1497～1578円 / 1821～1902円,下値支持候補,ロームが見る「1ラック1MW時代」のAIサーバ Si／SiC／GaNは共存へ：アナログ半導体も重要に（1/3 ページ） - EE Times Japan,ロームが見る「1ラック1MW時代」のAIサーバ Si／SiC／GaNは共存へ：アナログ半導体も重要に（1/3 ページ） - EE Times Japan,"Thu, 20 Aug 2026 07:00:00 GMT",https://news.google.com/rss/articles/CBMib0FVX3lxTE42aG9wekt2ZEFuRnFIN2dXa2p6VEt1YUcwTFVMcS1aWmdXMUpFdUg2Q2VUUXF1bzZUU0l5Z2Q0alh1djg3Z1haTlBaRlZ4SWNxWWJWUEtCV21BeFBLM0Exd0Fyc3J5Y3pWaldvWm55dw?oc=5
2026-09-13,半導体,Permian Resources Corporation,PR,特許・技術,⚪ 監視,43,成長テーマとの関連 / 企業を特定 / ROEが強い / 営業CFプラス / 利益の質が良好 / 下値支持候補,営業利益成長悪化 / EPS成長悪化,15.341936,1.6588769,-5.029648593837111,1.2893507233138202,-13.437907292826623,36.1億,11.4029996,未取得,199.2億,良好,低バリュートラップ条件なし,低,還元水準は比較的高い,14～14円 / 14～14円 / 14～14円,下値支持候補,7月29日(水) AndTech「SiC・GaNパワーデバイスの最新技術と応用展開～xEV・AIサーバーを支える半導体、熱マネジメント材料および社会実装技術～」Zoomセミナーを開講予定 - PR TIMES,7月29日(水) AndTech「SiC・GaNパワーデバイスの最新技術と応用展開～xEV・AIサーバーを支える半導体、熱マネジメント材料および社会実装技術～」Zoomセミナーを開講予定 - PR TIMES,"Fri, 26 Jun 2026 07:00:00 GMT",https://news.google.com/rss/articles/CBMiakFVX3lxTE1rRENJTnRnNlpHY25wc0xBRGVMZTlGZDAzc05WX1FRTHRSWXo0WklhSEtaSEdneDFUekJmcHd1TnZ1TGcxMFJpREhOQVpqazhaUG1KSGUtX3Axb3VfZkQ3a2xRNVc2UEpjd1E?oc=5
2026-09-13,その他,AECOM,ACM,テーマ関連ニュース,⚪ 監視,43,企業を特定 / 営業利益成長が強い / EPS成長が強い / ROEが強い / 営業CFプラス / 利益の質が良好,上値しこり,22.369719,3.7278488,39.652369327758244,0.21187795621098182,14.566409445206641,8.2億,16.605,未取得,81.8億,良好,低バリュートラップ条件なし,低,還元水準は比較的高い,68～70円 / 96～98円 / 71～72円,上値しこり警戒,Space-Based Solar Power Is On Its Way - Communications of the ACM,Space-Based Solar Power Is On Its Way - Communications of the ACM,"Fri, 07 Aug 2026 07:00:00 GMT",https://news.google.com/rss/articles/CBMickFVX3lxTFBCaHE5RGxmcTRfTzZpb0d6NnZUOEVGU2hZWnA1ZENrOVhJbFp2ODNjaXBNanltSTVIVFhrMjJYTjhXNWU2UVd4TXpuZmhIQzJKYk9FdVdBTjJlQUZ5d1g1bFQtWGdQZGRFVUR4YWVEYnA0QQ?oc=5
2026-09-13,光通信,2026,2026.T,戦略的投資,⚪ 監視,42,成長テーマとの関連 / 企業を特定,主要な警戒条件は未検出,未取得,未取得,未取得,未取得,未取得,未取得,未取得,未取得,未取得,未判定,低バリュートラップ条件なし,未判定,要IR確認,未取得,未判定,"Ayar Labs Raises Additional $150 Million, Bringing 2026 Funding To $650 Million, To Scale AI Co-Packaged Optics - Pulse 2.0","Ayar Labs Raises Additional $150 Million, Bringing 2026 Funding To $650 Million, To Scale AI Co-Packaged Optics - Pulse 2.0","Fri, 11 Sep 2026 12:42:18 GMT",https://news.google.com/rss/articles/CBMixgFBVV95cUxPN0VJMGg1WW9tVzFrOHRlMGFkN25aSVo2V1VfOUNFMGhZZkswNFRBX0ZLMzJCdk1IZUNvM3hKWDRDVkRKclZPcjM2OW52S1FGakp5YV9saXRfcEt3eGdOWXkxUUh4dWJ2Ml9aMjFWMURxYVNOZU1WT2JWbHdPS05LYTRfVlFUMjJVMjJOQUdJeTVyOXB4ZWJTeTdYYkN6VUJLMUVWWDVvbkN2b0pJWDVEa04wZHV5TlZKdjlJVUt2RlRodVVTYkHSAcsBQVVfeXFMUFhQSHBjbUU0bzFKT0NSQk1jR2xwNFZVSjBnQ3o0RWNOV3hUazJScklsb3ozekFMak5DbDA5eU9XQVZhTi0yemxrMDBwdTRzQ05mZElrYl9EQzhqOFdYdGdkdndlTThnbnczR1RJa2dYeml3NGZmSzhmeS1PQWdXZ2VFZnVsUU5LaXN0V1BibEJFdXhjNnRjN01pekhIN3c1bHJvaTJuTTZHVUtJaDFFcWU4WmVlQUZEbHRveENVeHU0S1Q2aTFaNWtOVVk?oc=5
2026-09-13,光通信,2026,2026.T,戦略的投資,⚪ 監視,42,成長テーマとの関連 / 企業を特定,主要な警戒条件は未検出,未取得,未取得,未取得,未取得,未取得,未取得,未取得,未取得,未取得,未判定,低バリュートラップ条件なし,未判定,要IR確認,未取得,未判定,Ayar Labs Raises 2026 Funding to $650 Million to Scale Co-Packaged Optics - citybiz,Ayar Labs Raises 2026 Funding to $650 Million to Scale Co-Packaged Optics - citybiz,"Thu, 10 Sep 2026 13:38:31 GMT",https://news.google.com/rss/articles/CBMisAFBVV95cUxNMzc5c28yZjRFNXpjaFNEcWZQY3VlajNhcFpvZmtmeDFRTzkwMXlfRXpaSkVLd0lLd1ZmVjV6MkdjaE9YbEpqeHc4Vk0ycVNuaGIzOXdRZVVsZXJNUk1nQnlXdmpCRlhhQzNpVzZQSWZBcmhjRHNTSVl0eXppZnU5dFVER0tzT3IwOVA0Zk1zMENiZ3dvOXJmSlhRYlV4OFd2UkdORGpHcFpvQ25aQll2aw?oc=5
2026-09-13,光通信,193502,NTT,戦略的投資,⚪ 監視,42,成長テーマとの関連 / 企業を特定,主要な警戒条件は未検出,未取得,未取得,未取得,未取得,未取得,未取得,未取得,未取得,未取得,未判定,低バリュートラップ条件なし,未判定,要IR確認,未取得,未判定,NTT「IOWN」ファンド、スペインの光技術新興に出資 第1号案件 - 日本経済新聞,NTT「IOWN」ファンド、スペインの光技術新興に出資 第1号案件 - 日本経済新聞,"Tue, 08 Sep 2026 17:00:00 GMT",https://news.google.com/rss/articles/CBMibEFVX3lxTE1XWS1aVlFwWTFZcjZpbjFsX29jWFU3MG1vdG42QVBJb2I3S3g1WEc5VVAyT2IzWEFZanBDcVE3ODdPYzlKRjdRUU1YRXRUdUpjWGpoWXZIY1lBVnM2NVh1c1JNNFl3RXlJenFzQg?oc=5
2026-09-13,半導体,Empresa Distribuidora y Comercializadora Norte Sociedad Anónima,EDN,テーマ関連ニュース,⚪ 監視,41,成長テーマとの関連 / 企業を特定 / 売上成長が強い / 営業利益成長が強い / 営業CFプラス / 利益の質が良好,EPS成長悪化,7.3293414,0.5886835,-33.1707548724653,11.28035485997736,150.19645215762986,1920.4億,9.585,未取得,11.6億,良好,低バリュエーションだが要精査,中,要IR確認,26～27円 / 30～31円 / 24～25円,主要価格帯付近,高効率が音にも好影響？ GaN採用オーディオアンプのメリットとは：インフィニオンが解説（1/2 ページ） - EDN Japan,高効率が音にも好影響？ GaN採用オーディオアンプのメリットとは：インフィニオンが解説（1/2 ページ） - EDN Japan,"Thu, 25 Jun 2026 07:00:00 GMT",https://news.google.com/rss/articles/CBMia0FVX3lxTFBNSENZMkpQZlFKWnRicWVwV0NDVmpwT2NnOEdQM25GUUNWQzlqVE1ORUFuWWdnUE0zaGU2SmpGaXlnbGFWRkY4SGQzV29RbVZyNEhDdDdUaVQ0V0FJQWF2aDc5R0NjZFllSmYw?oc=5
2026-09-13,AIデータセンター,Permian Resources Corporation,PR,研究開発,⚪ 監視,40,成長テーマとの関連 / 企業を特定 / ROEが強い / 営業CFプラス / 利益の質が良好 / 下値支持候補,営業利益成長悪化 / EPS成長悪化,15.341936,1.6588769,-5.029648593837111,1.2893507233138202,-13.437907292826623,36.1億,11.4029996,未取得,199.2億,良好,低バリュートラップ条件なし,低,還元水準は比較的高い,14～14円 / 14～14円 / 14～14円,下値支持候補,fantasista、仙台で200MW規模のAIデータセンター開発に向け、米国オルタナティブ投資運用会社と基本合意 - PR TIMES,fantasista、仙台で200MW規模のAIデータセンター開発に向け、米国オルタナティブ投資運用会社と基本合意 - PR TIMES,"Fri, 11 Sep 2026 07:04:07 GMT",https://news.google.com/rss/articles/CBMiakFVX3lxTE1NZFJIdzYzMDVBTjJDbmd6bkg5MHZvbXdKVXVVUi1YbHRkVUZ1TDhMc2dZTjRUNnREdFNTOTJaYS1JcWZ2RVZtYmp3Ym1ybUlubzdvOUZnQUtwUUpxZkRrQ0hiR3M5MVJvUHc?oc=5
2026-09-13,AIデータセンター,Permian Resources Corporation,PR,研究開発,⚪ 監視,40,成長テーマとの関連 / 企業を特定 / ROEが強い / 営業CFプラス / 利益の質が良好 / 下値支持候補,営業利益成長悪化 / EPS成長悪化,15.341936,1.6588769,-5.029648593837111,1.2893507233138202,-13.437907292826623,36.1億,11.4029996,未取得,199.2億,良好,低バリュートラップ条件なし,低,還元水準は比較的高い,14～14円 / 14～14円 / 14～14円,下値支持候補,fantasista、仙台市に200MW規模のAIデータセンターを開発へ - PR TIMES,fantasista、仙台市に200MW規模のAIデータセンターを開発へ - PR TIMES,"Wed, 09 Sep 2026 07:23:35 GMT",https://news.google.com/rss/articles/CBMiakFVX3lxTE14WUpKYVhldW5pUVpSQ184TVRxSHNSZ2F6QTZ1dXFUeGR3djRPTEZxbnZ3WVFZLTUtSEF1Y2p2VV9XTDRyS2NVN3lHcHhJWGs4Z2FvQ1B0R2NCeFdLQ3pvdU1JN1VneWgwaUE?oc=5
2026-09-13,AIデータセンター,Permian Resources Corporation,PR,研究開発,⚪ 監視,40,成長テーマとの関連 / 企業を特定 / ROEが強い / 営業CFプラス / 利益の質が良好 / 下値支持候補,営業利益成長悪化 / EPS成長悪化,15.341936,1.6588769,-5.029648593837111,1.2893507233138202,-13.437907292826623,36.1億,11.4029996,未取得,199.2億,良好,低バリュートラップ条件なし,低,還元水準は比較的高い,14～14円 / 14～14円 / 14～14円,下値支持候補,MAHLE、ドイツ半導体大手Infineon向けデータセンター用高性能電子冷却ユニットを開発 - PR TIMES,MAHLE、ドイツ半導体大手Infineon向けデータセンター用高性能電子冷却ユニットを開発 - PR TIMES,"Thu, 09 Jul 2026 07:00:00 GMT",https://news.google.com/rss/articles/CBMiakFVX3lxTE9YVVdLVTkyWTIwZjd6WkxMT1hpZlU3TDd4b3Y1S3Q0ZWdOSXpPZWF6Y1hOQWZ0aTB3UENULWQ5RGtQVDV5TWM4SEZOV0FiWnIwZ2w3a3Rfa2FqSjZSR1d0R3IwVGlmME5LbGc?oc=5
2026-09-13,AIデータセンター,Permian Resources Corporation,PR,研究開発,⚪ 監視,40,成長テーマとの関連 / 企業を特定 / ROEが強い / 営業CFプラス / 利益の質が良好 / 下値支持候補,営業利益成長悪化 / EPS成長悪化,15.341936,1.6588769,-5.029648593837111,1.2893507233138202,-13.437907292826623,36.1億,11.4029996,未取得,199.2億,良好,低バリュートラップ条件なし,低,還元水準は比較的高い,14～14円 / 14～14円 / 14～14円,下値支持候補,10月8日(木)「宇宙AIデータセンターの技術要求とR&D課題 ～SpaceX・NVIDIAから読み解くAI半導体、放射線対策、真空熱制御、電源・蓄電、光衛星間通信、宇宙材料の動向～」Zoomセミナー - PR TIMES,10月8日(木)「宇宙AIデータセンターの技術要求とR&D課題 ～SpaceX・NVIDIAから読み解くAI半導体、放射線対策、真空熱制御、電源・蓄電、光衛星間通信、宇宙材料の動向～」Zoomセミナー - PR TIMES,"Fri, 04 Sep 2026 07:00:00 GMT",https://news.google.com/rss/articles/CBMiakFVX3lxTE9JWFRyM2tDWmVlWDlnaWh0TnFabWdtRzBSSjFwdWtBbFZpdC01dS1PbVBURzVMYVlSbmh1UGdaWUlZVlFuYkg3Nnh4eG9OeXhZV3FvcXFWTFFPNDdWamM5R2NWNDlNU1d0NGc?oc=5
2026-09-13,その他,2028,2028.T,大型受注,⚪ 監視,40,企業を特定,主要な警戒条件は未検出,未取得,未取得,未取得,未取得,未取得,未取得,未取得,未取得,未取得,未判定,低バリュートラップ条件なし,未判定,要IR確認,未取得,未判定,"TSMC's CoWoS Capacity to Double to 260,000 Wafers by 2028; Intel and OSAT Providers Capture Spillover Orders - finance.biggo.com","TSMC's CoWoS Capacity to Double to 260,000 Wafers by 2028; Intel and OSAT Providers Capture Spillover Orders - finance.biggo.com","Sun, 13 Sep 2026 02:25:00 GMT",https://news.google.com/rss/articles/CBMidkFVX3lxTE8tYVhpVFhpdXkzTURidTlPX1JtX0NJUGRJX1ZhTTFrcWtzczVVNFBsWTI3bnNEcFFYVW9oQ0FMdkJ3M1lfOS1tSFJJSlVWUmQzUmZmcElkY2Uzd2FLemFINTFnY1BheE1vdG9NTFBjY09KUDlvc1E?oc=5
2026-09-13,その他,TSMC,TSMC,大型受注,⚪ 監視,40,企業を特定,主要な警戒条件は未検出,未取得,未取得,未取得,未取得,未取得,未取得,未取得,未取得,未取得,未判定,低バリュートラップ条件なし,未判定,要IR確認,未取得,未判定,"TSMC's CoWoS Capacity to Double to 260,000 Wafers by 2028; Intel and OSAT Providers Capture Spillover Orders - finance.biggo.com","TSMC's CoWoS Capacity to Double to 260,000 Wafers by 2028; Intel and OSAT Providers Capture Spillover Orders - finance.biggo.com","Sun, 13 Sep 2026 02:25:00 GMT",https://news.google.com/rss/articles/CBMidkFVX3lxTE8tYVhpVFhpdXkzTURidTlPX1JtX0NJUGRJX1ZhTTFrcWtzczVVNFBsWTI3bnNEcFFYVW9oQ0FMdkJ3M1lfOS1tSFJJSlVWUmQzUmZmcElkY2Uzd2FLemFINTFnY1BheE1vdG9NTFBjY09KUDlvc1E?oc=5
2026-09-13,その他,"Ryder System, Inc.",R,研究開発,⚪ 監視,40,企業を特定 / ROEが強い / 営業CFプラス / 利益の質が良好 / 下値支持候補,主要な警戒条件は未検出,19.76442,3.2406297,2.0449897750511203,-0.1652502360717678,3.842549203373946,25.9億,16.697,未取得,93.3億,良好,低バリュートラップ条件なし,中,要IR確認,168～170円 / 138～140円 / 190～193円,下値支持候補,"36Kr Exclusive: Ruilai Thermal Control – 3 Years In Orbit, Full-Stack Independent R&D Aerospace-Grade Thermal Control Solution Provider Secures Tens of Millions Yuan in Series A+ Financing - 36 Kr","36Kr Exclusive: Ruilai Thermal Control – 3 Years In Orbit, Full-Stack Independent R&D Aerospace-Grade Thermal Control Solution Provider Secures Tens of Millions Yuan in Series A+ Financing - 36 Kr","Mon, 24 Aug 2026 11:14:23 GMT",https://news.google.com/rss/articles/CBMiU0FVX3lxTE80MW9TNkc4bjh0UzNFc2FXQnJkcmZpQ1lFVG4xTFRSeHNuUmJVdnFIRXA5ZmFnU2tjTlZlN3BsYzBYM0NaRHBxZVQ3eFAtdzNpajFV?oc=5
2026-09-13,宇宙,Permian Resources Corporation,PR,研究開発,⚪ 監視,40,成長テーマとの関連 / 企業を特定 / ROEが強い / 営業CFプラス / 利益の質が良好 / 下値支持候補,営業利益成長悪化 / EPS成長悪化,15.341936,1.6588769,-5.029648593837111,1.2893507233138202,-13.437907292826623,36.1億,11.4029996,未取得,199.2億,良好,低バリュートラップ条件なし,低,還元水準は比較的高い,14～14円 / 14～14円 / 14～14円,下値支持候補,【JPIセミナー】「宇宙太陽光発電の実用化に向けた国内外最新研究開発動向と残された課題及びビームフォーミング技術の最前線」10月1日(木)開催 - PR TIMES,【JPIセミナー】「宇宙太陽光発電の実用化に向けた国内外最新研究開発動向と残された課題及びビームフォーミング技術の最前線」10月1日(木)開催 - PR TIMES,"Fri, 11 Sep 2026 05:50:02 GMT",https://news.google.com/rss/articles/CBMiakFVX3lxTE5abkZRYkx2SC1nZEJXeVdOUGY4Wi0tcjhzTHY2YkwydDJzU0hEYmVmdEtkUENFdE85d2d1dnc5djY0Tzl5QlF2SGVXbVI4UGFNelBacnFtMDQyQ0xmd3pYUGptRUpPZUppNEE?oc=5
2026-09-13,光通信,"NTT, Inc.",9432.T,テーマ関連ニュース,⚪ 監視,38,成長テーマとの関連 / 企業を特定 / ROEが強い / 営業CFプラス / 利益の質が良好 / 下値支持候補,主要な警戒条件は未検出,13.922345,1.4512266,3.7015407753475893,5.139788629135045,6.993787279765273,1.49兆,10.7130006,未取得,14.27兆,良好,低バリュートラップ条件なし,低,還元水準は比較的高い,152～153円 / 151～151円 / 150～151円,下値支持候補,IOWNが拓く宇宙光通信 NTTが狙うゲームチェンジ - ビジネスネットワーク,IOWNが拓く宇宙光通信 NTTが狙うゲームチェンジ - ビジネスネットワーク,"Fri, 10 Apr 2026 07:00:00 GMT",https://news.google.com/rss/articles/CBMiU0FVX3lxTE16VXlKRmo3c0VQNG9rMk4tSEo0RERFZWFHX3lwUWllU0QwNWs0bElMTlZYc3FMdWQ3dUVURnJMWmpIX3otQW1LQ1NXbjRVbW0xaWhV?oc=5
2026-09-13,光通信,"NTT, Inc.",9432.T,テーマ関連ニュース,⚪ 監視,38,成長テーマとの関連 / 企業を特定 / ROEが強い / 営業CFプラス / 利益の質が良好 / 下値支持候補,主要な警戒条件は未検出,13.922345,1.4512266,3.7015407753475893,5.139788629135045,6.993787279765273,1.49兆,10.7130006,未取得,14.27兆,良好,低バリュートラップ条件なし,低,還元水準は比較的高い,152～153円 / 151～151円 / 150～151円,下値支持候補,NTT「IOWN」、揺らぐ光の国際標準 米AI企業が枠組みづくりに参入 - 日本経済新聞,NTT「IOWN」、揺らぐ光の国際標準 米AI企業が枠組みづくりに参入 - 日本経済新聞,"Tue, 16 Jun 2026 07:00:00 GMT",https://news.google.com/rss/articles/CBMibEFVX3lxTE5SRW52bG5CSkdMLXlQNS1LTWM1V2p3N3M5RXNsemlCOTRzMzZ5V2J2TUxxb2hXTWttUklyTXBYNlh1SkNlZEhGWGRNMUVSTVcxSUZ3QUdRT1RoaFZnNkhldm5oV1h4Qks1M0t0Tg?oc=5
2026-09-13,光通信,"NTT, Inc.",9432.T,テーマ関連ニュース,⚪ 監視,38,成長テーマとの関連 / 企業を特定 / ROEが強い / 営業CFプラス / 利益の質が良好 / 下値支持候補,主要な警戒条件は未検出,13.922345,1.4512266,3.7015407753475893,5.139788629135045,6.993787279765273,1.49兆,10.7130006,未取得,14.27兆,良好,低バリュートラップ条件なし,低,還元水準は比較的高い,152～153円 / 151～151円 / 150～151円,下値支持候補,NTT、IOWN通信チップを宇宙へ 「スペースX超え」速度 - 日経テックフォーサイト - 日本経済新聞,NTT、IOWN通信チップを宇宙へ 「スペースX超え」速度 - 日経テックフォーサイト - 日本経済新聞,"Tue, 21 Jul 2026 07:00:00 GMT",https://news.google.com/rss/articles/CBMihwFBVV95cUxPTTRIRXRnb2ZLaHUxLXJEWUNKM1BUWFZKdDk3N1NVRmYzR1ZsVTcwS09aTzhnOHFuWG9CbVJsUE9DeHN0Ri1CczZabDFyYjMwcjNGdDlrZ1ZybWNVY1J6V3B5VXhna3RUT1dFTncxWFB3QkJVQ3BGRHVEcmxZcDFRdU41VllTSlk?oc=5
2026-09-13,光通信,"NTT, Inc.",9432.T,テーマ関連ニュース,⚪ 監視,38,成長テーマとの関連 / 企業を特定 / ROEが強い / 営業CFプラス / 利益の質が良好 / 下値支持候補,主要な警戒条件は未検出,13.922345,1.4512266,3.7015407753475893,5.139788629135045,6.993787279765273,1.49兆,10.7130006,未取得,14.27兆,良好,低バリュートラップ条件なし,低,還元水準は比較的高い,152～153円 / 151～151円 / 150～151円,下値支持候補,NTT、IOWN用通信チップを宇宙へ 光電融合で「スペースX超え」速度 - 日経クロステック,NTT、IOWN用通信チップを宇宙へ 光電融合で「スペースX超え」速度 - 日経クロステック,"Tue, 28 Jul 2026 07:00:00 GMT",https://news.google.com/rss/articles/CBMibEFVX3lxTE5idzBkZElwQ0l4N0dwNEFQLVVyVTlPQXVzMUVsWDd0LVEzUGtnd0dmTDdVMnA0ck44NXdycnI0bVFUYTg1OUpqWEozTXJPM1A3QnI2d1c1RWNrODN4NXpoM3AzbkM3X2xtczByXw?oc=5
2026-09-13,光通信,"NTT, Inc.",9432.T,テーマ関連ニュース,⚪ 監視,38,成長テーマとの関連 / 企業を特定 / ROEが強い / 営業CFプラス / 利益の質が良好 / 下値支持候補,主要な警戒条件は未検出,13.922345,1.4512266,3.7015407753475893,5.139788629135045,6.993787279765273,1.49兆,10.7130006,未取得,14.27兆,良好,低バリュートラップ条件なし,低,還元水準は比較的高い,152～153円 / 151～151円 / 150～151円,下値支持候補,NTT、IOWN実用化へ米韓台と800億円ファンド 次世代光通信を推進 - 日本経済新聞,NTT、IOWN実用化へ米韓台と800億円ファンド 次世代光通信を推進 - 日本経済新聞,"Mon, 08 Jun 2026 07:00:00 GMT",https://news.google.com/rss/articles/CBMibEFVX3lxTFBBdTBMTUFSSXlXd2xYam9QRVROLV9CdjRmamNva0tqckVCbVRCc2ZQUy03MmRJbDUtQzhZdWxBOERieWl2dUZkOGRjNkZuTWtOakl4TkpoOXBUbUdUVlc5azJGd1cwdTVEbHpCdw?oc=5
2026-09-13,光通信,"NTT, Inc.",9432.T,テーマ関連ニュース,⚪ 監視,38,成長テーマとの関連 / 企業を特定 / ROEが強い / 営業CFプラス / 利益の質が良好 / 下値支持候補,主要な警戒条件は未検出,13.922345,1.4512266,3.7015407753475893,5.139788629135045,6.993787279765273,1.49兆,10.7130006,未取得,14.27兆,良好,低バリュートラップ条件なし,低,還元水準は比較的高い,152～153円 / 151～151円 / 150～151円,下値支持候補,「NTT、IOWN宇宙へ」「インテルとTSMCサブ2nm」 注目5本 - 日本経済新聞,「NTT、IOWN宇宙へ」「インテルとTSMCサブ2nm」 注目5本 - 日本経済新聞,"Sat, 25 Jul 2026 07:00:00 GMT",https://news.google.com/rss/articles/CBMihwFBVV95cUxPRUt5UmQwR1V6QWh4QkFtM2NIcEdkT2g0UjJSTmE3NFRHM3B0MWI2NVhsNEI4bXMyMGFGUmthVm5kQTE1c01kZGs2Ny1kUHJUcUl1b2ZGQm50c0lkMGVDNk8tVk5xZGhFVmczZUpZQkNZZG12UGwwM1Y5emRNY1ZySlotd0xqSlE?oc=5
2026-09-13,光通信,"NTT, Inc.",9432.T,テーマ関連ニュース,⚪ 監視,38,成長テーマとの関連 / 企業を特定 / ROEが強い / 営業CFプラス / 利益の質が良好 / 下値支持候補,主要な警戒条件は未検出,13.922345,1.4512266,3.7015407753475893,5.139788629135045,6.993787279765273,1.49兆,10.7130006,未取得,14.27兆,良好,低バリュートラップ条件なし,低,還元水準は比較的高い,152～153円 / 151～151円 / 150～151円,下値支持候補,「光の奏者」たれNTT、IOWNを軸に量子から宇宙まで - 日経クロステック,「光の奏者」たれNTT、IOWNを軸に量子から宇宙まで - 日経クロステック,"Fri, 19 Dec 2025 08:00:00 GMT",https://news.google.com/rss/articles/CBMibEFVX3lxTE9UUnNfZl9QTXQ1dEM0WjZQbnhBbTFtQ3E0UFFSZXFGU3JpYk9Eek83dnlLbllCWUJNcUc1dUxtLW9xbE54ZkMwWDVZT3JxYnI5dFFKeEtxbV9rZ2pkQlB0Mjc1TF9QZnd5YTNiNg?oc=5
2026-09-13,光通信,"NTT, Inc.",9432.T,テーマ関連ニュース,⚪ 監視,38,成長テーマとの関連 / 企業を特定 / ROEが強い / 営業CFプラス / 利益の質が良好 / 下値支持候補,主要な警戒条件は未検出,13.922345,1.4512266,3.7015407753475893,5.139788629135045,6.993787279765273,1.49兆,10.7130006,未取得,14.27兆,良好,低バリュートラップ条件なし,低,還元水準は比較的高い,152～153円 / 151～151円 / 150～151円,下値支持候補,【MWC26レポート】進化を続けるIOWN！光電融合と光量子コンピュータでNTTグループが実現する未来の低消費電力社会 - group.ntt,【MWC26レポート】進化を続けるIOWN！光電融合と光量子コンピュータでNTTグループが実現する未来の低消費電力社会 - group.ntt,"Tue, 31 Mar 2026 07:00:00 GMT",https://news.google.com/rss/articles/CBMib0FVX3lxTE9wVC1vOFowQ3cwZFhiemlDa0U4c2padlBlc0ltYzF1RGNEVWthSDFKcm82NnVOX3Q2NzFRcWxzTnR5MlZ4Zll6TEZqY3JrWm9FS2kxUmNEb3hXb1VscFAyVGhIRVpxR3QyVHY1eThFWQ?oc=5
2026-09-13,光通信,"NTT, Inc.",9432.T,テーマ関連ニュース,⚪ 監視,38,成長テーマとの関連 / 企業を特定 / ROEが強い / 営業CFプラス / 利益の質が良好 / 下値支持候補,主要な警戒条件は未検出,13.922345,1.4512266,3.7015407753475893,5.139788629135045,6.993787279765273,1.49兆,10.7130006,未取得,14.27兆,良好,低バリュートラップ条件なし,低,還元水準は比較的高い,152～153円 / 151～151円 / 150～151円,下値支持候補,光電融合で「光チップレット」実現へ NTTが2030年代のIOWN構想語る：万博では光コンピューティングも披露（1/3 ページ） - EE Times Japan,光電融合で「光チップレット」実現へ NTTが2030年代のIOWN構想語る：万博では光コンピューティングも披露（1/3 ページ） - EE Times Japan,"Tue, 25 Nov 2025 08:00:00 GMT",https://news.google.com/rss/articles/CBMib0FVX3lxTFBES3l5eGg5SU5xTG9iejVqLWFOYzhFMUlDWnc0RU90YWl1dTZXUGtXQjNka1pUajJHTkNkd3ZObTFDOUxGVVNBc1N3Wk5oZmRNWmpUcVQtVFlCUWI0REhwSGxiaGtkYXQ2MC1TRGRoVQ?oc=5
2026-09-13,AIデータセンター,"SentinelOne, Inc.",S,テーマ関連ニュース,⚪ 監視,38,成長テーマとの関連 / 企業を特定 / 売上成長が強い / EPS成長が強い / 営業CFプラス / 配当性向引き上げ余地が高い,営業利益成長悪化 / ROE悪化,未取得,4.718108,56.265926133940745,21.889901042167548,-6.168041559514082,7661.6万,-23.008,未取得,68.7億,要確認,低バリュートラップ条件なし,高,要IR確認,18～18円 / 18～18円 / 14～15円,主要価格帯付近,Korea's S-Oil and GST team up on immersion cooling system - Data Center Dynamics,Korea's S-Oil and GST team up on immersion cooling system - Data Center Dynamics,"Thu, 14 May 2026 07:00:00 GMT",https://news.google.com/rss/articles/CBMiogFBVV95cUxQcDEtNk9TdkVsN1NiS0h4bUN0RktHUl95Sk9JUERUZ28zSHBsaWJYUXFEbG43OHFsN2ZCbFprSTU2OFJWMVphMzRuR3dsMVd5RldQQWxoby1nZ0VDN19CMEVJWkpSN2JpaFpnNTZuMWQ0VEROYkdVTjJuX2R1dU5FczNkcnFxa2NocGppRzUtOGM3YkJLTkJuTkI1aUtRV1hXOUE?oc=5
2026-09-13,冷却・熱管理,"NTT, Inc.",9432.T,テーマ関連ニュース,⚪ 監視,38,成長テーマとの関連 / 企業を特定 / ROEが強い / 営業CFプラス / 利益の質が良好 / 下値支持候補,主要な警戒条件は未検出,13.922345,1.4512266,3.7015407753475893,5.139788629135045,6.993787279765273,1.49兆,10.7130006,未取得,14.27兆,良好,低バリュートラップ条件なし,低,還元水準は比較的高い,152～153円 / 151～151円 / 150～151円,下値支持候補,NTTドコモビジネスと東電PG、都市部に「液冷式コンテナー型DC」を展開 - Yahoo!ニュース,NTTドコモビジネスと東電PG、都市部に「液冷式コンテナー型DC」を展開 - Yahoo!ニュース,"Fri, 28 Aug 2026 07:00:00 GMT",https://news.google.com/rss/articles/CBMif0FVX3lxTE9MZF95MG1rcGp4R0xMblBKeTQ1Q0dfOUNoc2ZNTk5SZTdBaEtkQ3hYRklLanZiTXBEMUlPcnJvcmdfRVRPN01qU01ZV1RHRHptZVFkUjQtcWZnY2ctM2ZycnJ6XzJmQUx4cXY1WXB5d3lETUdJbWtWWWtScW1VWWc?oc=5
2026-09-13,その他,Bimergen Energy Corporation,BESS,量産・生産開始,⚪ 監視,38,企業を特定 / 営業利益成長が強い / EPS成長が強い / 営業CFプラス / 配当性向引き上げ余地が高い,ROE悪化 / バリュートラップ警戒 / 上値しこり,未取得,0.64792967,80.34758839563736,未取得,78.66406692062402,87.8万,-20.209,未取得,2143.5万,要確認,警戒,高,要IR確認,3～4円 / 6～6円 / 3～3円,上値しこり警戒,"BESS Industry Buzz: Beijing's manufacturing ban, 'responsible' data centre policy, LDES economics and more - Energy-Storage.News","BESS Industry Buzz: Beijing's manufacturing ban, 'responsible' data centre policy, LDES economics and more - Energy-Storage.News","Fri, 11 Sep 2026 13:07:15 GMT",https://news.google.com/rss/articles/CBMizgFBVV95cUxQVzhrb1BEQkZMX0pkd0dVa21DZWg3N0pSTUxQR3o2SjNjblJhZmN5eV92alpSblo2VVhEa25qamJab2VmaVpIdTM4LWhTbUFGaHY0SGdFWVRpbjdRLWo5UlE0X1V5anFCVXFYSGtPVnZwRUlpWTN4WTVaaVRwWEJFakFYcHEzbHZ2cnllejVLdnpoLUxHaENfYkRoTEdGSHlZMnNhXzd5SDRwTHdza08xcmJWZ2ttVFRzUXYtVk80UWI4SHNSU19RNER5dkFodw?oc=5
2026-09-13,AIデータセンター,Huge Amount Group Ltd,OCP,テーマ関連ニュース,⚪ 監視,38,成長テーマとの関連 / 企業を特定 / 売上成長が強い / 営業CFプラス / 利益の質が良好,主要な警戒条件は未検出,未取得,未取得,6.352413019079695,25.360175555767572,-1.7250484069706085,170.3万,未取得,未取得,未取得,良好,低バリュートラップ条件なし,未判定,要IR確認,未取得,未判定,Americase International Regulatory Expert Contributes to OCP Guidance on Data Center Energy Storage Safety - Morningstar,Americase International Regulatory Expert Contributes to OCP Guidance on Data Center Energy Storage Safety - Morningstar,"Tue, 08 Sep 2026 18:04:00 GMT",https://news.google.com/rss/articles/CBMi-wFBVV95cUxOTmpoWXNEcmpnTkU5Yi1pQ1Y4UmJMbUY4YkhFV2pEWnJQajNTcGdyRV9LTUVmUS1RdDdLaTBRU0hxMnk0OTBXcFd3VkdyMVU0U3NVUlR3azBuNm95UHg5d2xCLURSQzNIN2ZTMkMwa0lpLXhDYWVzVHloY1ZuaGpYdC15MHdacC1WWk9rQkRKWWltU04xUmt3U2NDdVF5eTlTYnNMVFl2b3JXQ21MM2YxbFNjWVFRbGdvT2k1bmFha19faTlzSEJvVHRNQTJ2S1ZFSE15N09kaF92M2lpMXp1blVVbTJkUEtpeDlja2ZZaXAyekFMUnF2c2l0VQ?oc=5
2026-09-13,AIデータセンター,"NTT, Inc.",9432.T,テーマ関連ニュース,⚪ 監視,38,成長テーマとの関連 / 企業を特定 / ROEが強い / 営業CFプラス / 利益の質が良好 / 下値支持候補,主要な警戒条件は未検出,13.922345,1.4512266,3.7015407753475893,5.139788629135045,6.993787279765273,1.49兆,10.7130006,未取得,14.27兆,良好,低バリュートラップ条件なし,低,還元水準は比較的高い,152～153円 / 151～151円 / 150～151円,下値支持候補,電力系統安定化に向けデータセンター事業者として需給調整市場に参入へ - NTT Data,電力系統安定化に向けデータセンター事業者として需給調整市場に参入へ - NTT Data,"Thu, 25 Jun 2026 07:00:00 GMT",https://news.google.com/rss/articles/CBMia0FVX3lxTE1zZGY1YnpueTJrZlkwc1BTTGd5eHJTSW5NLUY0dkVkSVZrTF9uY0JqU0hiWURLRjVUX05BaWZ3eFZKTV8yai1xb0Q3Q2s0RUVNb1lVcXRRbEl3VDZza3J4TUdhSmFWQzZMdHZV?oc=5
2026-09-13,電力・蓄電,SoftBank Corp.,9434.T,テーマ関連ニュース,⚪ 監視,38,成長テーマとの関連 / 企業を特定 / ROEが強い / 営業CFプラス / 利益の質が良好 / 下値支持候補,主要な警戒条件は未検出,21.927176,4.056452,4.6805655604191365,7.553554983085409,5.415483672660493,1.37兆,16.712,未取得,11.81兆,良好,低バリュートラップ条件なし,低,還元水準は比較的高い,216～217円 / 215～216円 / 214～215円,下値支持候補,AI時代を支える次世代電力インフラの構築に向けて、 ギガワット時規模の国産バッテリー事業を開始 - ソフトバンク,AI時代を支える次世代電力インフラの構築に向けて、 ギガワット時規模の国産バッテリー事業を開始 - ソフトバンク,"Mon, 11 May 2026 07:00:00 GMT",https://news.google.com/rss/articles/CBMib0FVX3lxTE5MNkNHT2VyM3h4dnIwanBNQU9QTkN1dEZNbjYxeWhLcGE1ZllzUFNEbGViWm9YOWpoRTN3QnNwN2dEQndrVjZndG5taHkta2ZkMjVkRXNYOWRaR3JtOWltQThlam4yaDVodlFlMFZwNA?oc=5
2026-09-13,半導体,"Amkor Technology, Inc.",AMKR,テーマ関連ニュース,⚪ 監視,38,成長テーマとの関連 / 企業を特定 / ROEが強い / 営業CFプラス / 利益の質が良好 / 株主還元余地,主要な警戒条件は未検出,23.19731,2.758492,5.616476277640303,6.17771489968173,6.598168569180407,11.0億,12.514,未取得,128.2億,良好,低バリュートラップ条件なし,中,利益成長に対して還元余地あり,48～49円 / 19～20円 / 50～52円,主要価格帯付近,Amkor Technology Expands Arizona Advanced Packaging Investment To $12 Billion - Pulse 2.0,Amkor Technology Expands Arizona Advanced Packaging Investment To $12 Billion - Pulse 2.0,"Wed, 09 Sep 2026 15:23:22 GMT",https://news.google.com/rss/articles/CBMinAFBVV95cUxNV01oMnBsVVFUdzRpVWhTUU5KTlhNeXJFS0d3NmRBeEdpRVI4bGtRR1VSRDAwb2Y3dnc5ei1oVXY3czM5ajRvN2tjRkVzM29fSzVtZUxTdmNFNjhlTldydmFjUnB2TTdMVnZKLUN2ZHl5Y05WR2p4TUVHT3FqZ0tMR2lyX3NMbTJVcTFlUUdxZW51ZXZXTVc0SVRubnDSAaIBQVVfeXFMT0lMenpWMjRDaHpjWmVmMFNKTlU2SUJxTmJfR0lsVUpJWWlrWHdMOVdhMjBETlhZUExzODA1bWg2OS1nM1hGYnZPeUdKNnVDUFRaanBvUUtFcFlyQUJ0YmUyZ2EyY1R5eDk2NlFTSEx3aERYbFBXOGhvaTNscVJTSXB1XzJobElRSnJSLVBiOEc1YnJQWmlYcWZwUy1Ya3dGZnJ3?oc=5
2026-09-13,半導体,"Amkor Technology, Inc.",AMKR,テーマ関連ニュース,⚪ 監視,38,成長テーマとの関連 / 企業を特定 / ROEが強い / 営業CFプラス / 利益の質が良好 / 株主還元余地,主要な警戒条件は未検出,23.19731,2.758492,5.616476277640303,6.17771489968173,6.598168569180407,11.0億,12.514,未取得,128.2億,良好,低バリュートラップ条件なし,中,利益成長に対して還元余地あり,48～49円 / 19～20円 / 50～52円,主要価格帯付近,Amkor Technology Announces Phase 2 of Arizona Advanced Packaging and Test Campus; Expands Investment to $12 Billion - Business Wire,Amkor Technology Announces Phase 2 of Arizona Advanced Packaging and Test Campus; Expands Investment to $12 Billion - Business Wire,"Tue, 08 Sep 2026 21:00:00 GMT",https://news.google.com/rss/articles/CBMigwJBVV95cUxPQ2RXdXo4XzVvUHhZNV9LdVlEcEpqQ1ZlSE1WX0dPM1RkeE9UajBoWXJHbFJ3S3VWN0xocnZlaWMxWkZ1cHhsSkl1RjdpV2M2ZGl6QkxrcGZtMXFESm1BQ3JRdm1jZDdpeFNfVXZYREVNX213U3lXS2VEY3hxbWNvOFFFNzlLZlBGQk5tS0hDWHIzLVZRTkZpbktIOXdyZkY3aUVsWmppTGZfbV9jUVEwd0NlRXduNnk3MFZBOGFHSmlROXRPN29aMHlRT0FlcGw4UVFnQXd5X0hzNjNNaTRCNEpHQ0JWRlgyRzYyOWxTbGZDR0I2RlNxamxHb1JqNmtyd1k0?oc=5
2026-09-13,半導体,"Agilent Technologies, Inc.",A,テーマ関連ニュース,⚪ 監視,38,成長テーマとの関連 / 企業を特定 / ROEが強い / 営業CFプラス / 利益の質が良好 / 株主還元余地,主要な警戒条件は未検出,28.980274,5.626699,1.0861132660977546,6.728110599078341,-0.6048387096774244,15.6億,20.971,未取得,414.2億,良好,低バリュートラップ条件なし,中,利益成長に対して還元余地あり,135～136円 / 111～112円 / 120～121円,主要価格帯付近,RPU: A Chiplet-Based Architecture To Address The Challenges of the Modern Memory Wall (Harvard University) - Semiconductor Engineering,RPU: A Chiplet-Based Architecture To Address The Challenges of the Modern Memory Wall (Harvard University) - Semiconductor Engineering,"Wed, 04 Mar 2026 08:00:00 GMT",https://news.google.com/rss/articles/CBMizAFBVV95cUxQYVZ3NjBaemJXejJSNzdSa3JZdGdmN1NBQVlJcTlfVHB0cjNFQnNmWlc0LXVLdUZxNXhFdjJ5RHpPY1BjdEV4TWNZYnRnUW9lZkRMaHNLbVE2WUVkbEhMNndxMTdKWDR1anlVbmVvSGRxV001cUJhZzRYQkE4aUJKelNBNl9SMXdTYUlMQVdCN0RxX25PdzlDcWVaSHZkelB1a2xiWDY5MElsanRyRVlmTzF2bmY1aHpSbmhKd1VFdDJTa3BObnRwVWQtWUU?oc=5
2026-09-13,半導体,"Agilent Technologies, Inc.",A,テーマ関連ニュース,⚪ 監視,38,成長テーマとの関連 / 企業を特定 / ROEが強い / 営業CFプラス / 利益の質が良好 / 株主還元余地,主要な警戒条件は未検出,28.980274,5.626699,1.0861132660977546,6.728110599078341,-0.6048387096774244,15.6億,20.971,未取得,414.2億,良好,低バリュートラップ条件なし,中,利益成長に対して還元余地あり,135～136円 / 111～112円 / 120～121円,主要価格帯付近,"Chiplets: A Technology, Not A Market - Semiconductor Engineering","Chiplets: A Technology, Not A Market - Semiconductor Engineering","Thu, 06 Mar 2025 08:00:00 GMT",https://news.google.com/rss/articles/CBMicEFVX3lxTE8td2VZYWI4Z0M0dmxoMGZVclc3RE1MZlYzeWFkR2hIVm54MTRrR2wtb2ZmUlM5bU10WjB1Rk5rRlBjZzdSb3VRa2VhUER0cm9HRmdDQ0VDYUtrakhBLUhPeVA1T2JvNW9FYTFZaFQtVU4?oc=5
2026-09-13,半導体,"Agilent Technologies, Inc.",A,テーマ関連ニュース,⚪ 監視,38,成長テーマとの関連 / 企業を特定 / ROEが強い / 営業CFプラス / 利益の質が良好 / 株主還元余地,主要な警戒条件は未検出,28.980274,5.626699,1.0861132660977546,6.728110599078341,-0.6048387096774244,15.6億,20.971,未取得,414.2億,良好,低バリュートラップ条件なし,中,利益成長に対して還元余地あり,135～136円 / 111～112円 / 120～121円,主要価格帯付近,A new approach for 10 kV GaN - Compound Semiconductor,A new approach for 10 kV GaN - Compound Semiconductor,"Fri, 17 Apr 2026 07:00:00 GMT",https://news.google.com/rss/articles/CBMigwFBVV95cUxOejVIelRyeFhSdGx4Y3JjUTEtajVFTW5iSl9OMTgxOUVBM3pQUm5kZnRCUmY0SGhnRnpOaVJRYzBzZkZCRU9TS2hzN1JJV0JjSnRJS1RkbUc2Z3N0dlZTTmNjVmVzdmZsUkIwb25ieE5iQ2VxU1RUdlFYalNTQ0FvWm1Kcw?oc=5
2026-09-13,半導体,"Halows Co.,Ltd.",2742.T,テーマ関連ニュース,⚪ 監視,38,成長テーマとの関連 / 企業を特定 / ROEが強い / 営業CFプラス / 利益の質が良好 / 株主還元余地,主要な警戒条件は未検出,9.310987,1.0542629,0.8302479524290307,7.1017456619422825,1.6452190910571707,262.0億,11.7130004,未取得,832.6億,良好,低バリュエーションだが要精査,中,利益成長に対して還元余地あり,3932～3960円 / 3960～3988円 / 4129～4157円,主要価格帯付近,中国パワー半導体市場、35年に3兆2742億円規模に 価格競争さらに激化 - EE Times Japan,中国パワー半導体市場、35年に3兆2742億円規模に 価格競争さらに激化 - EE Times Japan,"Thu, 06 Aug 2026 07:00:00 GMT",https://news.google.com/rss/articles/CBMib0FVX3lxTE53YkJHT0dTNEVGTVFmdHk2Z3kzMTJlMEtoRVAtOGhhOGJOd2kzZWZLMndWSmZ6NzM5T1NsNFVxQ3ZYS1hya05iMU5nYlg0QzlpalUwdlhQY1lkYi1DU3RWM21Wc2RHN1VYUWpqVWlTcw?oc=5
2026-09-13,宇宙,SoftBank Corp.,9434.T,テーマ関連ニュース,⚪ 監視,38,成長テーマとの関連 / 企業を特定 / ROEが強い / 営業CFプラス / 利益の質が良好 / 下値支持候補,主要な警戒条件は未検出,21.927176,4.056452,4.6805655604191365,7.553554983085409,5.415483672660493,1.37兆,16.712,未取得,11.81兆,良好,低バリュートラップ条件なし,低,還元水準は比較的高い,216～217円 / 215～216円 / 214～215円,下値支持候補,【後編】光無線通信で実現できるNTNネットワークとは？大気を越えて宇宙へ - ソフトバンク,【後編】光無線通信で実現できるNTNネットワークとは？大気を越えて宇宙へ - ソフトバンク,"Fri, 24 Jul 2026 07:00:00 GMT",https://news.google.com/rss/articles/CBMibEFVX3lxTFBVVlBDQVRjTFM0UHhIbEUyRWR1bTFieVI2Y0ExblVTeHduMndnSHpsTHRUYi1zS2gwUmEyN2lMdzNXTlBXSE1JdWNsZWF5SnBnT05uUXNFeGp2aHlCT21kbDBUU0daMEhzRHdWSQ?oc=5
2026-09-13,光通信,"NTT, Inc.",9432.T,テーマ関連ニュース,⚪ 監視,38,成長テーマとの関連 / 企業を特定 / ROEが強い / 営業CFプラス / 利益の質が良好 / 下値支持候補,主要な警戒条件は未検出,13.922345,1.4512266,3.7015407753475893,5.139788629135045,6.993787279765273,1.49兆,10.7130006,未取得,14.27兆,良好,低バリュートラップ条件なし,低,還元水準は比較的高い,152～153円 / 151～151円 / 150～151円,下値支持候補,NTT、IOWN用通信チップを宇宙へ 光電融合で「スペースX超え」速度（2ページ目） - 日経クロステック,NTT、IOWN用通信チップを宇宙へ 光電融合で「スペースX超え」速度（2ページ目） - 日経クロステック,"Tue, 28 Jul 2026 07:00:00 GMT",https://news.google.com/rss/articles/CBMickFVX3lxTE1CVzdKWE1MdnFXYlNtZEVsQTQ2SlZLNEdiWXpTYU8zbkxSVlNxR2JneDZ6X1hqbm5SNkI0dXB0bHpJNktucDh5cUVCbVZqU2RsSWRoWnNHdVRqaEpHVFlTUS1DUmEwZFoyRlIzVTc1eUZQdw?oc=5
2026-09-13,AIデータセンター,SoftBank Corp.,9434.T,テーマ関連ニュース,⚪ 監視,38,成長テーマとの関連 / 企業を特定 / ROEが強い / 営業CFプラス / 利益の質が良好 / 下値支持候補,主要な警戒条件は未検出,21.927176,4.056452,4.6805655604191365,7.553554983085409,5.415483672660493,1.37兆,16.712,未取得,11.81兆,良好,低バリュートラップ条件なし,低,還元水準は比較的高い,216～217円 / 215～216円 / 214～215円,下値支持候補,マスク氏、2027年の軌道上AIデータセンター稼働を目標に掲げる——ソフトバンク、OpenAIとコスト・実現性で衝突 - BigGo ファイナンス,マスク氏、2027年の軌道上AIデータセンター稼働を目標に掲げる——ソフトバンク、OpenAIとコスト・実現性で衝突 - BigGo ファイナンス,"Tue, 14 Jul 2026 07:00:00 GMT",https://news.google.com/rss/articles/CBMidEFVX3lxTE02SGtGRE54S2pYYjRJbWFlQmJtdWZGZ01vWlFOOTlzUVg0NVUzSVBuTEFNLWhuRkNEQWhHdjVaUFJaQjZ5V1o3UzNtdUVJZkFqNzdXbnlJMnZibGxHNFUxRjA1aXJneGtXZ2k2TWhXdC12MDdZ?oc=5
2026-09-13,電力・蓄電,"NTT, Inc.",9432.T,テーマ関連ニュース,⚪ 監視,38,成長テーマとの関連 / 企業を特定 / ROEが強い / 営業CFプラス / 利益の質が良好 / 下値支持候補,主要な警戒条件は未検出,13.922345,1.4512266,3.7015407753475893,5.139788629135045,6.993787279765273,1.49兆,10.7130006,未取得,14.27兆,良好,低バリュートラップ条件なし,低,還元水準は比較的高い,152～153円 / 151～151円 / 150～151円,下値支持候補,「宇宙で発電、地球や月へ」 NTTが目指すレーザー光でワイヤレス電力伝送 - ビジネスネットワーク,「宇宙で発電、地球や月へ」 NTTが目指すレーザー光でワイヤレス電力伝送 - ビジネスネットワーク,"Wed, 15 Apr 2026 07:00:00 GMT",https://news.google.com/rss/articles/CBMiU0FVX3lxTE96c3dDb2VLQ2VjcVYwTUtGdG80aUc0RmN6Uld6SHYyeFRQZ0tkYTBZbThxX0RQQ29TbmN4dzl4U3BqWk9veW42eE5ub1h0UnA4SmQ4?oc=5
2026-09-13,AIデータセンター,未特定,未特定,大企業との提携 / 研究開発,⚪ 監視,37,企業未特定。ニュースの材料を監視,企業特定後に要再評価,未取得,未取得,未取得,未取得,未取得,未取得,未取得,未取得,未取得,未判定,未判定,未判定,未判定,未取得,未判定,SpaceXとNVIDIAが最強タッグ、宇宙データセンター用のAI衛星を共同開発 - sbbit.jp,SpaceXとNVIDIAが最強タッグ、宇宙データセンター用のAI衛星を共同開発 - sbbit.jp,"Sun, 09 Aug 2026 07:00:00 GMT",https://news.google.com/rss/articles/CBMiT0FVX3lxTFBNYlVjckR6dTFPOUdFcFM0U0g0SEp5SHA1TFJzaDlKLWJ5emJjNTQwYkxJaW52a2U4WG16M3I1NmZlS0xHTHdJQ2c0TmNsVUE?oc=5
2026-09-13,光通信,未特定,未特定,大企業との提携 / 研究開発,⚪ 監視,37,企業未特定。ニュースの材料を監視,企業特定後に要再評価,未取得,未取得,未取得,未取得,未取得,未取得,未取得,未取得,未取得,未判定,未判定,未判定,未判定,未取得,未判定,総務省とルクセンブルクが「宇宙通信・AI」協力で合意！ 衛星光通信の共同開発からサイバー対策まで。 - dxmagazine.jp,総務省とルクセンブルクが「宇宙通信・AI」協力で合意！ 衛星光通信の共同開発からサイバー対策まで。 - dxmagazine.jp,"Wed, 06 May 2026 05:51:07 GMT",https://news.google.com/rss/articles/CBMiT0FVX3lxTE9TS1J4VzFHQUsxdWJKcXVldjNleTRRMlBvTzNOSElocjFNdm4wVzRmT190cXVqcE41QzBZSHBEVzhUODllVWhYMUV5UXBWRkU?oc=5
2026-09-13,光通信,Enpro Inc.,NPO,テーマ関連ニュース,⚪ 監視,36,成長テーマとの関連 / 企業を特定 / 営業利益成長が強い / 営業CFプラス / 利益の質が良好 / 下値支持候補,EPS成長悪化,145.16425,4.0062127,-44.44444444444444,9.020692285687048,10.505050505050505,2.0億,2.86,未取得,63.6億,良好,低バリュートラップ条件なし,低,還元水準は比較的高い,225～229円 / 221～225円 / 217～221円,下値支持候補,Near-packaged optics (NPO) gains ground as the industry hedges against CPO's growing pains — analysts say volume for NPO silicon photonics products will extend until the end of the decade - Tom's Hardware,Near-packaged optics (NPO) gains ground as the industry hedges against CPO's growing pains — analysts say volume for NPO silicon photonics products will extend until the end of the decade - Tom's Hardware,"Thu, 13 Aug 2026 07:00:00 GMT",https://news.google.com/rss/articles/CBMi2AFBVV95cUxNWkZ2UVRZdVpoQWYtai0xMENGN2l0dG1fQ0FIR296YkFDRFBwVnZhSml0ZDJmczRzU1kxX2w5bzJUUEQ0WjNpRmZITnJHcWdzd1dDQ1dSX01DZlN6d3NSN1pXRkx6NjhqcWh6RFlheHMyTFA4SXJxanVNUENhNU1IWjVwUy1LenlmelJrRG5RdUc1SlNfelY4TF9vYVRTX2Y3VFBFcnBXaFVrXzBnNE1GeFBESFE2Vk91VHJXRm1RTzBXTkRrMm5ORHU5YUZqaDdselVHWVFzZlU?oc=5
2026-09-13,AIデータセンター,"Gartner, Inc.",IT,テーマ関連ニュース,⚪ 監視,36,成長テーマとの関連 / 企業を特定 / ROEが強い / 営業CFプラス / 利益の質が良好 / 株主還元余地 / 下値支持候補,EPS成長悪化,16.150179,-69.12625,-41.83438819827473,3.66682510529468,1.5943694588942847,12.9億,113.581,未取得,113.4億,良好,低バリュエーションだが要精査,中,利益成長に対して還元余地あり,154～161円 / 147～154円 / 239～246円,下値支持候補,Immersion cooling and IT reliability: What do the numbers say? - Data Center Dynamics,Immersion cooling and IT reliability: What do the numbers say? - Data Center Dynamics,"Tue, 13 Jan 2026 08:00:00 GMT",https://news.google.com/rss/articles/CBMirAFBVV95cUxQb0tLVTJnUmhIRFFySU1peTIzVEVCMGRHOWtUdlJkMzRwNncwU3MzUVNmbEJ3eHFuLW00NUlhZFVQTEtKM2VUUVlGWHk0bEtZaHBHNXk4WEM1RDNFQlhXQ0V4bTA1SkVtcHVHaG1mckZoVDdXQjV4WWJrNERiZ1lMRWNCS1MzUUFrRU9IUzVCQjJyQWZMS0xVeWZQYjQyT1JlMUpMa0dxTDh2emtM?oc=5
2026-09-13,光通信,TIMES,TIMES,特許・技術,⚪ 監視,35,成長テーマとの関連 / 企業を特定,主要な警戒条件は未検出,未取得,未取得,未取得,未取得,未取得,未取得,未取得,未取得,未取得,未判定,低バリュートラップ条件なし,未判定,要IR確認,未取得,未判定,光電融合の最終段階「シリコンフォトニクス」 ～生成AIを支えるデバイス技術のグラント・論文・特許～ - PR TIMES,光電融合の最終段階「シリコンフォトニクス」 ～生成AIを支えるデバイス技術のグラント・論文・特許～ - PR TIMES,"Thu, 05 Feb 2026 08:00:00 GMT",https://news.google.com/rss/articles/CBMiakFVX3lxTFBLSW82Y1pNbF9MVGJzTW1CRjNpbTdjU0pZLW1pd0RqdEhrTVZ4Q01BTnZWaVJiT0R6OVg3UUttS3BiYUJCWkxXdGloNGNMcWlNYzRRaE85T0dXZUJvM0VNc0RNTjA1ZU15bkE?oc=5
2026-09-13,その他,LDES,LDES,量産・生産開始,⚪ 監視,35,企業を特定,主要な警戒条件は未検出,未取得,未取得,未取得,未取得,未取得,未取得,未取得,未取得,未取得,未判定,低バリュートラップ条件なし,未判定,要IR確認,未取得,未判定,"BESS Industry Buzz: Beijing's manufacturing ban, 'responsible' data centre policy, LDES economics and more - Energy-Storage.News","BESS Industry Buzz: Beijing's manufacturing ban, 'responsible' data centre policy, LDES economics and more - Energy-Storage.News","Fri, 11 Sep 2026 13:07:15 GMT",https://news.google.com/rss/articles/CBMizgFBVV95cUxQVzhrb1BEQkZMX0pkd0dVa21DZWg3N0pSTUxQR3o2SjNjblJhZmN5eV92alpSblo2VVhEa25qamJab2VmaVpIdTM4LWhTbUFGaHY0SGdFWVRpbjdRLWo5UlE0X1V5anFCVXFYSGtPVnZwRUlpWTN4WTVaaVRwWEJFakFYcHEzbHZ2cnllejVLdnpoLUxHaENfYkRoTEdGSHlZMnNhXzd5SDRwTHdza08xcmJWZ2ttVFRzUXYtVk80UWI4SHNSU19RNER5dkFodw?oc=5
2026-09-13,半導体,EMIB,EMIB,特許・技術,⚪ 監視,35,成長テーマとの関連 / 企業を特定,主要な警戒条件は未検出,未取得,未取得,未取得,未取得,未取得,未取得,未取得,未取得,未取得,未判定,低バリュートラップ条件なし,未判定,要IR確認,未取得,未判定,"OpenAI Patent Reveals Custom AI Chip With 20 HBM Stacks, Using Intel EMIB-Style Bridges to Smash Current Limits - Wccftech","OpenAI Patent Reveals Custom AI Chip With 20 HBM Stacks, Using Intel EMIB-Style Bridges to Smash Current Limits - Wccftech","Wed, 22 Apr 2026 07:00:00 GMT",https://news.google.com/rss/articles/CBMinwFBVV95cUxPcVRvOV91ZXhSQkZpQjdWcEJHbGpMMDZOOTZvZldZV0QzdTl5cjB1RmtrSjNxd0NlQlJ6aHluam9xTTNJY0RhTjlmSFI4UWYyZVcyalZWdWNKZW5NWW5LZkJVNTZhTzFOVExTNnoya2tjdVdxalZ6cjFmZUhmQ3J1WWE2elQ1VTFfajdGdkxPc0tBNkctSl8xczFkcmpGelXSAaQBQVVfeXFMUGJWcUZHTW1zNkdaUGFrMWt5RDQ3ZUdVczJHMGFxR1RUQ1BERmlzMjAyRW1yRW1QZ3ExNXBkOGZDYlRQVTNpSVAtejJHa2xQbDlYaWFkc3JocTJraUZxNGE2ZEZsOW1SemR6c3RNX2g5UlZEeDZOVElrcm9Jc2dfcjk4OU5zeUlMeDRDLVJhTFJLbnZ1UGJheTAzM3NHZE1VaGFoVmw?oc=5
2026-09-13,半導体,TIMES,TIMES,特許・技術,⚪ 監視,35,成長テーマとの関連 / 企業を特定,主要な警戒条件は未検出,未取得,未取得,未取得,未取得,未取得,未取得,未取得,未取得,未取得,未判定,低バリュートラップ条件なし,未判定,要IR確認,未取得,未判定,7月29日(水) AndTech「SiC・GaNパワーデバイスの最新技術と応用展開～xEV・AIサーバーを支える半導体、熱マネジメント材料および社会実装技術～」Zoomセミナーを開講予定 - PR TIMES,7月29日(水) AndTech「SiC・GaNパワーデバイスの最新技術と応用展開～xEV・AIサーバーを支える半導体、熱マネジメント材料および社会実装技術～」Zoomセミナーを開講予定 - PR TIMES,"Fri, 26 Jun 2026 07:00:00 GMT",https://news.google.com/rss/articles/CBMiakFVX3lxTE1rRENJTnRnNlpHY25wc0xBRGVMZTlGZDAzc05WX1FRTHRSWXo0WklhSEtaSEdneDFUekJmcHd1TnZ1TGcxMFJpREhOQVpqazhaUG1KSGUtX3Axb3VfZkQ3a2xRNVc2UEpjd1E?oc=5
2026-09-13,その他,U.S,U.S,量産・生産開始,⚪ 監視,35,企業を特定,主要な警戒条件は未検出,未取得,未取得,未取得,未取得,未取得,未取得,未取得,未取得,未取得,未判定,低バリュートラップ条件なし,未判定,要IR確認,未取得,未判定,"U.S. DOE seeks ‘mass, radiation tolerance, and durability’ in space solar cell manufacturing - pv magazine Global","U.S. DOE seeks ‘mass, radiation tolerance, and durability’ in space solar cell manufacturing - pv magazine Global","Sat, 12 Sep 2026 08:31:23 GMT",https://news.google.com/rss/articles/CBMiwAFBVV95cUxPeHNTUXFaRzZOb0U5bUlLakk1UmxLZ2E2SV91bDM1WVNuUWNWeDlLMEplblgzVk5rWEMxNDBHd0h6bEl4UEpPSzFYWmlGdTNZamR5aGpOTF9welpWS2ZJdlFJTmZVUGZIUmUwTENWc2NsSUYtN2M5Rnk4Nm52RTlydl9aeG1KUHhsTzVRWEJZeVkzSUpJMFRfUDdHMVl6VW1PczVWYmNLT2E0LWlTUmM3NHlyR2poUnpqVkdZSlViOHM?oc=5
2026-09-13,光通信,Tower Semiconductor Ltd.,TSEM,テーマ関連ニュース,⚪ 監視,33,成長テーマとの関連 / 企業を特定 / 営業CFプラス / 利益の質が良好 / 下値支持候補,主要な警戒条件は未検出,83.2756,7.747134,6.064542200669676,9.050902360662949,4.932880828343533,4.0億,9.979000000000001,未取得,239.1億,良好,低バリュートラップ条件なし,中,要IR確認,44～49円 / 39～44円 / 49～54円,下値支持候補,Is Tower Semiconductor (TSEM) Undervalued Or Fully Valued Following Its Silicon Photonics Ramp? - simplywall.st,Is Tower Semiconductor (TSEM) Undervalued Or Fully Valued Following Its Silicon Photonics Ramp? - simplywall.st,"Wed, 09 Sep 2026 04:48:15 GMT",https://news.google.com/rss/articles/CBMi3AFBVV95cUxNaml4ZGJQWldnX1B4LTgwVHJPMDFPOHVTSFBJcUM5UU1UVXU0ck4xeGIxQUFRRzkyeEVxbEZsNFMwbjlOTTJtV0QzTk51a0xuZWRGeExZaG9HNEw5MlN5MXV5NTBaMjZBNVBYUWxoblphRkFRMVNDOW52cG9sa2JTbU9nUkZvMkc4T1ZPa1U2N2pHMk5hU0d2cjdSSExuV2czY3l3ejRoWjZmYkROZUVBZnBVUEdrUW1yWWJEU2VFYzlibVEycVJQRWUzQTUxSUxrbjFQNXJKekd3VWx30gHiAUFVX3lxTE53VWNRRDRGR1k2WkdEUnUyVmRxejd4VWlWZzk4QmhOSWpFWm12S2d1ZS1QVXBPYzZ2NWRHWS10NmljR2s4TW92OU1HTVpBalpsbkxmR1pOdG0td28zZ01fWFJwYWptclhqa1pPb2tFUGYySUFUMmF5bXozd0hYX0thdXBLOGZTa1c1cUFWYWVObkpvOFpqZHFKWldpMmFIdGNYaTRtbUVUR212UFVWSzMyUGFoSmtkMDhUNU1VZHVza3AtaUp3dWxfUTg3Y0pheFd6VUMwT2ZDT2tqMWhfeWMwTEE?oc=5
2026-09-13,その他,Citigroup Inc.,C,特許・技術,⚪ 監視,33,企業を特定 / EPS成長が強い / 下値支持候補,営業CFマイナス,14.975189,1.2098869,12.805551174893548,5.628966679888925,未取得,-676.3億,8.529,未取得,2328.6億,未判定,低バリュートラップ条件なし,中,要IR確認,71～72円 / 68～69円 / 62～63円,下値支持候補,Hotter Than a Hot Tub: The 45°C Breakthrough to Cool AI’s Biggest Machines - NVIDIA Blog,Hotter Than a Hot Tub: The 45°C Breakthrough to Cool AI’s Biggest Machines - NVIDIA Blog,"Sun, 21 Jun 2026 07:00:00 GMT",https://news.google.com/rss/articles/CBMiakFVX3lxTFBSN3d6OG5pZ2hJSkZ5cHhhWUxONkEyRzV0V3FwaGpNbERTSmpiU1ZkVzc4d0Vkc0Vic3J2Z3FMVkdza1M1aEE5TDJBb1NsekFGaWtVUjVEQ3VSSXFtbC1vRi1nVHdZb2pJN0E?oc=5
2026-09-13,AIデータセンター,NBC,NBC,研究開発,⚪ 監視,32,成長テーマとの関連 / 企業を特定,主要な警戒条件は未検出,未取得,未取得,未取得,未取得,未取得,未取得,未取得,未取得,未取得,未判定,低バリュートラップ条件なし,未判定,要IR確認,未取得,未判定,Healey announces new regulations on data center development in Mass. - NBC Boston,Healey announces new regulations on data center development in Mass. - NBC Boston,"Tue, 08 Sep 2026 13:23:40 GMT",https://news.google.com/rss/articles/CBMiowFBVV95cUxNSmVxUDh4OEFDOW1IVFg5U0NyTGJBcHpvQzFad3I4Tk9IOUtTdEFRakhSRVhldUhvUU5ZSWgzeVNFeVNMXzNCaUJZQ242YV9FSTZiN1gtYmxXdTBwaE5Ka01jZHQtMVZaSkh3S0ZMQnhFMHItRy1KNGJ4eFlUREhueGVQRHVWOEhiYllvdkNhRklkOEo5Y3B4NWJaMmJVM1VEeFlB0gGrAUFVX3lxTE15T1NzVE1lSFFncWZET1ljTDQtdVJtejRsWE93WXNxNEcxcGZmcjlfRmp6UTV0Vm54MGZZcGllRkpPYi1TUHozclhhb2lHUzRzM0xGRXdCcllIVV9mbmxBNjlsZWpKVnluMGs3QmhIczBRMFBTUmFmcUltQ0h5elpPZVQxM2hRbWRocHVkc1hJS25ZT0JtTnFiSkpHX2NUWll0NW5mZXdVNTA5SQ?oc=5
2026-09-13,AIデータセンター,TIMES,TIMES,研究開発,⚪ 監視,32,成長テーマとの関連 / 企業を特定,主要な警戒条件は未検出,未取得,未取得,未取得,未取得,未取得,未取得,未取得,未取得,未取得,未判定,低バリュートラップ条件なし,未判定,要IR確認,未取得,未判定,fantasista、仙台で200MW規模のAIデータセンター開発に向け、米国オルタナティブ投資運用会社と基本合意 - PR TIMES,fantasista、仙台で200MW規模のAIデータセンター開発に向け、米国オルタナティブ投資運用会社と基本合意 - PR TIMES,"Fri, 11 Sep 2026 07:04:07 GMT",https://news.google.com/rss/articles/CBMiakFVX3lxTE1NZFJIdzYzMDVBTjJDbmd6bkg5MHZvbXdKVXVVUi1YbHRkVUZ1TDhMc2dZTjRUNnREdFNTOTJaYS1JcWZ2RVZtYmp3Ym1ybUlubzdvOUZnQUtwUUpxZkRrQ0hiR3M5MVJvUHc?oc=5
2026-09-13,AIデータセンター,TIMES,TIMES,研究開発,⚪ 監視,32,成長テーマとの関連 / 企業を特定,主要な警戒条件は未検出,未取得,未取得,未取得,未取得,未取得,未取得,未取得,未取得,未取得,未判定,低バリュートラップ条件なし,未判定,要IR確認,未取得,未判定,fantasista、仙台市に200MW規模のAIデータセンターを開発へ - PR TIMES,fantasista、仙台市に200MW規模のAIデータセンターを開発へ - PR TIMES,"Wed, 09 Sep 2026 07:23:35 GMT",https://news.google.com/rss/articles/CBMiakFVX3lxTE14WUpKYVhldW5pUVpSQ184TVRxSHNSZ2F6QTZ1dXFUeGR3djRPTEZxbnZ3WVFZLTUtSEF1Y2p2VV9XTDRyS2NVN3lHcHhJWGs4Z2FvQ1B0R2NCeFdLQ3pvdU1JN1VneWgwaUE?oc=5
2026-09-13,その他,2026,2026.T,戦略的投資,⚪ 監視,32,企業を特定,主要な警戒条件は未検出,未取得,未取得,未取得,未取得,未取得,未取得,未取得,未取得,未取得,未判定,低バリュートラップ条件なし,未判定,要IR確認,未取得,未判定,Ayar Labs Boosts 2026 Funding to $650M | Business | Sep 2026 - photonics.com,Ayar Labs Boosts 2026 Funding to $650M | Business | Sep 2026 - photonics.com,"Fri, 11 Sep 2026 11:02:34 GMT",https://news.google.com/rss/articles/CBMiigFBVV95cUxPQmNXVHd5Q0RNaC1JLTcyMVBWazdaTHFHaWRrVlkwRmozS2EycWdWZTZua2dpdm1Kb09YTWxIMnJXTHVQeVdlSElmNWRPTkJwdmpHM253OW42bnNMVFhZeFRRZEdlNXlqT3lJQTFBclZJamVZWU54OGxDaC1COXJRLWkyOUQ0ZHh6cEE?oc=5
2026-09-13,光通信,193502,NTT,研究開発,⚪ 監視,32,成長テーマとの関連 / 企業を特定,主要な警戒条件は未検出,未取得,未取得,未取得,未取得,未取得,未取得,未取得,未取得,未取得,未判定,低バリュートラップ条件なし,未判定,要IR確認,未取得,未判定,NTT、IOWNを宇宙へ 従来比10倍超の高速光通信モジュール開発へ - Impress Watch,NTT、IOWNを宇宙へ 従来比10倍超の高速光通信モジュール開発へ - Impress Watch,"Thu, 04 Jun 2026 07:00:00 GMT",https://news.google.com/rss/articles/CBMiZEFVX3lxTE1mUkRGU3pxc3dvWGNaQ2s5b1lkOTJWNmhoR19VRzNHZlExS1ZBeVMxSnBWNWhlMFVzdkVfQVR1WWNuVHBEcmw5NU1iYnN3ZkxaR1o3N2xmT25VMTc4TG5NaDA0QTc?oc=5
2026-09-13,光通信,ZDNET,ZDNET,研究開発,⚪ 監視,32,成長テーマとの関連 / 企業を特定,主要な警戒条件は未検出,未取得,未取得,未取得,未取得,未取得,未取得,未取得,未取得,未取得,未判定,低バリュートラップ条件なし,未判定,要IR確認,未取得,未判定,NTTドコモビジネス、広域分散GPU実証環境を提供--8拠点を全光通信網で接続 - ZDNET Japan,NTTドコモビジネス、広域分散GPU実証環境を提供--8拠点を全光通信網で接続 - ZDNET Japan,"Mon, 06 Jul 2026 07:00:00 GMT",https://news.google.com/rss/articles/CBMiU0FVX3lxTE9EUkhWSUZEN2FqYm1PVzZlakFXWVpFZm5aYlVnbW9Hb3gzTlIwV0J5VFg2NUg5WS02TUR6WTlNOUVDdVJ6UUhYSFNwSGoyaURvRXNr?oc=5
2026-09-13,光通信,193502,NTT,研究開発,⚪ 監視,32,成長テーマとの関連 / 企業を特定,主要な警戒条件は未検出,未取得,未取得,未取得,未取得,未取得,未取得,未取得,未取得,未取得,未判定,低バリュートラップ条件なし,未判定,要IR確認,未取得,未判定,NTT、IOWNで宇宙通信大手と装置開発 通信速度10倍超に - 日本経済新聞,NTT、IOWNで宇宙通信大手と装置開発 通信速度10倍超に - 日本経済新聞,"Fri, 05 Jun 2026 07:00:00 GMT",https://news.google.com/rss/articles/CBMibEFVX3lxTE9vbDZWQVhYRWVKOTJvSF9yUmVidzFwMUpDWEFiVXVyVEI1bzB3TFNob2VHYlBYZ2xIMlZTWTVBRnRyNk8yWUthQlBOa05Fa1R2dDlxUnN3dWRUaGFJYVNGNmFORmh4NWJHS25scA?oc=5
2026-09-13,AIデータセンター,2026,2026.T,研究開発,⚪ 監視,32,成長テーマとの関連 / 企業を特定,主要な警戒条件は未検出,未取得,未取得,未取得,未取得,未取得,未取得,未取得,未取得,未取得,未判定,低バリュートラップ条件なし,未判定,要IR確認,未取得,未判定,"Data Center CDU Market Companies, Size & Trends 2026-2035 - Precedence Research","Data Center CDU Market Companies, Size & Trends 2026-2035 - Precedence Research","Wed, 09 Sep 2026 07:00:00 GMT",https://news.google.com/rss/articles/CBMiaEFVX3lxTE1vNWdOY282Z0haZXlUVW55RUFMamVhRGhNRnZGM2psQWtBMGVqRFc2dEo2WnA5MTltbEVMRnFEZVl4QnBfWnRNQWwtOWppaGZkc0locUpFZDFOblk5LWxENGpDYjR0Tklh?oc=5
2026-09-13,AIデータセンター,NEXT NOTES Nikkei 225 VI Futures Index ETN,2035.T,研究開発,⚪ 監視,32,成長テーマとの関連 / 企業を特定,主要な警戒条件は未検出,未取得,未取得,未取得,未取得,未取得,未取得,未取得,未取得,未取得,未判定,低バリュートラップ条件なし,未判定,要IR確認,未取得,未判定,"Data Center CDU Market Companies, Size & Trends 2026-2035 - Precedence Research","Data Center CDU Market Companies, Size & Trends 2026-2035 - Precedence Research","Wed, 09 Sep 2026 07:00:00 GMT",https://news.google.com/rss/articles/CBMiaEFVX3lxTE1vNWdOY282Z0haZXlUVW55RUFMamVhRGhNRnZGM2psQWtBMGVqRFc2dEo2WnA5MTltbEVMRnFEZVl4QnBfWnRNQWwtOWppaGZkc0locUpFZDFOblk5LWxENGpDYjR0Tklh?oc=5
2026-09-13,AIデータセンター,2026,2026.T,研究開発,⚪ 監視,32,成長テーマとの関連 / 企業を特定,主要な警戒条件は未検出,未取得,未取得,未取得,未取得,未取得,未取得,未取得,未取得,未取得,未判定,低バリュートラップ条件なし,未判定,要IR確認,未取得,未判定,"Data Center HVAC Systems Market Size Report, 2026-2033 - Grand View Research","Data Center HVAC Systems Market Size Report, 2026-2033 - Grand View Research","Wed, 09 Sep 2026 06:10:01 GMT",https://news.google.com/rss/articles/CBMilAFBVV95cUxOaTRDd3h3R3BidDROSlZVZUZwMUlWQ2hxWGlHLWNrbFVZX3ZjVGt3UXpKUUpmSDVhN0RKZzB5dm5qeURHblZKTFJZdF9JVUpQVF9VWHA0WTQ3TGZXN2l4NDhYaWVPaVVNbGNFcGx5NmVpcTdFdWo0ZzBtVkNFYzdfdVc2SmttRWhldV9lc0JST0VXSk5F?oc=5
2026-09-13,AIデータセンター,NEXT NOTES KOSPI200 Leverage ETN,2033.T,研究開発,⚪ 監視,32,成長テーマとの関連 / 企業を特定,主要な警戒条件は未検出,未取得,未取得,未取得,未取得,未取得,未取得,未取得,未取得,未取得,未判定,低バリュートラップ条件なし,未判定,要IR確認,未取得,未判定,"Data Center HVAC Systems Market Size Report, 2026-2033 - Grand View Research","Data Center HVAC Systems Market Size Report, 2026-2033 - Grand View Research","Wed, 09 Sep 2026 06:10:01 GMT",https://news.google.com/rss/articles/CBMilAFBVV95cUxOaTRDd3h3R3BidDROSlZVZUZwMUlWQ2hxWGlHLWNrbFVZX3ZjVGt3UXpKUUpmSDVhN0RKZzB5dm5qeURHblZKTFJZdF9JVUpQVF9VWHA0WTQ3TGZXN2l4NDhYaWVPaVVNbGNFcGx5NmVpcTdFdWo0ZzBtVkNFYzdfdVc2SmttRWhldV9lc0JST0VXSk5F?oc=5
2026-09-13,半導体,2026,2026.T,研究開発,⚪ 監視,32,成長テーマとの関連 / 企業を特定,主要な警戒条件は未検出,未取得,未取得,未取得,未取得,未取得,未取得,未取得,未取得,未取得,未判定,低バリュートラップ条件なし,未判定,要IR確認,未取得,未判定,車載パワー半導体モジュール用冷却器世界市場レポート：主要企業、ランキング、成長予測2026-2032｜QYResearch - note,車載パワー半導体モジュール用冷却器世界市場レポート：主要企業、ランキング、成長予測2026-2032｜QYResearch - note,"Tue, 28 Apr 2026 07:00:00 GMT",https://news.google.com/rss/articles/CBMiV0FVX3lxTFBLX2xuX1YtcjVZTHJURVVoSkpBSlZud09zbzVpTXdUb0IwRzlQc0dySXBuR1Yxd09LVDlfMm5aUFppS2tVVGI4LTEtbDktWjFSYzVpNm53NA?oc=5
2026-09-13,半導体,NEXT NOTES HSI Short ETN,2032.T,研究開発,⚪ 監視,32,成長テーマとの関連 / 企業を特定,主要な警戒条件は未検出,未取得,未取得,未取得,未取得,未取得,未取得,未取得,未取得,未取得,未判定,低バリュートラップ条件なし,未判定,要IR確認,未取得,未判定,車載パワー半導体モジュール用冷却器世界市場レポート：主要企業、ランキング、成長予測2026-2032｜QYResearch - note,車載パワー半導体モジュール用冷却器世界市場レポート：主要企業、ランキング、成長予測2026-2032｜QYResearch - note,"Tue, 28 Apr 2026 07:00:00 GMT",https://news.google.com/rss/articles/CBMiV0FVX3lxTFBLX2xuX1YtcjVZTHJURVVoSkpBSlZud09zbzVpTXdUb0IwRzlQc0dySXBuR1Yxd09LVDlfMm5aUFppS2tVVGI4LTEtbDktWjFSYzVpNm53NA?oc=5
2026-09-13,半導体,2026,2026.T,研究開発,⚪ 監視,32,成長テーマとの関連 / 企業を特定,主要な警戒条件は未検出,未取得,未取得,未取得,未取得,未取得,未取得,未取得,未取得,未取得,未判定,低バリュートラップ条件なし,未判定,要IR確認,未取得,未判定,半導体サーマルインターフェース材料市場戦略レポート2026：競合状況、成長要因、投資リスク｜QYResearch - note,半導体サーマルインターフェース材料市場戦略レポート2026：競合状況、成長要因、投資リスク｜QYResearch - note,"Thu, 09 Apr 2026 07:00:00 GMT",https://news.google.com/rss/articles/CBMiV0FVX3lxTE5nTkt0SDEtMzBVVjNLZG5rUHRvZW1oRlFBbUxIY05sV3pkMEZkamdGZVkybzBqOUI2TVM5OGVCV0h2OVlLWXpFZUs1ZExveXh5ZS1GUUc4SQ?oc=5
2026-09-13,AIデータセンター,MAHLE,MAHLE,研究開発,⚪ 監視,32,成長テーマとの関連 / 企業を特定,主要な警戒条件は未検出,未取得,未取得,未取得,未取得,未取得,未取得,未取得,未取得,未取得,未判定,低バリュートラップ条件なし,未判定,要IR確認,未取得,未判定,MAHLE、ドイツ半導体大手Infineon向けデータセンター用高性能電子冷却ユニットを開発 - PR TIMES,MAHLE、ドイツ半導体大手Infineon向けデータセンター用高性能電子冷却ユニットを開発 - PR TIMES,"Thu, 09 Jul 2026 07:00:00 GMT",https://news.google.com/rss/articles/CBMiakFVX3lxTE9YVVdLVTkyWTIwZjd6WkxMT1hpZlU3TDd4b3Y1S3Q0ZWdOSXpPZWF6Y1hOQWZ0aTB3UENULWQ5RGtQVDV5TWM4SEZOV0FiWnIwZ2w3a3Rfa2FqSjZSR1d0R3IwVGlmME5LbGc?oc=5
2026-09-13,AIデータセンター,Dakota Gold Corp.,DC,政府支援 / 研究開発,⚪ 監視,32,成長テーマとの関連 / 企業を特定,営業利益成長悪化 / EPS成長悪化 / ROE悪化 / 営業CFマイナス,未取得,4.2377825,-12.825428685226791,未取得,-10.420234134432583,-2544.5万,-23.437999,未取得,7.8億,要確認,低バリュートラップ条件なし,中,要IR確認,5～5円 / 6～6円 / 6～6円,主要価格帯付近,デンマーク政府。電力網への再エネ・蓄電、データセンター（DC）等の電力消費事業の接続ルールを、現行の「先着順」から、再エネ普及促進政策を踏まえた方式に変更する法改正へ（RIEF） | 一般社団法人環境金融研究機構 - 環境金融研究機構,デンマーク政府。電力網への再エネ・蓄電、データセンター（DC）等の電力消費事業の接続ルールを、現行の「先着順」から、再エネ普及促進政策を踏まえた方式に変更する法改正へ（RIEF） | 一般社団法人環境金融研究機構 - 環境金融研究機構,"Fri, 21 Aug 2026 15:44:03 GMT",https://news.google.com/rss/articles/CBMiREFVX3lxTE4zTEM3TTlUSy1vSzNEOGtyOHNhalc3LVJNWFBQdmlYbC1KWHB3VXFEYVdIYU9sQWZzOUJoY3VyMF8zbnRP?oc=5
2026-09-13,AIデータセンター,TIMES,TIMES,研究開発,⚪ 監視,32,成長テーマとの関連 / 企業を特定,主要な警戒条件は未検出,未取得,未取得,未取得,未取得,未取得,未取得,未取得,未取得,未取得,未判定,低バリュートラップ条件なし,未判定,要IR確認,未取得,未判定,10月8日(木)「宇宙AIデータセンターの技術要求とR&D課題 ～SpaceX・NVIDIAから読み解くAI半導体、放射線対策、真空熱制御、電源・蓄電、光衛星間通信、宇宙材料の動向～」Zoomセミナー - PR TIMES,10月8日(木)「宇宙AIデータセンターの技術要求とR&D課題 ～SpaceX・NVIDIAから読み解くAI半導体、放射線対策、真空熱制御、電源・蓄電、光衛星間通信、宇宙材料の動向～」Zoomセミナー - PR TIMES,"Fri, 04 Sep 2026 07:00:00 GMT",https://news.google.com/rss/articles/CBMiakFVX3lxTE9JWFRyM2tDWmVlWDlnaWh0TnFabWdtRzBSSjFwdWtBbFZpdC01dS1PbVBURzVMYVlSbmh1UGdaWUlZVlFuYkg3Nnh4eG9OeXhZV3FvcXFWTFFPNDdWamM5R2NWNDlNU1d0NGc?oc=5
2026-09-13,半導体,STAR,STAR,研究開発,⚪ 監視,32,成長テーマとの関連 / 企業を特定,主要な警戒条件は未検出,未取得,未取得,未取得,未取得,未取得,未取得,未取得,未取得,未取得,未判定,低バリュートラップ条件なし,未判定,要IR確認,未取得,未判定,"Synopsys, A*STAR IME Target Simulation-led Advanced Packaging Development - EE Times Asia","Synopsys, A*STAR IME Target Simulation-led Advanced Packaging Development - EE Times Asia","Thu, 10 Sep 2026 02:00:36 GMT",https://news.google.com/rss/articles/CBMinAFBVV95cUxNaHl4SHBqWmV0bVlMa2Yxb1BLM2RBRnd2UTZNdkxRWnNOZFNjeEpicVh2Q296eUF5M0xwRElCbjRTNHJSSlhTSUJnUV9wbFo2bFE2YXV5UWxVekZ3YTktUi0ycVk3NWdELWRxenBoeUxTUzdpS1Q3UERHVk5MY1M5VU9PX2tQVjl4ZzBhOFVubE5SOWJpbEpwWld2Tkk?oc=5
2026-09-13,半導体,2026,2026.T,研究開発,⚪ 監視,32,成長テーマとの関連 / 企業を特定,主要な警戒条件は未検出,未取得,未取得,未取得,未取得,未取得,未取得,未取得,未取得,未取得,未判定,低バリュートラップ条件なし,未判定,要IR確認,未取得,未判定,2026 Chiplet High-Speed Interconnect Chip Industry Research Report｜QYResearch - note,2026 Chiplet High-Speed Interconnect Chip Industry Research Report｜QYResearch - note,"Mon, 29 Jun 2026 07:00:00 GMT",https://news.google.com/rss/articles/CBMiX0FVX3lxTFAtcU96Qlg3YlFRT1Q4bVZxZzk5WEU2X1VXTUotSHVxSVFJNTdmdFZyd19kVVBoRzRvOFNXeWRpdURKYWRDMDlGRUlJUUNjVk1NWTV1YUpsZDM2QzVxaVRJ?oc=5
2026-09-13,半導体,NEXT NOTES Nikkei 225 VI Futures Index ETN,2035.T,研究開発,⚪ 監視,32,成長テーマとの関連 / 企業を特定,主要な警戒条件は未検出,未取得,未取得,未取得,未取得,未取得,未取得,未取得,未取得,未取得,未判定,低バリュートラップ条件なし,未判定,要IR確認,未取得,未判定,GaNおよびSiCパワー半導体市場規模、成長予測レポート（2035年） - Research Nester,GaNおよびSiCパワー半導体市場規模、成長予測レポート（2035年） - Research Nester,"Tue, 17 Mar 2026 07:00:00 GMT",https://news.google.com/rss/articles/CBMijgFBVV95cUxPdzVyZVh6aGlCMFFpS2c4M0kzeXNnb1RtRGRjcTVIUmIza21aV05ZRmh3QTRMaWN4eGpualgwbWNLTHFxblFoQzJBNG8xdU50YXh3TV9LNWowbVhPRWFfODU2NS1HNktsQ3ZIZ2R4SWtZY1JXZ0N1aUlhTkFDaHF6RUoyb0VvSTVocjl1U253?oc=5
2026-09-13,半導体,NEXT NOTES Nikkei 225 VI Futures Index ETN,2035.T,研究開発,⚪ 監視,32,成長テーマとの関連 / 企業を特定,主要な警戒条件は未検出,未取得,未取得,未取得,未取得,未取得,未取得,未取得,未取得,未取得,未判定,低バリュートラップ条件なし,未判定,要IR確認,未取得,未判定,中国パワー半導体市場規模は2035年に3兆2742億円へ、SiCとGaNは5倍増に：組み込み開発ニュース - monoist.itmedia.co.jp,中国パワー半導体市場規模は2035年に3兆2742億円へ、SiCとGaNは5倍増に：組み込み開発ニュース - monoist.itmedia.co.jp,"Tue, 25 Aug 2026 07:00:00 GMT",https://news.google.com/rss/articles/CBMib0FVX3lxTE04QW84eGMyR3AxcV9SbFdaZXNtUkUzQjRuenN0bFc2NV9FQXJqakUtR05rWFZjMW15VVlxWjZIN1ptbHhYZDdtM2dTU2xzYjJzd0FuelVRLXNBVmpiRWdsNm9sTS11cUp0UmVqX3dHcw?oc=5
2026-09-13,半導体,NEXT NOTES Nikkei 225 VI Futures Index ETN,2035.T,研究開発,⚪ 監視,32,成長テーマとの関連 / 企業を特定,主要な警戒条件は未検出,未取得,未取得,未取得,未取得,未取得,未取得,未取得,未取得,未取得,未判定,低バリュートラップ条件なし,未判定,要IR確認,未取得,未判定,2035年のパワー半導体市場は7兆3495億円に倍増、酸化ガリウムが149億円規模に：組み込み開発ニュース - monoist.itmedia.co.jp,2035年のパワー半導体市場は7兆3495億円に倍増、酸化ガリウムが149億円規模に：組み込み開発ニュース - monoist.itmedia.co.jp,"Fri, 22 May 2026 07:00:00 GMT",https://news.google.com/rss/articles/CBMib0FVX3lxTE5Cd1dkc0NYc0RNU18yT2xibXdrMFE2OFZWaVk0T0JsNExOaEhTTDl6Q0hYZ3kzekFvMktyalIzRUhVWXMyOWdRWXlBSi1qeE13OVN6dC1nYXN4ZEx5eWhoMzd2YjNiNFhwODdJZGYyaw?oc=5
2026-09-13,AIデータセンター,193502,NTT,研究開発,⚪ 監視,32,成長テーマとの関連 / 企業を特定,主要な警戒条件は未検出,未取得,未取得,未取得,未取得,未取得,未取得,未取得,未取得,未取得,未判定,低バリュートラップ条件なし,未判定,要IR確認,未取得,未判定,NTT・スカパーJSATが挑む「衛星間光通信」、宇宙データセンターに向け開発 - 日経クロステック,NTT・スカパーJSATが挑む「衛星間光通信」、宇宙データセンターに向け開発 - 日経クロステック,"Fri, 21 Aug 2026 07:00:00 GMT",https://news.google.com/rss/articles/CBMibEFVX3lxTFBVQlVDb25sVzVNZFZSU29QX1p4Y3hiSTI4b20yMGlxWG1uVUpfeFFISk8tVXotZk90eEZPMUFPU0dnZ1dTUndWMUJVekRyc05ZN3doMlgxRkZCc0dyal9jc0pBSUhYeWJtZFNyeg?oc=5
2026-09-13,光通信,2026,2026.T,研究開発,⚪ 監視,32,成長テーマとの関連 / 企業を特定,主要な警戒条件は未検出,未取得,未取得,未取得,未取得,未取得,未取得,未取得,未取得,未取得,未判定,低バリュートラップ条件なし,未判定,要IR確認,未取得,未判定,地球と月で光通信を確立するための「衛星間光通信ターミナル」試作品をKDDI研究所が展示【Interop Tokyo 2026】 - INTERNET Watch,地球と月で光通信を確立するための「衛星間光通信ターミナル」試作品をKDDI研究所が展示【Interop Tokyo 2026】 - INTERNET Watch,"Mon, 15 Jun 2026 07:00:00 GMT",https://news.google.com/rss/articles/CBMibEFVX3lxTFBBaXh2VGZhUFAxN2JwLTR6cGdmdVdTLVUxMDM1MEtjRzd2VWVFemc2dHJqRExkVzBRMmxJVUNtM3FGM0tkUkVlMmczUy1PTFktME82b2FBeGd6ZnR1VXRUSlBydUNuSk81bUtnYg?oc=5
2026-09-13,光通信,2027,2027.T,研究開発,⚪ 監視,32,成長テーマとの関連 / 企業を特定,主要な警戒条件は未検出,未取得,未取得,未取得,未取得,未取得,未取得,未取得,未取得,未取得,未判定,低バリュートラップ条件なし,未判定,要IR確認,未取得,未判定,NEC、日本初の光通信衛星コンステレーションに向けた実証衛星を2027年に打上げへ - space-connect.jp,NEC、日本初の光通信衛星コンステレーションに向けた実証衛星を2027年に打上げへ - space-connect.jp,"Tue, 24 Mar 2026 07:00:00 GMT",https://news.google.com/rss/articles/CBMiT0FVX3lxTE9xNUtCRG81Z2JKalNObC1TaWladkpLS0ZPUklnRi0wZ3U5THM5cWM1ZlhpcVpLaXhHd2JYLXBJR3JuQy1tb1J6ZzdEN2dtYlk?oc=5
2026-09-13,光通信,NEC,NEC,研究開発,⚪ 監視,32,成長テーマとの関連 / 企業を特定,主要な警戒条件は未検出,未取得,未取得,未取得,未取得,未取得,未取得,未取得,未取得,未取得,未判定,低バリュートラップ条件なし,未判定,要IR確認,未取得,未判定,日本初の光通信衛星コンステレーションの実現に向けた技術実証衛星に搭載する機器の設計を完了 - NEC,日本初の光通信衛星コンステレーションの実現に向けた技術実証衛星に搭載する機器の設計を完了 - NEC,"Thu, 19 Mar 2026 07:00:00 GMT",https://news.google.com/rss/articles/CBMiXkFVX3lxTE5iVTBvc0tkTVJZOHBSb3NIaWhWWkdZT0ctakRwdFgtNU5FZU5KMXB2N252N0Y0VUdlcHBITEpBRUJVTDI2ajdEZmk1SFBEWUwzb3BLck1CLXJtbVN6Y0E?oc=5
2026-09-13,光通信,NEC,NEC,研究開発,⚪ 監視,32,成長テーマとの関連 / 企業を特定,主要な警戒条件は未検出,未取得,未取得,未取得,未取得,未取得,未取得,未取得,未取得,未取得,未判定,低バリュートラップ条件なし,未判定,要IR確認,未取得,未判定,NEC、光通信衛星コンステレーションの実現に向けた技術実証衛星に搭載する機器の設計を完了 - 日本経済新聞,NEC、光通信衛星コンステレーションの実現に向けた技術実証衛星に搭載する機器の設計を完了 - 日本経済新聞,"Thu, 19 Mar 2026 07:00:00 GMT",https://news.google.com/rss/articles/CBMibEFVX3lxTE9id2dnRVhxS3lwb0U5YjdncXRqbGlpWVJNbjNRWXdqWHNrb2Rwa1FmOTNJSFE5NkFpQno5Q0NlYXI1V0VyS2F4c2JqUlhzamkzRkYxTzh0ZkNUTzdnWWx2SEFHcENpTFpSdzhFVA?oc=5
2026-09-13,光通信,NEC,NEC,研究開発,⚪ 監視,32,成長テーマとの関連 / 企業を特定,主要な警戒条件は未検出,未取得,未取得,未取得,未取得,未取得,未取得,未取得,未取得,未取得,未判定,低バリュートラップ条件なし,未判定,要IR確認,未取得,未判定,NEC、光通信実証機器を設計 衛星コンステ向け - 日刊工業新聞,NEC、光通信実証機器を設計 衛星コンステ向け - 日刊工業新聞,"Thu, 26 Mar 2026 07:00:00 GMT",https://news.google.com/rss/articles/CBMiWEFVX3lxTE5zUldQOVhlT0IwQ21iUGFfY1gyMm4wSmV6MW9VYmM3WWVmRlpEYUxPaHplZHE2XzVGM0plWVYzbjEycXBLYU1vMUNtOHJYTWJjY0RLM1Z0WjQ?oc=5
2026-09-13,宇宙,JAXA,JAXA,研究開発,⚪ 監視,32,成長テーマとの関連 / 企業を特定,主要な警戒条件は未検出,未取得,未取得,未取得,未取得,未取得,未取得,未取得,未取得,未取得,未判定,低バリュートラップ条件なし,未判定,要IR確認,未取得,未判定,On-orbit demonstration experiments for thermal control technologies required for implementing competitive next-generation geostationary communications satellites - JAXA 有人宇宙技術部門,On-orbit demonstration experiments for thermal control technologies required for implementing competitive next-generation geostationary communications satellites - JAXA 有人宇宙技術部門,"Sat, 27 Feb 2021 08:00:00 GMT",https://news.google.com/rss/articles/CBMihAFBVV95cUxPaUI4aC02ZXNhQlJucXp4WURJWVdvY25aNHFXcUc0QkQzZjVyOWFVX3NPTWFaYV90WDByOW5ISGl1UDJMTTQ3QUhGU1JpRF9QS0xWVmR2WDhSSmpzNEFKbEw0cWdhWi1Sb3dKWTNzeXBnZjYxZlZPcXRtb05rdjBYVl9FcEg?oc=5
2026-09-13,宇宙,TIMES,TIMES,研究開発,⚪ 監視,32,成長テーマとの関連 / 企業を特定,主要な警戒条件は未検出,未取得,未取得,未取得,未取得,未取得,未取得,未取得,未取得,未取得,未判定,低バリュートラップ条件なし,未判定,要IR確認,未取得,未判定,【JPIセミナー】「宇宙太陽光発電の実用化に向けた国内外最新研究開発動向と残された課題及びビームフォーミング技術の最前線」10月1日(木)開催 - PR TIMES,【JPIセミナー】「宇宙太陽光発電の実用化に向けた国内外最新研究開発動向と残された課題及びビームフォーミング技術の最前線」10月1日(木)開催 - PR TIMES,"Fri, 11 Sep 2026 05:50:02 GMT",https://news.google.com/rss/articles/CBMiakFVX3lxTE5abkZRYkx2SC1nZEJXeVdOUGY4Wi0tcjhzTHY2YkwydDJzU0hEYmVmdEtkUENFdE85d2d1dnc5djY0Tzl5QlF2SGVXbVI4UGFNelBacnFtMDQyQ0xmd3pYUGptRUpPZUppNEE?oc=5
2026-09-13,光通信,未特定,未特定,大型受注,⚪ 監視,30,企業未特定。ニュースの材料を監視,企業特定後に要再評価,未取得,未取得,未取得,未取得,未取得,未取得,未取得,未取得,未取得,未判定,未判定,未判定,未判定,未取得,未判定,Samsung Foundry、2ナノ・光通信技術の受注拡大で反転の兆し - BigGo ファイナンス,Samsung Foundry、2ナノ・光通信技術の受注拡大で反転の兆し - BigGo ファイナンス,"Thu, 30 Apr 2026 07:00:00 GMT",https://news.google.com/rss/articles/CBMiX0FVX3lxTE5LTzNLVDR4TEdnUUR1M3JabGNnNC1KQ2h3MDMxOUxacm44azlESEVrTEU4QU9SWW53Ul9WYlhrYzdpWXVUT3daSGwwbWtGR1loanh6azM5Ujl0ZElRRHlR?oc=5
2026-09-13,AIデータセンター,Toyota Motor Corporation,TM,大企業との提携,⚪ 監視,30,成長テーマとの関連 / 企業を特定 / ROEが強い / 営業CFプラス / 利益の質が良好,営業利益成長悪化 / EPS成長悪化 / バリュートラップ警戒,8.666375,15.72227,-19.24389192556021,5.512967750659992,-21.464947140975056,5.47兆,12.404,未取得,2347.1億,良好,警戒,中,要IR確認,174～175円 / 192～193円 / 183～184円,主要価格帯付近,DIMAAGとToshiba、AIデータセンター向けZettaWatt（TM）Power PlatformのSCiB（TM）蓄電システムで協業 - AGARA 紀伊民報,DIMAAGとToshiba、AIデータセンター向けZettaWatt（TM）Power PlatformのSCiB（TM）蓄電システムで協業 - AGARA 紀伊民報,"Fri, 11 Sep 2026 01:04:00 GMT",https://news.google.com/rss/articles/CBMiT0FVX3lxTE9SYmdjRUtPTkVqTWNOakMwUXR0X2xhem5Zc1hKcE5pSUhudjRYV2JsTXRZd3F6TXp3LWhIbEEtMENBb25RSHNjUlhRaUVqNXM?oc=5
2026-09-13,電力・蓄電,未特定,未特定,大型受注,⚪ 監視,30,企業未特定。ニュースの材料を監視,企業特定後に要再評価,未取得,未取得,未取得,未取得,未取得,未取得,未取得,未取得,未取得,未判定,未判定,未判定,未判定,未取得,未判定,送電網への蓄電池接続、契約保証金を2倍に 空押さえ防止へ経産省 - 日本経済新聞,送電網への蓄電池接続、契約保証金を2倍に 空押さえ防止へ経産省 - 日本経済新聞,"Mon, 09 Feb 2026 08:00:00 GMT",https://news.google.com/rss/articles/CBMibEFVX3lxTFBuWXk1cmxvaXEzSTVheVNCRTlpOUFWTkZBYnZrN09EM1NTTTJ0Z2pqYmN1V3RhMmJlTFVrWHJIa2hzdUx1ai1ZdGNSYWJ5QUtpdGEzZkk2U3ZVbjVxRDJsbV8wazdkVjlZOFhQOQ?oc=5
2026-09-13,半導体,未特定,未特定,大型受注,⚪ 監視,30,企業未特定。ニュースの材料を監視,企業特定後に要再評価,未取得,未取得,未取得,未取得,未取得,未取得,未取得,未取得,未取得,未判定,未判定,未判定,未判定,未取得,未判定,Oracle、4年前の旧型GPUも20%上乗せで再契約…HBM需要先がビッグテックへ拡大 - BigGo ファイナンス,Oracle、4年前の旧型GPUも20%上乗せで再契約…HBM需要先がビッグテックへ拡大 - BigGo ファイナンス,"Sun, 13 Sep 2026 00:05:00 GMT",https://news.google.com/rss/articles/CBMidEFVX3lxTFBtcGhRcHJVZFNrd3VTRWJlaDdCZC1tY2ZPUG53QTJENnBpZlpWalhoTEZjM3lZRUlBazhab1E1am5HWUY0OVcwNmFCMWdhcGRfVm5sc1NQOFB0YlRJZVN0Qmk2Y3VvNDRMVTVsSDh5d2VKVjdW?oc=5
2026-09-13,半導体,"Koryojyuhan Co., Ltd.",3495.T,研究開発,⚪ 監視,30,成長テーマとの関連 / 企業を特定 / 売上成長が強い / EPS成長が強い / ROEが強い / 配当性向引き上げ余地が高い / 株主還元余地,営業CFマイナス / 会計利益と営業CFの乖離 / バリュートラップ警戒,7.0921984,0.90426695,40.643427105865925,14.91708611362046,7.017021586916594,-6.5億,14.594,未取得,62.4億,警戒,警戒,高,利益成長に対して還元余地あり,1527～1550円 / 2397～2420円 / 2489～2512円,主要価格帯付近,2035年のパワー半導体市場は7兆3495億円に倍増、酸化ガリウムが149億円規模に：組み込み開発ニュース - monoist.itmedia.co.jp,2035年のパワー半導体市場は7兆3495億円に倍増、酸化ガリウムが149億円規模に：組み込み開発ニュース - monoist.itmedia.co.jp,"Fri, 22 May 2026 07:00:00 GMT",https://news.google.com/rss/articles/CBMib0FVX3lxTE5Cd1dkc0NYc0RNU18yT2xibXdrMFE2OFZWaVk0T0JsNExOaEhTTDl6Q0hYZ3kzekFvMktyalIzRUhVWXMyOWdRWXlBSi1qeE13OVN6dC1nYXN4ZEx5eWhoMzd2YjNiNFhwODdJZGYyaw?oc=5
2026-09-13,その他,未特定,未特定,大型受注,⚪ 監視,30,企業未特定。ニュースの材料を監視,企業特定後に要再評価,未取得,未取得,未取得,未取得,未取得,未取得,未取得,未取得,未取得,未判定,未判定,未判定,未判定,未取得,未判定,Overview Energy wins Air Force contract to study space-based solar power for military bases - SpaceNews,Overview Energy wins Air Force contract to study space-based solar power for military bases - SpaceNews,"Wed, 06 May 2026 07:00:00 GMT",https://news.google.com/rss/articles/CBMitAFBVV95cUxQVlhfaThmM2poNl8yUzBTeHh6cTFsTko4U2ZXN0R6S1daVVc1Z2h6N24ydWpUX3JMXzFENlFkT3EtMGJoNUwzeU12dDYyeGlHalRQV0FJV25rRDNaRVU1dmk2Q3JVY2xlZ3poMDY1dXVVclc3RWZ2UU10NHVZbnFsSnJHM29YU0xuZWY5VXFCbzhtYlFTVjRTbnh2UWwxYkdQR0YxWE5ORUkxcTZkNXBMSEZ4eXg?oc=5
2026-09-13,電力・蓄電,未特定,未特定,大型受注,⚪ 監視,30,企業未特定。ニュースの材料を監視,企業特定後に要再評価,未取得,未取得,未取得,未取得,未取得,未取得,未取得,未取得,未取得,未判定,未判定,未判定,未判定,未取得,未判定,メタ、宇宙太陽光発電のオーバービューと契約 30年までに電力確保 - Reuters,メタ、宇宙太陽光発電のオーバービューと契約 30年までに電力確保 - Reuters,"Mon, 27 Apr 2026 07:00:00 GMT",https://news.google.com/rss/articles/CBMijAFBVV95cUxOaklmNXdBdE05LVBkbXZDX2NzSE1BMkZ3RFc1dXBDVHlXM0ZLTE9YNzcyUXdQRUwtcWVsVnk1Yzh2Um5OWDAzd1lqSVIwSkFZaVdlcUJIQmh2YkcwZnh2ekFKVGduZG82QS1OdkYwQWF2a1lmdHJSd2kwRTNLZVk2bE1qZzM2YS1ENVQ1Yw?oc=5
2026-09-13,光通信,Permian Resources Corporation,PR,テーマ関連ニュース,⚪ 監視,28,成長テーマとの関連 / 企業を特定 / ROEが強い / 営業CFプラス / 利益の質が良好 / 下値支持候補,営業利益成長悪化 / EPS成長悪化,15.341936,1.6588769,-5.029648593837111,1.2893507233138202,-13.437907292826623,36.1億,11.4029996,未取得,199.2億,良好,低バリュートラップ条件なし,低,還元水準は比較的高い,14～14円 / 14～14円 / 14～14円,下値支持候補,高速光通信デバイスの性能低下要因をナノメートルスケールで解明する分析サービス開始 - PR TIMES,高速光通信デバイスの性能低下要因をナノメートルスケールで解明する分析サービス開始 - PR TIMES,"Tue, 25 Aug 2026 07:00:00 GMT",https://news.google.com/rss/articles/CBMiakFVX3lxTE5mRXZLSGRvSi1ISUlGZnEwcFBOZGozbXdjbjh6NWxadUloSldKcU9sanBsYkZaeVVyUkV4LU9JaC1JYkh4QXR0ZFY0eERGVXBOdUNvOE1haVlUSzdLUFFhQlZidGM2Vk1yUGc?oc=5
2026-09-13,AIデータセンター,Permian Resources Corporation,PR,テーマ関連ニュース,⚪ 監視,28,成長テーマとの関連 / 企業を特定 / ROEが強い / 営業CFプラス / 利益の質が良好 / 下値支持候補,営業利益成長悪化 / EPS成長悪化,15.341936,1.6588769,-5.029648593837111,1.2893507233138202,-13.437907292826623,36.1億,11.4029996,未取得,199.2億,良好,低バリュートラップ条件なし,低,還元水準は比較的高い,14～14円 / 14～14円 / 14～14円,下値支持候補,Infinium Launches Infinium Edge™ Platform for High-Density AI Data Center Immersion Cooling - PR Newswire,Infinium Launches Infinium Edge™ Platform for High-Density AI Data Center Immersion Cooling - PR Newswire,"Thu, 15 Jan 2026 08:00:00 GMT",https://news.google.com/rss/articles/CBMi3wFBVV95cUxNdnA4UHBvSUhnaWY5ZlVtaE9UbXlRTGpPSGVSUWJrWk0yOVNhX1BKeWZaa1c4eklMSEQ0SERwbHc0dksyMmNWYlA5QWhjUXkxUUhqV0o2b0FaWmN6R2JzQ2hxSEdpRE11UTRVSDh5bXYxYnZFMnVQZ3ZPY0ZSWE9KRXZrNFpBWnlOTTRpSDV4UTlDYXB3X3htcE1VV2dBY21OYXVuVEM0eUlDSTNmUXUyWl9uYmVIQVVxTVdlbzFqLW9rbWRwbnZkel9zSDRlWW45ZEp5R2prbDUzM1ZLZDRj?oc=5
2026-09-13,AIデータセンター,Permian Resources Corporation,PR,テーマ関連ニュース,⚪ 監視,28,成長テーマとの関連 / 企業を特定 / ROEが強い / 営業CFプラス / 利益の質が良好 / 下値支持候補,営業利益成長悪化 / EPS成長悪化,15.341936,1.6588769,-5.029648593837111,1.2893507233138202,-13.437907292826623,36.1億,11.4029996,未取得,199.2億,良好,低バリュートラップ条件なし,低,還元水準は比較的高い,14～14円 / 14～14円 / 14～14円,下値支持候補,ヴァレオとCalyos、先進的なパッシブ二層冷却ソリューションにより、データセンターやモビリティ向けチップの熱管理を革新 - PR TIMES,ヴァレオとCalyos、先進的なパッシブ二層冷却ソリューションにより、データセンターやモビリティ向けチップの熱管理を革新 - PR TIMES,"Fri, 12 Jun 2026 07:00:00 GMT",https://news.google.com/rss/articles/CBMiakFVX3lxTFBwNDVHSGIzejloeDhSNlJuYVJIajB2RGlwNUNlQ0R1SUQ5NmFwMHJsdnZqejFXSS1LenIycjBSNjl0bWUtN0Q4NG1FeDRkVHdTSVhPT1ZHamU1MWdBVEctckw4cUdDVWRjSUE?oc=5
2026-09-13,AIデータセンター,Permian Resources Corporation,PR,テーマ関連ニュース,⚪ 監視,28,成長テーマとの関連 / 企業を特定 / ROEが強い / 営業CFプラス / 利益の質が良好 / 下値支持候補,営業利益成長悪化 / EPS成長悪化,15.341936,1.6588769,-5.029648593837111,1.2893507233138202,-13.437907292826623,36.1億,11.4029996,未取得,199.2億,良好,低バリュートラップ条件なし,低,還元水準は比較的高い,14～14円 / 14～14円 / 14～14円,下値支持候補,Data Center Energy Storage Systems Market worth $10.48 billion in 2032 - Exclusive Report by MarketsandMarkets™ - PR Newswire,Data Center Energy Storage Systems Market worth $10.48 billion in 2032 - Exclusive Report by MarketsandMarkets™ - PR Newswire,"Wed, 09 Sep 2026 10:59:00 GMT",https://news.google.com/rss/articles/CBMi-AFBVV95cUxNUDVZdXZyWWJvaGdKaUlDUzNFYS13aUJZVllfNGZEUnNxd0dINnZKOWp5Yk1NMUY4U0FNMnB1TUVVTVNOMkxnTERTeXQ0b0dvMHM3aVkwV1l3Q3d0cjh0alpXZmY2LXQyZWhsWi1ubmcwVXdBVUtoSndDdWExTFhkMFZndU5zc19nSUU0alFPajBndFRHcHpGa004RlJ4N2xDdmtKVG4xREVIY2ZtQVhPekJPbWU2ZlBVTnlsdzU5U0F0TzA4OEpyRTlIVnhtZGJScTRLNjZoUjh5MmRaalEtT29KTklIUnFESndmT0ctNGp1ZjV5bk1xbg?oc=5
2026-09-13,AIデータセンター,Permian Resources Corporation,PR,テーマ関連ニュース,⚪ 監視,28,成長テーマとの関連 / 企業を特定 / ROEが強い / 営業CFプラス / 利益の質が良好 / 下値支持候補,営業利益成長悪化 / EPS成長悪化,15.341936,1.6588769,-5.029648593837111,1.2893507233138202,-13.437907292826623,36.1億,11.4029996,未取得,199.2億,良好,低バリュートラップ条件なし,低,還元水準は比較的高い,14～14円 / 14～14円 / 14～14円,下値支持候補,DIMAAG and Toshiba Collaborate on SCiB™ - Based Energy Storage for the ZettaWatt™ Power Platform for AI Data Centers - PR Newswire,DIMAAG and Toshiba Collaborate on SCiB™ - Based Energy Storage for the ZettaWatt™ Power Platform for AI Data Centers - PR Newswire,"Wed, 09 Sep 2026 16:00:00 GMT",https://news.google.com/rss/articles/CBMi_wFBVV95cUxON0JiSDNyVFNvUWMtcWR5QlV3WjMyZ3RTQ1BhcWlPcmFyMmQ4SV92eXFnQ2hqTlVpOUFDa2MxWlJyNVg5dkIwV192eHhQZEFlMEtFNnJNQ1VUSFExMlNQYkpmLXFTeEgxOThQX21vYXY3UUhZUkZXakdmOFpDc2hNOVBTbFBRQ281b0FvdjAxdXNHaWN3akk3X1NJWEpLWVFBYjltUk1Wb3FGakxmTmVLdVRLQzNLamRFeVhsMXV2OUEtX3RVMV9yVVRiTUxMZVVfSHBSS3Z6azlndmZ2b2RyOGFMaWFKZDVPdlgwRjZaWVJ3OHlVQUVVTmUyM2hkYzg?oc=5
2026-09-13,AIデータセンター,Permian Resources Corporation,PR,テーマ関連ニュース,⚪ 監視,28,成長テーマとの関連 / 企業を特定 / ROEが強い / 営業CFプラス / 利益の質が良好 / 下値支持候補,営業利益成長悪化 / EPS成長悪化,15.341936,1.6588769,-5.029648593837111,1.2893507233138202,-13.437907292826623,36.1億,11.4029996,未取得,199.2億,良好,低バリュートラップ条件なし,低,還元水準は比較的高い,14～14円 / 14～14円 / 14～14円,下値支持候補,日本でAIデータセンターのインフラ拡充が進む中、トリナ・ストレージが「2026年AIDC エネルギー貯蔵TOP ベンチマーク賞」を受賞 - PR TIMES,日本でAIデータセンターのインフラ拡充が進む中、トリナ・ストレージが「2026年AIDC エネルギー貯蔵TOP ベンチマーク賞」を受賞 - PR TIMES,"Tue, 25 Aug 2026 07:00:00 GMT",https://news.google.com/rss/articles/CBMiakFVX3lxTFBNSlh1VzBVVnNPRzg4QzB2Ry1zby1GRVllemJKTTVzZ3AzdUF2SkdJNEZFUEF2eXlRY2tXejVWZ1E4cmE3ck9aWExKSHpxZGtrY3haM3RnSEtDMjU5MGpaRzE5Nkt4NUs2Q0E?oc=5
2026-09-13,AIデータセンター,Permian Resources Corporation,PR,テーマ関連ニュース,⚪ 監視,28,成長テーマとの関連 / 企業を特定 / ROEが強い / 営業CFプラス / 利益の質が良好 / 下値支持候補,営業利益成長悪化 / EPS成長悪化,15.341936,1.6588769,-5.029648593837111,1.2893507233138202,-13.437907292826623,36.1億,11.4029996,未取得,199.2億,良好,低バリュートラップ条件なし,低,還元水準は比較的高い,14～14円 / 14～14円 / 14～14円,下値支持候補,蓄電所とデータセンターの系統接続をより早く、シンプルに 「Grid Connector」シリーズを発表 - PR TIMES,蓄電所とデータセンターの系統接続をより早く、シンプルに 「Grid Connector」シリーズを発表 - PR TIMES,"Mon, 03 Aug 2026 07:00:00 GMT",https://news.google.com/rss/articles/CBMiakFVX3lxTE9fcXBPQTI0ZDlPQU5LWmdrUF8yajVGZllrRDREc3FPU3Z4Mkw2SUc5RnNRUHFRTzZIbFp0Tlk5aVFia3dKeE82Y1hJYm5hTUdsY203Mks3d0gyNVVJX1J4U2FzUW92aXJsbXc?oc=5
2026-09-13,AIデータセンター,Permian Resources Corporation,PR,テーマ関連ニュース,⚪ 監視,28,成長テーマとの関連 / 企業を特定 / ROEが強い / 営業CFプラス / 利益の質が良好 / 下値支持候補,営業利益成長悪化 / EPS成長悪化,15.341936,1.6588769,-5.029648593837111,1.2893507233138202,-13.437907292826623,36.1億,11.4029996,未取得,199.2億,良好,低バリュートラップ条件なし,低,還元水準は比較的高い,14～14円 / 14～14円 / 14～14円,下値支持候補,データセンター向けラック型蓄電システム「PowerX Energy Blade」を発表 | 株式会社パワーエックスのプレスリリース - PR TIMES,データセンター向けラック型蓄電システム「PowerX Energy Blade」を発表 | 株式会社パワーエックスのプレスリリース - PR TIMES,"Thu, 14 May 2026 07:00:00 GMT",https://news.google.com/rss/articles/CBMiakFVX3lxTE9MdTZsY3RVSER1Q25zbF9OMFA1OXFRYkVHSXdNSmNqaXZzRFJ4NUYwM2ViNnBlc3JKal9nbjd2YW1peWRhMnhtcHk3TkhLN3RGS3ZReXprUGExNGFXLVVpSWVBWWpfZV9kWXc?oc=5
2026-09-13,その他,"Amkor Technology, Inc.",AMKR,テーマ関連ニュース,⚪ 監視,28,企業を特定 / ROEが強い / 営業CFプラス / 利益の質が良好 / 株主還元余地,主要な警戒条件は未検出,23.19731,2.758492,5.616476277640303,6.17771489968173,6.598168569180407,11.0億,12.514,未取得,128.2億,良好,低バリュートラップ条件なし,中,利益成長に対して還元余地あり,48～49円 / 19～20円 / 50～52円,主要価格帯付近,Amkor Technology increases Arizona semiconductor campus investment to $12bn - Cleanroom Technology,Amkor Technology increases Arizona semiconductor campus investment to $12bn - Cleanroom Technology,"Thu, 10 Sep 2026 10:07:39 GMT",https://news.google.com/rss/articles/CBMimAFBVV95cUxQaU5tY2ZPZVdlZHJUSGM2QTBRWE1mWGYxQ0hlY0ZPd1RnVmlSaUJEMjJpSl95MmpvNGxwZzNhVTFnejNhZ1ZFRGlzMzNfTnBJR0hvOURQQnRXaDliNWh4OUZfd2NzemZwX0VKQTR6VUpTOE9TQmpyN25XbnluajRMNkRISUNRb2hJX2tRSzlCVVJrMi0zcFNsOQ?oc=5
2026-09-13,その他,"Agilent Technologies, Inc.",A,テーマ関連ニュース,⚪ 監視,28,企業を特定 / ROEが強い / 営業CFプラス / 利益の質が良好 / 株主還元余地,主要な警戒条件は未検出,28.980274,5.626699,1.0861132660977546,6.728110599078341,-0.6048387096774244,15.6億,20.971,未取得,414.2億,良好,低バリュートラップ条件なし,中,利益成長に対して還元余地あり,135～136円 / 111～112円 / 120～121円,主要価格帯付近,Synopsys and A*STAR IME Join Forces to Accelerate Innovation for Advanced Semiconductor Packaging - Bisinfotech,Synopsys and A*STAR IME Join Forces to Accelerate Innovation for Advanced Semiconductor Packaging - Bisinfotech,"Wed, 09 Sep 2026 05:36:39 GMT",https://news.google.com/rss/articles/CBMixAFBVV95cUxQUmZCUnRILWNlRnMwLU5kNVFBMlRnSkZ3X2pIbUg5R05Db2x3QjNEUnRpckVDTzdrbm1JUlQyQmgzb01fYjlqQld5T1o0MEswbmlBTE5GaHlRVHY1QTVTb3ZraTlWWWdVZWZQTzRVdWQ3SjFLOER4TTZjTDNPY2lxM3B4YU5TNjMyNlFidWxDWlZMSHRpVm1lWWdLNWI0SkdZQ1MxTmhUZk9EVDc5cklnWkNBSW5fSzl6bWVZNTZ5enZ6RmRq?oc=5
2026-09-13,電力・蓄電,Permian Resources Corporation,PR,テーマ関連ニュース,⚪ 監視,28,成長テーマとの関連 / 企業を特定 / ROEが強い / 営業CFプラス / 利益の質が良好 / 下値支持候補,営業利益成長悪化 / EPS成長悪化,15.341936,1.6588769,-5.029648593837111,1.2893507233138202,-13.437907292826623,36.1億,11.4029996,未取得,199.2億,良好,低バリュートラップ条件なし,低,還元水準は比較的高い,14～14円 / 14～14円 / 14～14円,下値支持候補,【JPIセミナー】NEDO「SiからSiC・GaNへ移行する電力変換 次世代パワー半導体の実装加速と適用拡大」8月20日(木)開催 - PR TIMES,【JPIセミナー】NEDO「SiからSiC・GaNへ移行する電力変換 次世代パワー半導体の実装加速と適用拡大」8月20日(木)開催 - PR TIMES,"Tue, 04 Aug 2026 07:00:00 GMT",https://news.google.com/rss/articles/CBMiakFVX3lxTE1tbXVyUUVlS0E3VV9pVkFieWhRQnNiWFA4LUcwaVZsbE5LM3hVQ2hCekxXc2JTN2hWOHFUZjltY1NnelBnMEQycXNMWTY5S2gxWlZSTUhBZzhFSUhjNzlhVE1yekJEdUlNcFE?oc=5
2026-09-13,その他,"Agilent Technologies, Inc.",A,テーマ関連ニュース,⚪ 監視,28,企業を特定 / ROEが強い / 営業CFプラス / 利益の質が良好 / 株主還元余地,主要な警戒条件は未検出,28.980274,5.626699,1.0861132660977546,6.728110599078341,-0.6048387096774244,15.6億,20.971,未取得,414.2億,良好,低バリュートラップ条件なし,中,利益成長に対して還元余地あり,135～136円 / 111～112円 / 120～121円,主要価格帯付近,Google’s Project Suncatcher: A Space-Based AI Computing with Solar Satellites and TPUs - H2S Media,Google’s Project Suncatcher: A Space-Based AI Computing with Solar Satellites and TPUs - H2S Media,"Wed, 05 Nov 2025 08:00:00 GMT",https://news.google.com/rss/articles/CBMirwFBVV95cUxPRjg4S0JFN3FWVm41bHVyUm1uVTA2Z0VhcGRjTHdFS0tYZU9YRkpBVDExb01CUVJaODJfSy1rSDlQVUlpS1VrUjAxV2VKRVhUS2xmWDVsQzZqMzhEaXZGbUxOWW1kSE45bVdMRVVZTFRaTU1ZSEloaWJUeUE0WUd4XzdoT3lETWc2cDNfTXZlSGJJcGR6dEo0OWxZWUNlTjdiZ2VQQjJPYUJSZC1RSEh3?oc=5
2026-09-13,その他,"NTT, Inc.",9432.T,テーマ関連ニュース,⚪ 監視,28,企業を特定 / ROEが強い / 営業CFプラス / 利益の質が良好 / 下値支持候補,主要な警戒条件は未検出,13.922345,1.4512266,3.7015407753475893,5.139788629135045,6.993787279765273,1.49兆,10.7130006,未取得,14.27兆,良好,低バリュートラップ条件なし,低,還元水準は比較的高い,152～153円 / 151～151円 / 150～151円,下値支持候補,Mbryonics and NTT to Collaborate on Optical Communications Infrastructure - satellitetoday.com,Mbryonics and NTT to Collaborate on Optical Communications Infrastructure - satellitetoday.com,"Thu, 04 Jun 2026 07:00:00 GMT",https://news.google.com/rss/articles/CBMixgFBVV95cUxNQVdJUUQ3RnlQaFBBa1RnaHE5d19uOTR3dnhVQlRtM0lJVlVnQ2pISENoMmRPa3hQVWYtcHBpcUhmWVYzZGFmUXJBdGJ4MUF1QlZYLTlyWTViRHprNlJHRmx2dTRFeFZuX3BKcDhYaThqblFka2ZGdU93ZGNvZE82WmdCeDJGYXkxS0ZGbE5JQkY2d1dWSF9PeVVkU2E0X2lvNnhwMzE3aUVHX3NFSnMtVmVSN2diOEg1NUtGTVJUR0RYUEs2S2c?oc=5
2026-09-13,その他,"Enact Holdings, Inc.",ACT,テーマ関連ニュース,⚪ 監視,26,企業を特定 / ROEが強い / 営業CFプラス / 株主還元余地 / 下値支持候補,主要な警戒条件は未検出,10.42827,1.2654566,-2.009103751373409,2.8335610522444377,未取得,7.2億,12.869,未取得,68.0億,未判定,低バリュエーションだが要精査,中,利益成長に対して還元余地あり,35～36円 / 34～35円 / 36～37円,下値支持候補,Inverse design of nanostructured optical solar reflectors | ACT of ESA - European Space Agency,Inverse design of nanostructured optical solar reflectors | ACT of ESA - European Space Agency,"Thu, 04 Feb 2021 08:00:00 GMT",https://news.google.com/rss/articles/CBMickFVX3lxTE1FTkFHWmNSQ0JldFlpZ25pd21WdlVwY2tTeTd1UFBVUUJ2bTVac3FHY2FyUUgybXE2bC1sNXZia19JN0FfWFVjTDBEb3lRTEN3aF9tUjRSWDRyRE5CN2ZiV2Z5QzM1MlJqeUtpcC1tM3dGUQ?oc=5
2026-09-13,AIデータセンター,未特定,未特定,大企業との提携,⚪ 監視,25,企業未特定。ニュースの材料を監視,企業特定後に要再評価,未取得,未取得,未取得,未取得,未取得,未取得,未取得,未取得,未取得,未判定,未判定,未判定,未判定,未取得,未判定,NVIDIA Expands AI Infrastructure Capacity in Partnership With Australia’s Data Center Ecosystem - NVIDIA Newsroom,NVIDIA Expands AI Infrastructure Capacity in Partnership With Australia’s Data Center Ecosystem - NVIDIA Newsroom,"Thu, 10 Sep 2026 00:09:56 GMT",https://news.google.com/rss/articles/CBMiyAFBVV95cUxPd2dkbUp0Zi13THRQMU1kMXNIZVktQVN5NVR2cEszemg1RWM1cURfcDBCRGhLMGJfc3NTaW12anhJeGVDb1FfTC1SaHUzcnVUTzBnVmJseHBuUngteFBFLUZQT2FkMzBaTEEzclA0WFJGT0FmZ1htaFFSX1YwNnVTNk1yT0dnNVhzUm9Vbms0U0N0ck5UNVpyUlNZZ2JaQ3NDZ0hHUEw1VE5BMjZ0dGFIX2plWTRqRHRDeG5yQTFnY3pHZlFhcG9Ndw?oc=5
2026-09-13,AIデータセンター,未特定,未特定,大企業との提携,⚪ 監視,25,企業未特定。ニュースの材料を監視,企業特定後に要再評価,未取得,未取得,未取得,未取得,未取得,未取得,未取得,未取得,未取得,未判定,未判定,未判定,未判定,未取得,未判定,Qualcomm Announces Multi-Generational Product Collaboration with Amazon to Build Next-Generation AI Data Center Infrastructure - Qualcomm,Qualcomm Announces Multi-Generational Product Collaboration with Amazon to Build Next-Generation AI Data Center Infrastructure - Qualcomm,"Tue, 08 Sep 2026 13:27:35 GMT",https://news.google.com/rss/articles/CBMisAFBVV95cUxQaEg3TlU0dE54MjJpRk1OelViNFJud2hjUnJiOWhnTHVVVjRQUmhKOGcwY0NrZFBndG5fb3ZBRFk4RkZ0eU9VdXNfM3NvZk5SWWdJX0MwTC1UX2N6dzg2dEN5Y3UzVFJyN1hWZUZiWmpHQlNQU1dacG5jLXhJMHBCZmNMcXlfQVJWenhmUHpNMkRYWlpEZXM5OWdoUkIwXzBsQ1lqUlNBM1hhV0xCZDY0TQ?oc=5
2026-09-13,AIデータセンター,未特定,未特定,量産・生産開始,⚪ 監視,25,企業未特定。ニュースの材料を監視,企業特定後に要再評価,未取得,未取得,未取得,未取得,未取得,未取得,未取得,未取得,未取得,未判定,未判定,未判定,未判定,未取得,未判定,From pilot to production: Direct liquid cooling deployment risks in AI data center cooling - Data Center Dynamics,From pilot to production: Direct liquid cooling deployment risks in AI data center cooling - Data Center Dynamics,"Sun, 13 Sep 2026 07:07:03 GMT",https://news.google.com/rss/articles/CBMi0wFBVV95cUxNeldEQ2oxQ1RFU3BvUGRiOHd3ZEZnNklydjRNdDI4cHdkSHpFYlRrRVdUUEluaVY4QXVjd25MaUd4eDNIWXF5eTNKcTRXNUx1dVgyY3A0RjhQazZaV3ZTUGU2ZFNhQXBBakR5MWlUWlppS1h5dkItSkwxeDlhM1RaenpOYVlFZU1SVDhKU2dwXzZibFVhaUcwZ2pJdU1DQ1IyRUN6c0JoZzgtQWlnOElEZGJmX1BzVUlFNTFzdEFFa3cweG50YnkxT1o2TkxOZVM5YW40?oc=5
2026-09-13,光通信,未特定,未特定,量産・生産開始,⚪ 監視,25,企業未特定。ニュースの材料を監視,企業特定後に要再評価,未取得,未取得,未取得,未取得,未取得,未取得,未取得,未取得,未取得,未判定,未判定,未判定,未判定,未取得,未判定,Taiwan accelerates silicon photonics move to mass production for AI infrastructure - Global Sources,Taiwan accelerates silicon photonics move to mass production for AI infrastructure - Global Sources,"Mon, 07 Sep 2026 11:58:09 GMT",https://news.google.com/rss/articles/CBMiyAFBVV95cUxNbTBfQmRJVEVscjY2VVF2ODAzUThZcm9SYWJ3OGtfcU1SelpuMkpVeXZjQkYwYWVVNlJuVFJTVElUbTNTVzc3RHVKVzJnOHFHakF3Y284a1EzMFhyYnN5ZmREVW9sblo5aDF2am50YTRON0YwX2h4a2tIa21tdlBJc3pCeVhISWh4dXJzZVNNQlczckl2NFFJNEVxb2lTa0JrVFUzeklUdkk0cWhPVEpfUUZRYTJMcjcxR1V4WWpUVnYzYlhaRTBsMw?oc=5
2026-09-13,光通信,未特定,未特定,量産・生産開始,⚪ 監視,25,企業未特定。ニュースの材料を監視,企業特定後に要再評価,未取得,未取得,未取得,未取得,未取得,未取得,未取得,未取得,未取得,未判定,未判定,未判定,未判定,未取得,未判定,台湾UMC、光通信用の半導体量産 シンガポールで新興と - 日本経済新聞,台湾UMC、光通信用の半導体量産 シンガポールで新興と - 日本経済新聞,"Thu, 16 Jul 2026 07:00:00 GMT",https://news.google.com/rss/articles/CBMibEFVX3lxTFByd09fV0hJMXdZdUZKTFplOVlQaXhhdEw3QS1VQzVYWlhzSV9JcDk0UXR4TkttMTU2dFptWTVlRkIxRElrdmJXWEs2c0FnQVBRUXhickRWN0xPUHZyVVhlQjN3eExUdC1maVlUVQ?oc=5
2026-09-13,光通信,未特定,未特定,量産・生産開始,⚪ 監視,25,企業未特定。ニュースの材料を監視,企業特定後に要再評価,未取得,未取得,未取得,未取得,未取得,未取得,未取得,未取得,未取得,未判定,未判定,未判定,未判定,未取得,未判定,NVIDIAとBroadcomのCPOスイッチ量産で顕在化する光エンジン、シリコンフォトニクス、先端パッケージの供給制約 - オルタナティブ・ブログ,NVIDIAとBroadcomのCPOスイッチ量産で顕在化する光エンジン、シリコンフォトニクス、先端パッケージの供給制約 - オルタナティブ・ブログ,"Wed, 05 Aug 2026 07:00:00 GMT",https://news.google.com/rss/articles/CBMieEFVX3lxTE9TV1NDQ1FQOWh4cUlwcC1kSHZaWU9DUDJLQTBUcVd5V25RRExBaGNRcm9RanBybXREdVk4M3ZHS1BEX0VaMDFDVFg4eWdHOXJxdjhnanlhNnZyQWVENzBoZHFSMDdSeFh0UVNqRm9DY2x0eDlnOFEyRw?oc=5
2026-09-13,AIデータセンター,未特定,未特定,量産・生産開始,⚪ 監視,25,企業未特定。ニュースの材料を監視,企業特定後に要再評価,未取得,未取得,未取得,未取得,未取得,未取得,未取得,未取得,未取得,未判定,未判定,未判定,未判定,未取得,未判定,"Introducing disruptive immersion solutions ahead of the curve, Midas has reshaped data center cooling worldwide - Manufacturing Today","Introducing disruptive immersion solutions ahead of the curve, Midas has reshaped data center cooling worldwide - Manufacturing Today","Thu, 12 Mar 2026 07:00:00 GMT",https://news.google.com/rss/articles/CBMi4gFBVV95cUxOOTR5VU9oMlFNWFk5VGZsc1piSDZSZGxiR0UwaS1ldHQ3Nk5oR1o2c3JpajNQUGRIZjh6Zk8wdkRKa2ExM2FoZ1hPTGJFb3ZaWmZwd0lVY3p1dGdzZXpSbmtJUzV0T0VMeTludGN5TDJENmRHU2pWU1hpQjUtanJuYUlsS3JjS2J6ZWpabGVEeDhyLXpnSUNkb0VvdXphblZhZkI4WEdCdEI1Y3hyTHZhb3JocEFabHRQclV1ZTZNVzJ5ZkFjVEFfTkxUOXh1aWlDSGxWbUx5MjJTY3NEWlpPVUpn?oc=5
2026-09-13,AIデータセンター,The AES Corporation,AES,テーマ関連ニュース,⚪ 監視,25,成長テーマとの関連 / 企業を特定 / 営業CFプラス / 利益の質が良好,EPS成長悪化,5.5393257,2.1341991,-45.801072066706375,-0.3665092034533357,-2.764067127344516,43.1億,9.5740005,未取得,105.5億,良好,低バリュエーションだが要精査,中,要IR確認,15～15円 / 14～14円 / 13～13円,主要価格帯付近,AES Tech Wants Data Centers to Lean Less on Your Power Grid - Ubergizmo,AES Tech Wants Data Centers to Lean Less on Your Power Grid - Ubergizmo,"Mon, 07 Sep 2026 15:50:00 GMT",https://news.google.com/rss/articles/CBMimgFBVV95cUxQb0FoZHluaklmM0pzbVVxMUNvQVd6cjA2UVdCRWVoQnZGcEZXNEsxOVU5el9OMS1KMHBiZHVxRXo0SG5ncDc5NUtPdWNweENlQmpnbGtYYktxTmIyNW11U3NrTDNtNzBWRVNxSXhfNW1MNGF2R2RhdDZMVDNUM1lCOTQ5SU5Qcnd1eDREX0JKbVFMVzlXY2xZVjF3?oc=5
2026-09-13,AIデータセンター,未特定,未特定,大企業との提携,⚪ 監視,25,企業未特定。ニュースの材料を監視,企業特定後に要再評価,未取得,未取得,未取得,未取得,未取得,未取得,未取得,未取得,未取得,未判定,未判定,未判定,未判定,未取得,未判定,データセンターの電力課題に蓄電池活用 パワーエックスとハイレゾ、協業検討 - kankyo-business.jp,データセンターの電力課題に蓄電池活用 パワーエックスとハイレゾ、協業検討 - kankyo-business.jp,"Tue, 21 Jul 2026 07:00:00 GMT",https://news.google.com/rss/articles/CBMifEFVX3lxTE9mVjZQRklBN1NGNTFmM2dJNUFxZE5FQVc3UGc0dERDcnE1ZFpIbVc4ZTh6WWluNF95U0MzbDc4RVhheFRTSjcwc01SWnJnLXc4Y2t3RVZWRTJVcDB6amFFbVlRWjRXclBGcWVHWXQ2QnRleXFfVUVVRUtvb08?oc=5
2026-09-13,AIデータセンター,未特定,未特定,大企業との提携,⚪ 監視,25,企業未特定。ニュースの材料を監視,企業特定後に要再評価,未取得,未取得,未取得,未取得,未取得,未取得,未取得,未取得,未取得,未判定,未判定,未判定,未判定,未取得,未判定,ハイレゾ、蓄電システムを活用したAIデータセンター運用に向けパワーエックスと協業を検討 - クラウド Watch,ハイレゾ、蓄電システムを活用したAIデータセンター運用に向けパワーエックスと協業を検討 - クラウド Watch,"Thu, 16 Jul 2026 07:00:00 GMT",https://news.google.com/rss/articles/CBMiZ0FVX3lxTE16WXRIUlBlUkhSZFVHTV8xWVl4cHFfWXcxTDlzM2hsX1EzNFF0RXlSOXdBMXVlNlpmVk8wSERkLXh2RWFpQ09ZWFNnaGpEbFMxQVgxSkNtdmpfZ2NyTmExRFR0RURqUFU?oc=5
2026-09-13,半導体,未特定,未特定,大企業との提携,⚪ 監視,25,企業未特定。ニュースの材料を監視,企業特定後に要再評価,未取得,未取得,未取得,未取得,未取得,未取得,未取得,未取得,未取得,未判定,未判定,未判定,未判定,未取得,未判定,OpenAI×Samsungが急接近｜AI半導体で「HBM」からファウンドリ・先端パッケージまで広がる協業｜Semiconductor Geek - note,OpenAI×Samsungが急接近｜AI半導体で「HBM」からファウンドリ・先端パッケージまで広がる協業｜Semiconductor Geek - note,"Wed, 09 Sep 2026 22:00:00 GMT",https://news.google.com/rss/articles/CBMiXkFVX3lxTE9mM3c4TDdpenFuUUdGRGc4VUxfRzZtaUlBV3pvZzhhcUR3ODEzLXRPUnE0dnRCMkVOMFRLZW5qWkktR0w4YVI5TDdGVnBnTFh6Mm0tRVlyWU5RZUNxMnc?oc=5
2026-09-13,冷却・熱管理,未特定,未特定,量産・生産開始,⚪ 監視,25,企業未特定。ニュースの材料を監視,企業特定後に要再評価,未取得,未取得,未取得,未取得,未取得,未取得,未取得,未取得,未取得,未判定,未判定,未判定,未判定,未取得,未判定,"Additive Manufacturing for spacecraft thermal management: Heat pipes, radiators, and the role of Shape Memory Alloys - Metal Additive Manufacturing magazine","Additive Manufacturing for spacecraft thermal management: Heat pipes, radiators, and the role of Shape Memory Alloys - Metal Additive Manufacturing magazine","Wed, 15 Oct 2025 07:00:00 GMT",https://news.google.com/rss/articles/CBMifEFVX3lxTE13OVFNT2lIN0drVjhXZ1k4RVF4MWxmMmJFLVA0Z1RJRFZOVHRGZ1pvTHFnTnc5NWJRcTBiYlYwOGRydTZ3MUZSakROTy1adkxWZnVWOWJpY1laaGFWMndBLWNpSTV5RFVGeFhxdTdiOXZoTjNmb1dKOXhGYVg?oc=5
2026-09-13,その他,未特定,未特定,量産・生産開始,⚪ 監視,25,企業未特定。ニュースの材料を監視,企業特定後に要再評価,未取得,未取得,未取得,未取得,未取得,未取得,未取得,未取得,未取得,未判定,未判定,未判定,未判定,未取得,未判定,Additive Manufacturing Enables Advanced Thermal Control Systems for Next-Generation Space Missions - Tech Briefs,Additive Manufacturing Enables Advanced Thermal Control Systems for Next-Generation Space Missions - Tech Briefs,"Fri, 01 Aug 2025 07:00:00 GMT",https://news.google.com/rss/articles/CBMi7gFBVV95cUxNc3o2X3I2MTZxVmQ4WERlUTJrNldIYm1MTlUxaDlHRHIwdW1tNjBfUTNXNGgzMV9kVHpid0V4QWZQQkJic05jV0w2Ry1xcXBITlBvMzRYUC1lUDVKT05NLUpvRUNhWDVGWFk5QzlQOVR5T3lGMy0zNVlxWjlMZVkwaTJHZ0JGRU1RR05fUy03THBVMDE0X01LRWI0YURJTW43ZVRkQXNSaWtONUhvdHJpS2Y3aUo5SF8xajZJZVRVcVpsejBNbDF2d0dJcUR5dWRJRkNiM3QtV09DUW00Y1JWMU1WMXpDOHB3RnJUV3NR?oc=5
2026-09-13,電力・蓄電,未特定,未特定,大企業との提携,⚪ 監視,25,企業未特定。ニュースの材料を監視,企業特定後に要再評価,未取得,未取得,未取得,未取得,未取得,未取得,未取得,未取得,未取得,未判定,未判定,未判定,未判定,未取得,未判定,5/1宇宙ニュース・米Meta、電力需要対応に向け「宇宙太陽光発電」で米2社と提携 ほか3件 - spacemedia.jp,5/1宇宙ニュース・米Meta、電力需要対応に向け「宇宙太陽光発電」で米2社と提携 ほか3件 - spacemedia.jp,"Fri, 01 May 2026 07:00:00 GMT",https://news.google.com/rss/articles/CBMiR0FVX3lxTE5fRmhITjdGRkRjaGYzLXB0eVloWTg4bTFab3YxWXRUc0hqWjBHOXdNNkJuRE45T2xyRzVQUUItZUJ4NmlyYWVv?oc=5
2026-09-13,光通信,Corgi SK hynix 2x Daily ETF,SK,テーマ関連ニュース,⚪ 監視,23,成長テーマとの関連 / 企業を特定 / 下値支持候補,主要な警戒条件は未検出,未取得,未取得,未取得,未取得,未取得,未取得,未取得,未取得,未取得,未判定,低バリュートラップ条件なし,未判定,要IR確認,15～16円 / 18～20円 / 20～21円,下値支持候補,"SK hynix’s technology roadmap for co-packaged optics features in ‘Nature Electronics,’ as AI competition shifts from chips to systems - SK hynix","SK hynix’s technology roadmap for co-packaged optics features in ‘Nature Electronics,’ as AI competition shifts from chips to systems - SK hynix","Thu, 20 Aug 2026 07:00:00 GMT",https://news.google.com/rss/articles/CBMiZEFVX3lxTE1JQkVPNFB5aVdSRWoxN0p2NHdNQklDUEIwYjhIejhESzdKdldtQ0RZeG52OWxzdjB0Njk5c0xXTXMyclFNTW40c1cwb3FoTUV0X0REN28yR0ZFWlJkcjN0ZTBlN3M?oc=5
2026-09-13,その他,Energy Transfer LP,ET,テーマ関連ニュース,⚪ 監視,23,企業を特定 / ROEが強い / 営業CFプラス / 利益の質が良好 / 下値支持候補,EPS成長悪化,14.760273,2.3206978,-7.914416285832992,3.465544144863375,1.3275299238302507,101.5億,14.562,未取得,742.0億,良好,低バリュートラップ条件なし,低,還元水準は比較的高い,17～17円 / 19～19円 / 16～16円,下値支持候補,Data centre cooling faces skills gap amid AI boom - ET Datacenters,Data centre cooling faces skills gap amid AI boom - ET Datacenters,"Sun, 13 Sep 2026 03:15:46 GMT",https://news.google.com/rss/articles/CBMi2wFBVV95cUxORFB2RDJXWmlSd3FQaGdwWVFnZTRHek1weWRkdTEyMHNuWTB2U0I1RnJsX3l1LXBWNVJQQjMzSlVHc1F3V0pjckdyZDY2dzZuUzJiUUY1bW1SRzQydkF1NWk2ZmR5YlZrWnhoZkdmbUJnbEh5TDlwd215d1hOdWgyUUo2a0k5cUFyQlhYbUhXVXlkeWNkTmRQbmdCbFpnQVdlVDBpbzZXNVZ0d054V1loOXFvNS04ZmtqdmY3N3hTbXpvUWQzRE96T0NGRjdZN09tNXd3NzgxUlBzdEHSAd8BQVVfeXFMUDRodHdySXV0ZFJUaUFlMjEtSXY4b0RXcHZrZE5UeEdNbHV3bWRLVVhQYzBfeG1Qek1kU19TdGlDOWZkdFhhM2tYZFBzWDNSVEJiSjZfdE5yLU8tbzYzS3EwaDFZdzZ5STVXTTJUWFJVY2RXVVZGbUVkU2JQUFpFMW91NU5iRWRYWXY4ZEJNYWthZnRsdEVWakt2R2t0YlFabXJJelREbXhjVmhwZFk4WHRrckRHNXl2ZXowdHdhclZVaV9FS2J6LTFyOWRUZkZTV1Z5RExycFhxd014ZVZXbw?oc=5
2026-09-13,冷却・熱管理,Bimergen Energy Corporation,BESS,テーマ関連ニュース,⚪ 監視,23,成長テーマとの関連 / 企業を特定 / 営業利益成長が強い / EPS成長が強い / 営業CFプラス / 配当性向引き上げ余地が高い,ROE悪化 / バリュートラップ警戒 / 上値しこり,未取得,0.64792967,80.34758839563736,未取得,78.66406692062402,87.8万,-20.209,未取得,2143.5万,要確認,警戒,高,要IR確認,3～4円 / 6～6円 / 3～3円,上値しこり警戒,EticaAG contends that immersion cooling is the next evolution of BESS cooling systems - Energy-Storage.News,EticaAG contends that immersion cooling is the next evolution of BESS cooling systems - Energy-Storage.News,"Mon, 27 Apr 2026 07:00:00 GMT",https://news.google.com/rss/articles/CBMiugFBVV95cUxOQW1Wd0p1WXRfd0g2N1hMZ1o3aDRDNTdkS0R4ejA4WlVWNXJBSWZXSnpHcDNOLU1VVzFqVGlTTmt3M2YxZzJ1QXBNTlQ5NEtnZlZXUmtpOFRIRVNOajBfX3VTXzVzaUFJRFoyMi1sVV9uQ29XaENXU29TeGxaaXUwU0NUSUk4WV9EZ1NxRGNseUVDMzU5czB2QXN1Z1hfOVdwekNJbm1mVWlIZ2dhSzZqTDZneENrR1EzNnc?oc=5
2026-09-13,半導体,Corgi SK hynix 2x Daily ETF,SK,テーマ関連ニュース,⚪ 監視,23,成長テーマとの関連 / 企業を特定 / 下値支持候補,主要な警戒条件は未検出,未取得,未取得,未取得,未取得,未取得,未取得,未取得,未取得,未取得,未判定,低バリュートラップ条件なし,未判定,要IR確認,15～16円 / 18～20円 / 20～21円,下値支持候補,AI半導体の発熱との戦い、SK HynixとS-Oilが次世代冷却ソリューションで真っ向勝負 - BigGo ファイナンス,AI半導体の発熱との戦い、SK HynixとS-Oilが次世代冷却ソリューションで真っ向勝負 - BigGo ファイナンス,"Mon, 25 May 2026 07:00:00 GMT",https://news.google.com/rss/articles/CBMiX0FVX3lxTE10Rk9yVXVvLVBkYUZBcTNwRHRlMlRqUU05SlkzQXYwMXZicFlsV01abE1PSDNhUW51ZFlZaDFwTVhWR09FdGtmWmlzWGhrS1hhWlRpMzFXNmMzZWo4ekN3?oc=5
2026-09-13,冷却・熱管理,Corgi SK hynix 2x Daily ETF,SK,テーマ関連ニュース,⚪ 監視,23,成長テーマとの関連 / 企業を特定 / 下値支持候補,主要な警戒条件は未検出,未取得,未取得,未取得,未取得,未取得,未取得,未取得,未取得,未取得,未判定,低バリュートラップ条件なし,未判定,要IR確認,15～16円 / 18～20円 / 20～21円,下値支持候補,韓国SamsungがHBM4Eを世界初出荷、SK Hynixは「iHBM」の熱管理技術で対抗 - BigGo ファイナンス,韓国SamsungがHBM4Eを世界初出荷、SK Hynixは「iHBM」の熱管理技術で対抗 - BigGo ファイナンス,"Fri, 29 May 2026 07:00:00 GMT",https://news.google.com/rss/articles/CBMiX0FVX3lxTE9WSWNtZmNhM3ZYS0FQOHlDeWtUSmJfU3FFc3hkOGVBYkx2SGtmdjRaUkZLalVzZzVsRWRnd2NURE9zMklmUmdQNkRJMkYwcFN0Y2N1RU5nLTYwN3RJZGhV?oc=5
2026-09-13,AIデータセンター,Bimergen Energy Corporation,BESS,テーマ関連ニュース,⚪ 監視,23,成長テーマとの関連 / 企業を特定 / 営業利益成長が強い / EPS成長が強い / 営業CFプラス / 配当性向引き上げ余地が高い,ROE悪化 / バリュートラップ警戒 / 上値しこり,未取得,0.64792967,80.34758839563736,未取得,78.66406692062402,87.8万,-20.209,未取得,2143.5万,要確認,警戒,高,要IR確認,3～4円 / 6～6円 / 3～3円,上値しこり警戒,"How competitive is BESS for data centers, really? - pv magazine Global","How competitive is BESS for data centers, really? - pv magazine Global","Sat, 12 Sep 2026 09:01:23 GMT",https://news.google.com/rss/articles/CBMikAFBVV95cUxQOHBscTcxTTktdEsxZ19hZFVxZFhsWEdBLU1GRkZxbkl5a18tRHphaXd0ak0tQUFsdS1hWUhZN3NUUnY3N1NsOGtpTmJ4WjNXRzh2MkhqOXkxRGRNUTNOMlBMdW5lSHpBOEhtWE9qNDRUWXJUOVh1WnFsaUdHR0l0Z0hmbWc3eGEyaWx1Mm1yazY?oc=5
2026-09-13,半導体,Corgi SK hynix 2x Daily ETF,SK,テーマ関連ニュース,⚪ 監視,23,成長テーマとの関連 / 企業を特定 / 下値支持候補,主要な警戒条件は未検出,未取得,未取得,未取得,未取得,未取得,未取得,未取得,未取得,未取得,未判定,低バリュートラップ条件なし,未判定,要IR確認,15～16円 / 18～20円 / 20～21円,下値支持候補,SK Siltron to close Michigan SiC fab - Compound Semiconductor,SK Siltron to close Michigan SiC fab - Compound Semiconductor,"Tue, 21 Jul 2026 07:00:00 GMT",https://news.google.com/rss/articles/CBMijgFBVV95cUxOZTlfbDM0LUdsUVdBSG93OGNSUVVKaURwb2tVbjVCbnkwZ04yVXdzUXp5NUNRQUczdnIxYVZLb2dyNjZyOEw2clZNUGxpVXhFR25NT1JCWnNGak5XVGhhdVUzVkJYcC1xb3BNeUFXRDZ6Q2F1aEZFWnV5ZlRTM1pBNmpObnVCZmZSQzY3MW1R?oc=5
2026-09-13,その他,未特定,未特定,戦略的投資,⚪ 監視,22,企業未特定。ニュースの材料を監視,企業特定後に要再評価,未取得,未取得,未取得,未取得,未取得,未取得,未取得,未取得,未取得,未判定,未判定,未判定,未判定,未取得,未判定,Ayar Labs scales funding to $650M - Lightwave Online,Ayar Labs scales funding to $650M - Lightwave Online,"Thu, 10 Sep 2026 23:36:58 GMT",https://news.google.com/rss/articles/CBMiiwFBVV95cUxPNnBGWHBKSXk4Y2EyUzNVYW5FVGlKSmh5NVkxSU84S2VvZDhsdjBuM3k0V3VXbEQ4a1NTV0Rxbk1YQjhWMVhJeXVOM0k1WHpqLUtTREdXZXVaMlNhck5DeExuNkpfYUV4a01EbHltdXYzNU5GcTdMWlR6WEpJcXdxTENEQWM3dGVzN2Vz?oc=5
2026-09-13,その他,未特定,未特定,戦略的投資,⚪ 監視,22,企業未特定。ニュースの材料を監視,企業特定後に要再評価,未取得,未取得,未取得,未取得,未取得,未取得,未取得,未取得,未取得,未判定,未判定,未判定,未判定,未取得,未判定,Ayar Labs Raises $150M in Additional Funding - FinSMEs,Ayar Labs Raises $150M in Additional Funding - FinSMEs,"Thu, 10 Sep 2026 14:49:54 GMT",https://news.google.com/rss/articles/CBMihwFBVV95cUxQcVpHNlJOeHZfMGZYdk9GX1g1dHU4LU9CdzU4cXhqeVZTV3FqbVcyQzM3TklDVDBabzhfY2dTM0tlZDMtVDh1UDg2SmV0cHJnalYwckk3ZnlhZk9Qci1TM0lhU08ycDFOelRJS2FGYlprVU9HZFBUTkNpbURsV3c2dGxDdDR4eEE?oc=5
2026-09-13,その他,2026,2026.T,研究開発,⚪ 監視,22,企業を特定,主要な警戒条件は未検出,未取得,未取得,未取得,未取得,未取得,未取得,未取得,未取得,未取得,未判定,低バリュートラップ条件なし,未判定,要IR確認,未取得,未判定,MEMS冷却システム市場詳細セグメント分析2026：用途別・企業別構造｜QYResearch - note,MEMS冷却システム市場詳細セグメント分析2026：用途別・企業別構造｜QYResearch - note,"Sun, 15 Mar 2026 07:00:00 GMT",https://news.google.com/rss/articles/CBMiV0FVX3lxTFAyQUdtMUxmS2hVRVJjUlJpWkxuUzhESVRYYjQyaW0zRFRqUGtvM1p4TGRlR1VZUUNuZDBQdHJHN2dnb2FfWjAzYW9NdzM2ZUxQbDVrbFZ3TQ?oc=5
2026-09-13,その他,2026,2026.T,研究開発,⚪ 監視,22,企業を特定,主要な警戒条件は未検出,未取得,未取得,未取得,未取得,未取得,未取得,未取得,未取得,未取得,未判定,低バリュートラップ条件なし,未判定,要IR確認,未取得,未判定,ペルチェ電子冷却器市場戦略レポート2026-2032：競合状況、成長要因、投資リスク｜QYResearch - note,ペルチェ電子冷却器市場戦略レポート2026-2032：競合状況、成長要因、投資リスク｜QYResearch - note,"Sat, 21 Feb 2026 08:00:00 GMT",https://news.google.com/rss/articles/CBMiV0FVX3lxTE1SQ1ZwcmQydWdkMTlOTl9XVTlzdXlNZmlxQ090MlYzVV9SMlpLT2tFdXZZZ2V5UDE0c2lPNHdHOE83bS1sT1FPLXg5RHF4TlVibHZ4VWl3SQ?oc=5
2026-09-13,その他,NEXT NOTES HSI Short ETN,2032.T,研究開発,⚪ 監視,22,企業を特定,主要な警戒条件は未検出,未取得,未取得,未取得,未取得,未取得,未取得,未取得,未取得,未取得,未判定,低バリュートラップ条件なし,未判定,要IR確認,未取得,未判定,ペルチェ電子冷却器市場戦略レポート2026-2032：競合状況、成長要因、投資リスク｜QYResearch - note,ペルチェ電子冷却器市場戦略レポート2026-2032：競合状況、成長要因、投資リスク｜QYResearch - note,"Sat, 21 Feb 2026 08:00:00 GMT",https://news.google.com/rss/articles/CBMiV0FVX3lxTE1SQ1ZwcmQydWdkMTlOTl9XVTlzdXlNZmlxQ090MlYzVV9SMlpLT2tFdXZZZ2V5UDE0c2lPNHdHOE83bS1sT1FPLXg5RHF4TlVibHZ4VWl3SQ?oc=5
2026-09-13,その他,SPRAT,SPRAT,研究開発,⚪ 監視,22,企業を特定,主要な警戒条件は未検出,未取得,未取得,未取得,未取得,未取得,未取得,未取得,未取得,未取得,未判定,低バリュートラップ条件なし,未判定,要IR確認,未取得,未判定,SPRAT: Space Photovoltaic Research and Technology Conference - - NASA (.gov),SPRAT: Space Photovoltaic Research and Technology Conference - - NASA (.gov),"Wed, 09 Sep 2026 07:00:00 GMT",https://news.google.com/rss/articles/CBMiSEFVX3lxTE8yOEE2UmJBZEViMFlfOWlSY3Qta3lXeGQ4bHdqNHNCdWQ4bE5PaFZ6YWQwUVFjWHVRaVpoSWF5WUUyZzZ6ZnVQRw?oc=5
2026-09-13,AIデータセンター,iShares MSCI UAE ETF,UAE,テーマ関連ニュース,⚪ 監視,20,成長テーマとの関連 / 企業を特定,主要な警戒条件は未検出,9.118343,未取得,未取得,未取得,未取得,未取得,未取得,未取得,未取得,未判定,低バリュエーションだが要精査,未判定,要IR確認,20～20円 / 19～19円 / 19～19円,主要価格帯付近,"EXCLUSIVE: UAE revises AI data center plan after Iranian attacks, sources say - Reuters","EXCLUSIVE: UAE revises AI data center plan after Iranian attacks, sources say - Reuters","Fri, 11 Sep 2026 09:49:16 GMT",https://news.google.com/rss/articles/CBMiuwFBVV95cUxOaXdNOTVXY3kwZHluN2wtdk16OHYyYjR6aWxCZ3RFaDNveWtIMTZ3dzFwZExPZmpOX1YxbTJMdmdEeVZabF9NTjV3ei1KSWJXR2NKR2lnbWZjczZyQlBEU0x6c0dnWFplWFVteEJoQ0JTMGpFdnZqd2hXR2JpSF9ILU9WM2tGUTAtQWxuQnl4LXhZQWRnZXNEdFZlUFBDbXhxLTJVUVoyRkwtQm1KS3R5M05uaktvT0dWVzhV?oc=5
2026-09-13,AIデータセンター,5153,CNBC,テーマ関連ニュース,⚪ 監視,20,成長テーマとの関連 / 企業を特定,主要な警戒条件は未検出,未取得,未取得,未取得,未取得,未取得,未取得,未取得,未取得,未取得,未判定,低バリュートラップ条件なし,未判定,要IR確認,未取得,未判定,Why data centers could be the next big market for catastrophe bonds - CNBC,Why data centers could be the next big market for catastrophe bonds - CNBC,"Sat, 12 Sep 2026 05:00:01 GMT",https://news.google.com/rss/articles/CBMihwFBVV95cUxPejh5Z2pxSV9CczNGcjF1V3V2N1ZvWE4tdUhmUTJtam1IbTZZbTBFUURqYjNYczFKQ1dXV3RpOFJ3MnhqdWdndXBtU3h1Ry1jb25fVUJlWjFOZ0FiNnAyb2J4SUhHX1YyY2JKdm0tNDF4SWtkN1Y1SFRod1Y1MnlvVEVqRGFkNnM?oc=5
2026-09-13,AIデータセンター,5153,CNBC,テーマ関連ニュース,⚪ 監視,20,成長テーマとの関連 / 企業を特定,主要な警戒条件は未検出,未取得,未取得,未取得,未取得,未取得,未取得,未取得,未取得,未取得,未判定,低バリュートラップ条件なし,未判定,要IR確認,未取得,未判定,"Jim Cramer calls an AI data center stock a buy, offers a level to buy a household name - CNBC","Jim Cramer calls an AI data center stock a buy, offers a level to buy a household name - CNBC","Fri, 11 Sep 2026 16:10:34 GMT",https://news.google.com/rss/articles/CBMivwFBVV95cUxPMDlYNUlZeHRVZm02dVZrRTh3V2NuZHgzMlh3Y1N1aWRKLUk4WXZkOHVyWGVQWkZUT2k1bTNJUmE4ZTE2cGhzdE8yVzQ5SW9PanR5STc2WUxTMDBtNV81dW50NV85R3JaZ0dvbzl4dFpWaHBvRlhTRjhQWkpmWndpWlRxeXVCd3hIc3pXdDRmWWNUaDRaWG5VWGdGTjJKUFBDSWtYbFVJNmw2QUdKd2h4Rm5yTVdYeWYwd0NjbzctSQ?oc=5
2026-09-13,AIデータセンター,NBC,NBC,テーマ関連ニュース,⚪ 監視,20,成長テーマとの関連 / 企業を特定,主要な警戒条件は未検出,未取得,未取得,未取得,未取得,未取得,未取得,未取得,未取得,未取得,未判定,低バリュートラップ条件なし,未判定,要IR確認,未取得,未判定,Data center backlash is everywhere. The biggest pro-AI group is getting ready to fight back. - NBC News,Data center backlash is everywhere. The biggest pro-AI group is getting ready to fight back. - NBC News,"Wed, 09 Sep 2026 09:00:40 GMT",https://news.google.com/rss/articles/CBMixAFBVV95cUxOTkxtV08yRVJJR3V2NzZUWHFvOFd6bExjXzVNOVVxYjZwZFZrTjM0TEFxb2VEZWlnekFtc0ZPanpTNnlnbkpJcHNSTG4wMDlOR2x6cUMyNnlfMTVDQWM3LWQzelFGenptNXFoeTJxM19OYUpZWW9yVkM4eW9iRFF1VTJnUnRFd05jMnc5SGEyRU5NRXBGSTBmX3FOcUh0RHlFZ1NEemdEcGlJRUlyZ2NueVk3RFdlMWhlT0xEWVBrbk1PUlZZ?oc=5
2026-09-13,AIデータセンター,I,I,テーマ関連ニュース,⚪ 監視,20,成長テーマとの関連 / 企業を特定,主要な警戒条件は未検出,未取得,未取得,未取得,未取得,未取得,未取得,未取得,未取得,未取得,未判定,低バリュートラップ条件なし,未判定,要IR確認,未取得,未判定,I own a house rental business near a future Meta AI data center. Construction workers make up most of our tenants. - Business Insider,I own a house rental business near a future Meta AI data center. Construction workers make up most of our tenants. - Business Insider,"Sun, 13 Sep 2026 09:04:31 GMT",https://news.google.com/rss/articles/CBMinAFBVV95cUxOcC1pUWttN0lRWmEtUmx4V0EzTHEzeHlCRnpIT3F1dUZqTEVDWVhJNUpXbmtMNFllZERZTVhYOEJobTJxeno4ZHVkR29pYkROMFNXZlcxOUZianJnZ3dhQmthZ3VjbGU1M1g2Njc1ZUFVNmJEejY2QW5SV2RWTi1TT0gtTmVlV3NvbFNmbl9GejduajlTTGVmZDNIa1A?oc=5
2026-09-13,AIデータセンター,5153,CNBC,テーマ関連ニュース,⚪ 監視,20,成長テーマとの関連 / 企業を特定,主要な警戒条件は未検出,未取得,未取得,未取得,未取得,未取得,未取得,未取得,未取得,未取得,未判定,低バリュートラップ条件なし,未判定,要IR確認,未取得,未判定,"AI data centers won't create as many UK jobs as the tech sector projects, think tank warns - CNBC","AI data centers won't create as many UK jobs as the tech sector projects, think tank warns - CNBC","Wed, 09 Sep 2026 12:26:40 GMT",https://news.google.com/rss/articles/CBMie0FVX3lxTE1VTTZSeEh0NU5UNXE5RElRbUlyZ3pMTW44Z3JuUmxzajM0dzNYMDNSQW5aWEE3UFBjTVg0Z2JFZDlLOG16VmVWRi1ocTUxbEdYYWdXU2FGSVBkOXlPblVYTlJlUVdrUl9zU1c3a0ZZeS14aENGUG9ZbU13c9IBgAFBVV95cUxOSTJWLVdCcjlFdHBzNGdwcF9lNXFFM3RSMFZCa0hCbFc0WTFXeHJORkttTUJndWxVSFgyZnh0QzN1b3BCcFR6VzQtNHhqaUdiRWpZYVJmUk13dTdiU2hnQkNXUXkwV250Ni11OTR1ZExJQU9vM2tqT3FjMEFyeFF0TQ?oc=5
2026-09-13,AIデータセンター,未特定,未特定,政府支援,⚪ 監視,20,企業未特定。ニュースの材料を監視,企業特定後に要再評価,未取得,未取得,未取得,未取得,未取得,未取得,未取得,未取得,未取得,未判定,未判定,未判定,未判定,未取得,未判定,Federal Government Moves to Limit Public Input on Data Center Projects - capitalbnews.org,Federal Government Moves to Limit Public Input on Data Center Projects - capitalbnews.org,"Thu, 10 Sep 2026 12:30:00 GMT",https://news.google.com/rss/articles/CBMiZkFVX3lxTE1DaVlhWUFVeFdZSHZrN2xJT0NQdGNLNWJWd1kzLWRwenlpa2hlWHV6U2E2elhqb1d0S3Q3QkEwWXd0MUJQMk1Lb3J2bmh0eThLeW0xUk1la3JDVWU5TG0tbjJkRmVlQQ?oc=5
2026-09-13,AIデータセンター,KHOU,KHOU,テーマ関連ニュース,⚪ 監視,20,成長テーマとの関連 / 企業を特定,主要な警戒条件は未検出,未取得,未取得,未取得,未取得,未取得,未取得,未取得,未取得,未取得,未判定,低バリュートラップ条件なし,未判定,要IR確認,未取得,未判定,Jacinto City residents push back against proposed AI data center at former Budweiser plant - KHOU,Jacinto City residents push back against proposed AI data center at former Budweiser plant - KHOU,"Fri, 11 Sep 2026 23:06:00 GMT",https://news.google.com/rss/articles/CBMiwgFBVV95cUxNeEZ5TTFVSWpLVnN1WG4zaGtoZzB5YzBDTkR2VEhBbFNKUmFHR2gwYlAyS2otRklfTFFrRUZrakhsN0IwamdQQTg5cXZjUklaOXAwVktfRktQaW11M0RQSmJycG5WdDJLRWR4RHAtZUUwSkZLdmVXc1lRWDNZZklwQklYdXgyNkNGelFmOEtsWGV6cURKcEhPdnNxdUZmZG5kZC1vaksxSjRmUUYwcWlHaTlBd19GU0dDT0tMY3N2RXJKdw?oc=5
2026-09-13,AIデータセンター,A.I,A.I,テーマ関連ニュース,⚪ 監視,20,成長テーマとの関連 / 企業を特定,主要な警戒条件は未検出,未取得,未取得,未取得,未取得,未取得,未取得,未取得,未取得,未取得,未判定,低バリュートラップ条件なし,未判定,要IR確認,未取得,未判定,In Case You Missed It: A.I./Data Center Articles - NewClips From Last Week - September 14 - PA Environment Digest Blog,In Case You Missed It: A.I./Data Center Articles - NewClips From Last Week - September 14 - PA Environment Digest Blog,"Sat, 12 Sep 2026 15:19:38 GMT",https://news.google.com/rss/articles/CBMioAFBVV95cUxOVkhHOHlIWDNCNk03a0d5OUdCcmRuV1dxU0kwdnhZZm1SRFZORFR3dnV4UTMtQ0FDWFhleHVXaVo1R09sNlZZaDVGV3lTTm9WekhVWGdvaVItV3hLc1Q2ZGo2NFlONFpwU3JySkRSb1IyaWdWb0NXbjVMeWhqMHMtWUpCOTd6NDVDcVBsOFBlVlZhdElGdW11R2JBN2tjNG1t?oc=5
2026-09-13,AIデータセンター,Palladium,PA,テーマ関連ニュース,⚪ 監視,20,成長テーマとの関連 / 企業を特定,主要な警戒条件は未検出,未取得,未取得,未取得,未取得,未取得,未取得,未取得,未取得,未取得,未判定,低バリュートラップ条件なし,未判定,要IR確認,未取得,未判定,In Case You Missed It: A.I./Data Center Articles - NewClips From Last Week - September 14 - PA Environment Digest Blog,In Case You Missed It: A.I./Data Center Articles - NewClips From Last Week - September 14 - PA Environment Digest Blog,"Sat, 12 Sep 2026 15:19:38 GMT",https://news.google.com/rss/articles/CBMioAFBVV95cUxOVkhHOHlIWDNCNk03a0d5OUdCcmRuV1dxU0kwdnhZZm1SRFZORFR3dnV4UTMtQ0FDWFhleHVXaVo1R09sNlZZaDVGV3lTTm9WekhVWGdvaVItV3hLc1Q2ZGo2NFlONFpwU3JySkRSb1IyaWdWb0NXbjVMeWhqMHMtWUpCOTd6NDVDcVBsOFBlVlZhdElGdW11R2JBN2tjNG1t?oc=5
2026-09-13,AIデータセンター,512614,RI,テーマ関連ニュース,⚪ 監視,20,成長テーマとの関連 / 企業を特定,主要な警戒条件は未検出,未取得,未取得,未取得,未取得,未取得,未取得,未取得,未取得,未取得,未判定,低バリュートラップ条件なし,未判定,要IR確認,未取得,未判定,Rhode Island AI Plans Face Data Center Cost Test - Uprise RI,Rhode Island AI Plans Face Data Center Cost Test - Uprise RI,"Sat, 12 Sep 2026 19:47:04 GMT",https://news.google.com/rss/articles/CBMid0FVX3lxTE1kX3FKZmVXSHRObml1S09mcnJxSkFiaDBVZzNsZWJjTXpHcGhuRW1kTlJXS2UxbE94dnh0VmFNY29ZR0EyN2diOUg5bEhUVVFOMmQ3VWVzYkoxS3p2V1dJdmtSXzJQMUxmcGVMSHYyckNialF3dW1R?oc=5
2026-09-13,AIデータセンター,NEXT NOTES HSI Short ETN,2032.T,テーマ関連ニュース,⚪ 監視,20,成長テーマとの関連 / 企業を特定,主要な警戒条件は未検出,未取得,未取得,未取得,未取得,未取得,未取得,未取得,未取得,未取得,未判定,低バリュートラップ条件なし,未判定,要IR確認,未取得,未判定,米マイクロソフト、データセンター容量を2032年までに38GW超へ拡大か AI需要でAzureの逼迫続く - 財経新聞,米マイクロソフト、データセンター容量を2032年までに38GW超へ拡大か AI需要でAzureの逼迫続く - 財経新聞,"Sat, 12 Sep 2026 00:44:05 GMT",https://news.google.com/rss/articles/CBMiY0FVX3lxTE1rdGh2ejlFOHNTX21EZjN6eVZtbXlMU3ZNMmR4QzRwNmRhalhWMkM5d3FuZTJkaVBrUDlQa2tlbXJtMW1JM2dfVlhNWnM4cFlDYTZyN18xdmxXMzFibjB3WHQyWdIBaEFVX3lxTE5oS0E3MWNPb0tWdHczanNJV2p6MWEwTlVYSFBGSVlWbmZXZVdqVnpyY1F4TjhoUTlpZzNiamVRczBxSlVCcUNEaGRKUlc5RzZUMlhsX0J5TDlZd3g0VUVacFczSkNPcl84?oc=5
2026-09-13,AIデータセンター,４０００,４０００.T,テーマ関連ニュース,⚪ 監視,20,成長テーマとの関連 / 企業を特定,主要な警戒条件は未検出,未取得,未取得,未取得,未取得,未取得,未取得,未取得,未取得,未取得,未判定,低バリュートラップ条件なし,未判定,要IR確認,未取得,未判定,仙台 約４０００億円規模のＡＩ向けデータセンター整備計画 - NHKニュース,仙台 約４０００億円規模のＡＩ向けデータセンター整備計画 - NHKニュース,"Thu, 10 Sep 2026 06:18:00 GMT",https://news.google.com/rss/articles/CBMiWEFVX3lxTFBmVXJ6WTNhVXNZbDhmMU9MdjBuNTJrdVllZHJGeFlaaVRNSU5NM0FNaC1lSW5FV3JsZlFCMHR1VFFtR2c4OWE2Z2hTY2FOTFNfUDA5WDBKMUk?oc=5
2026-09-13,AIデータセンター,NEXT NOTES Nikkei 225 VI Futures Index ETN,2035.T,テーマ関連ニュース,⚪ 監視,20,成長テーマとの関連 / 企業を特定,主要な警戒条件は未検出,未取得,未取得,未取得,未取得,未取得,未取得,未取得,未取得,未取得,未判定,低バリュートラップ条件なし,未判定,要IR確認,未取得,未判定,"日本データセンターラック市場は2035年2億7,520万米ドルへ｜CAGR 6.73％で成長、AI・クラウド拡大と高密度サーバー対応が市場を牽引 - アットプレス","日本データセンターラック市場は2035年2億7,520万米ドルへ｜CAGR 6.73％で成長、AI・クラウド拡大と高密度サーバー対応が市場を牽引 - アットプレス","Sat, 12 Sep 2026 03:00:00 GMT",https://news.google.com/rss/articles/CBMiT0FVX3lxTE1YRlQ5cmJwVWp3WjRWWHBTNjk2SnFJVFNiblJQT1gzRVctWkJ5TkpXaURHLW9vUEtwd3otVklHMUZ1UkhzY0ZRZm8zRURsdkk?oc=5
2026-09-13,AIデータセンター,4000,4000.T,テーマ関連ニュース,⚪ 監視,20,成長テーマとの関連 / 企業を特定,主要な警戒条件は未検出,未取得,未取得,未取得,未取得,未取得,未取得,未取得,未取得,未取得,未判定,低バリュートラップ条件なし,未判定,要IR確認,未取得,未判定,青葉区芋沢に総額4000億円規模のAIデータセンター建設へ＜宮城・仙台＞（ミヤギテレビ） - Yahoo!ニュース,青葉区芋沢に総額4000億円規模のAIデータセンター建設へ＜宮城・仙台＞（ミヤギテレビ） - Yahoo!ニュース,"Thu, 10 Sep 2026 09:32:00 GMT",https://news.google.com/rss/articles/CBMif0FVX3lxTE91NnZyRmNKa0Rpa055eWNCaFBLMXZhbnFTZFRJX3phRjVTTENVaFdRRVRrd2xBNm5panp2V3dkNFpxczR2cFVfWURrLU5iQm9TNmIzWkViQVhweG9LQl9tZkpHdU9CZ1piY1d5cXZpWk1DNzhibmdZWmJaYS1aZDA?oc=5
2026-09-13,AIデータセンター,2026,2026.T,テーマ関連ニュース,⚪ 監視,20,成長テーマとの関連 / 企業を特定,主要な警戒条件は未検出,未取得,未取得,未取得,未取得,未取得,未取得,未取得,未取得,未取得,未判定,低バリュートラップ条件なし,未判定,要IR確認,未取得,未判定,国の「GX戦略地域」に県とAIデータセンターが計画されている薩摩川内市が認定（2026年9月11日掲載）｜KYT NEWS NNN - 日テレNEWS NNN,国の「GX戦略地域」に県とAIデータセンターが計画されている薩摩川内市が認定（2026年9月11日掲載）｜KYT NEWS NNN - 日テレNEWS NNN,"Sat, 12 Sep 2026 02:52:00 GMT",https://news.google.com/rss/articles/CBMihwFBVV95cUxQQXRFMEt3RDA2am9ZaXN3LTh4aHpEU1hFTm9KQ0xjbjNENmZxckprUTJPYlgzWWtJbXpaNkJmSWdMYk9YdmNQcTA3RG1EdkZmSlVBT1BQY214TkZ4Ml81MFV3eUVFOUg5WTl5TEdTNDhMbG5OcHZhMnJrSGUyQndEOWJ3akJXUzA?oc=5
2026-09-13,AIデータセンター,KYT,KYT,テーマ関連ニュース,⚪ 監視,20,成長テーマとの関連 / 企業を特定,主要な警戒条件は未検出,未取得,未取得,未取得,未取得,未取得,未取得,未取得,未取得,未取得,未判定,低バリュートラップ条件なし,未判定,要IR確認,未取得,未判定,国の「GX戦略地域」に県とAIデータセンターが計画されている薩摩川内市が認定（2026年9月11日掲載）｜KYT NEWS NNN - 日テレNEWS NNN,国の「GX戦略地域」に県とAIデータセンターが計画されている薩摩川内市が認定（2026年9月11日掲載）｜KYT NEWS NNN - 日テレNEWS NNN,"Sat, 12 Sep 2026 02:52:00 GMT",https://news.google.com/rss/articles/CBMihwFBVV95cUxQQXRFMEt3RDA2am9ZaXN3LTh4aHpEU1hFTm9KQ0xjbjNENmZxckprUTJPYlgzWWtJbXpaNkJmSWdMYk9YdmNQcTA3RG1EdkZmSlVBT1BQY214TkZ4Ml81MFV3eUVFOUg5WTl5TEdTNDhMbG5OcHZhMnJrSGUyQndEOWJ3akJXUzA?oc=5
2026-09-13,AIデータセンター,４０００,４０００.T,テーマ関連ニュース,⚪ 監視,20,成長テーマとの関連 / 企業を特定,主要な警戒条件は未検出,未取得,未取得,未取得,未取得,未取得,未取得,未取得,未取得,未取得,未判定,低バリュートラップ条件なし,未判定,要IR確認,未取得,未判定,青葉区芋沢に４０００億円規模のＡＩ向けデータセンター整備へ 東京の不動産会社が計画発表〈仙台市〉（仙台放送） - Yahoo!ニュース,青葉区芋沢に４０００億円規模のＡＩ向けデータセンター整備へ 東京の不動産会社が計画発表〈仙台市〉（仙台放送） - Yahoo!ニュース,"Fri, 11 Sep 2026 10:21:02 GMT",https://news.google.com/rss/articles/CBMif0FVX3lxTE9ZZ2VYZWFXUnJiY25VSjdKZUlHMnR1d0t4NEV0N2pMbkZLNXhUa3RsVlZFLXJTUmlwOGZvTl9YeWlxRUpOT1FpMWV0ZE1ra2VTOHVmczhVQkN2NEJ2bF83RWl6bGs4Y1RXNDVoMlJLUERjNnUwU18wc2llNEZXM0E?oc=5
2026-09-13,AIデータセンター,2026,2026.T,テーマ関連ニュース,⚪ 監視,20,成長テーマとの関連 / 企業を特定,主要な警戒条件は未検出,未取得,未取得,未取得,未取得,未取得,未取得,未取得,未取得,未取得,未判定,低バリュートラップ条件なし,未判定,要IR確認,未取得,未判定,データセンター電力市場：コンポーネントタイプ別、ティアタイプ別、データセンタータイプ別、産業別―2026年～2032年の世界市場予測 - アットプレス,データセンター電力市場：コンポーネントタイプ別、ティアタイプ別、データセンタータイプ別、産業別―2026年～2032年の世界市場予測 - アットプレス,"Thu, 10 Sep 2026 08:15:00 GMT",https://news.google.com/rss/articles/CBMiT0FVX3lxTE5MQUg2RENxN1ZRUEJad055aEFZSDQ5ZkpmR215a1IyVkNkTFhjNFZjQnFoMFE4bS1hYXhBZnFfVDh6QmVjcGpWWFd1M0NJTDQ?oc=5
2026-09-13,AIデータセンター,NEXT NOTES HSI Short ETN,2032.T,テーマ関連ニュース,⚪ 監視,20,成長テーマとの関連 / 企業を特定,主要な警戒条件は未検出,未取得,未取得,未取得,未取得,未取得,未取得,未取得,未取得,未取得,未判定,低バリュートラップ条件なし,未判定,要IR確認,未取得,未判定,データセンター電力市場：コンポーネントタイプ別、ティアタイプ別、データセンタータイプ別、産業別―2026年～2032年の世界市場予測 - アットプレス,データセンター電力市場：コンポーネントタイプ別、ティアタイプ別、データセンタータイプ別、産業別―2026年～2032年の世界市場予測 - アットプレス,"Thu, 10 Sep 2026 08:15:00 GMT",https://news.google.com/rss/articles/CBMiT0FVX3lxTE5MQUg2RENxN1ZRUEJad055aEFZSDQ5ZkpmR215a1IyVkNkTFhjNFZjQnFoMFE4bS1hYXhBZnFfVDh6QmVjcGpWWFd1M0NJTDQ?oc=5
2026-09-13,AIデータセンター,NEXT NOTES Nikkei 225 VI Futures Index ETN,2035.T,テーマ関連ニュース,⚪ 監視,20,成長テーマとの関連 / 企業を特定,主要な警戒条件は未検出,未取得,未取得,未取得,未取得,未取得,未取得,未取得,未取得,未取得,未判定,低バリュートラップ条件なし,未判定,要IR確認,未取得,未判定,データセンターUPSおよびインバーター市場、2035年232億米ドル、CAGR 7.6%、高密度計算と電力安定化需要が成長を牽引 - Newscast.jp,データセンターUPSおよびインバーター市場、2035年232億米ドル、CAGR 7.6%、高密度計算と電力安定化需要が成長を牽引 - Newscast.jp,"Fri, 11 Sep 2026 02:31:00 GMT",https://news.google.com/rss/articles/CBMiT0FVX3lxTE0tWHA5SFp5SmFUMVZyQTNvVlhFOXNKQjNJQ3NnYXFPT3IzZmNZY3hMZlRaMjhUdHVtSXJ2OFprX2R1dXZqcFNXTHU3b0tJUlU?oc=5
2026-09-13,AIデータセンター,NEXT NOTES Nikkei 225 VI Futures Index ETN,2035.T,テーマ関連ニュース,⚪ 監視,20,成長テーマとの関連 / 企業を特定,主要な警戒条件は未検出,未取得,未取得,未取得,未取得,未取得,未取得,未取得,未取得,未取得,未判定,低バリュートラップ条件なし,未判定,要IR確認,未取得,未判定,レポートオーシャン株式会社プレスリリース : データセンター電力市場は2035年371億9000万米ドルへ、CAGR5.6％｜AIデータセンターの電力需要増加と脱炭素電源・高効率化が成長を牽引 - ドリームニュース,レポートオーシャン株式会社プレスリリース : データセンター電力市場は2035年371億9000万米ドルへ、CAGR5.6％｜AIデータセンターの電力需要増加と脱炭素電源・高効率化が成長を牽引 - ドリームニュース,"Thu, 10 Sep 2026 03:30:00 GMT",https://news.google.com/rss/articles/CBMiU0FVX3lxTE1EeGZaZmxpRjEzSDJQWWIwMmFVRWphNkdMcnpXV0pabE56U3Y2ZmxzVEhRdWNvVmVsSldIY1hoNC1FY1pyZ0hSbkdFcktDX3pWSE5v?oc=5
2026-09-13,AIデータセンター,9000,9000.T,テーマ関連ニュース,⚪ 監視,20,成長テーマとの関連 / 企業を特定,主要な警戒条件は未検出,未取得,未取得,未取得,未取得,未取得,未取得,未取得,未取得,未取得,未判定,低バリュートラップ条件なし,未判定,要IR確認,未取得,未判定,レポートオーシャン株式会社プレスリリース : データセンター電力市場は2035年371億9000万米ドルへ、CAGR5.6％｜AIデータセンターの電力需要増加と脱炭素電源・高効率化が成長を牽引 - ドリームニュース,レポートオーシャン株式会社プレスリリース : データセンター電力市場は2035年371億9000万米ドルへ、CAGR5.6％｜AIデータセンターの電力需要増加と脱炭素電源・高効率化が成長を牽引 - ドリームニュース,"Thu, 10 Sep 2026 03:30:00 GMT",https://news.google.com/rss/articles/CBMiU0FVX3lxTE1EeGZaZmxpRjEzSDJQWWIwMmFVRWphNkdMcnpXV0pabE56U3Y2ZmxzVEhRdWNvVmVsSldIY1hoNC1FY1pyZ0hSbkdFcktDX3pWSE5v?oc=5
2026-09-13,AIデータセンター,2026,2026.T,テーマ関連ニュース,⚪ 監視,20,成長テーマとの関連 / 企業を特定,主要な警戒条件は未検出,未取得,未取得,未取得,未取得,未取得,未取得,未取得,未取得,未取得,未判定,低バリュートラップ条件なし,未判定,要IR確認,未取得,未判定,プレスリリース：Gartner、2026年のデータセンターの電力消費は26％増加するとの予測を発表 - Gartner,プレスリリース：Gartner、2026年のデータセンターの電力消費は26％増加するとの予測を発表 - Gartner,"Thu, 11 Jun 2026 07:00:00 GMT",https://news.google.com/rss/articles/CBMiggFBVV95cUxNa01wWHRWbTdja0p5YWZYQlRJd1JRbFF2X1k5STliME40dlVzU0N2TnIza2I0SHh5dXI4RGRUTEdiWUp1TTN2LVZLLVNTaDd4YkZ3cElxYmg5cWU1WmFxUjFBelJYSjAzVk9OdTl0MzVvSERwcnN1TFhDUUZRNlFncjh3?oc=5
2026-09-13,AIデータセンター,NEXT NOTES HSI Short ETN,2032.T,テーマ関連ニュース,⚪ 監視,20,成長テーマとの関連 / 企業を特定,主要な警戒条件は未検出,未取得,未取得,未取得,未取得,未取得,未取得,未取得,未取得,未取得,未判定,低バリュートラップ条件なし,未判定,要IR確認,未取得,未判定,マイクロソフト、2032年までにデータセンター電力を3倍超の38ギガワットへ拡大する計画を策定 - BigGo ファイナンス,マイクロソフト、2032年までにデータセンター電力を3倍超の38ギガワットへ拡大する計画を策定 - BigGo ファイナンス,"Thu, 10 Sep 2026 22:45:00 GMT",https://news.google.com/rss/articles/CBMidEFVX3lxTE50eEFLTzIyM3F2bTBsN3I5dmpsUHNQbHh2UzNmLXpxM3JfdkVHbHZSU0ZhUndNMzhnVThhM0RpNVoxeEpReXFaRENmTDZqdXlXclFHaUJIZWVsQjE5dWtTVzBEQmVYRGtYLTRhQXJNckY2VDhU?oc=5
2026-09-13,光通信,668105,CPO,テーマ関連ニュース,⚪ 監視,20,成長テーマとの関連 / 企業を特定,主要な警戒条件は未検出,未取得,未取得,未取得,未取得,未取得,未取得,未取得,未取得,未取得,未判定,低バリュートラップ条件なし,未判定,要IR確認,未取得,未判定,CPO Is Not the Endgame: Tower Bets on 3D Optical Engines and Optical I/O Chiplets - semivision,CPO Is Not the Endgame: Tower Bets on 3D Optical Engines and Optical I/O Chiplets - semivision,"Thu, 10 Sep 2026 12:53:13 GMT",https://news.google.com/rss/articles/CBMif0FVX3lxTE5GSHJzcG1hc1p4dmI0THpyQko5WUhDN0VoZFJ3cktsSjJwRVJEcDFRM2k4dVVlNjJEUmd1Z1AtUzh2RnNhMXJ0QVVYYzVwamFYMU5icFBpZ2V2cTI4M0NMcGZPdDNJcVpOVFQ2Rjk5WUtvQnhReHBadk5wX1lmYnM?oc=5
2026-09-13,光通信,I,I,テーマ関連ニュース,⚪ 監視,20,成長テーマとの関連 / 企業を特定,主要な警戒条件は未検出,未取得,未取得,未取得,未取得,未取得,未取得,未取得,未取得,未取得,未判定,低バリュートラップ条件なし,未判定,要IR確認,未取得,未判定,CPO Is Not the Endgame: Tower Bets on 3D Optical Engines and Optical I/O Chiplets - semivision,CPO Is Not the Endgame: Tower Bets on 3D Optical Engines and Optical I/O Chiplets - semivision,"Thu, 10 Sep 2026 12:53:13 GMT",https://news.google.com/rss/articles/CBMif0FVX3lxTE5GSHJzcG1hc1p4dmI0THpyQko5WUhDN0VoZFJ3cktsSjJwRVJEcDFRM2k4dVVlNjJEUmd1Z1AtUzh2RnNhMXJ0QVVYYzVwamFYMU5icFBpZ2V2cTI4M0NMcGZPdDNJcVpOVFQ2Rjk5WUtvQnhReHBadk5wX1lmYnM?oc=5
2026-09-13,AIデータセンター,SCALE,SCALE,テーマ関連ニュース,⚪ 監視,20,成長テーマとの関連 / 企業を特定,主要な警戒条件は未検出,未取得,未取得,未取得,未取得,未取得,未取得,未取得,未取得,未取得,未判定,低バリュートラップ条件なし,未判定,要IR確認,未取得,未判定,GlobalFoundries accelerates adoption of co-packaged optics for advanced AI data centers with SCALE optical module solution - GlobalFoundries,GlobalFoundries accelerates adoption of co-packaged optics for advanced AI data centers with SCALE optical module solution - GlobalFoundries,"Mon, 04 May 2026 07:00:00 GMT",https://news.google.com/rss/articles/CBMi8AFBVV95cUxNaEt0MTFsS2VVX0hZbXZxejlHVzlHdTNjZ3I2b1VUbUstQk83TVNZUXBSdW1MVXFnckotRFlIdVpZUWhsbEVRMXp5TE5pSzRUQ29iTUN3c2lVSllielR6cS1FQUdYbXUzUDF5bGNZRTRaaWlaRmN6Q1dyX0RpYnJmbDQyVVkwekZuWk1EcWxyYnNCOUF2VlVGYzNkVDNIckV3c1ozemFLR0dKOEw1WmRxT3pFc0psdm5WdnpoeUtUVWpRTzNnbXhDU0dFNnl0WEhGTjFvSHl4VmR3aFBoalFudDRjUk53aXUxRVZydGtweUQ?oc=5
2026-09-13,光通信,668105,CPO,テーマ関連ニュース,⚪ 監視,20,成長テーマとの関連 / 企業を特定,主要な警戒条件は未検出,未取得,未取得,未取得,未取得,未取得,未取得,未取得,未取得,未取得,未判定,低バリュートラップ条件なし,未判定,要IR確認,未取得,未判定,Near-packaged optics (NPO) gains ground as the industry hedges against CPO's growing pains — analysts say volume for NPO silicon photonics products will extend until the end of the decade - Tom's Hardware,Near-packaged optics (NPO) gains ground as the industry hedges against CPO's growing pains — analysts say volume for NPO silicon photonics products will extend until the end of the decade - Tom's Hardware,"Thu, 13 Aug 2026 07:00:00 GMT",https://news.google.com/rss/articles/CBMi2AFBVV95cUxNWkZ2UVRZdVpoQWYtai0xMENGN2l0dG1fQ0FIR296YkFDRFBwVnZhSml0ZDJmczRzU1kxX2w5bzJUUEQ0WjNpRmZITnJHcWdzd1dDQ1dSX01DZlN6d3NSN1pXRkx6NjhqcWh6RFlheHMyTFA4SXJxanVNUENhNU1IWjVwUy1LenlmelJrRG5RdUc1SlNfelY4TF9vYVRTX2Y3VFBFcnBXaFVrXzBnNE1GeFBESFE2Vk91VHJXRm1RTzBXTkRrMm5ORHU5YUZqaDdselVHWVFzZlU?oc=5
2026-09-13,光通信,668105,CPO,テーマ関連ニュース,⚪ 監視,20,成長テーマとの関連 / 企業を特定,主要な警戒条件は未検出,未取得,未取得,未取得,未取得,未取得,未取得,未取得,未取得,未取得,未判定,低バリュートラップ条件なし,未判定,要IR確認,未取得,未判定,Kulicke & Soffa Advances AI Infrastructure Through Co-Packaged Optics (CPO) and Advanced Packaging Leadership - Yahoo Finance,Kulicke & Soffa Advances AI Infrastructure Through Co-Packaged Optics (CPO) and Advanced Packaging Leadership - Yahoo Finance,"Tue, 01 Sep 2026 07:00:00 GMT",https://news.google.com/rss/articles/CBMipwFBVV95cUxNRVVwRGhCQ3dfZldxV0czS1NWN2dFNnVWV0RBdWFjZWhJWWFJalBiZVI4SzRidWtfRzVycUw3ZHlydmItbHVqdDMzTTZGelJxQTVKQ1FVYUI4bFVMRDJRV29LU0RXdGMySC1Idk12cFYyc2picDdQaTJJQXVibGdKRl9HY2poQ0xwMDdJR3k5bUNleEVyOW00UWMzV2tWUHNDTElwT3Rfbw?oc=5
2026-09-13,光通信,NEXT NOTES Nikkei 225 VI Futures Index ETN,2035.T,テーマ関連ニュース,⚪ 監視,20,成長テーマとの関連 / 企業を特定,主要な警戒条件は未検出,未取得,未取得,未取得,未取得,未取得,未取得,未取得,未取得,未取得,未判定,低バリュートラップ条件なし,未判定,要IR確認,未取得,未判定,Fiber Alignment Stages Market Growth to 2035 Driven by Co-Packaged Optics - News and Statistics - IndexBox,Fiber Alignment Stages Market Growth to 2035 Driven by Co-Packaged Optics - News and Statistics - IndexBox,"Sun, 06 Sep 2026 18:51:19 GMT",https://news.google.com/rss/articles/CBMipAFBVV95cUxQT0JoU2loTF90RUhXSkwwVTdTSHh5TkFkYXE5MmZYU1I0SDUyZmN0akJXdGh6MXYzRS1IUUhSWEc1UkFQVDU4U3RobDdfdmpIalQwU05HbGdxZjBDTjVYdldpS1c5U2JIZG5zLXhtMm96dEVPZ0lzY1FCVndNWGdKcW5oWFQ0QXk2bUx2SEdYRFpick5OQzFJendiQk1kVXlZYm4tSw?oc=5
2026-09-13,光通信,2030,2030.T,テーマ関連ニュース,⚪ 監視,20,成長テーマとの関連 / 企業を特定,主要な警戒条件は未検出,未取得,未取得,未取得,未取得,未取得,未取得,未取得,未取得,未取得,未判定,低バリュートラップ条件なし,未判定,要IR確認,未取得,未判定,"China Silicon Photonics Market Size, Share,Trends, Growth Analysis Report, 2030 - MarketsandMarkets","China Silicon Photonics Market Size, Share,Trends, Growth Analysis Report, 2030 - MarketsandMarkets","Tue, 01 Sep 2026 21:26:21 GMT",https://news.google.com/rss/articles/CBMiigFBVV95cUxNMTRtWFNULW5nXzBUNkRHQ3ZhSnRtcFI0NGRpY0hwTVBpNHpRWkFlbVRIVXZrZUpTVEFwQ2U2bzI1SVg1WEo5LVlielBHLXprYU1Felh4Tkl2VHgwbkJzSWlVdnUwS0ZIdXdRT2MtS21PM3ZxekJITm5vZGZOOTdvdVZoNE1UMy1kcEE?oc=5
2026-09-13,光通信,2029,2029.T,テーマ関連ニュース,⚪ 監視,20,成長テーマとの関連 / 企業を特定,主要な警戒条件は未検出,未取得,未取得,未取得,未取得,未取得,未取得,未取得,未取得,未取得,未判定,低バリュートラップ条件なし,未判定,要IR確認,未取得,未判定,"[News] TSMC: SoIC, CoWoS to Drive 50× Compute by 2029; Silicon Photonics to Top 50% of Transceiver Market by 2027 - TrendForce","[News] TSMC: SoIC, CoWoS to Drive 50× Compute by 2029; Silicon Photonics to Top 50% of Transceiver Market by 2027 - TrendForce","Mon, 31 Aug 2026 07:00:00 GMT",https://news.google.com/rss/articles/CBMi4gFBVV95cUxOckFGMDlyanJwRW5hRjRtY01NR19mTU5IZGFzNnhQb3o3c2ZHUlNWOXVCVE9HZmZtaGdWV0NhTkJBR00zMkVsZlVMQ1hlMlp3U2pSbXlpbXk4SldwekdZZ0RoM3cwODdLZEh3TURtQjRORXl2QkpjckR5emRTY2FqcjNMVUYxZjZmOWY3TnFaR2xyTF82Rko0Tmg3dXcwLWFyblVVZHZmU1FudC1SMGc5ZTNlak1Ed1EyWVo5U3pNRi1tX1BzMXBRdllzeHFkZFFYNmxVcGdsM185UjBCaGF4Z3Jn?oc=5
2026-09-13,光通信,2027,2027.T,テーマ関連ニュース,⚪ 監視,20,成長テーマとの関連 / 企業を特定,主要な警戒条件は未検出,未取得,未取得,未取得,未取得,未取得,未取得,未取得,未取得,未取得,未判定,低バリュートラップ条件なし,未判定,要IR確認,未取得,未判定,"[News] TSMC: SoIC, CoWoS to Drive 50× Compute by 2029; Silicon Photonics to Top 50% of Transceiver Market by 2027 - TrendForce","[News] TSMC: SoIC, CoWoS to Drive 50× Compute by 2029; Silicon Photonics to Top 50% of Transceiver Market by 2027 - TrendForce","Mon, 31 Aug 2026 07:00:00 GMT",https://news.google.com/rss/articles/CBMi4gFBVV95cUxOckFGMDlyanJwRW5hRjRtY01NR19mTU5IZGFzNnhQb3o3c2ZHUlNWOXVCVE9HZmZtaGdWV0NhTkJBR00zMkVsZlVMQ1hlMlp3U2pSbXlpbXk4SldwekdZZ0RoM3cwODdLZEh3TURtQjRORXl2QkpjckR5emRTY2FqcjNMVUYxZjZmOWY3TnFaR2xyTF82Rko0Tmg3dXcwLWFyblVVZHZmU1FudC1SMGc5ZTNlak1Ed1EyWVo5U3pNRi1tX1BzMXBRdllzeHFkZFFYNmxVcGdsM185UjBCaGF4Z3Jn?oc=5
2026-09-13,光通信,668105,CPO,テーマ関連ニュース,⚪ 監視,20,成長テーマとの関連 / 企業を特定,主要な警戒条件は未検出,未取得,未取得,未取得,未取得,未取得,未取得,未取得,未取得,未取得,未判定,低バリュートラップ条件なし,未判定,要IR確認,未取得,未判定,Silicon photonics testing shift could reshape how CPO suppliers win business - digitimes,Silicon photonics testing shift could reshape how CPO suppliers win business - digitimes,"Fri, 04 Sep 2026 02:12:47 GMT",https://news.google.com/rss/articles/CBMifkFVX3lxTFBkQWJ1RDl3SUxCVDRISXUtVVppalF4cjl4QjV0WjI0QVJxNG91bUZwV2xwTHNMX0l1bkl2ODJLWkZCd1F2RC10VHNzeGFxQ2ppMnlnSURyTXg5T09tby1RR3pvZ01QLUtzVV9BNkJXNlpSTTFPb05hRlJqN3Ezdw?oc=5
2026-09-13,光通信,668105,CPO,テーマ関連ニュース,⚪ 監視,20,成長テーマとの関連 / 企業を特定,主要な警戒条件は未検出,未取得,未取得,未取得,未取得,未取得,未取得,未取得,未取得,未取得,未判定,低バリュートラップ条件なし,未判定,要IR確認,未取得,未判定,"Semicon to put spotlight on CPO, silicon photonics - taipeitimes.com","Semicon to put spotlight on CPO, silicon photonics - taipeitimes.com","Sun, 30 Aug 2026 16:00:00 GMT",https://news.google.com/rss/articles/CBMidkFVX3lxTE51Z3JlcVM1andPMlI2NVFZalhGN0Rlbk80RzY2Sl81NFBDZjNSQWxSR1QyNTdfTUlteWJqNHI3NkVNTi0tXzFKTkNHaUxUSUdPMnJQNUxhZTY0WXh0VmtKbzRFZjg0WFo5QjBIM1l0N1l0ajhSN0E?oc=5
2026-09-13,光通信,TSMC,TSMC,テーマ関連ニュース,⚪ 監視,20,成長テーマとの関連 / 企業を特定,主要な警戒条件は未検出,未取得,未取得,未取得,未取得,未取得,未取得,未取得,未取得,未取得,未判定,低バリュートラップ条件なし,未判定,要IR確認,未取得,未判定,"Silicon photonics expected to dominate AI growth, TSMC vice president says - taipeitimes.com","Silicon photonics expected to dominate AI growth, TSMC vice president says - taipeitimes.com","Mon, 31 Aug 2026 16:00:00 GMT",https://news.google.com/rss/articles/CBMidkFVX3lxTFBoLXZObUlYVmFDTEtDaXdyalFCM2FBT0hteTRKbHozUTVoaDNTaGhEdTVDdkk2Y3FRRVNxQTFrTWhYM1pPX2kwZ0x2c2p1bVFFVUpNN21pSVNaVzNraHdtdHFvelVPV0dNdTFwNXJ5Y19TZkNZR3c?oc=5
2026-09-13,光通信,TSMC,TSMC,テーマ関連ニュース,⚪ 監視,20,成長テーマとの関連 / 企業を特定,主要な警戒条件は未検出,未取得,未取得,未取得,未取得,未取得,未取得,未取得,未取得,未取得,未判定,低バリュートラップ条件なし,未判定,要IR確認,未取得,未判定,TSMC COUPE Is Evolving: From a Silicon Photonics Engine to an Active Photonics Integration Platform - semivision,TSMC COUPE Is Evolving: From a Silicon Photonics Engine to an Active Photonics Integration Platform - semivision,"Mon, 07 Sep 2026 03:26:44 GMT",https://news.google.com/rss/articles/CBMihAFBVV95cUxQU1dXVTZQRmFvN0ZnXzVRMHlsV0VtN09lTm1qT1pIeVpGdVJXYjc5Ylg0Y2tjLU82NTFZRTZTdkdSYUUzUmJpNWdEUTd0SnRMcktNZ1NVNWliSHFsY3RVbzVSTzJtb1kwOE5rdVhyZmVhbGFpb1RwMk5zZzFUeHlJYTA0NVM?oc=5
2026-09-13,光通信,COUPE,COUPE,テーマ関連ニュース,⚪ 監視,20,成長テーマとの関連 / 企業を特定,主要な警戒条件は未検出,未取得,未取得,未取得,未取得,未取得,未取得,未取得,未取得,未取得,未判定,低バリュートラップ条件なし,未判定,要IR確認,未取得,未判定,TSMC COUPE Is Evolving: From a Silicon Photonics Engine to an Active Photonics Integration Platform - semivision,TSMC COUPE Is Evolving: From a Silicon Photonics Engine to an Active Photonics Integration Platform - semivision,"Mon, 07 Sep 2026 03:26:44 GMT",https://news.google.com/rss/articles/CBMihAFBVV95cUxQU1dXVTZQRmFvN0ZnXzVRMHlsV0VtN09lTm1qT1pIeVpGdVJXYjc5Ylg0Y2tjLU82NTFZRTZTdkdSYUUzUmJpNWdEUTd0SnRMcktNZ1NVNWliSHFsY3RVbzVSTzJtb1kwOE5rdVhyZmVhbGFpb1RwMk5zZzFUeHlJYTA0NVM?oc=5
2026-09-13,光通信,NEXT NOTES Nikkei 225 VI Futures Index ETN,2035.T,テーマ関連ニュース,⚪ 監視,20,成長テーマとの関連 / 企業を特定,主要な警戒条件は未検出,未取得,未取得,未取得,未取得,未取得,未取得,未取得,未取得,未取得,未判定,低バリュートラップ条件なし,未判定,要IR確認,未取得,未判定,シリコンフォトニクス市場、2035年326億米ドル・CAGR 26.3%へ｜800G・1.6T対応とAI/HPC需要が市場成長を加速 - Newscast.jp,シリコンフォトニクス市場、2035年326億米ドル・CAGR 26.3%へ｜800G・1.6T対応とAI/HPC需要が市場成長を加速 - Newscast.jp,"Tue, 08 Sep 2026 04:05:00 GMT",https://news.google.com/rss/articles/CBMiT0FVX3lxTE4yRTBQTFJRWUJfM3h5NFZfWE52ZzlpWVlOWHhTVDE3TDU3TjI0dE0tdmJwYnZOaWZzUWxfWVpaa2hzWVJQR1dWalVrOTdCQk0?oc=5
2026-09-13,光通信,TIMES,TIMES,テーマ関連ニュース,⚪ 監視,20,成長テーマとの関連 / 企業を特定,主要な警戒条件は未検出,未取得,未取得,未取得,未取得,未取得,未取得,未取得,未取得,未取得,未判定,低バリュートラップ条件なし,未判定,要IR確認,未取得,未判定,高速光通信デバイスの性能低下要因をナノメートルスケールで解明する分析サービス開始 - PR TIMES,高速光通信デバイスの性能低下要因をナノメートルスケールで解明する分析サービス開始 - PR TIMES,"Tue, 25 Aug 2026 07:00:00 GMT",https://news.google.com/rss/articles/CBMiakFVX3lxTE5mRXZLSGRvSi1ISUlGZnEwcFBOZGozbXdjbjh6NWxadUloSldKcU9sanBsYkZaeVVyUkV4LU9JaC1JYkh4QXR0ZFY0eERGVXBOdUNvOE1haVlUSzdLUFFhQlZidGM2Vk1yUGc?oc=5
2026-09-13,光通信,NEXT NOTES F-KOSPI200 Inverse ETN,2034.T,テーマ関連ニュース,⚪ 監視,20,成長テーマとの関連 / 企業を特定,主要な警戒条件は未検出,未取得,未取得,未取得,未取得,未取得,未取得,未取得,未取得,未取得,未判定,低バリュートラップ条件なし,未判定,要IR確認,1863～2003円 / 2003～2144円 / 1722～1863円,主要価格帯付近,シリコンフォトニクス市場規模、シェア |業界レポート [2034] - Fortune Business Insights,シリコンフォトニクス市場規模、シェア |業界レポート [2034] - Fortune Business Insights,"Mon, 17 Aug 2026 07:00:00 GMT",https://news.google.com/rss/articles/CBMiugJBVV95cUxNUGRfN2dNT0ltdWtpOHRmNzZxUEpSYWJQSUlrLUZ0eXpZSE4zdm1jYUw2c2NjZm9xSkZpUEVITzM2bU9YQnphTmgwY0FPUHBtaENPMDZLNjlqYkFaeVFxc2FNMHcyV3FnakJMRW5PTTg3RHFRdW4tQWhoOWgxR1k5SUtFZXBZazllWHFteTRuUVc5YTVCOEtBbVRxcDFpazdRbFY0QkJwTnd6dHFJWHF3SGJtTGVtVzNIamppTDFLWVFyRjBUVloyQzhpTnUxdmlKa19NMDNXeW5YQmtkQkh6azlIY19CRFdqc2xYVThKR3pvbFRGWkV5UkVhV09JTGxtOEJTZXBEZ0hHdXRoX1dkY2xQRTE2cldhdklJSHliQWhBMHhYWWUta1l4OUw0VmFVWTZnR2hNMG5JUQ?oc=5
2026-09-13,光通信,NEXT NOTES Nikkei 225 VI Futures Index ETN,2035.T,テーマ関連ニュース,⚪ 監視,20,成長テーマとの関連 / 企業を特定,主要な警戒条件は未検出,未取得,未取得,未取得,未取得,未取得,未取得,未取得,未取得,未取得,未判定,低バリュートラップ条件なし,未判定,要IR確認,未取得,未判定,"日本シリコンフォトニクス市場2035年に9億3,970万米ドルへ｜CAGR24.51％・次世代半導体と光インターコネクト需要が拡大 : レポートオーシャン株式会社プレスリリース - ドリームニュース","日本シリコンフォトニクス市場2035年に9億3,970万米ドルへ｜CAGR24.51％・次世代半導体と光インターコネクト需要が拡大 : レポートオーシャン株式会社プレスリリース - ドリームニュース","Fri, 10 Jul 2026 07:00:00 GMT",https://news.google.com/rss/articles/CBMiU0FVX3lxTFBrdzV2ak5tZjdzdnVoTHpZU2QzRUExVXpCdUpWNlRGYjgtWjJVTVROMGlBSTR1cE1TdElJNHVZbDNLcjlraDdnR0lDY3dTanU2N2JF?oc=5
2026-09-13,光通信,2026,2026.T,テーマ関連ニュース,⚪ 監視,20,成長テーマとの関連 / 企業を特定,主要な警戒条件は未検出,未取得,未取得,未取得,未取得,未取得,未取得,未取得,未取得,未取得,未判定,低バリュートラップ条件なし,未判定,要IR確認,未取得,未判定,シリコンフォトニクスの日本市場（2026年～2034年）、市場規模（IT・通信、民生用電子機器、ヘルスケア・ライフサイエンス、商業、防衛・セキュリティ）・分析レポートを発表 - atpress.ne.jp,シリコンフォトニクスの日本市場（2026年～2034年）、市場規模（IT・通信、民生用電子機器、ヘルスケア・ライフサイエンス、商業、防衛・セキュリティ）・分析レポートを発表 - atpress.ne.jp,"Sun, 22 Mar 2026 07:00:00 GMT",https://news.google.com/rss/articles/CBMiT0FVX3lxTE5HQ080dnI2T0VVUUhSLTJxeFdKTGl2X0E0X1RISmN5LV9ZRWlVaVFNWWhPSzIzMldiSWV0dnN2Q0ZmRzdDdU9WdGVXLTctZTA?oc=5
2026-09-13,光通信,NEXT NOTES F-KOSPI200 Inverse ETN,2034.T,テーマ関連ニュース,⚪ 監視,20,成長テーマとの関連 / 企業を特定,主要な警戒条件は未検出,未取得,未取得,未取得,未取得,未取得,未取得,未取得,未取得,未取得,未判定,低バリュートラップ条件なし,未判定,要IR確認,1863～2003円 / 2003～2144円 / 1722～1863円,主要価格帯付近,シリコンフォトニクスの日本市場（2026年～2034年）、市場規模（IT・通信、民生用電子機器、ヘルスケア・ライフサイエンス、商業、防衛・セキュリティ）・分析レポートを発表 - atpress.ne.jp,シリコンフォトニクスの日本市場（2026年～2034年）、市場規模（IT・通信、民生用電子機器、ヘルスケア・ライフサイエンス、商業、防衛・セキュリティ）・分析レポートを発表 - atpress.ne.jp,"Sun, 22 Mar 2026 07:00:00 GMT",https://news.google.com/rss/articles/CBMiT0FVX3lxTE5HQ080dnI2T0VVUUhSLTJxeFdKTGl2X0E0X1RISmN5LV9ZRWlVaVFNWWhPSzIzMldiSWV0dnN2Q0ZmRzdDdU9WdGVXLTctZTA?oc=5
2026-09-13,光通信,NEXT NOTES Nikkei 225 VI Futures Index ETN,2035.T,テーマ関連ニュース,⚪ 監視,20,成長テーマとの関連 / 企業を特定,主要な警戒条件は未検出,未取得,未取得,未取得,未取得,未取得,未取得,未取得,未取得,未取得,未判定,低バリュートラップ条件なし,未判定,要IR確認,未取得,未判定,"日本シリコンフォトニクス市場、2035年9億3,970万米ドル規模へ｜CAGR 24.51％が牽引 - Newscast.jp","日本シリコンフォトニクス市場、2035年9億3,970万米ドル規模へ｜CAGR 24.51％が牽引 - Newscast.jp","Sat, 20 Jun 2026 07:00:00 GMT",https://news.google.com/rss/articles/CBMiR0FVX3lxTE5tMEdnSzlUNlR1UDhBM1Y0ZDhwV1MzeXpRS1Y0MVR4aDdaOXpLQmlTaWRscWVzYnd1bzgweEx1NkdUZlBTWjBV?oc=5
2026-09-13,光通信,2027,2027.T,テーマ関連ニュース,⚪ 監視,20,成長テーマとの関連 / 企業を特定,主要な警戒条件は未検出,未取得,未取得,未取得,未取得,未取得,未取得,未取得,未取得,未取得,未判定,低バリュートラップ条件なし,未判定,要IR確認,未取得,未判定,AIブーム2.0到来：シリコンフォトニクスが鍵となる可能性。2027年が収益転換の年となる理由 - Moomoo,AIブーム2.0到来：シリコンフォトニクスが鍵となる可能性。2027年が収益転換の年となる理由 - Moomoo,"Fri, 10 Jul 2026 07:00:00 GMT",https://news.google.com/rss/articles/CBMioAFBVV95cUxPNDlmS2lLOTUxRmJUVzhlM0xjYU00d0N4b1RUczhaeVBOeXo3Q2JFQURKOGhpVHVNYWhEMnJUN2JraE83WU1zX0ozSGU5el9vcmlnTldMbW1vVHlVbGVIc1hSSHZMaTlGZDZoZzZBSjBPSHNsVnVQTERqOU42c25haUpGaWRrR1l2MmJFTklTdzdqN1M0T1RnZHBZWWlLYlJo?oc=5
2026-09-13,光通信,2026,2026.T,テーマ関連ニュース,⚪ 監視,20,成長テーマとの関連 / 企業を特定,主要な警戒条件は未検出,未取得,未取得,未取得,未取得,未取得,未取得,未取得,未取得,未取得,未判定,低バリュートラップ条件なし,未判定,要IR確認,未取得,未判定,世界のシリコンフォトニクス光エンジンメーカー動向：売上、販売量、価格推移分析2026-2032 - ニコニコニュース,世界のシリコンフォトニクス光エンジンメーカー動向：売上、販売量、価格推移分析2026-2032 - ニコニコニュース,"Tue, 01 Sep 2026 04:03:29 GMT",https://news.google.com/rss/articles/CBMiVEFVX3lxTFBXY1FPLTZqNnc2cGJabXdSR1NUcThBODZMT21GcXo2cXVtMXpGMVdsaUZyZnVXakpsSEFFUzF6NkFGVXdpWENSdWJhV0dHWUFUVjRTRA?oc=5
2026-09-13,光通信,NEXT NOTES HSI Short ETN,2032.T,テーマ関連ニュース,⚪ 監視,20,成長テーマとの関連 / 企業を特定,主要な警戒条件は未検出,未取得,未取得,未取得,未取得,未取得,未取得,未取得,未取得,未取得,未判定,低バリュートラップ条件なし,未判定,要IR確認,未取得,未判定,世界のシリコンフォトニクス光エンジンメーカー動向：売上、販売量、価格推移分析2026-2032 - ニコニコニュース,世界のシリコンフォトニクス光エンジンメーカー動向：売上、販売量、価格推移分析2026-2032 - ニコニコニュース,"Tue, 01 Sep 2026 04:03:29 GMT",https://news.google.com/rss/articles/CBMiVEFVX3lxTFBXY1FPLTZqNnc2cGJabXdSR1NUcThBODZMT21GcXo2cXVtMXpGMVdsaUZyZnVXakpsSEFFUzF6NkFGVXdpWENSdWJhV0dHWUFUVjRTRA?oc=5
2026-09-13,光通信,2026,2026.T,テーマ関連ニュース,⚪ 監視,20,成長テーマとの関連 / 企業を特定,主要な警戒条件は未検出,未取得,未取得,未取得,未取得,未取得,未取得,未取得,未取得,未取得,未判定,低バリュートラップ条件なし,未判定,要IR確認,未取得,未判定,光通信の世界市場（2026年～2032年）、市場規模（プラグインモジュール、AOC/DAC、コヒーレント・プラグイン、TRO/LRO、NPO/CPO、その他）・分析レポートを発表 - atpress.ne.jp,光通信の世界市場（2026年～2032年）、市場規模（プラグインモジュール、AOC/DAC、コヒーレント・プラグイン、TRO/LRO、NPO/CPO、その他）・分析レポートを発表 - atpress.ne.jp,"Tue, 21 Jul 2026 07:00:00 GMT",https://news.google.com/rss/articles/CBMiT0FVX3lxTFBaZDRIbjd2VXd3V1ozMEpsQXd2dGcxcE9uTlNDTWl5TENpaUYyWVM5MjRheWNkTjYxNURYQkZKVjFURUI0TkhPdjRTZUs5N0U?oc=5
2026-09-13,光通信,NEXT NOTES HSI Short ETN,2032.T,テーマ関連ニュース,⚪ 監視,20,成長テーマとの関連 / 企業を特定,主要な警戒条件は未検出,未取得,未取得,未取得,未取得,未取得,未取得,未取得,未取得,未取得,未判定,低バリュートラップ条件なし,未判定,要IR確認,未取得,未判定,光通信の世界市場（2026年～2032年）、市場規模（プラグインモジュール、AOC/DAC、コヒーレント・プラグイン、TRO/LRO、NPO/CPO、その他）・分析レポートを発表 - atpress.ne.jp,光通信の世界市場（2026年～2032年）、市場規模（プラグインモジュール、AOC/DAC、コヒーレント・プラグイン、TRO/LRO、NPO/CPO、その他）・分析レポートを発表 - atpress.ne.jp,"Tue, 21 Jul 2026 07:00:00 GMT",https://news.google.com/rss/articles/CBMiT0FVX3lxTFBaZDRIbjd2VXd3V1ozMEpsQXd2dGcxcE9uTlNDTWl5TENpaUYyWVM5MjRheWNkTjYxNURYQkZKVjFURUI0TkhPdjRTZUs5N0U?oc=5
2026-09-13,光通信,NEXT NOTES Nikkei 225 VI Futures Index ETN,2035.T,テーマ関連ニュース,⚪ 監視,20,成長テーマとの関連 / 企業を特定,主要な警戒条件は未検出,未取得,未取得,未取得,未取得,未取得,未取得,未取得,未取得,未取得,未判定,低バリュートラップ条件なし,未判定,要IR確認,未取得,未判定,シリコンフォトニクス市場、急速な技術進歩を背景に2035年までに326億米ドルへ急拡大の見通し - Newscast.jp,シリコンフォトニクス市場、急速な技術進歩を背景に2035年までに326億米ドルへ急拡大の見通し - Newscast.jp,"Wed, 08 Jul 2026 07:00:00 GMT",https://news.google.com/rss/articles/CBMiR0FVX3lxTE9MRzJadkdGdDQ1U1F3ckxNZHE5OUdpM012SlVtLXkzYWpaNUNZY09sam4wTWt1cVlUaUdyb05ISWdpV19aRUFj?oc=5
2026-09-13,光通信,IOWN,IOWN,テーマ関連ニュース,⚪ 監視,20,成長テーマとの関連 / 企業を特定,主要な警戒条件は未検出,未取得,未取得,未取得,未取得,未取得,未取得,未取得,未取得,未取得,未判定,低バリュートラップ条件なし,未判定,要IR確認,未取得,未判定,「IOWN」とは：光ベースの次世代情報通信基盤をもとに、スマートな世界の実現を目指す構想【今週のキーワード】 - INTERNET Watch,「IOWN」とは：光ベースの次世代情報通信基盤をもとに、スマートな世界の実現を目指す構想【今週のキーワード】 - INTERNET Watch,"Wed, 29 Jul 2026 07:00:00 GMT",https://news.google.com/rss/articles/CBMieEFVX3lxTE5kOEhvRXZVRXRNeW8wTU5yaDJhcXpacGtVXzF6YjlDRGw3ZjUtWVEzR2d1MGpTYkcxYlc2bkczWlNTeHJwdEZGR0czemR5Z2N4SHJWNDAybTdxU180MEswOFRkZ3NuS0RieHlSSlJNUDZ1MGprUEJRdQ?oc=5
2026-09-13,光通信,193502,NTT,テーマ関連ニュース,⚪ 監視,20,成長テーマとの関連 / 企業を特定,主要な警戒条件は未検出,未取得,未取得,未取得,未取得,未取得,未取得,未取得,未取得,未取得,未判定,低バリュートラップ条件なし,未判定,要IR確認,未取得,未判定,NTT「IOWN」、揺らぐ光の国際標準 米AI企業が枠組みづくりに参入 - 日本経済新聞,NTT「IOWN」、揺らぐ光の国際標準 米AI企業が枠組みづくりに参入 - 日本経済新聞,"Tue, 16 Jun 2026 07:00:00 GMT",https://news.google.com/rss/articles/CBMibEFVX3lxTE5SRW52bG5CSkdMLXlQNS1LTWM1V2p3N3M5RXNsemlCOTRzMzZ5V2J2TUxxb2hXTWttUklyTXBYNlh1SkNlZEhGWGRNMUVSTVcxSUZ3QUdRT1RoaFZnNkhldm5oV1h4Qks1M0t0Tg?oc=5
2026-09-13,光通信,193502,NTT,テーマ関連ニュース,⚪ 監視,20,成長テーマとの関連 / 企業を特定,主要な警戒条件は未検出,未取得,未取得,未取得,未取得,未取得,未取得,未取得,未取得,未取得,未判定,低バリュートラップ条件なし,未判定,要IR確認,未取得,未判定,NTT、IOWN通信チップを宇宙へ 「スペースX超え」速度 - 日経テックフォーサイト - 日本経済新聞,NTT、IOWN通信チップを宇宙へ 「スペースX超え」速度 - 日経テックフォーサイト - 日本経済新聞,"Tue, 21 Jul 2026 07:00:00 GMT",https://news.google.com/rss/articles/CBMihwFBVV95cUxPTTRIRXRnb2ZLaHUxLXJEWUNKM1BUWFZKdDk3N1NVRmYzR1ZsVTcwS09aTzhnOHFuWG9CbVJsUE9DeHN0Ri1CczZabDFyYjMwcjNGdDlrZ1ZybWNVY1J6V3B5VXhna3RUT1dFTncxWFB3QkJVQ3BGRHVEcmxZcDFRdU41VllTSlk?oc=5
2026-09-13,光通信,193502,NTT,テーマ関連ニュース,⚪ 監視,20,成長テーマとの関連 / 企業を特定,主要な警戒条件は未検出,未取得,未取得,未取得,未取得,未取得,未取得,未取得,未取得,未取得,未判定,低バリュートラップ条件なし,未判定,要IR確認,未取得,未判定,NTT、IOWN用通信チップを宇宙へ 光電融合で「スペースX超え」速度 - 日経クロステック,NTT、IOWN用通信チップを宇宙へ 光電融合で「スペースX超え」速度 - 日経クロステック,"Tue, 28 Jul 2026 07:00:00 GMT",https://news.google.com/rss/articles/CBMibEFVX3lxTE5idzBkZElwQ0l4N0dwNEFQLVVyVTlPQXVzMUVsWDd0LVEzUGtnd0dmTDdVMnA0ck44NXdycnI0bVFUYTg1OUpqWEozTXJPM1A3QnI2d1c1RWNrODN4NXpoM3AzbkM3X2xtczByXw?oc=5
2026-09-13,光通信,193502,NTT,テーマ関連ニュース,⚪ 監視,20,成長テーマとの関連 / 企業を特定,主要な警戒条件は未検出,未取得,未取得,未取得,未取得,未取得,未取得,未取得,未取得,未取得,未判定,低バリュートラップ条件なし,未判定,要IR確認,未取得,未判定,NTT、IOWN実用化へ米韓台と800億円ファンド 次世代光通信を推進 - 日本経済新聞,NTT、IOWN実用化へ米韓台と800億円ファンド 次世代光通信を推進 - 日本経済新聞,"Mon, 08 Jun 2026 07:00:00 GMT",https://news.google.com/rss/articles/CBMibEFVX3lxTFBBdTBMTUFSSXlXd2xYam9QRVROLV9CdjRmamNva0tqckVCbVRCc2ZQUy03MmRJbDUtQzhZdWxBOERieWl2dUZkOGRjNkZuTWtOakl4TkpoOXBUbUdUVlc5azJGd1cwdTVEbHpCdw?oc=5
2026-09-13,光通信,193502,NTT,テーマ関連ニュース,⚪ 監視,20,成長テーマとの関連 / 企業を特定,主要な警戒条件は未検出,未取得,未取得,未取得,未取得,未取得,未取得,未取得,未取得,未取得,未判定,低バリュートラップ条件なし,未判定,要IR確認,未取得,未判定,「NTT、IOWN宇宙へ」「インテルとTSMCサブ2nm」 注目5本 - 日本経済新聞,「NTT、IOWN宇宙へ」「インテルとTSMCサブ2nm」 注目5本 - 日本経済新聞,"Sat, 25 Jul 2026 07:00:00 GMT",https://news.google.com/rss/articles/CBMihwFBVV95cUxPRUt5UmQwR1V6QWh4QkFtM2NIcEdkT2g0UjJSTmE3NFRHM3B0MWI2NVhsNEI4bXMyMGFGUmthVm5kQTE1c01kZGs2Ny1kUHJUcUl1b2ZGQm50c0lkMGVDNk8tVk5xZGhFVmczZUpZQkNZZG12UGwwM1Y5emRNY1ZySlotd0xqSlE?oc=5
2026-09-13,光通信,2030,2030.T,テーマ関連ニュース,⚪ 監視,20,成長テーマとの関連 / 企業を特定,主要な警戒条件は未検出,未取得,未取得,未取得,未取得,未取得,未取得,未取得,未取得,未取得,未判定,低バリュートラップ条件なし,未判定,要IR確認,未取得,未判定,光電融合で「光チップレット」実現へ NTTが2030年代のIOWN構想語る：万博では光コンピューティングも披露（1/3 ページ） - EE Times Japan,光電融合で「光チップレット」実現へ NTTが2030年代のIOWN構想語る：万博では光コンピューティングも披露（1/3 ページ） - EE Times Japan,"Tue, 25 Nov 2025 08:00:00 GMT",https://news.google.com/rss/articles/CBMib0FVX3lxTFBES3l5eGg5SU5xTG9iejVqLWFOYzhFMUlDWnc0RU90YWl1dTZXUGtXQjNka1pUajJHTkNkd3ZObTFDOUxGVVNBc1N3Wk5oZmRNWmpUcVQtVFlCUWI0REhwSGxiaGtkYXQ2MC1TRGRoVQ?oc=5
2026-09-13,AIデータセンター,2030,2030.T,テーマ関連ニュース,⚪ 監視,20,成長テーマとの関連 / 企業を特定,主要な警戒条件は未検出,未取得,未取得,未取得,未取得,未取得,未取得,未取得,未取得,未取得,未判定,低バリュートラップ条件なし,未判定,要IR確認,未取得,未判定,Tech Thirst: Data center water consumption could triple by 2030 without efficiency gains - rystadenergy.com,Tech Thirst: Data center water consumption could triple by 2030 without efficiency gains - rystadenergy.com,"Tue, 08 Sep 2026 07:00:00 GMT",https://news.google.com/rss/articles/CBMijAFBVV95cUxPMGFlMTNFbUtXTlpiQTRmOFFYZ1V0RG5nQ3YtOU9US0F4ekhIX3BlN2k0R095WTJGbFIzcWFPTW9mbGt0R0VrbWQ3aHVOLVZPTnUyTW95dDJmcHZwYXNvdUtYWnVHUnVtMk9Pek5NNmFTVzVGVlBLU21SdDZ4cjhLalJ6SktTM0xadTBwMQ?oc=5
2026-09-13,AIデータセンター,262998,FCH,テーマ関連ニュース,⚪ 監視,20,成長テーマとの関連 / 企業を特定,主要な警戒条件は未検出,未取得,未取得,未取得,未取得,未取得,未取得,未取得,未取得,未取得,未判定,低バリュートラップ条件なし,未判定,要IR確認,未取得,未判定,"Exclusive: Blackstone to buy FCH from Audax, as demand grows for liquid cooling of data centers - pehub.com","Exclusive: Blackstone to buy FCH from Audax, as demand grows for liquid cooling of data centers - pehub.com","Thu, 10 Sep 2026 08:00:24 GMT",https://news.google.com/rss/articles/CBMikAFBVV95cUxPME5VeHlRemZKRlRHSVdveVJOMkVYQWRnTUtjZ21FSVRmRUtnWHBMU2RyLTFCeU5pQnBMYzIxTlZSNndyN3U5NjNpeXBkR29KTzJMY3BldVU4bEg5M05DVmNVYmN0OUp2a2F4c01iTHgzWUFyMnNlWnZQMlpTX1Q0STFGS3N6NU5ob0s4aThtdl8?oc=5
2026-09-13,AIデータセンター,NEXT NOTES HSI Short ETN,2032.T,テーマ関連ニュース,⚪ 監視,20,成長テーマとの関連 / 企業を特定,主要な警戒条件は未検出,未取得,未取得,未取得,未取得,未取得,未取得,未取得,未取得,未取得,未判定,低バリュートラップ条件なし,未判定,要IR確認,未取得,未判定,"Data Center Thermal Management Market by Solution, Component, Data Center Type, End-use Industry, Technology, Type of Cooling, and Region - Global Forecast to 2032 - Yahoo Finance UK","Data Center Thermal Management Market by Solution, Component, Data Center Type, End-use Industry, Technology, Type of Cooling, and Region - Global Forecast to 2032 - Yahoo Finance UK","Tue, 08 Sep 2026 14:50:00 GMT",https://news.google.com/rss/articles/CBMijwFBVV95cUxQc0RDSTBJc3RXZkJiT0YzSmRGZkpQUEE1a2JpTXlWY3BuYW5yLUJiaTZHdTUxaVpXSHJjdjBYNlNVQWM1aHE4WVlROHJDek5KQ1Utb1JTUkRmUTRqSE1HSkNUalh3OWxoWFZ6MnRDSl9BNXc2b1dOUzhjdUNfaFhrYnlwX1BLMjN5SUtxWFBRYw?oc=5
2026-09-13,AIデータセンター,PFAS,PFAS,テーマ関連ニュース,⚪ 監視,20,成長テーマとの関連 / 企業を特定,主要な警戒条件は未検出,未取得,未取得,未取得,未取得,未取得,未取得,未取得,未取得,未取得,未判定,低バリュートラップ条件なし,未判定,要IR確認,未取得,未判定,"As AI data centers expand, new cooling chemicals raise PFAS concerns - WRAL","As AI data centers expand, new cooling chemicals raise PFAS concerns - WRAL","Tue, 25 Aug 2026 07:00:00 GMT",https://news.google.com/rss/articles/CBMisgFBVV95cUxQVDJ4XzE4UUE5SFdnVDdyTGtyZk83aFNsVHlySS1uME9abVc4YkpDekhDenpHdk9WWXkyd1NkRFpYeDJqVXVud2NyWUQ5V1pJWjE4cDNLVkwyTjBlTXNLVDh1eEVKSTdCRDBhUDZ3SlZXMTVOZzdBVEROVzVUQkswSldIZ3lrQkVpOU1fMGNYdTI5N1ViWW9MempudEFsVklJRFdYY0FYXzg3Mm5wdkNOaUJR?oc=5
2026-09-13,AIデータセンター,WRAL,WRAL,テーマ関連ニュース,⚪ 監視,20,成長テーマとの関連 / 企業を特定,主要な警戒条件は未検出,未取得,未取得,未取得,未取得,未取得,未取得,未取得,未取得,未取得,未判定,低バリュートラップ条件なし,未判定,要IR確認,未取得,未判定,"As AI data centers expand, new cooling chemicals raise PFAS concerns - WRAL","As AI data centers expand, new cooling chemicals raise PFAS concerns - WRAL","Tue, 25 Aug 2026 07:00:00 GMT",https://news.google.com/rss/articles/CBMisgFBVV95cUxQVDJ4XzE4UUE5SFdnVDdyTGtyZk83aFNsVHlySS1uME9abVc4YkpDekhDenpHdk9WWXkyd1NkRFpYeDJqVXVud2NyWUQ5V1pJWjE4cDNLVkwyTjBlTXNLVDh1eEVKSTdCRDBhUDZ3SlZXMTVOZzdBVEROVzVUQkswSldIZ3lrQkVpOU1fMGNYdTI5N1ViWW9MempudEFsVklJRFdYY0FYXzg3Mm5wdkNOaUJR?oc=5
2026-09-13,冷却・熱管理,NEXT NOTES F-KOSPI200 Inverse ETN,2034.T,テーマ関連ニュース,⚪ 監視,20,成長テーマとの関連 / 企業を特定,主要な警戒条件は未検出,未取得,未取得,未取得,未取得,未取得,未取得,未取得,未取得,未取得,未判定,低バリュートラップ条件なし,未判定,要IR確認,1863～2003円 / 2003～2144円 / 1722～1863円,主要価格帯付近,"Immersion Cooling Market Size, Share, Trends, Report, 2034 - Fortune Business Insights","Immersion Cooling Market Size, Share, Trends, Report, 2034 - Fortune Business Insights","Mon, 17 Aug 2026 07:00:00 GMT",https://news.google.com/rss/articles/CBMie0FVX3lxTE5LWjFQMG5rdVhyRi02dVNQek1lWjNPbW5qNkhtMWIxbzNPSHFyZ0p0N2s3RGlTS2RTWGJ4RE00OFgtRlJsR3hlMDdINmg3cTY1WTlhaUJBcGFRa0F4dHBhNmR3MTJPVGpaOXI3ZWE5Y2xUUkdZeDlQRzZBNA?oc=5
2026-09-13,AIデータセンター,NEXT NOTES KOSPI200 Leverage ETN,2033.T,テーマ関連ニュース,⚪ 監視,20,成長テーマとの関連 / 企業を特定,主要な警戒条件は未検出,未取得,未取得,未取得,未取得,未取得,未取得,未取得,未取得,未取得,未判定,低バリュートラップ条件なし,未判定,要IR確認,未取得,未判定,"Immersion Cooling Market to Reach USD 4,917.0 Million by 2033 as AI Data Centers Adoption Accelerated - Yahoo Finance","Immersion Cooling Market to Reach USD 4,917.0 Million by 2033 as AI Data Centers Adoption Accelerated - Yahoo Finance","Tue, 10 Mar 2026 07:00:00 GMT",https://news.google.com/rss/articles/CBMihwFBVV95cUxOMHZ0T1VzYWJfWVNwQzFHRlBqaVBuZElVTDZ2XzAzcHplSmNjM3dWVkpjdlhpanBVMm9SZFphbHR6Z2cwS2ZXV0loeDdQVUpNZ3JSbUhSWnFRU3RTMVAzWDdXRXJtZkRwa0JiY3BIRjVPQVpvcWQtQkdiUDhSZUdFWTJKeE1MY28?oc=5
2026-09-13,AIデータセンター,Gastar Exploration Inc.,GST,テーマ関連ニュース,⚪ 監視,20,成長テーマとの関連 / 企業を特定,主要な警戒条件は未検出,未取得,未取得,未取得,未取得,未取得,未取得,未取得,未取得,未取得,未判定,低バリュートラップ条件なし,未判定,要IR確認,未取得,未判定,Korea's S-Oil and GST team up on immersion cooling system - Data Center Dynamics,Korea's S-Oil and GST team up on immersion cooling system - Data Center Dynamics,"Thu, 14 May 2026 07:00:00 GMT",https://news.google.com/rss/articles/CBMiogFBVV95cUxQcDEtNk9TdkVsN1NiS0h4bUN0RktHUl95Sk9JUERUZ28zSHBsaWJYUXFEbG43OHFsN2ZCbFprSTU2OFJWMVphMzRuR3dsMVd5RldQQWxoby1nZ0VDN19CMEVJWkpSN2JpaFpnNTZuMWQ0VEROYkdVTjJuX2R1dU5FczNkcnFxa2NocGppRzUtOGM3YkJLTkJuTkI1aUtRV1hXOUE?oc=5
2026-09-13,冷却・熱管理,480125,FILE,テーマ関連ニュース,⚪ 監視,20,成長テーマとの関連 / 企業を特定,主要な警戒条件は未検出,未取得,未取得,未取得,未取得,未取得,未取得,未取得,未取得,未取得,未判定,低バリュートラップ条件なし,未判定,要IR確認,未取得,未判定,TECH FILE: Spray-Based Immersion Cooling to Boost Battery Safety - marinelink.com,TECH FILE: Spray-Based Immersion Cooling to Boost Battery Safety - marinelink.com,"Tue, 14 Jul 2026 07:00:00 GMT",https://news.google.com/rss/articles/CBMigwFBVV95cUxOTS1KekFuZXRWamV5aTFqdVVhQlNqYXkxYm1kWUFZVmUwRkxzTG9obnpQbHZDME9HYUd6aVhwZ0pKS1NGa294NnhPMElxOFdkTE5zUjVEVkJHUFFWNmlzTWNkZ09vZk8yWXNKQUw3amx3aTNPX0RCX0RRTk1MYWdKaGUwNA?oc=5
2026-09-13,AIデータセンター,2026,2026.T,テーマ関連ニュース,⚪ 監視,20,成長テーマとの関連 / 企業を特定,主要な警戒条件は未検出,未取得,未取得,未取得,未取得,未取得,未取得,未取得,未取得,未取得,未判定,低バリュートラップ条件なし,未判定,要IR確認,未取得,未判定,日本の高密度データセンター冷却市場の需要、市場シェア、主要メーカー、 トレンド、成長機会、および 市場インサイト分析（洞察分析）、2026～2036年。 - ドリームニュース,日本の高密度データセンター冷却市場の需要、市場シェア、主要メーカー、 トレンド、成長機会、および 市場インサイト分析（洞察分析）、2026～2036年。 - ドリームニュース,"Thu, 10 Sep 2026 06:30:00 GMT",https://news.google.com/rss/articles/CBMiU0FVX3lxTE45TEh5c184ZWNBMThwTnkxY0ZMcWl1VjQzZjl5Uk5EMW1ZNVllSjdCa1hZNDdVX0Fyb0YyLTA3TlRzRVFxR0Iza2Z5V3pOanZ5blFB?oc=5
2026-09-13,AIデータセンター,NEXT NOTES Nikkei-TOCOM Leveraged Gold ETN,2036.T,テーマ関連ニュース,⚪ 監視,20,成長テーマとの関連 / 企業を特定,主要な警戒条件は未検出,未取得,未取得,未取得,未取得,未取得,未取得,未取得,未取得,未取得,未判定,低バリュートラップ条件なし,未判定,要IR確認,未取得,未判定,日本の高密度データセンター冷却市場の需要、市場シェア、主要メーカー、 トレンド、成長機会、および 市場インサイト分析（洞察分析）、2026～2036年。 - ドリームニュース,日本の高密度データセンター冷却市場の需要、市場シェア、主要メーカー、 トレンド、成長機会、および 市場インサイト分析（洞察分析）、2026～2036年。 - ドリームニュース,"Thu, 10 Sep 2026 06:30:00 GMT",https://news.google.com/rss/articles/CBMiU0FVX3lxTE45TEh5c184ZWNBMThwTnkxY0ZMcWl1VjQzZjl5Uk5EMW1ZNVllSjdCa1hZNDdVX0Fyb0YyLTA3TlRzRVFxR0Iza2Z5V3pOanZ5blFB?oc=5
2026-09-13,AIデータセンター,2025,2025.T,テーマ関連ニュース,⚪ 監視,20,成長テーマとの関連 / 企業を特定,主要な警戒条件は未検出,未取得,未取得,未取得,未取得,未取得,未取得,未取得,未取得,未取得,未判定,低バリュートラップ条件なし,未判定,要IR確認,未取得,未判定,中国で液冷データセンター市場が急成長 AI需要で2025年は45%増 - AFPBB News,中国で液冷データセンター市場が急成長 AI需要で2025年は45%増 - AFPBB News,"Sat, 12 Sep 2026 05:30:00 GMT",https://news.google.com/rss/articles/CBMiUkFVX3lxTE9yTXEtNHFVTTJkNHF6Z243RDhsWTB5dklQMjJFX3NuSTV2aC1CUTV5VTJxXzZudy1SRWdwSkN4Y2NSQXNvaHg4NGlLY2d3amw4cXfSAVRBVV95cUxQOXp3eFhjUURaNHM0aTQ5VkVXSjRYSXhndXNrb0tKZWlvX1N1TDlNQmtXWE9PeS1aQ2JJMHVWS2Z4eEp6SXU1VlFzTC1mbEc0a1dCaVY?oc=5
2026-09-13,AIデータセンター,AFPBB,AFPBB,テーマ関連ニュース,⚪ 監視,20,成長テーマとの関連 / 企業を特定,主要な警戒条件は未検出,未取得,未取得,未取得,未取得,未取得,未取得,未取得,未取得,未取得,未判定,低バリュートラップ条件なし,未判定,要IR確認,未取得,未判定,中国で液冷データセンター市場が急成長 AI需要で2025年は45%増 - AFPBB News,中国で液冷データセンター市場が急成長 AI需要で2025年は45%増 - AFPBB News,"Sat, 12 Sep 2026 05:30:00 GMT",https://news.google.com/rss/articles/CBMiUkFVX3lxTE9yTXEtNHFVTTJkNHF6Z243RDhsWTB5dklQMjJFX3NuSTV2aC1CUTV5VTJxXzZudy1SRWdwSkN4Y2NSQXNvaHg4NGlLY2d3amw4cXfSAVRBVV95cUxQOXp3eFhjUURaNHM0aTQ5VkVXSjRYSXhndXNrb0tKZWlvX1N1TDlNQmtXWE9PeS1aQ2JJMHVWS2Z4eEp6SXU1VlFzTC1mbEc0a1dCaVY?oc=5
2026-09-13,AIデータセンター,IIJ,IIJ,テーマ関連ニュース,⚪ 監視,20,成長テーマとの関連 / 企業を特定,主要な警戒条件は未検出,未取得,未取得,未取得,未取得,未取得,未取得,未取得,未取得,未取得,未判定,低バリュートラップ条件なし,未判定,要IR確認,未取得,未判定,“空冷から液冷へ”―次世代データセンターを支える冷却技術 - インターネットイニシアティブ-IIJ,“空冷から液冷へ”―次世代データセンターを支える冷却技術 - インターネットイニシアティブ-IIJ,"Fri, 05 Jun 2026 00:16:09 GMT",https://news.google.com/rss/articles/CBMiWkFVX3lxTE1UTTRpYXJaQ2U4aHJZUUU1ZUU2R216aWpDSEJsYjh5ZDRIUGlsVVpWaHZsQmtQVWttV282d3lnTHV1dHF0R1JTTlhJbXA1dFNSUW1zLWdvemw3UQ?oc=5
2026-09-13,AIデータセンター,2025,2025.T,テーマ関連ニュース,⚪ 監視,20,成長テーマとの関連 / 企業を特定,主要な警戒条件は未検出,未取得,未取得,未取得,未取得,未取得,未取得,未取得,未取得,未取得,未判定,低バリュートラップ条件なし,未判定,要IR確認,未取得,未判定,中国で液冷データセンター市場が急成長 AI需要で2025年は45%増 - CGTN Japanese,中国で液冷データセンター市場が急成長 AI需要で2025年は45%増 - CGTN Japanese,"Sun, 06 Sep 2026 10:20:39 GMT",https://news.google.com/rss/articles/CBMiZkFVX3lxTE5WX0VVYVVxTURzSVVpNEZ3bF84cUhnMDBIVUYwQTNmSFNiVU1uYV9DNWRDeDQ4OW41UTR3bnRGZjZaUXZyOHB5b080U1pzeF9mLURoMnNITlRueXN3cWhEOWVXMlJ6UQ?oc=5
2026-09-13,AIデータセンター,CGTN,CGTN,テーマ関連ニュース,⚪ 監視,20,成長テーマとの関連 / 企業を特定,主要な警戒条件は未検出,未取得,未取得,未取得,未取得,未取得,未取得,未取得,未取得,未取得,未判定,低バリュートラップ条件なし,未判定,要IR確認,未取得,未判定,中国で液冷データセンター市場が急成長 AI需要で2025年は45%増 - CGTN Japanese,中国で液冷データセンター市場が急成長 AI需要で2025年は45%増 - CGTN Japanese,"Sun, 06 Sep 2026 10:20:39 GMT",https://news.google.com/rss/articles/CBMiZkFVX3lxTE5WX0VVYVVxTURzSVVpNEZ3bF84cUhnMDBIVUYwQTNmSFNiVU1uYV9DNWRDeDQ4OW41UTR3bnRGZjZaUXZyOHB5b080U1pzeF9mLURoMnNITlRueXN3cWhEOWVXMlJ6UQ?oc=5
2026-09-13,AIデータセンター,NEXT NOTES Nikkei 225 VI Futures Index ETN,2035.T,テーマ関連ニュース,⚪ 監視,20,成長テーマとの関連 / 企業を特定,主要な警戒条件は未検出,未取得,未取得,未取得,未取得,未取得,未取得,未取得,未取得,未取得,未判定,低バリュートラップ条件なし,未判定,要IR確認,未取得,未判定,日本のAIデータセンター市場2035年、市場規模・企業動向・分析レポートを発表 - Newscast.jp,日本のAIデータセンター市場2035年、市場規模・企業動向・分析レポートを発表 - Newscast.jp,"Tue, 08 Sep 2026 04:30:00 GMT",https://news.google.com/rss/articles/CBMiT0FVX3lxTE9LMWVoUVNFNmN0N09QM2p0d1BWZWJIbUR6bXV0RGtQX0ZVeElRZEtMSFd4Y1pVVV9OclhXbnh1bkwzTVlnMHJVdW1BV1k4R0U?oc=5
2026-09-13,冷却・熱管理,ASCII,ASCII,テーマ関連ニュース,⚪ 監視,20,成長テーマとの関連 / 企業を特定,主要な警戒条件は未検出,未取得,未取得,未取得,未取得,未取得,未取得,未取得,未取得,未取得,未判定,低バリュートラップ条件なし,未判定,要IR確認,未取得,未判定,AIは「チップ」から「物理限界」の戦いへ――エクイニクスが語るインフラ分散と液冷・地域共生の工学 (1/3) - ASCII.jp,AIは「チップ」から「物理限界」の戦いへ――エクイニクスが語るインフラ分散と液冷・地域共生の工学 (1/3) - ASCII.jp,"Tue, 08 Sep 2026 03:00:00 GMT",https://news.google.com/rss/articles/CBMiVEFVX3lxTFB1Rk93a2tSQUZQZ0dGUkpTaHpyS1RwU2pOSkJTUmJ0N282VkZTeGlEU3NRVzBRZDZ2QlR3ZmlBTzBMOWFmMERUVEJMOXpoYU5PNkkzTQ?oc=5
2026-09-13,AIデータセンター,NEXT NOTES Nikkei 225 VI Futures Index ETN,2035.T,テーマ関連ニュース,⚪ 監視,20,成長テーマとの関連 / 企業を特定,主要な警戒条件は未検出,未取得,未取得,未取得,未取得,未取得,未取得,未取得,未取得,未取得,未判定,低バリュートラップ条件なし,未判定,要IR確認,未取得,未判定,レポートオーシャン株式会社プレスリリース : データセンター液体冷却市場は2035年に258億米ドル、CAGR18.61％で拡大｜AI・HPC向け高密度冷却需要が成長を牽引 - ドリームニュース,レポートオーシャン株式会社プレスリリース : データセンター液体冷却市場は2035年に258億米ドル、CAGR18.61％で拡大｜AI・HPC向け高密度冷却需要が成長を牽引 - ドリームニュース,"Wed, 09 Sep 2026 02:30:00 GMT",https://news.google.com/rss/articles/CBMiU0FVX3lxTE5NWE1lOUJ2RmswZEpZck13bnZndENwNGIxWG1BMUFJNl9uLWEwQm5EWHVSa2JxSGFXODZlVGpFN2xsYUFHV1VHSXdWQlRFakxOQXBN?oc=5
2026-09-13,AIデータセンター,2025,2025.T,テーマ関連ニュース,⚪ 監視,20,成長テーマとの関連 / 企業を特定,主要な警戒条件は未検出,未取得,未取得,未取得,未取得,未取得,未取得,未取得,未取得,未取得,未判定,低バリュートラップ条件なし,未判定,要IR確認,未取得,未判定,日本のデータセンター冷却市場 ― AIラック密度、液冷導入・次世代インフラ展望 2025～2035年 - ドリームニュース,日本のデータセンター冷却市場 ― AIラック密度、液冷導入・次世代インフラ展望 2025～2035年 - ドリームニュース,"Thu, 03 Sep 2026 00:30:00 GMT",https://news.google.com/rss/articles/CBMiU0FVX3lxTE4tdS1xaFhVXzllaGEtRWdTeXJ2UHUtZmN6Q2NaVVBNUUdXRjM1TXNoMmpDZ1N0VTk5VDNXU1pPVU9iUnRkS3NNQlIzcGNyYVdhbVJj?oc=5
2026-09-13,AIデータセンター,NEXT NOTES Nikkei 225 VI Futures Index ETN,2035.T,テーマ関連ニュース,⚪ 監視,20,成長テーマとの関連 / 企業を特定,主要な警戒条件は未検出,未取得,未取得,未取得,未取得,未取得,未取得,未取得,未取得,未取得,未判定,低バリュートラップ条件なし,未判定,要IR確認,未取得,未判定,日本のデータセンター冷却市場 ― AIラック密度、液冷導入・次世代インフラ展望 2025～2035年 - ドリームニュース,日本のデータセンター冷却市場 ― AIラック密度、液冷導入・次世代インフラ展望 2025～2035年 - ドリームニュース,"Thu, 03 Sep 2026 00:30:00 GMT",https://news.google.com/rss/articles/CBMiU0FVX3lxTE4tdS1xaFhVXzllaGEtRWdTeXJ2UHUtZmN6Q2NaVVBNUUdXRjM1TXNoMmpDZ1N0VTk5VDNXU1pPVU9iUnRkS3NNQlIzcGNyYVdhbVJj?oc=5
2026-09-13,AIデータセンター,NEXT NOTES Nikkei 225 VI Futures Index ETN,2035.T,テーマ関連ニュース,⚪ 監視,20,成長テーマとの関連 / 企業を特定,主要な警戒条件は未検出,未取得,未取得,未取得,未取得,未取得,未取得,未取得,未取得,未取得,未判定,低バリュートラップ条件なし,未判定,要IR確認,未取得,未判定,浸漬冷却市場は2035年に27億900万米ドルへ、CAGR 22.6％で急成長｜AI・高密度データセンターの省エネ冷却需要が拡大 - atpress.ne.jp,浸漬冷却市場は2035年に27億900万米ドルへ、CAGR 22.6％で急成長｜AI・高密度データセンターの省エネ冷却需要が拡大 - atpress.ne.jp,"Tue, 08 Sep 2026 00:00:00 GMT",https://news.google.com/rss/articles/CBMiT0FVX3lxTE4tWGtKN2tWRUUzc1N4SjRaVm41ek9JVm1sQ0lCWWUxZVdRY0VEaDlTV3RzNUlZNHlweTh0cjMxOTU0NFpEN29NaHllOEZpNFU?oc=5
2026-09-13,AIデータセンター,2026,2026.T,テーマ関連ニュース,⚪ 監視,20,成長テーマとの関連 / 企業を特定,主要な警戒条件は未検出,未取得,未取得,未取得,未取得,未取得,未取得,未取得,未取得,未取得,未判定,低バリュートラップ条件なし,未判定,要IR確認,未取得,未判定,2026年以降開業のデータセンターを独自調査、受電容量や液冷方式を一挙公開 - 日経クロステック,2026年以降開業のデータセンターを独自調査、受電容量や液冷方式を一挙公開 - 日経クロステック,"Thu, 18 Jun 2026 07:00:00 GMT",https://news.google.com/rss/articles/CBMibEFVX3lxTFBWR29UME5hSlVEaFk0Nm9XNFdfRV95SHVMQUw1S2RKSkMwb2M5VnBGdFpMd0ZVWnBMRjJtXy1IdDBFWVJuWDA0WWZPTDFHczdVN1F2OE83dGNYTGd1Ni1iaF90SC1ZVU12b2pERw?oc=5
2026-09-13,AIデータセンター,TIMES,TIMES,テーマ関連ニュース,⚪ 監視,20,成長テーマとの関連 / 企業を特定,主要な警戒条件は未検出,未取得,未取得,未取得,未取得,未取得,未取得,未取得,未取得,未取得,未判定,低バリュートラップ条件なし,未判定,要IR確認,未取得,未判定,ヴァレオとCalyos、先進的なパッシブ二層冷却ソリューションにより、データセンターやモビリティ向けチップの熱管理を革新 - PR TIMES,ヴァレオとCalyos、先進的なパッシブ二層冷却ソリューションにより、データセンターやモビリティ向けチップの熱管理を革新 - PR TIMES,"Fri, 12 Jun 2026 07:00:00 GMT",https://news.google.com/rss/articles/CBMiakFVX3lxTFBwNDVHSGIzejloeDhSNlJuYVJIajB2RGlwNUNlQ0R1SUQ5NmFwMHJsdnZqejFXSS1LenIycjBSNjl0bWUtN0Q4NG1FeDRkVHdTSVhPT1ZHamU1MWdBVEctckw4cUdDVWRjSUE?oc=5
2026-09-13,半導体,TODAY,TODAY,テーマ関連ニュース,⚪ 監視,20,成長テーマとの関連 / 企業を特定,主要な警戒条件は未検出,未取得,未取得,未取得,未取得,未取得,未取得,未取得,未取得,未取得,未判定,低バリュートラップ条件なし,未判定,要IR確認,未取得,未判定,ヴァレオ、カリオスと車載半導体冷却を高度化 - LOGISTICS TODAY,ヴァレオ、カリオスと車載半導体冷却を高度化 - LOGISTICS TODAY,"Fri, 12 Jun 2026 07:00:00 GMT",https://news.google.com/rss/articles/CBMiSEFVX3lxTE81LXY3ZDdaQ19IMVJhakVZc1FDOXNlR1dBZjZXT2cwY3oyX2M1QWtBOGxReFlPXzdhZDBzb0tZcXBiX0g1eHBIaw?oc=5
2026-09-13,冷却・熱管理,2026,2026.T,テーマ関連ニュース,⚪ 監視,20,成長テーマとの関連 / 企業を特定,主要な警戒条件は未検出,未取得,未取得,未取得,未取得,未取得,未取得,未取得,未取得,未取得,未判定,低バリュートラップ条件なし,未判定,要IR確認,未取得,未判定,【新刊案内】AIインフラ・熱管理産業レポート 2026-2040 ～半導体・液冷・サステナビリティが変える次世代競争戦略～ 発行：（株）シーエムシー・リサーチ - 時事ドットコム,【新刊案内】AIインフラ・熱管理産業レポート 2026-2040 ～半導体・液冷・サステナビリティが変える次世代競争戦略～ 発行：（株）シーエムシー・リサーチ - 時事ドットコム,"Fri, 07 Aug 2026 07:00:00 GMT",https://news.google.com/rss/articles/CBMia0FVX3lxTFBoemtsSklQWDVKNmc2bFYzc3BkVnRQMk81Q0pRc1lYWmlrZW9rblhaX0M5VUZVOXd2WUE5eVVUNjk3VTYwMTUyb1hWVG94bDdMOGhyZFprUUVNQWZPM25lRUUzOWxwcHA3WG8w?oc=5
2026-09-13,冷却・熱管理,NEXT NOTES DJIA PR JPY-Monthly Hedged Leveraged (x2) ETN,2040.T,テーマ関連ニュース,⚪ 監視,20,成長テーマとの関連 / 企業を特定,主要な警戒条件は未検出,未取得,未取得,未取得,未取得,未取得,未取得,未取得,未取得,未取得,未判定,低バリュートラップ条件なし,未判定,要IR確認,未取得,未判定,【新刊案内】AIインフラ・熱管理産業レポート 2026-2040 ～半導体・液冷・サステナビリティが変える次世代競争戦略～ 発行：（株）シーエムシー・リサーチ - 時事ドットコム,【新刊案内】AIインフラ・熱管理産業レポート 2026-2040 ～半導体・液冷・サステナビリティが変える次世代競争戦略～ 発行：（株）シーエムシー・リサーチ - 時事ドットコム,"Fri, 07 Aug 2026 07:00:00 GMT",https://news.google.com/rss/articles/CBMia0FVX3lxTFBoemtsSklQWDVKNmc2bFYzc3BkVnRQMk81Q0pRc1lYWmlrZW9rblhaX0M5VUZVOXd2WUE5eVVUNjk3VTYwMTUyb1hWVG94bDdMOGhyZFprUUVNQWZPM25lRUUzOWxwcHA3WG8w?oc=5
2026-09-13,冷却・熱管理,NEXT NOTES F-KOSPI200 Inverse ETN,2034.T,テーマ関連ニュース,⚪ 監視,20,成長テーマとの関連 / 企業を特定,主要な警戒条件は未検出,未取得,未取得,未取得,未取得,未取得,未取得,未取得,未取得,未取得,未判定,低バリュートラップ条件なし,未判定,要IR確認,1863～2003円 / 2003～2144円 / 1722～1863円,主要価格帯付近,熱管理システム市場規模、シェア[2034年] - Fortune Business Insights,熱管理システム市場規模、シェア[2034年] - Fortune Business Insights,"Mon, 17 Aug 2026 07:00:00 GMT",https://news.google.com/rss/articles/CBMiywFBVV95cUxNX1NuNEppZUNrNlBLalJsVG1MWE9JWDVCZXJqMldPaGt5SXE1eE8yV2pBVHgyZFBTYkV2cFdWWG5sSjBkVGdhRXp4SjZHclZOWVVMc1llOGlTX1o2aDk1aVJyQ2dLLXkyUHFyRklKTXlLdjVOWUJZMkNQVUtKS3N2OVd6QjAwcjN6SWY1NF9DMWVSMERiMS1CZWxHNmdxQVYzd091eFhIY3NBSm8ySkxSNHVPNm9hOTFaWnA0VW95MlVaZjh6TEoySzUxUQ?oc=5
2026-09-13,AIデータセンター,ERCOT,ERCOT,テーマ関連ニュース,⚪ 監視,20,成長テーマとの関連 / 企業を特定,主要な警戒条件は未検出,未取得,未取得,未取得,未取得,未取得,未取得,未取得,未取得,未取得,未判定,低バリュートラップ条件なし,未判定,要IR確認,未取得,未判定,ERCOT to survey more than 400 data centers as part of Gov. Abbott’s audit - Houston Public Media,ERCOT to survey more than 400 data centers as part of Gov. Abbott’s audit - Houston Public Media,"Fri, 11 Sep 2026 21:11:57 GMT",https://news.google.com/rss/articles/CBMi5wFBVV95cUxNXzA2TGlsYkJiaTkzeFRlUnVlb2Z4NlVNam5TOHlpS1p1cktNbDFBVWQ3dmZLQVh3b3N1aGFlckp5OFJtM1RGdFRBTXpxMUtudFhQbVdIY2lZSFNGRV8tTGx2OEJKcE1ZVmlMbFhkRngwR3BLUi1SQ3lZSXNlaExCWFUxaC02c0R1V2V5NU8zTHNHVEJaWmloeEFrNzFMd3gtdDl0cXRlelFiYVNIaWlPeXNDRzdpdU16aUM2VDlJNmpkcV9iWTFadXNMb1hRVkJKTTU5b19Wd0RSS3JNWU9lRnhnbHdEdk3SAe8BQVVfeXFMUDM5X18wUlRablBVSG8zVmJDZzY2YkZfSWFCcVhzRko0a1luN2tFQ2RxWnhCdVVFQ3lLSmJHcExRSHVhVXRCazBfWlNiWGJ5TlBZckR3bUE5c3dBZ0luQjNSMmhNTHNXN2Y2dk4zRTZnS05JazNhMUNHdU1aUGh4RFpUZlREZjdGV3E3VG5QYnBxdUdRVUo4cUM2Z0tEQ2I2Y2VxLVBhamc3NDlsT3p2QWI4U19wNTFMSTl2cTFWUTBLRjA4NFpDZXVkTTNxUVBSWW1OU2hmWXhaQ2J1VkkwM0dGWmhlODhwN1hhUXBCMm8?oc=5
2026-09-13,AIデータセンター,WIRED,WIRED,テーマ関連ニュース,⚪ 監視,20,成長テーマとの関連 / 企業を特定,主要な警戒条件は未検出,未取得,未取得,未取得,未取得,未取得,未取得,未取得,未取得,未取得,未判定,低バリュートラップ条件なし,未判定,要IR確認,未取得,未判定,The UK Power Grid Has a Phantom Data Center Problem - WIRED,The UK Power Grid Has a Phantom Data Center Problem - WIRED,"Thu, 27 Aug 2026 07:00:00 GMT",https://news.google.com/rss/articles/CBMieEFVX3lxTFB2TXpLZnVkWWtwY2NJSkIyWEdJYVNBVmpoTHEzTHBlbGdUeVZ1OFVnV01iaDdVN19VSHRqT3ZKVllOa0RpTnJNdURIenQxTVcxb29XazhELU91YlZIX1V1dmlIZ21YVTI5QUt6NUtFaF83cVdyUHBjVQ?oc=5
2026-09-13,AIデータセンター,2028,2028.T,テーマ関連ニュース,⚪ 監視,20,成長テーマとの関連 / 企業を特定,主要な警戒条件は未検出,未取得,未取得,未取得,未取得,未取得,未取得,未取得,未取得,未取得,未判定,低バリュートラップ条件なし,未判定,要IR確認,未取得,未判定,"Power grid auction falls short of meeting 2028-29 energy needs, organizing group cites data centers - The Richmonder","Power grid auction falls short of meeting 2028-29 energy needs, organizing group cites data centers - The Richmonder","Sun, 06 Sep 2026 17:22:48 GMT",https://news.google.com/rss/articles/CBMixAFBVV95cUxPRTdjcjVFSWc1SUZxTUxkT2pkTnlrcWUtR2MyVlRPNElWcTdaWHpRMDlOY3ZaRlZrQXNubnFtRC1QT2ZMUUh2WjhYSDZ3R2J6TXBqN2s0TEpqQmkxYU11N1VTWFdIeGlyVTZCWXplOWUxWU1wSXlOSDRCUTBMXzJJV3RTa2FWeTNGTHVZc1JwZHV2R3dSTmVfd1hGZHJkLVM3ajhxRWJpOG1lVDJXbnBYY3RUYjJKZnJKRU44bVNCT0N4RG0y?oc=5
2026-09-13,AIデータセンター,NEXT NOTES HSI Short ETN,2032.T,テーマ関連ニュース,⚪ 監視,20,成長テーマとの関連 / 企業を特定,主要な警戒条件は未検出,未取得,未取得,未取得,未取得,未取得,未取得,未取得,未取得,未取得,未判定,低バリュートラップ条件なし,未判定,要IR確認,未取得,未判定,Data Center Energy Storage Systems Market worth $10.48 billion by 2032 - MarketsandMarkets,Data Center Energy Storage Systems Market worth $10.48 billion by 2032 - MarketsandMarkets,"Tue, 08 Sep 2026 12:04:59 GMT",https://news.google.com/rss/articles/CBMijwFBVV95cUxPSkxPOHNCX0M0MldqZjRjRUxlY0xnZWxYS1Z3d1hFdlFvYmpHU1pSdzljUlEtMWhtUVBhT0JLS0VXZ19WMkpVM2tocDBxSG12WkVtRXpRX1lER0l4cW1iSTJrT3lLeFZwcTZpQWFISW1MODhRT2ZkQzMwN0ZQdHJZNEZVY3JEd25XbHhoa0NpYw?oc=5
2026-09-13,AIデータセンター,NEXT NOTES HSI Short ETN,2032.T,テーマ関連ニュース,⚪ 監視,20,成長テーマとの関連 / 企業を特定,主要な警戒条件は未検出,未取得,未取得,未取得,未取得,未取得,未取得,未取得,未取得,未取得,未判定,低バリュートラップ条件なし,未判定,要IR確認,未取得,未判定,Data Center Energy Storage Systems Market worth $10.48 billion in 2032 - Exclusive Report by MarketsandMarkets™ - PR Newswire,Data Center Energy Storage Systems Market worth $10.48 billion in 2032 - Exclusive Report by MarketsandMarkets™ - PR Newswire,"Wed, 09 Sep 2026 10:59:00 GMT",https://news.google.com/rss/articles/CBMi-AFBVV95cUxNUDVZdXZyWWJvaGdKaUlDUzNFYS13aUJZVllfNGZEUnNxd0dINnZKOWp5Yk1NMUY4U0FNMnB1TUVVTVNOMkxnTERTeXQ0b0dvMHM3aVkwV1l3Q3d0cjh0alpXZmY2LXQyZWhsWi1ubmcwVXdBVUtoSndDdWExTFhkMFZndU5zc19nSUU0alFPajBndFRHcHpGa004RlJ4N2xDdmtKVG4xREVIY2ZtQVhPekJPbWU2ZlBVTnlsdzU5U0F0TzA4OEpyRTlIVnhtZGJScTRLNjZoUjh5MmRaalEtT29KTklIUnFESndmT0ctNGp1ZjV5bk1xbg?oc=5
2026-09-13,電力・蓄電,NEXT NOTES Nikkei 225 VI Futures Index ETN,2035.T,テーマ関連ニュース,⚪ 監視,20,成長テーマとの関連 / 企業を特定,主要な警戒条件は未検出,未取得,未取得,未取得,未取得,未取得,未取得,未取得,未取得,未取得,未判定,低バリュートラップ条件なし,未判定,要IR確認,未取得,未判定,"Mobile Motorized Storage Rack Systems Market Forecast to 2035, Driven by Warehouse Densification and Energy Storage Integration - IndexBox","Mobile Motorized Storage Rack Systems Market Forecast to 2035, Driven by Warehouse Densification and Energy Storage Integration - IndexBox","Sat, 12 Sep 2026 18:51:21 GMT",https://news.google.com/rss/articles/CBMi7AFBVV95cUxQb0ZWNldFRFFydG9KbHg5cDJfQWIxX0VMRnI0NjE1MndkblpsbnNMUWx4cVU2ZkYxVWJrLXpVeHVLV3d0dHhyVEtZajAyLVJkcm5Qb3NxT0VkYU82OW5QS09pS0dXYUJrRXNESEFhNTV3V2ktOTVXZ1ZnekdkS0lGNU4zRS1NQUJZeTA0T25qM1M4d1hUYk5qNkdIRllMV3dvTGVqX3FkaVhFWlVzMk0xSC1TRVBuZG1rTnZpUlNSM2ZITEdFeU9kMURuY0VxaUNrWUE2cmNIQlRJVnRLeVdZQVlsWGJGZjAyVVlHRA?oc=5
2026-09-13,AIデータセンター,193502,NTT,テーマ関連ニュース,⚪ 監視,20,成長テーマとの関連 / 企業を特定,主要な警戒条件は未検出,未取得,未取得,未取得,未取得,未取得,未取得,未取得,未取得,未取得,未判定,低バリュートラップ条件なし,未判定,要IR確認,未取得,未判定,電力系統安定化に向けデータセンター事業者として需給調整市場に参入へ - NTT Data,電力系統安定化に向けデータセンター事業者として需給調整市場に参入へ - NTT Data,"Thu, 25 Jun 2026 07:00:00 GMT",https://news.google.com/rss/articles/CBMia0FVX3lxTE1zZGY1YnpueTJrZlkwc1BTTGd5eHJTSW5NLUY0dkVkSVZrTF9uY0JqU0hiWURLRjVUX05BaWZ3eFZKTV8yai1xb0Q3Q2s0RUVNb1lVcXRRbEl3VDZza3J4TUdhSmFWQzZMdHZV?oc=5
2026-09-13,AIデータセンター,1200,1200.T,テーマ関連ニュース,⚪ 監視,20,成長テーマとの関連 / 企業を特定,主要な警戒条件は未検出,未取得,未取得,未取得,未取得,未取得,未取得,未取得,未取得,未取得,未判定,低バリュートラップ条件なし,未判定,要IR確認,未取得,未判定,1200億円調達、「鉄と炭素」を利用する蓄電池がデータセンターの電力不足を救う - Forbes JAPAN,1200億円調達、「鉄と炭素」を利用する蓄電池がデータセンターの電力不足を救う - Forbes JAPAN,"Tue, 18 Aug 2026 07:00:00 GMT",https://news.google.com/rss/articles/CBMiWkFVX3lxTE5QcV9rTDBrVV9GWnlhZXZIX05KWGFfR3laclNCMElGZkVCTF9TREl0czluX2tFQnVwMFJUeU1KQ2FxTDk3QlMxc2drU0tLTzdCY05NOXlrWWpPZw?oc=5
2026-09-13,AIデータセンター,JAPAN,JAPAN,テーマ関連ニュース,⚪ 監視,20,成長テーマとの関連 / 企業を特定,主要な警戒条件は未検出,未取得,未取得,未取得,未取得,未取得,未取得,未取得,未取得,未取得,未判定,低バリュートラップ条件なし,未判定,要IR確認,未取得,未判定,1200億円調達、「鉄と炭素」を利用する蓄電池がデータセンターの電力不足を救う - Forbes JAPAN,1200億円調達、「鉄と炭素」を利用する蓄電池がデータセンターの電力不足を救う - Forbes JAPAN,"Tue, 18 Aug 2026 07:00:00 GMT",https://news.google.com/rss/articles/CBMiWkFVX3lxTE5QcV9rTDBrVV9GWnlhZXZIX05KWGFfR3laclNCMElGZkVCTF9TREl0czluX2tFQnVwMFJUeU1KQ2FxTDk3QlMxc2drU0tLTzdCY05NOXlrWWpPZw?oc=5
2026-09-13,AIデータセンター,2026,2026.T,テーマ関連ニュース,⚪ 監視,20,成長テーマとの関連 / 企業を特定,主要な警戒条件は未検出,未取得,未取得,未取得,未取得,未取得,未取得,未取得,未取得,未取得,未判定,低バリュートラップ条件なし,未判定,要IR確認,未取得,未判定,日本でAIデータセンターのインフラ拡充が進む中、トリナ・ストレージが「2026年AIDC エネルギー貯蔵TOP ベンチマーク賞」を受賞 - PR TIMES,日本でAIデータセンターのインフラ拡充が進む中、トリナ・ストレージが「2026年AIDC エネルギー貯蔵TOP ベンチマーク賞」を受賞 - PR TIMES,"Tue, 25 Aug 2026 07:00:00 GMT",https://news.google.com/rss/articles/CBMiakFVX3lxTFBNSlh1VzBVVnNPRzg4QzB2Ry1zby1GRVllemJKTTVzZ3AzdUF2SkdJNEZFUEF2eXlRY2tXejVWZ1E4cmE3ck9aWExKSHpxZGtrY3haM3RnSEtDMjU5MGpaRzE5Nkt4NUs2Q0E?oc=5
2026-09-13,AIデータセンター,2026,2026.T,テーマ関連ニュース,⚪ 監視,20,成長テーマとの関連 / 企業を特定,主要な警戒条件は未検出,未取得,未取得,未取得,未取得,未取得,未取得,未取得,未取得,未取得,未判定,低バリュートラップ条件なし,未判定,要IR確認,未取得,未判定,日本AIデータセンターエネルギー貯蔵市場：需要・市場シェア・動向・成長・市場機会・インサイト分析（2026～2036年 - ニコニコニュース,日本AIデータセンターエネルギー貯蔵市場：需要・市場シェア・動向・成長・市場機会・インサイト分析（2026～2036年 - ニコニコニュース,"Tue, 08 Sep 2026 01:03:40 GMT",https://news.google.com/rss/articles/CBMiVEFVX3lxTE1aeXA0elg0eGVYTVRuMWJrMG5wejU0ZlhNUmZkdEs5UVN4cnBNZFBVU0JaVFBOb1FVYmp6WkJuV2kxT0V5RHEwZklWdktEZ19zVEdkZw?oc=5
2026-09-13,AIデータセンター,NEXT NOTES Nikkei-TOCOM Leveraged Gold ETN,2036.T,テーマ関連ニュース,⚪ 監視,20,成長テーマとの関連 / 企業を特定,主要な警戒条件は未検出,未取得,未取得,未取得,未取得,未取得,未取得,未取得,未取得,未取得,未判定,低バリュートラップ条件なし,未判定,要IR確認,未取得,未判定,日本AIデータセンターエネルギー貯蔵市場：需要・市場シェア・動向・成長・市場機会・インサイト分析（2026～2036年 - ニコニコニュース,日本AIデータセンターエネルギー貯蔵市場：需要・市場シェア・動向・成長・市場機会・インサイト分析（2026～2036年 - ニコニコニュース,"Tue, 08 Sep 2026 01:03:40 GMT",https://news.google.com/rss/articles/CBMiVEFVX3lxTE1aeXA0elg0eGVYTVRuMWJrMG5wejU0ZlhNUmZkdEs5UVN4cnBNZFBVU0JaVFBOb1FVYmp6WkJuV2kxT0V5RHEwZklWdktEZ19zVEdkZw?oc=5
2026-09-13,AIデータセンター,TIMES,TIMES,テーマ関連ニュース,⚪ 監視,20,成長テーマとの関連 / 企業を特定,主要な警戒条件は未検出,未取得,未取得,未取得,未取得,未取得,未取得,未取得,未取得,未取得,未判定,低バリュートラップ条件なし,未判定,要IR確認,未取得,未判定,データセンター向けラック型蓄電システム「PowerX Energy Blade」を発表 | 株式会社パワーエックスのプレスリリース - PR TIMES,データセンター向けラック型蓄電システム「PowerX Energy Blade」を発表 | 株式会社パワーエックスのプレスリリース - PR TIMES,"Thu, 14 May 2026 07:00:00 GMT",https://news.google.com/rss/articles/CBMiakFVX3lxTE9MdTZsY3RVSER1Q25zbF9OMFA1OXFRYkVHSXdNSmNqaXZzRFJ4NUYwM2ViNnBlc3JKal9nbjd2YW1peWRhMnhtcHk3TkhLN3RGS3ZReXprUGExNGFXLVVpSWVBWWpfZV9kWXc?oc=5
2026-09-13,電力・蓄電,NEXT NOTES Nikkei 225 VI Futures Index ETN,2035.T,テーマ関連ニュース,⚪ 監視,20,成長テーマとの関連 / 企業を特定,主要な警戒条件は未検出,未取得,未取得,未取得,未取得,未取得,未取得,未取得,未取得,未取得,未判定,低バリュートラップ条件なし,未判定,要IR確認,未取得,未判定,"世界の定置型蓄電池市場、再生可能エネルギーの導入拡大と送電網の近代化を背景に2035年までに751億7,000万米ドルへ到達する見通し - Newscast.jp","世界の定置型蓄電池市場、再生可能エネルギーの導入拡大と送電網の近代化を背景に2035年までに751億7,000万米ドルへ到達する見通し - Newscast.jp","Thu, 20 Aug 2026 07:00:00 GMT",https://news.google.com/rss/articles/CBMiR0FVX3lxTE5QSkp3VzVsOWxpUnJycVRHb3FMUGdWYWVJOUZmU2JTU1JlcGx2emhfbHVPOXpKcXczVGRWaGxDb3V6d2trWkww?oc=5
2026-09-13,電力・蓄電,"NEXT NOTES Niche Top Mid Small Cap Japan Equity, Net Total Return ETN",2050.T,テーマ関連ニュース,⚪ 監視,20,成長テーマとの関連 / 企業を特定,主要な警戒条件は未検出,未取得,未取得,未取得,未取得,未取得,未取得,未取得,未取得,未取得,未判定,低バリュートラップ条件なし,未判定,要IR確認,24013～24313円 / 23713～24013円 / 30312～30611円,主要価格帯付近,マレーシア、2050年ネットゼロへ108億ドルの送電網刷新と太陽光発電への蓄電池義務化を発表 - BigGo ファイナンス,マレーシア、2050年ネットゼロへ108億ドルの送電網刷新と太陽光発電への蓄電池義務化を発表 - BigGo ファイナンス,"Wed, 03 Jun 2026 07:00:00 GMT",https://news.google.com/rss/articles/CBMiX0FVX3lxTE92TXNvMTJsdjJKTzFEZjdiVDJvc1dxME9kQ3BmbTU4MGhCbWV3bmp3SEpRU253bjFBcUNiS1JVWEp5NUsweDAtVFRudTVwUkZfY0k3OGh1SWF0VXBuYXVZ?oc=5
2026-09-13,電力・蓄電,未特定,未特定,政府支援,⚪ 監視,20,企業未特定。ニュースの材料を監視,企業特定後に要再評価,未取得,未取得,未取得,未取得,未取得,未取得,未取得,未取得,未取得,未判定,未判定,未判定,未判定,未取得,未判定,再生エネためる蓄電池、送配電会社が充放電 経産省が補助金 - 日本経済新聞,再生エネためる蓄電池、送配電会社が充放電 経産省が補助金 - 日本経済新聞,"Wed, 15 Apr 2026 07:00:00 GMT",https://news.google.com/rss/articles/CBMibEFVX3lxTE9zWmxNMVNLRlpWSDlFZ21oaDZPWHZkV2RSbjJYanAtSm1OY1NqdmktVWhiYkhQY1pnbHo1OG0zZ1oyUlJfc21QUElJQXc2cWt6NHR5R0hJNG55dzJMVWNQYWRyNUx1MXdCMm1EcA?oc=5
2026-09-13,電力・蓄電,未特定,未特定,政府支援,⚪ 監視,20,企業未特定。ニュースの材料を監視,企業特定後に要再評価,未取得,未取得,未取得,未取得,未取得,未取得,未取得,未取得,未取得,未判定,未判定,未判定,未判定,未取得,未判定,蓄電所用地｢転売ヤー｣にメス 政府､送電網接続の頭金2倍 - 日本経済新聞,蓄電所用地｢転売ヤー｣にメス 政府､送電網接続の頭金2倍 - 日本経済新聞,"Mon, 02 Mar 2026 08:00:00 GMT",https://news.google.com/rss/articles/CBMid0FVX3lxTE5QLVBpSXJlZVVjQmUwN1BYSW00eURxRDB2YTBKazJiY25pd2lGaHRkd2pudXlzZGZnaUlKTnpHTWU5MGU5RktPT3pWWTNJbV9wNVdwVDJUMWl6LWloblJxWERfbE9OSnpGZWlmSUZlS0VEWFVQclZZ?oc=5
2026-09-13,半導体,U.S,U.S,テーマ関連ニュース,⚪ 監視,20,成長テーマとの関連 / 企業を特定,主要な警戒条件は未検出,未取得,未取得,未取得,未取得,未取得,未取得,未取得,未取得,未取得,未判定,低バリュートラップ条件なし,未判定,要IR確認,未取得,未判定,Intel's U.S. Advanced Packaging Enables Next-Generation AI Semiconductors - Intel,Intel's U.S. Advanced Packaging Enables Next-Generation AI Semiconductors - Intel,"Mon, 31 Aug 2026 15:41:04 GMT",https://news.google.com/rss/articles/CBMi2wFBVV95cUxOY1EtWVoyZnI4RVJaN1VvUEw1Q0x5eXZoREVlVjFSVlNQRWhlOUtOZTBkYWg4N1dISG9neEdPMWN3Y1IxaEpQRDhkMHYwQTBteVJRTlY1VzhEelAxM01lZmtyNWdCX082LUpGOGVIT2x2TGZrZWNNN1lkc0lBU2hEdTJNMVV3dkhtMGdBeXQ3cXZvbGpuNWQweWZfYnp4NUhwRWgwcjBTNUF6M3N4LUQ0VVQ3X2hZMjhSWlJmTWZ0czc5TjI0UGp2eFluZWRLYmFMN0VLSmFvemhlNEk?oc=5
2026-09-13,半導体,KJZZ,KJZZ,テーマ関連ニュース,⚪ 監視,20,成長テーマとの関連 / 企業を特定,主要な警戒条件は未検出,未取得,未取得,未取得,未取得,未取得,未取得,未取得,未取得,未取得,未判定,低バリュートラップ条件なし,未判定,要IR確認,未取得,未判定,Amkor will expand investments in its advanced packaging facility in Arizona to $12 billion - KJZZ,Amkor will expand investments in its advanced packaging facility in Arizona to $12 billion - KJZZ,"Thu, 10 Sep 2026 22:12:00 GMT",https://news.google.com/rss/articles/CBMiygFBVV95cUxPRnpRZGVxZ2RlR19CdTNTVU9NSjZST0tWZmVWd2k2ZVNPU1ZmWmc2VEM4RUEwQTdjTHJTa3lJc1FMMFdPXzc0blVZcTdaRHg2RTRsZGlTNkt2UkdScVd2Um5Ba2dEZHBFV1JTRjVhWk5OdjRVZ1RlNEVXZ250aDVQWm90R0RpZVVRSTlJSjVBbE9fRFJGSDdqazZ2c0xlWThzejdwSjctYThyQmVQZTFTdFVXaXpkZzJZQ05YT0dmVFdOT1hKRjljR2FR?oc=5
2026-09-13,半導体,NIST,NIST,テーマ関連ニュース,⚪ 監視,20,成長テーマとの関連 / 企業を特定,主要な警戒条件は未検出,未取得,未取得,未取得,未取得,未取得,未取得,未取得,未取得,未取得,未判定,低バリュートラップ条件なし,未判定,要IR確認,未取得,未判定,"Modeling Predicts Cure And Thermal Endurance Of Advanced Packaging Underfill (NIST, UCSD et al.) - Semiconductor Engineering","Modeling Predicts Cure And Thermal Endurance Of Advanced Packaging Underfill (NIST, UCSD et al.) - Semiconductor Engineering","Fri, 11 Sep 2026 21:02:09 GMT",https://news.google.com/rss/articles/CBMivgFBVV95cUxNaFJlUG9YaEpPTl9SQ2Jvci1mMFhCTUlyNWk1bVZ1VFhuVXdjbkZFSmloUHZLaWZTLVBBNGdaOHJRS3dnYzk0T2Vpb25LUm9MRW9qcTVJUUVNYzM4aFRfT3RkVmtVV0RjT2FRM0t6NGk0LTk0SGZsaVktWVB1Qkxvb1ptX2NtUFA1WDZWS3NFbkVESWtfSUt4Rk5yTktpU2JXdEVfdDltLTcyemtEWHNsaUF0TG4wbW1ZS0JGRVZB?oc=5
2026-09-13,半導体,UCSD,UCSD,テーマ関連ニュース,⚪ 監視,20,成長テーマとの関連 / 企業を特定,主要な警戒条件は未検出,未取得,未取得,未取得,未取得,未取得,未取得,未取得,未取得,未取得,未判定,低バリュートラップ条件なし,未判定,要IR確認,未取得,未判定,"Modeling Predicts Cure And Thermal Endurance Of Advanced Packaging Underfill (NIST, UCSD et al.) - Semiconductor Engineering","Modeling Predicts Cure And Thermal Endurance Of Advanced Packaging Underfill (NIST, UCSD et al.) - Semiconductor Engineering","Fri, 11 Sep 2026 21:02:09 GMT",https://news.google.com/rss/articles/CBMivgFBVV95cUxNaFJlUG9YaEpPTl9SQ2Jvci1mMFhCTUlyNWk1bVZ1VFhuVXdjbkZFSmloUHZLaWZTLVBBNGdaOHJRS3dnYzk0T2Vpb25LUm9MRW9qcTVJUUVNYzM4aFRfT3RkVmtVV0RjT2FRM0t6NGk0LTk0SGZsaVktWVB1Qkxvb1ptX2NtUFA1WDZWS3NFbkVESWtfSUt4Rk5yTktpU2JXdEVfdDltLTcyemtEWHNsaUF0TG4wbW1ZS0JGRVZB?oc=5
2026-09-13,半導体,NEXT NOTES F-KOSPI200 Inverse ETN,2034.T,テーマ関連ニュース,⚪ 監視,20,成長テーマとの関連 / 企業を特定,主要な警戒条件は未検出,未取得,未取得,未取得,未取得,未取得,未取得,未取得,未取得,未取得,未判定,低バリュートラップ条件なし,未判定,要IR確認,1863～2003円 / 2003～2144円 / 1722～1863円,主要価格帯付近,"Top Advanced Packaging Companies, 8.6% CAGR to 2034 - Fortune Business Insights","Top Advanced Packaging Companies, 8.6% CAGR to 2034 - Fortune Business Insights","Tue, 08 Sep 2026 03:05:50 GMT",https://news.google.com/rss/articles/CBMiiwFBVV95cUxNMU1tSEdDeHZiZWNXaW1zdUlFaHpNXzJma1lGWjlNdDhVc2N4cHRvajFmcnRBMjdpcHJNWGlSMjlwNldZNFA1Yk0yMG1lVHZkLWNaZ2duVkw1Y3lac2l1TzlibjFEVFJRRVdfdVhETUFLUnk2RExwaUFRUXJIR3NZYzZWdEFSem1mTlkw?oc=5
2026-09-13,半導体,NEXT NOTES Nikkei 225 VI Futures Index ETN,2035.T,テーマ関連ニュース,⚪ 監視,20,成長テーマとの関連 / 企業を特定,主要な警戒条件は未検出,未取得,未取得,未取得,未取得,未取得,未取得,未取得,未取得,未取得,未判定,低バリュートラップ条件なし,未判定,要IR確認,未取得,未判定,Tab Surface Preparation Abrasives Market Forecast to 2035: Advanced Packaging and Semiconductor Capacity Drive Growth - News and Statistics - IndexBox,Tab Surface Preparation Abrasives Market Forecast to 2035: Advanced Packaging and Semiconductor Capacity Drive Growth - News and Statistics - IndexBox,"Fri, 11 Sep 2026 12:26:21 GMT",https://news.google.com/rss/articles/CBMi2AFBVV95cUxPM0IzU2FhMUZlR1lUSG1BY3VVdVZSaTVfVUxFeTJrV1VGazdzYURVUXZvN0VnTEdVYXEtbnRybGZkZ2FBUGotSHg2ejJfVDRQSld2Z3B1YU1mNjhxR0E2Mlg3eXdyT3ZCSjJSYXllN1lRSjByMXBKTVdHVlZ1WFBVZGhDZGVwM1ZpU3psc0dMTnZ4aUVnRVZDblFqOEMxUk9WVVFHVUlZN0lkSWF0X2JoSU5FWnRHeVNYTkJtMVVQZHBKMzNXTEQtZEJJZ09uQlpmcTNLdUdDdjY?oc=5
2026-09-13,半導体,RDL,RDL,テーマ関連ニュース,⚪ 監視,20,成長テーマとの関連 / 企業を特定,主要な警戒条件は未検出,未取得,未取得,未取得,未取得,未取得,未取得,未取得,未取得,未取得,未判定,低バリュートラップ条件なし,未判定,要IR確認,未取得,未判定,Taiyo Holdings Achieves 700-nm RDL Formation for Advanced Packaging - ChemAnalyst,Taiyo Holdings Achieves 700-nm RDL Formation for Advanced Packaging - ChemAnalyst,"Fri, 11 Sep 2026 12:03:59 GMT",https://news.google.com/rss/articles/CBMipgFBVV95cUxPT01wcHFPaTlabURlaXQxR1FMM1FZZkNQWFFhUXJhNDh0VFRCTkNEZlpsa1FOUE9OYklWb0o0X3hLaHptekRFNTRtZWJtMkh5VnhvaE1QdFI1eFdlc0tKUlM1ZG5NN2J5bUtoa3JOaWIzdE5obmZRUlJwWGRsYnBsT2Mwd0traGdyNzg2R1Z2ZnFzdjJPc0s2ZElRaEM5SXZJUjU2dEdn?oc=5
2026-09-13,半導体,2026,2026.T,テーマ関連ニュース,⚪ 監視,20,成長テーマとの関連 / 企業を特定,主要な警戒条件は未検出,未取得,未取得,未取得,未取得,未取得,未取得,未取得,未取得,未取得,未判定,低バリュートラップ条件なし,未判定,要IR確認,未取得,未判定,"Beyond Moore’s Law: The Rise of AI System Scaling ：SEMICON Taiwan 2026 — From Advanced Packaging and CPO to Memory, Test, and Thermal Innovation - semivision","Beyond Moore’s Law: The Rise of AI System Scaling ：SEMICON Taiwan 2026 — From Advanced Packaging and CPO to Memory, Test, and Thermal Innovation - semivision","Tue, 08 Sep 2026 12:57:54 GMT",https://news.google.com/rss/articles/CBMifkFVX3lxTE9RVG91OEk5NDROTnhSd0hhS1BPaEEtTUJhQVl3enczN09mdEhXdzNLUXRvNE9lMkJiQU5wTU5XRHNXVVhvUGlidGlRa25SQzQ5ZmVMbEdwUU5GOURkTUltQkplTWtHdzY3eWdvbGwwc1h4OUQzZ3ZmYW5QamhqUQ?oc=5
2026-09-13,半導体,668105,CPO,テーマ関連ニュース,⚪ 監視,20,成長テーマとの関連 / 企業を特定,主要な警戒条件は未検出,未取得,未取得,未取得,未取得,未取得,未取得,未取得,未取得,未取得,未判定,低バリュートラップ条件なし,未判定,要IR確認,未取得,未判定,"Beyond Moore’s Law: The Rise of AI System Scaling ：SEMICON Taiwan 2026 — From Advanced Packaging and CPO to Memory, Test, and Thermal Innovation - semivision","Beyond Moore’s Law: The Rise of AI System Scaling ：SEMICON Taiwan 2026 — From Advanced Packaging and CPO to Memory, Test, and Thermal Innovation - semivision","Tue, 08 Sep 2026 12:57:54 GMT",https://news.google.com/rss/articles/CBMifkFVX3lxTE9RVG91OEk5NDROTnhSd0hhS1BPaEEtTUJhQVl3enczN09mdEhXdzNLUXRvNE9lMkJiQU5wTU5XRHNXVVhvUGlidGlRa25SQzQ5ZmVMbEdwUU5GOURkTUltQkplTWtHdzY3eWdvbGwwc1h4OUQzZ3ZmYW5QamhqUQ?oc=5
2026-09-13,半導体,TSMC,TSMC,テーマ関連ニュース,⚪ 監視,20,成長テーマとの関連 / 企業を特定,主要な警戒条件は未検出,未取得,未取得,未取得,未取得,未取得,未取得,未取得,未取得,未取得,未判定,低バリュートラップ条件なし,未判定,要IR確認,未取得,未判定,TSMC expands Kaohsiung operations with new advanced packaging verification facility - newelectronics.co.uk,TSMC expands Kaohsiung operations with new advanced packaging verification facility - newelectronics.co.uk,"Mon, 07 Sep 2026 08:09:18 GMT",https://news.google.com/rss/articles/CBMiyAFBVV95cUxOdjdKSDY4N1MwbWVhRXJpLXJKZHBWem5kMWp6dnNvZmRGNjdYN3dFR1c3RVBSRzlkYVVXanY4aDFSSmluRjNFOUtEZTlUT05wemhrLXMzTlBXcHJrUXF5a3haMXZVek5zV2EyeHV5RktrcXJWVm01clItZ3huTmstWUMwbVJDd0p2WEh0WVhFYXJqVGhnVUx2NG1RaUppSVhGSFI1YjItRU5BTUh6czhBNlhPRmNMNm1yZllyQ1VmV0VNSEJxem1lMQ?oc=5
2026-09-13,半導体,Roundhill Memory ETF,DRAM,テーマ関連ニュース,⚪ 監視,20,成長テーマとの関連 / 企業を特定,主要な警戒条件は未検出,12.5620985,未取得,未取得,未取得,未取得,未取得,未取得,未取得,未取得,未判定,低バリュートラップ条件なし,未判定,要IR確認,52～54円 / 60～62円 / 57～60円,主要価格帯付近,China Develops Its First 3.5D “Infinity Chiplet” & 3D DRAM Tech As It Tackles External HBM Constraints Through Domestic AI Supply Chain - Wccftech,China Develops Its First 3.5D “Infinity Chiplet” & 3D DRAM Tech As It Tackles External HBM Constraints Through Domestic AI Supply Chain - Wccftech,"Wed, 15 Jul 2026 07:00:00 GMT",https://news.google.com/rss/articles/CBMisgFBVV95cUxPTEc0MEpQbGtkc1d0M3BKczlWcFoyZ21TaVlsZ1ZybHRwZV9uaFNScWtoYmw2dXNzYml2M245OE9QRlpBeGZmMWoxdHV2VG9ZbHpPUUJ3VDd1OG9ULUdLd2RoWHZ5bzBvUHNuRG5kS2RNeHVSYmx2UzBGOW9DaWFMc2MxME1jMkhCS0owQnVQbXp6Z0dNMHdLV256WkJKUV9oZkd6VVhnNjdnWW0tRThoQ0JB0gG3AUFVX3lxTE80MWJfeFVzMTN4TF8tanBZRG9SckV4bTRLSGlyejg3aGFlc0RzWEw3RlV5NjIxWXQzS2RTQzExZXkwczd2eWVXdktjc2YzT0NkbEZFcUJITGk3SzJTZ2lMUUwzTUpnY3lxZ1cyZXQ5blNfcnVTMWw5bDZJX3dvcmdBQVdYUkNkenI2YV9xTTlILWl4YzV3b0kyQVhaZG1GaFVvcnpnVkZCZ0dxVzFqQVZGSE1DODFsaw?oc=5
2026-09-13,半導体,2026,2026.T,テーマ関連ニュース,⚪ 監視,20,成長テーマとの関連 / 企業を特定,主要な警戒条件は未検出,未取得,未取得,未取得,未取得,未取得,未取得,未取得,未取得,未取得,未判定,低バリュートラップ条件なし,未判定,要IR確認,未取得,未判定,Top Advanced Packaging Stocks 2026: Scaling AI Compute - Exoswan Insights,Top Advanced Packaging Stocks 2026: Scaling AI Compute - Exoswan Insights,"Fri, 04 Sep 2026 07:18:35 GMT",https://news.google.com/rss/articles/CBMiWEFVX3lxTFB1WkN6TWxYSEhsaTRLXzFrVC1pb0xyUzFsVVZKM1BRS2ZyQjMzamtVei1DeVdReWhwMmpSRERYbjNQODhnU0VWTS1GaVg1LWFxcnV6RHZMRDc?oc=5
2026-09-13,半導体,NEXT NOTES Nikkei-TOCOM Leveraged Gold ETN,2036.T,テーマ関連ニュース,⚪ 監視,20,成長テーマとの関連 / 企業を特定,主要な警戒条件は未検出,未取得,未取得,未取得,未取得,未取得,未取得,未取得,未取得,未取得,未判定,低バリュートラップ条件なし,未判定,要IR確認,未取得,未判定,"Chiplet Underfill Dispensing Market, Growth and Forecast 2036 - Fact.MR","Chiplet Underfill Dispensing Market, Growth and Forecast 2036 - Fact.MR","Wed, 22 Jul 2026 07:00:00 GMT",https://news.google.com/rss/articles/CBMic0FVX3lxTE11clRLOU5rQkJWZzdGdUxwd0Nhd0lRQm1qX1U4WUR2SUNEdklkRDJaT0FhUy1TSmdLQnZRbWlXNml1aU13aHR6dGRGX1V1V2h1UldPNTE5MnA0ZWUwdzJaOFFYYXZTZ0x0TW5CREJ3bGo5Ujg?oc=5
2026-09-13,半導体,MR,MR,テーマ関連ニュース,⚪ 監視,20,成長テーマとの関連 / 企業を特定,主要な警戒条件は未検出,未取得,未取得,未取得,未取得,未取得,未取得,未取得,未取得,未取得,未判定,低バリュートラップ条件なし,未判定,要IR確認,未取得,未判定,"Chiplet Underfill Dispensing Market, Growth and Forecast 2036 - Fact.MR","Chiplet Underfill Dispensing Market, Growth and Forecast 2036 - Fact.MR","Wed, 22 Jul 2026 07:00:00 GMT",https://news.google.com/rss/articles/CBMic0FVX3lxTE11clRLOU5rQkJWZzdGdUxwd0Nhd0lRQm1qX1U4WUR2SUNEdklkRDJaT0FhUy1TSmdLQnZRbWlXNml1aU13aHR6dGRGX1V1V2h1UldPNTE5MnA0ZWUwdzJaOFFYYXZTZ0x0TW5CREJ3bGo5Ujg?oc=5
2026-09-13,半導体,PNM,PNM,テーマ関連ニュース,⚪ 監視,20,成長テーマとの関連 / 企業を特定,主要な警戒条件は未検出,未取得,未取得,未取得,未取得,未取得,未取得,未取得,未取得,未取得,未判定,低バリュートラップ条件なし,未判定,要IR確認,未取得,未判定,"Replacing GPU Compute Dies With PNM-Enabled HBM Cubes For Long-Context Decode Attention (UCSD, Columbia, Yonsei U., NVIDIA, Samsung) - Semiconductor Engineering","Replacing GPU Compute Dies With PNM-Enabled HBM Cubes For Long-Context Decode Attention (UCSD, Columbia, Yonsei U., NVIDIA, Samsung) - Semiconductor Engineering","Tue, 05 May 2026 07:00:00 GMT",https://news.google.com/rss/articles/CBMi6gFBVV95cUxNQUZEaW00Ykd4NUZwNmhrQ0xWd20tcl9rTm9EQmI0MUx2WDNTZzBMUk1NUFlEZzExc09nUEE0T3Q3SHRUVHVTRFRtX054ZlFfenpqaWhiVWJBcThSZHVNNzVHNkJSZkt4c2xlYXBTaks2NEkwYVFzMHVyQUs0cUlVM3NJdTBBS0w0cXM2WGo3MDU4c0Iyb2gwV01rWmtFQTZvQzN4d19DOEIxWVlhQzM3SmdfNVdaa1ZmN0ktX3lfMzJsRFFrU1Nld3NGMWV6Q19BQ0I0OGw3OUM2U0FBdTBmc2lVVTRtTDNBQ3c?oc=5
2026-09-13,半導体,UCSD,UCSD,テーマ関連ニュース,⚪ 監視,20,成長テーマとの関連 / 企業を特定,主要な警戒条件は未検出,未取得,未取得,未取得,未取得,未取得,未取得,未取得,未取得,未取得,未判定,低バリュートラップ条件なし,未判定,要IR確認,未取得,未判定,"Replacing GPU Compute Dies With PNM-Enabled HBM Cubes For Long-Context Decode Attention (UCSD, Columbia, Yonsei U., NVIDIA, Samsung) - Semiconductor Engineering","Replacing GPU Compute Dies With PNM-Enabled HBM Cubes For Long-Context Decode Attention (UCSD, Columbia, Yonsei U., NVIDIA, Samsung) - Semiconductor Engineering","Tue, 05 May 2026 07:00:00 GMT",https://news.google.com/rss/articles/CBMi6gFBVV95cUxNQUZEaW00Ykd4NUZwNmhrQ0xWd20tcl9rTm9EQmI0MUx2WDNTZzBMUk1NUFlEZzExc09nUEE0T3Q3SHRUVHVTRFRtX054ZlFfenpqaWhiVWJBcThSZHVNNzVHNkJSZkt4c2xlYXBTaks2NEkwYVFzMHVyQUs0cUlVM3NJdTBBS0w0cXM2WGo3MDU4c0Iyb2gwV01rWmtFQTZvQzN4d19DOEIxWVlhQzM3SmdfNVdaa1ZmN0ktX3lfMzJsRFFrU1Nld3NGMWV6Q19BQ0I0OGw3OUM2U0FBdTBmc2lVVTRtTDNBQ3c?oc=5
2026-09-13,半導体,Redwood US Preferred Share ETF,RPU,テーマ関連ニュース,⚪ 監視,20,成長テーマとの関連 / 企業を特定,主要な警戒条件は未検出,未取得,未取得,未取得,未取得,未取得,未取得,未取得,未取得,未取得,未判定,低バリュートラップ条件なし,未判定,要IR確認,未取得,未判定,RPU: A Chiplet-Based Architecture To Address The Challenges of the Modern Memory Wall (Harvard University) - Semiconductor Engineering,RPU: A Chiplet-Based Architecture To Address The Challenges of the Modern Memory Wall (Harvard University) - Semiconductor Engineering,"Wed, 04 Mar 2026 08:00:00 GMT",https://news.google.com/rss/articles/CBMizAFBVV95cUxQYVZ3NjBaemJXejJSNzdSa3JZdGdmN1NBQVlJcTlfVHB0cjNFQnNmWlc0LXVLdUZxNXhFdjJ5RHpPY1BjdEV4TWNZYnRnUW9lZkRMaHNLbVE2WUVkbEhMNndxMTdKWDR1anlVbmVvSGRxV001cUJhZzRYQkE4aUJKelNBNl9SMXdTYUlMQVdCN0RxX25PdzlDcWVaSHZkelB1a2xiWDY5MElsanRyRVlmTzF2bmY1aHpSbmhKd1VFdDJTa3BObnRwVWQtWUU?oc=5
2026-09-13,半導体,I,I,テーマ関連ニュース,⚪ 監視,20,成長テーマとの関連 / 企業を特定,主要な警戒条件は未検出,未取得,未取得,未取得,未取得,未取得,未取得,未取得,未取得,未取得,未判定,低バリュートラップ条件なし,未判定,要IR確認,未取得,未判定,Swapping Out Chiplets: I/Os Vs. Compute - Semiconductor Engineering,Swapping Out Chiplets: I/Os Vs. Compute - Semiconductor Engineering,"Thu, 28 May 2026 07:00:00 GMT",https://news.google.com/rss/articles/CBMidEFVX3lxTE9nUWFxQ09FM1BuNW5Jd3NSbHE4VDRQSkxhcG5tSXlNeTZ1bmZsejV0bFBGTVlhRlM3SEc1TUNDNGVhMk84ZVQ2VnZwTm1nRUR5bXRIOXVjWFNoYVU4MmFRd0c1cWRqdVJfeVZsRmYxZ0dkQV9T?oc=5
2026-09-13,半導体,2026,2026.T,テーマ関連ニュース,⚪ 監視,20,成長テーマとの関連 / 企業を特定,主要な警戒条件は未検出,未取得,未取得,未取得,未取得,未取得,未取得,未取得,未取得,未取得,未判定,低バリュートラップ条件なし,未判定,要IR確認,未取得,未判定,Compound Semiconductor Market Size Expected to Grow from USD 42.86 Billion in 2026 to USD 117.92 Billion by 2035 - EIN News,Compound Semiconductor Market Size Expected to Grow from USD 42.86 Billion in 2026 to USD 117.92 Billion by 2035 - EIN News,"Tue, 25 Aug 2026 23:30:00 GMT",https://news.google.com/rss/articles/CBMi6gFBVV95cUxQckZGVlhKdnYtRHdOSDB5Y2Z2OXctNW44VUYzUlJDV2Q4UHFsUVpRRy1FdEpvU1Y1R1JVeGppNkRudVNJaWFjcFh1aHZ4ckdTQjEybkVsVEtjakhUTkNGbUdyY1dXM0RPZmV2NW00M2htUVJsRmZlRVBENURKNFZBSm5qZ3BxdzEzekdDLXlsdUQxTC15MHFlaV90X21kV3JvSVgzOVJlWXEzcTNaSXk1SUV6emZtMmpldGtQancyUXdGYkNveWk5WVVqYmdXNGpMQmtEVVVEYUtEWkFxemtacXdPMEFBOVYyUWc?oc=5
2026-09-13,半導体,NEXT NOTES Nikkei 225 VI Futures Index ETN,2035.T,テーマ関連ニュース,⚪ 監視,20,成長テーマとの関連 / 企業を特定,主要な警戒条件は未検出,未取得,未取得,未取得,未取得,未取得,未取得,未取得,未取得,未取得,未判定,低バリュートラップ条件なし,未判定,要IR確認,未取得,未判定,Compound Semiconductor Market Size Expected to Grow from USD 42.86 Billion in 2026 to USD 117.92 Billion by 2035 - EIN News,Compound Semiconductor Market Size Expected to Grow from USD 42.86 Billion in 2026 to USD 117.92 Billion by 2035 - EIN News,"Tue, 25 Aug 2026 23:30:00 GMT",https://news.google.com/rss/articles/CBMi6gFBVV95cUxQckZGVlhKdnYtRHdOSDB5Y2Z2OXctNW44VUYzUlJDV2Q4UHFsUVpRRy1FdEpvU1Y1R1JVeGppNkRudVNJaWFjcFh1aHZ4ckdTQjEybkVsVEtjakhUTkNGbUdyY1dXM0RPZmV2NW00M2htUVJsRmZlRVBENURKNFZBSm5qZ3BxdzEzekdDLXlsdUQxTC15MHFlaV90X21kV3JvSVgzOVJlWXEzcTNaSXk1SUV6emZtMmpldGtQancyUXdGYkNveWk5WVVqYmdXNGpMQmtEVVVEYUtEWkFxemtacXdPMEFBOVYyUWc?oc=5
2026-09-13,半導体,未特定,未特定,政府支援,⚪ 監視,20,企業未特定。ニュースの材料を監視,企業特定後に要再評価,未取得,未取得,未取得,未取得,未取得,未取得,未取得,未取得,未取得,未判定,未判定,未判定,未判定,未取得,未判定,Clas-SiC Wafer Fab gets £1.9m grant - Compound Semiconductor,Clas-SiC Wafer Fab gets £1.9m grant - Compound Semiconductor,"Tue, 18 Aug 2026 07:00:00 GMT",https://news.google.com/rss/articles/CBMikgFBVV95cUxOZi1LRHBXYlN1X21uOE9BNGhYRHgxakI2blBNRlhtblV5Z0pBRjRJS3B6aTNfbkZqUXpCajVPUEJiNWpoQzFKRElGNFlwcVRqNm5WMVR6TE93V29UV0tQbWFVQ1RUQkVzb0I1Y0ZGYmRLbGJZRjBjMUZ0LXlOTUttN3F2aWRRSXpuTHVUUnV1blBjZw?oc=5
2026-09-13,半導体,TES,TES,テーマ関連ニュース,⚪ 監視,20,成長テーマとの関連 / 企業を特定,主要な警戒条件は未検出,未取得,未取得,未取得,未取得,未取得,未取得,未取得,未取得,未取得,未判定,低バリュートラップ条件なし,未判定,要IR確認,未取得,未判定,Full lineup of compound semiconductor equipment within reach - TES extends SiC-validated reactor platform to GaN at Semicon Korea - Yole Group,Full lineup of compound semiconductor equipment within reach - TES extends SiC-validated reactor platform to GaN at Semicon Korea - Yole Group,"Tue, 24 Feb 2026 08:00:00 GMT",https://news.google.com/rss/articles/CBMiowFBVV95cUxQSUl2OUplX1RYV1NtYk1PWVduTlg0aW9CX2xScDYzelR5R3pORGVGUkRfQlhtODlsRnppTjlxbnVRTUJtczNjVzN5bHBVXzRDajRiMVZtMzVPWVVOSE9Qd3d6d3VtWmlBZmxweXQzNVU4YnVLMmhJcnZxSWprVWFFc0dic19pdHN6ZWZld2xNN3ZPTWd2TU40R2pXUUFTdlBsb2JR?oc=5
2026-09-13,半導体,EYEQ,EYEQ,テーマ関連ニュース,⚪ 監視,20,成長テーマとの関連 / 企業を特定,主要な警戒条件は未検出,未取得,未取得,未取得,未取得,未取得,未取得,未取得,未取得,未取得,未判定,低バリュートラップ条件なし,未判定,要IR確認,未取得,未判定,EYEQ Lab reveals 200mm SiC wafer - Compound Semiconductor,EYEQ Lab reveals 200mm SiC wafer - Compound Semiconductor,"Tue, 28 Jul 2026 07:00:00 GMT",https://news.google.com/rss/articles/CBMiiAFBVV95cUxNbVAxUWp3N3BJQ2JXS3VhWlRvSlhVRl80QnU1Y0pHVjlkbU5uWGRHU3VxVlNaaEdBOV9HUDZ3b0pwWDRKNVdVX014ZU5hRTNtSzg2RXE1a3lUSEE4UWx0SmRjX2tJTHU0U1RTd3IzcTJKMXBiZlJPWFZZS0ZmT3QxNHhkVnN5WV94?oc=5
2026-09-13,半導体,TSMC,TSMC,テーマ関連ニュース,⚪ 監視,20,成長テーマとの関連 / 企業を特定,主要な警戒条件は未検出,未取得,未取得,未取得,未取得,未取得,未取得,未取得,未取得,未取得,未判定,低バリュートラップ条件なし,未判定,要IR確認,未取得,未判定,TSMC’s GaN exit: toward vertical integration and foundry diversification - Yole Group,TSMC’s GaN exit: toward vertical integration and foundry diversification - Yole Group,"Thu, 09 Apr 2026 07:00:00 GMT",https://news.google.com/rss/articles/CBMitgFBVV95cUxQMXpuZnd2d2VfNVp0UjZQU0VfRmVJaEtHZ3BxZkN6enJ3emkxaHBQbUNCLTdZQWlLUU9KU015R3pINElXaWVLVVpGY0hJU3dNbF9LeGlvazZFb1JtR0tvMDRSbHRoWFdVUXMyWUUyeDBWR2dGRnJaQTkycmFmTXJsWXprdXFhUEpnS0FYY1NPZmFDZ0diZHpyei1zak5rWElJRVpHSGFsVjh5MFBIa1dqVVlUblRlZw?oc=5
2026-09-13,半導体,IC,IC,テーマ関連ニュース,⚪ 監視,20,成長テーマとの関連 / 企業を特定,主要な警戒条件は未検出,未取得,未取得,未取得,未取得,未取得,未取得,未取得,未取得,未取得,未判定,低バリュートラップ条件なし,未判定,要IR確認,未取得,未判定,Cyient launches India’s first GaN power IC family - Compound Semiconductor,Cyient launches India’s first GaN power IC family - Compound Semiconductor,"Mon, 11 May 2026 07:00:00 GMT",https://news.google.com/rss/articles/CBMiqgFBVV95cUxOYzJ0eC1ES2RtdmxZVXFhdk8tVWFtTDdLSm9qS0tGZ1pVT000YnlON0dnVjJmYUVwbTlYQ21fR1RkY3JrdG1nUkNRRm5YTXk2V0dleHQwZjY5TUVHWlhJbFNaWjV5TEZRT0Zyazk3N1I5X0YwUVBXVUVxTWQwMV9JbVl0ZTBteEp4SXJfLTBXSGxTOXRMSlZ5dUFoTWVCLXVBRWs4Q1NzdzBsQQ?oc=5
2026-09-13,半導体,JEDEC,JEDEC,テーマ関連ニュース,⚪ 監視,20,成長テーマとの関連 / 企業を特定,主要な警戒条件は未検出,未取得,未取得,未取得,未取得,未取得,未取得,未取得,未取得,未取得,未判定,低バリュートラップ条件なし,未判定,要IR確認,未取得,未判定,JEDEC releases new SiC guidelines - Compound Semiconductor,JEDEC releases new SiC guidelines - Compound Semiconductor,"Thu, 04 Jun 2026 07:00:00 GMT",https://news.google.com/rss/articles/CBMiigFBVV95cUxNTkh2NU1JWWxmUVBuZkhxMzQ3b2xqZXVqRHRmTlpPQUFUcWYxWjNEVklIZ2FwQTZoRWtZUks5RUc1ZERidm5DNjNiTEZOQ0RZbW9JRTdqU2NnRlRGMk5Gb2hHNkF2VmF2X2tTN003R1kxNXIxYng1WDM0ZGtZQ0ZhY3pET2p1akJCZFE?oc=5
2026-09-13,半導体,WIN,WIN,テーマ関連ニュース,⚪ 監視,20,成長テーマとの関連 / 企業を特定,主要な警戒条件は未検出,未取得,未取得,未取得,未取得,未取得,未取得,未取得,未取得,未取得,未判定,低バリュートラップ条件なし,未判定,要IR確認,未取得,未判定,WIN Semi qualifies 0.12μm GaN process for 40V - Compound Semiconductor,WIN Semi qualifies 0.12μm GaN process for 40V - Compound Semiconductor,"Wed, 10 Jun 2026 07:00:00 GMT",https://news.google.com/rss/articles/CBMinwFBVV95cUxNYmVwZndsblRhdVhNNklQLXV0UXk1RHlQN1YtUmxVV0hHdUxZZGdwZTRuRTlGSy16NEJuaUF2eERidW80NXFOZEhjS09oeUltLVZndXV3X2RKdFVBb081b3IwNFhMTGIxN3JjYW9WdW1tMkpBVmctRndURHZVY3ZJdVczeHBIN2g5WTdRUG1IcUFSVUQ2TjhuTm12cGZhelE?oc=5
2026-09-13,半導体,PVT,PVT,テーマ関連ニュース,⚪ 監視,20,成長テーマとの関連 / 企業を特定,主要な警戒条件は未検出,未取得,未取得,未取得,未取得,未取得,未取得,未取得,未取得,未取得,未判定,低バリュートラップ条件なし,未判定,要IR確認,未取得,未判定,SiC substrates with table-top closed-space PVT - Compound Semiconductor,SiC substrates with table-top closed-space PVT - Compound Semiconductor,"Fri, 22 May 2026 07:00:00 GMT",https://news.google.com/rss/articles/CBMimwFBVV95cUxNaGhqalNjMWxRRmVNMnFEZmdsWnVGcHJ2bHBjNlhzbWVPWXl6VUhCUFNXaGNUMkFWMEVNYWJYY28xNlkxeWs0VVUtb19Id0pFQzVOYWtOX0NNOGRSTTl2cDY1czBzVG9aQWM0Ml9sVlRxQ0VJajBINWZ3MGpfZER1OVlSYUh1VHJlQndZVHZuZTJFcWxzejZhZEhjbw?oc=5
2026-09-13,半導体,1200,1200.T,テーマ関連ニュース,⚪ 監視,20,成長テーマとの関連 / 企業を特定,主要な警戒条件は未検出,未取得,未取得,未取得,未取得,未取得,未取得,未取得,未取得,未取得,未判定,低バリュートラップ条件なし,未判定,要IR確認,未取得,未判定,WeEn announces 1200-2300V SiC modules - Compound Semiconductor,WeEn announces 1200-2300V SiC modules - Compound Semiconductor,"Wed, 15 Jul 2026 07:00:00 GMT",https://news.google.com/rss/articles/CBMijwFBVV95cUxQTlBpaUJaLWptVlpCekM0UzU1cDBWbmdtcGI1ODlfVzdBejRQRHBfcE5QX0FONnRBOWlwYllCVl95c1Z1XzUwbTY5WE5iMmpvOHNWbHRhbDZkeDZ4Yk90ZjV2dFBpdUNrVHNUM0xJWEs5US1UTEdMSExiRmZ6R0dHRjdldWZGOVhvQVQ0UUtETQ?oc=5
2026-09-13,半導体,NEXT NOTES Nikkei 225 VI Futures Index ETN,2035.T,テーマ関連ニュース,⚪ 監視,20,成長テーマとの関連 / 企業を特定,主要な警戒条件は未検出,未取得,未取得,未取得,未取得,未取得,未取得,未取得,未取得,未取得,未判定,低バリュートラップ条件なし,未判定,要IR確認,未取得,未判定,高帯域幅メモリ（HBM）市場は2035年697億5000万米ドル、CAGR25.37％へ――生成AI・GPU・先端半導体パッケージングが牽引する次世代メモリ市場 - ドリームニュース,高帯域幅メモリ（HBM）市場は2035年697億5000万米ドル、CAGR25.37％へ――生成AI・GPU・先端半導体パッケージングが牽引する次世代メモリ市場 - ドリームニュース,"Wed, 09 Sep 2026 03:30:00 GMT",https://news.google.com/rss/articles/CBMiU0FVX3lxTE0wNW85dnFqWU1NbEhBTzJYdjItcXU4TDRPYVM4NUVkbC1WbTJYRWpOV2JBclhoM1FsTHhrNW5NYjJiRTRFaUswaDN2ci1JTzNIM3NZ?oc=5
2026-09-13,半導体,5000,5000.T,テーマ関連ニュース,⚪ 監視,20,成長テーマとの関連 / 企業を特定,主要な警戒条件は未検出,未取得,未取得,未取得,未取得,未取得,未取得,未取得,未取得,未取得,未判定,低バリュートラップ条件なし,未判定,要IR確認,未取得,未判定,高帯域幅メモリ（HBM）市場は2035年697億5000万米ドル、CAGR25.37％へ――生成AI・GPU・先端半導体パッケージングが牽引する次世代メモリ市場 - ドリームニュース,高帯域幅メモリ（HBM）市場は2035年697億5000万米ドル、CAGR25.37％へ――生成AI・GPU・先端半導体パッケージングが牽引する次世代メモリ市場 - ドリームニュース,"Wed, 09 Sep 2026 03:30:00 GMT",https://news.google.com/rss/articles/CBMiU0FVX3lxTE0wNW85dnFqWU1NbEhBTzJYdjItcXU4TDRPYVM4NUVkbC1WbTJYRWpOV2JBclhoM1FsTHhrNW5NYjJiRTRFaUswaDN2ci1JTzNIM3NZ?oc=5
2026-09-13,半導体,NEXT NOTES Nikkei 225 VI Futures Index ETN,2035.T,テーマ関連ニュース,⚪ 監視,20,成長テーマとの関連 / 企業を特定,主要な警戒条件は未検出,未取得,未取得,未取得,未取得,未取得,未取得,未取得,未取得,未取得,未判定,低バリュートラップ条件なし,未判定,要IR確認,未取得,未判定,ガラスコア基板市場、2035年138億米ドル・CAGR 28.5％へ｜AI半導体を支える2.5D/3D・HBM向け先端実装が成長を加速 - Excite エキサイト,ガラスコア基板市場、2035年138億米ドル・CAGR 28.5％へ｜AI半導体を支える2.5D/3D・HBM向け先端実装が成長を加速 - Excite エキサイト,"Fri, 11 Sep 2026 01:00:00 GMT",https://news.google.com/rss/articles/CBMiakFVX3lxTE1yY3JfM3ZwZGtBTUFza3JTdG1abEZkWkZKSUtHc0RJNzByTnpmR1Rka2ZCM3NYcG9fdjF3UEowaUZwd0NMS1JMYmJ1ZGMtMlZaT3UwdTBtcTJmRkluUVBhTjlQVVZoTVdfRGc?oc=5
2026-09-13,半導体,2026,2026.T,テーマ関連ニュース,⚪ 監視,20,成長テーマとの関連 / 企業を特定,主要な警戒条件は未検出,未取得,未取得,未取得,未取得,未取得,未取得,未取得,未取得,未取得,未判定,低バリュートラップ条件なし,未判定,要IR確認,未取得,未判定,日本の半導体パッケージング市場 ― 先端パッケージング能力、チップレット導入・投資展望 2026～2036年 - ニコニコニュース,日本の半導体パッケージング市場 ― 先端パッケージング能力、チップレット導入・投資展望 2026～2036年 - ニコニコニュース,"Wed, 02 Sep 2026 00:03:14 GMT",https://news.google.com/rss/articles/CBMic0FVX3lxTFBnMkFVT2VnLWx2QXBtRjdpeXdoSGhMTmpTelUzcnRxVHFQajBjMUJjUXhXS3UyYktZNmJDQVk4b1ZadnV2TDBUZWhXYzNfaHdfamdBX0tYdlhZMjRfUFhvSUowWS1oNXVZZ3JEY1F1ZEFaMDA?oc=5
2026-09-13,半導体,NEXT NOTES Nikkei-TOCOM Leveraged Gold ETN,2036.T,テーマ関連ニュース,⚪ 監視,20,成長テーマとの関連 / 企業を特定,主要な警戒条件は未検出,未取得,未取得,未取得,未取得,未取得,未取得,未取得,未取得,未取得,未判定,低バリュートラップ条件なし,未判定,要IR確認,未取得,未判定,日本の半導体パッケージング市場 ― 先端パッケージング能力、チップレット導入・投資展望 2026～2036年 - ニコニコニュース,日本の半導体パッケージング市場 ― 先端パッケージング能力、チップレット導入・投資展望 2026～2036年 - ニコニコニュース,"Wed, 02 Sep 2026 00:03:14 GMT",https://news.google.com/rss/articles/CBMic0FVX3lxTFBnMkFVT2VnLWx2QXBtRjdpeXdoSGhMTmpTelUzcnRxVHFQajBjMUJjUXhXS3UyYktZNmJDQVk4b1ZadnV2TDBUZWhXYzNfaHdfamdBX0tYdlhZMjRfUFhvSUowWS1oNXVZZ3JEY1F1ZEFaMDA?oc=5
2026-09-13,半導体,2026,2026.T,テーマ関連ニュース,⚪ 監視,20,成長テーマとの関連 / 企業を特定,主要な警戒条件は未検出,未取得,未取得,未取得,未取得,未取得,未取得,未取得,未取得,未取得,未判定,低バリュートラップ条件なし,未判定,要IR確認,未取得,未判定,日本の半導体製造装置市場規模・シェア ― 先端ノードファブ投資、AI／HBM装置需要・製造能力展望 2026～2036年 - ドリームニュース,日本の半導体製造装置市場規模・シェア ― 先端ノードファブ投資、AI／HBM装置需要・製造能力展望 2026～2036年 - ドリームニュース,"Mon, 07 Sep 2026 05:30:00 GMT",https://news.google.com/rss/articles/CBMiU0FVX3lxTE1aZDJ0dHdvY3c4dTdTYi1raUNsSEtWRlplbVpkV3FvOFhwTTZVakpra21GOXp2c0dKdURKRFdoZGZsWEZJd21ZWlA5MGpLdEN4NVNr?oc=5
2026-09-13,半導体,NEXT NOTES Nikkei-TOCOM Leveraged Gold ETN,2036.T,テーマ関連ニュース,⚪ 監視,20,成長テーマとの関連 / 企業を特定,主要な警戒条件は未検出,未取得,未取得,未取得,未取得,未取得,未取得,未取得,未取得,未取得,未判定,低バリュートラップ条件なし,未判定,要IR確認,未取得,未判定,日本の半導体製造装置市場規模・シェア ― 先端ノードファブ投資、AI／HBM装置需要・製造能力展望 2026～2036年 - ドリームニュース,日本の半導体製造装置市場規模・シェア ― 先端ノードファブ投資、AI／HBM装置需要・製造能力展望 2026～2036年 - ドリームニュース,"Mon, 07 Sep 2026 05:30:00 GMT",https://news.google.com/rss/articles/CBMiU0FVX3lxTE1aZDJ0dHdvY3c4dTdTYi1raUNsSEtWRlplbVpkV3FvOFhwTTZVakpra21GOXp2c0dKdURKRFdoZGZsWEZJd21ZWlA5MGpLdEN4NVNr?oc=5
2026-09-13,半導体,NEXT NOTES Nikkei 225 VI Futures Index ETN,2035.T,テーマ関連ニュース,⚪ 監視,20,成長テーマとの関連 / 企業を特定,主要な警戒条件は未検出,未取得,未取得,未取得,未取得,未取得,未取得,未取得,未取得,未取得,未判定,低バリュートラップ条件なし,未判定,要IR確認,未取得,未判定,先進パッケージング市場、2035年に886億3000万米ドルへ、CAGR 8.39%で成長、AI半導体・HBM需要が市場拡大を加速 - Newscast.jp,先進パッケージング市場、2035年に886億3000万米ドルへ、CAGR 8.39%で成長、AI半導体・HBM需要が市場拡大を加速 - Newscast.jp,"Thu, 20 Aug 2026 07:00:00 GMT",https://news.google.com/rss/articles/CBMiR0FVX3lxTE9LSDNDbjBITFdQTlhObUJYaG4yeld0VWRSTEFFZ00yTWMzWGw4UlJveTc4a0JKb09PSmZRQWxaNXNyd0h5UGdv?oc=5
2026-09-13,半導体,3000,3000.T,テーマ関連ニュース,⚪ 監視,20,成長テーマとの関連 / 企業を特定,主要な警戒条件は未検出,未取得,未取得,未取得,未取得,未取得,未取得,未取得,未取得,未取得,未判定,低バリュートラップ条件なし,未判定,要IR確認,未取得,未判定,先進パッケージング市場、2035年に886億3000万米ドルへ、CAGR 8.39%で成長、AI半導体・HBM需要が市場拡大を加速 - Newscast.jp,先進パッケージング市場、2035年に886億3000万米ドルへ、CAGR 8.39%で成長、AI半導体・HBM需要が市場拡大を加速 - Newscast.jp,"Thu, 20 Aug 2026 07:00:00 GMT",https://news.google.com/rss/articles/CBMiR0FVX3lxTE9LSDNDbjBITFdQTlhObUJYaG4yeld0VWRSTEFFZ00yTWMzWGw4UlJveTc4a0JKb09PSmZRQWxaNXNyd0h5UGdv?oc=5
2026-09-13,半導体,NEXT NOTES F-KOSPI200 Inverse ETN,2034.T,テーマ関連ニュース,⚪ 監視,20,成長テーマとの関連 / 企業を特定,主要な警戒条件は未検出,未取得,未取得,未取得,未取得,未取得,未取得,未取得,未取得,未取得,未判定,低バリュートラップ条件なし,未判定,要IR確認,1863～2003円 / 2003～2144円 / 1722～1863円,主要価格帯付近,GaNおよびSiCパワー半導体市場規模、成長、2034年までの予測 - Fortune Business Insights,GaNおよびSiCパワー半導体市場規模、成長、2034年までの予測 - Fortune Business Insights,"Mon, 17 Aug 2026 07:00:00 GMT",https://news.google.com/rss/articles/CBMi0wFBVV95cUxPdDBlTGpZUmJTYW9Vcm40Z0RNZkt2NF9oa204X3VfR21UUm82YnNPT3NOR2d4MldoaC01ZmI0dUNJMmtaR1Y1cjBTOEs4UnhvcVdoTzZGWWd1WHRPSk80NHF4MjFSMkxBYVU5UnRXSXhyaGwtMWpwMWY1ZGlGb2p0Zm5RQWNvYU5NZlFQUm5GOFVlWm85bThhNEFoQUYxOVdQeF95YUZJUU90TEdwM3p2R1Z4aWk3Q1dvSkQ5RlBFRFRBU2I2SEo3X00xX0tMS0lZVHUw?oc=5
2026-09-13,半導体,2026,2026.T,テーマ関連ニュース,⚪ 監視,20,成長テーマとの関連 / 企業を特定,主要な警戒条件は未検出,未取得,未取得,未取得,未取得,未取得,未取得,未取得,未取得,未取得,未判定,低バリュートラップ条件なし,未判定,要IR確認,未取得,未判定,GaN-On-SiCデバイスの世界市場（2026年～2032年）、市場規模（GaN HEMT、GaN MMIC）・分析レポートを発表 - atpress.ne.jp,GaN-On-SiCデバイスの世界市場（2026年～2032年）、市場規模（GaN HEMT、GaN MMIC）・分析レポートを発表 - atpress.ne.jp,"Sun, 16 Aug 2026 07:00:00 GMT",https://news.google.com/rss/articles/CBMiT0FVX3lxTE16SHl4OEdiaHg0WGV2S0hCSldtZWg3bTBmb1FIRWdvWVlxRTJra2NzMGxrWlYwRElhR3lrR3RKbUxsNGZTVGNNYXc2Q1V0TnM?oc=5
2026-09-13,半導体,NEXT NOTES HSI Short ETN,2032.T,テーマ関連ニュース,⚪ 監視,20,成長テーマとの関連 / 企業を特定,主要な警戒条件は未検出,未取得,未取得,未取得,未取得,未取得,未取得,未取得,未取得,未取得,未判定,低バリュートラップ条件なし,未判定,要IR確認,未取得,未判定,GaN-On-SiCデバイスの世界市場（2026年～2032年）、市場規模（GaN HEMT、GaN MMIC）・分析レポートを発表 - atpress.ne.jp,GaN-On-SiCデバイスの世界市場（2026年～2032年）、市場規模（GaN HEMT、GaN MMIC）・分析レポートを発表 - atpress.ne.jp,"Sun, 16 Aug 2026 07:00:00 GMT",https://news.google.com/rss/articles/CBMiT0FVX3lxTE16SHl4OEdiaHg0WGV2S0hCSldtZWg3bTBmb1FIRWdvWVlxRTJra2NzMGxrWlYwRElhR3lrR3RKbUxsNGZTVGNNYXc2Q1V0TnM?oc=5
2026-09-13,半導体,NEXT NOTES HSI Leveraged ETN,2031.T,テーマ関連ニュース,⚪ 監視,20,成長テーマとの関連 / 企業を特定,主要な警戒条件は未検出,未取得,未取得,未取得,未取得,未取得,未取得,未取得,未取得,未取得,未判定,低バリュートラップ条件なし,未判定,要IR確認,未取得,未判定,CAGR21.8%で急拡大――GaN・SiCパワー半導体市場は2031年に214.1億米ドルへ - ドリームニュース,CAGR21.8%で急拡大――GaN・SiCパワー半導体市場は2031年に214.1億米ドルへ - ドリームニュース,"Fri, 26 Dec 2025 08:00:00 GMT",https://news.google.com/rss/articles/CBMiU0FVX3lxTE1hcFlXOThkMng3bm16eU92aVVwb1FlOGxrcUxYNHFkcXlxUnYzWlgxS0N4c1ZKOW1xdDI0SzZoR1l6OG9nWldKa0JTaExnb2VxUXhF?oc=5
2026-09-13,電力・蓄電,NEDO,NEDO,テーマ関連ニュース,⚪ 監視,20,成長テーマとの関連 / 企業を特定,主要な警戒条件は未検出,未取得,未取得,未取得,未取得,未取得,未取得,未取得,未取得,未取得,未判定,低バリュートラップ条件なし,未判定,要IR確認,未取得,未判定,【JPIセミナー】NEDO「SiからSiC・GaNへ移行する電力変換 次世代パワー半導体の実装加速と適用拡大」8月20日(木)開催 - PR TIMES,【JPIセミナー】NEDO「SiからSiC・GaNへ移行する電力変換 次世代パワー半導体の実装加速と適用拡大」8月20日(木)開催 - PR TIMES,"Tue, 04 Aug 2026 07:00:00 GMT",https://news.google.com/rss/articles/CBMiakFVX3lxTE1tbXVyUUVlS0E3VV9pVkFieWhRQnNiWFA4LUcwaVZsbE5LM3hVQ2hCekxXc2JTN2hWOHFUZjltY1NnelBnMEQycXNMWTY5S2gxWlZSTUhBZzhFSUhjNzlhVE1yekJEdUlNcFE?oc=5
2026-09-13,半導体,NEXT NOTES Nikkei 225 VI Futures Index ETN,2035.T,テーマ関連ニュース,⚪ 監視,20,成長テーマとの関連 / 企業を特定,主要な警戒条件は未検出,未取得,未取得,未取得,未取得,未取得,未取得,未取得,未取得,未取得,未判定,低バリュートラップ条件なし,未判定,要IR確認,未取得,未判定,パワー半導体世界市場、2035年は7兆円超え 酸化ガリウムも一定規模に：2025年比で95.7％増に（1/2 ページ） - EE Times Japan,パワー半導体世界市場、2035年は7兆円超え 酸化ガリウムも一定規模に：2025年比で95.7％増に（1/2 ページ） - EE Times Japan,"Fri, 01 May 2026 07:00:00 GMT",https://news.google.com/rss/articles/CBMib0FVX3lxTE5BY1A3QlJDT1ZEQlVRdmswMFF0TkMyYXdOcEk0S2h0SEhRYmRFMmFKX09WQ2sxZjdvaEhadDJoSFN3UDZfRnFwU1daTGNlRDV3dHR3VkJJS1VEbzduandRMEdZa0kzcHhnRUZFSXhPSQ?oc=5
2026-09-13,半導体,2025,2025.T,テーマ関連ニュース,⚪ 監視,20,成長テーマとの関連 / 企業を特定,主要な警戒条件は未検出,未取得,未取得,未取得,未取得,未取得,未取得,未取得,未取得,未取得,未判定,低バリュートラップ条件なし,未判定,要IR確認,未取得,未判定,パワー半導体世界市場、2035年は7兆円超え 酸化ガリウムも一定規模に：2025年比で95.7％増に（1/2 ページ） - EE Times Japan,パワー半導体世界市場、2035年は7兆円超え 酸化ガリウムも一定規模に：2025年比で95.7％増に（1/2 ページ） - EE Times Japan,"Fri, 01 May 2026 07:00:00 GMT",https://news.google.com/rss/articles/CBMib0FVX3lxTE5BY1A3QlJDT1ZEQlVRdmswMFF0TkMyYXdOcEk0S2h0SEhRYmRFMmFKX09WQ2sxZjdvaEhadDJoSFN3UDZfRnFwU1daTGNlRDV3dHR3VkJJS1VEbzduandRMEdZa0kzcHhnRUZFSXhPSQ?oc=5
2026-09-13,電力・蓄電,NEXT NOTES Nikkei 225 VI Futures Index ETN,2035.T,テーマ関連ニュース,⚪ 監視,20,成長テーマとの関連 / 企業を特定,主要な警戒条件は未検出,未取得,未取得,未取得,未取得,未取得,未取得,未取得,未取得,未取得,未判定,低バリュートラップ条件なし,未判定,要IR確認,未取得,未判定,【日本株】AIサーバーの電力限界を改善する「次世代パワー半導体」、2035年には7.3兆円市場へ - media.monex.co.jp,【日本株】AIサーバーの電力限界を改善する「次世代パワー半導体」、2035年には7.3兆円市場へ - media.monex.co.jp,"Thu, 16 Jul 2026 07:00:00 GMT",https://news.google.com/rss/articles/CBMiVEFVX3lxTE8wMEJ4ZlMxTVR4R0M3OXMxQzNVM1JHR0VsTGRBbnVDRHZ5b1V2TUo1UTk2cFN1WDFPSXF0RW9tYUw0NlowMjFnUTdxRHpPNURWRlhnR9IBV0FVX3lxTE1jd2xsQTFrSFB2X1FVZXRtLUpUN3g2dnBmY3N3ellKNWEweHN6b0RSVnI4UUJiODdpYlNOYjZqZDRabEJzNTNhUVN2OWVsMjhXWmF5QU5ORQ?oc=5
2026-09-13,AIデータセンター,IEEE,IEEE,テーマ関連ニュース,⚪ 監視,20,成長テーマとの関連 / 企業を特定,主要な警戒条件は未検出,未取得,未取得,未取得,未取得,未取得,未取得,未取得,未取得,未取得,未判定,低バリュートラップ条件なし,未判定,要IR確認,未取得,未判定,The Space-based Data Center Hype Machine Is Already in Orbit - IEEE Spectrum,The Space-based Data Center Hype Machine Is Already in Orbit - IEEE Spectrum,"Wed, 01 Jul 2026 07:00:00 GMT",https://news.google.com/rss/articles/CBMiX0FVX3lxTE8zdHR5cGpadzFtZzNRSi1FeWRBc21UcTVYYmJhcTVYZW9TenA3b1pmcmpGN050UzlJQTQ3bzlZZ3ptVWZpUC01Q0lQbi1WWVFocC1aS3pSbHpfeDdIZmI4?oc=5
2026-09-13,AIデータセンター,NPR,NPR,テーマ関連ニュース,⚪ 監視,20,成長テーマとの関連 / 企業を特定,主要な警戒条件は未検出,未取得,未取得,未取得,未取得,未取得,未取得,未取得,未取得,未取得,未判定,低バリュートラップ条件なし,未判定,要IR確認,未取得,未判定,Big tech's next move is to put data centers in space. Can it work? - NPR,Big tech's next move is to put data centers in space. Can it work? - NPR,"Fri, 03 Apr 2026 07:00:00 GMT",https://news.google.com/rss/articles/CBMijwFBVV95cUxNbWtzR2pqTmxiUEsyMmRKeTZncWxmSzBoYzFTRWs0eU42ZWpORUcwWlJGSWlkX0NNa0VvVnQ0Wko0Q0FZakR6S0dUekpBajQ0UTVFN2ZMTVItbWU2RTJ2WjFDQXBxYmY5Y3FyNXNiRjNGVzhiazB6V1FwWHFoSVVEVzVrd3JCVklCM2d2c2Fxaw?oc=5
2026-09-13,AIデータセンター,NEXT NOTES DJIA PR JPY-Monthly Hedged Leveraged (x2) ETN,2040.T,テーマ関連ニュース,⚪ 監視,20,成長テーマとの関連 / 企業を特定,主要な警戒条件は未検出,未取得,未取得,未取得,未取得,未取得,未取得,未取得,未取得,未取得,未判定,低バリュートラップ条件なし,未判定,要IR確認,未取得,未判定,「宇宙データセンター市場規模、シェア、動向、2040年までの世界予測」市場調査レポートの出版・販売開始のご案内 - ドリームニュース,「宇宙データセンター市場規模、シェア、動向、2040年までの世界予測」市場調査レポートの出版・販売開始のご案内 - ドリームニュース,"Thu, 10 Sep 2026 00:00:00 GMT",https://news.google.com/rss/articles/CBMiU0FVX3lxTE1VX25DT2NhaUw1QU83MTVVZlYtdDlpc09zVGpzcTg5X09GWXBYUFh6NHNhUTVXY3lGcUdFSGdhWVMwNEoxWjcxenFITFBYeUR3ZnlN?oc=5
2026-09-13,AIデータセンター,NEWS,NEWS,テーマ関連ニュース,⚪ 監視,20,成長テーマとの関連 / 企業を特定,主要な警戒条件は未検出,未取得,未取得,未取得,未取得,未取得,未取得,未取得,未取得,未取得,未判定,低バリュートラップ条件なし,未判定,要IR確認,未取得,未判定,「データセンターの排熱で温泉を作ろう」が難しい3つの理由 本職のDC技術者にガチで考えてもらった（ITmedia NEWS） - Yahoo!ニュース,「データセンターの排熱で温泉を作ろう」が難しい3つの理由 本職のDC技術者にガチで考えてもらった（ITmedia NEWS） - Yahoo!ニュース,"Tue, 08 Sep 2026 22:00:11 GMT",https://news.google.com/rss/articles/CBMif0FVX3lxTE9NNEt1NFpPaDF4b3FPVG0zVDE1QjFKWHZ0NmhhTlVMaENlY1pwSlNIendnTldPSHZCUXEzeHZ1YW5XdjQtV0phck9GSDM1eHB2aGIxTmhISGF5RDZ5OU5ZTVF1NGdSMDBNNWV3a3F2WlZDMncyaldLMHJabVd6Nm8?oc=5
2026-09-13,AIデータセンター,JAPAN,JAPAN,テーマ関連ニュース,⚪ 監視,20,成長テーマとの関連 / 企業を特定,主要な警戒条件は未検出,未取得,未取得,未取得,未取得,未取得,未取得,未取得,未取得,未取得,未判定,低バリュートラップ条件なし,未判定,要IR確認,未取得,未判定,宇宙データセンターは忘れよう。「考える衛星」はどうか - Forbes JAPAN,宇宙データセンターは忘れよう。「考える衛星」はどうか - Forbes JAPAN,"Mon, 13 Jul 2026 07:00:00 GMT",https://news.google.com/rss/articles/CBMiWkFVX3lxTE1IczNTY3dYRnBFMERKMk12V2pZajRpMndhQjZtWEJzal9EenRyVDRpTHdVNENLOWctR0hhMnQ0dXpIT3JJZHc5VGczV0xhTnl3WUI5RElTV083Zw?oc=5
2026-09-13,AIデータセンター,WIRED,WIRED,テーマ関連ニュース,⚪ 監視,20,成長テーマとの関連 / 企業を特定,主要な警戒条件は未検出,未取得,未取得,未取得,未取得,未取得,未取得,未取得,未取得,未取得,未判定,低バリュートラップ条件なし,未判定,要IR確認,未取得,未判定,宇宙にAIデータセンターは建てられるのか？ - WIRED.jp,宇宙にAIデータセンターは建てられるのか？ - WIRED.jp,"Wed, 18 Mar 2026 07:00:00 GMT",https://news.google.com/rss/articles/CBMicEFVX3lxTE9kN1lSRDVTeW1aSll2UnRQTWxjNHpmXzVXWHI1TS05UXkxTzBXODB0a3VuR0E4STRTYU5PdVRfSVVVNE1sNmFrYTFXRFpOR2VTTkFFSGlDMXk4QUJMRGpzUG56NTAteUtKdnRUYXRVLUY?oc=5
2026-09-13,AIデータセンター,NEXT NOTES F-KOSPI200 Inverse ETN,2034.T,テーマ関連ニュース,⚪ 監視,20,成長テーマとの関連 / 企業を特定,主要な警戒条件は未検出,未取得,未取得,未取得,未取得,未取得,未取得,未取得,未取得,未取得,未判定,低バリュートラップ条件なし,未判定,要IR確認,1863～2003円 / 2003～2144円 / 1722～1863円,主要価格帯付近,宇宙ベースのデータセンター市場規模、シェア |フォートレキャスト [2034] - Fortune Business Insights,宇宙ベースのデータセンター市場規模、シェア |フォートレキャスト [2034] - Fortune Business Insights,"Mon, 24 Aug 2026 07:00:00 GMT",https://news.google.com/rss/articles/CBMikwJBVV95cUxQemR3aVJzM19GRVE4bWNJdEliNmdoMFB3djhRaFU2OGdpZ1E5akhMSnZIdUpjUmdWbHVEaHJRejZtZmw4SkxudzI1U3Bvc29jcEVmdE9WU1AtcXpkZVJfaXZxd1l4c1A5MkZYR08zNjlSMEFjOGNrZTJtdWN5NHFuODNpY0hOSUYtdFdlVHNyaHJ5dU1nejZHbVdQZlkydGJxS3FiRzA4T3lfRzZqcGtxUHgtbDZSUThlVFJOS0UyRHpLczhhZHpaTG5Ya2QxazhKM2hnVnJsRHFLaUtRbzJBWUdFR0pDOE4wM3I5OHJDemh2WFJCODM0R3ZkZ0NVRHNnODJRRVJVTjUzOXNKTllfSW1UTQ?oc=5
2026-09-13,宇宙,NEXT NOTES F-KOSPI200 Inverse ETN,2034.T,テーマ関連ニュース,⚪ 監視,20,成長テーマとの関連 / 企業を特定,主要な警戒条件は未検出,未取得,未取得,未取得,未取得,未取得,未取得,未取得,未取得,未取得,未判定,低バリュートラップ条件なし,未判定,要IR確認,1863～2003円 / 2003～2144円 / 1722～1863円,主要価格帯付近,光衛星通信市場規模・シェア【2034年】 - Fortune Business Insights,光衛星通信市場規模・シェア【2034年】 - Fortune Business Insights,"Mon, 24 Aug 2026 07:00:00 GMT",https://news.google.com/rss/articles/CBMi_gFBVV95cUxNMk55azZTZzZaS1RnWTJ5WFVRSERNWlZCX1ZCUnZKR3FyaFpnNUh5T2FKeExUY3p3Yy12TkZfWGZPcnFmWTBNTGlHTU1EV0xPMWhHSTVTUHlSUGt1QzNPOHpYNExsaTRkUWVQNmtsNjB2eG45OGNieFU2VDUtNS1mRmJsTUlmQ2FuczV4VWg5SlJBS1NnVl9uSDhkMGRGbHhQR3dsS0xUcjJNQ0EtR1lFcjhvWHRIclNVQk1BODRhR1Q5MUVKOWhCZU5FZFRQWXd0TUZldkhyUURzS0U3R3pCY3VsakFndUFDUUotaWhvTWxfZkNlVWxIV0taVmNHUQ?oc=5
2026-09-13,光通信,2027,2027.T,テーマ関連ニュース,⚪ 監視,20,成長テーマとの関連 / 企業を特定,主要な警戒条件は未検出,未取得,未取得,未取得,未取得,未取得,未取得,未取得,未取得,未取得,未判定,低バリュートラップ条件なし,未判定,要IR確認,未取得,未判定,概算要求2027／総務省、6G・衛星光通信実現へ インフラ投資など3495億円 - 日刊工業新聞,概算要求2027／総務省、6G・衛星光通信実現へ インフラ投資など3495億円 - 日刊工業新聞,"Mon, 31 Aug 2026 07:00:00 GMT",https://news.google.com/rss/articles/CBMiWEFVX3lxTE5mblJJdW1uWmlRTTJwSGFPSWtnUjJOc053bTRyc2dkV0xtMGtESS03QUwzQl9DTG5WTlFfQVZ6ejY1OEY1MTBqei05YTU1TmhKRlllVGxWOTI?oc=5
2026-09-13,光通信,NEC,NEC,テーマ関連ニュース,⚪ 監視,20,成長テーマとの関連 / 企業を特定,主要な警戒条件は未検出,未取得,未取得,未取得,未取得,未取得,未取得,未取得,未取得,未取得,未判定,低バリュートラップ条件なし,未判定,要IR確認,未取得,未判定,光通信衛星コンステレーション構築に向けた 転送遅延/遅延変動を抑制するネットワーク制御技術 - NEC,光通信衛星コンステレーション構築に向けた 転送遅延/遅延変動を抑制するネットワーク制御技術 - NEC,"Wed, 13 May 2026 07:00:00 GMT",https://news.google.com/rss/articles/CBMiY0FVX3lxTE8yM2RvYjlnQkJnbmk2SW9CYm5uUHk1dHFkMjhmSndGVHQ1TGE5YkROakxaSm0xZ1JIUEZLVG1kZTN6MHFXS0Y4d29JUXhnYjc1Q19GazA5bHdMOF9pV1huejdHaw?oc=5
2026-09-13,宇宙,NEXT NOTES Nikkei 225 VI Futures Index ETN,2035.T,テーマ関連ニュース,⚪ 監視,20,成長テーマとの関連 / 企業を特定,主要な警戒条件は未検出,未取得,未取得,未取得,未取得,未取得,未取得,未取得,未取得,未取得,未判定,低バリュートラップ条件なし,未判定,要IR確認,未取得,未判定,"光地上局・レーザー通信端末市場、2035年に80億3,310万米ドルへ―宇宙通信の「光化」が加速、CAGR 32.0％で急成長 - Excite エキサイト","光地上局・レーザー通信端末市場、2035年に80億3,310万米ドルへ―宇宙通信の「光化」が加速、CAGR 32.0％で急成長 - Excite エキサイト","Mon, 07 Sep 2026 05:00:00 GMT",https://news.google.com/rss/articles/CBMiakFVX3lxTE9pZld3RnZjSmFoWHlPM2J3b0E5LXlPZGF4ZTNER0UxU1VyM0t6RGtkd05LTGJ0ZjBXMFlwMTNZLWJpTkF0THZxcGVITDU5SnJFaVhrTHdHUTMybEN1Q3p2N1VrNE9yazdrYVE?oc=5
2026-09-13,光通信,2026,2026.T,テーマ関連ニュース,⚪ 監視,20,成長テーマとの関連 / 企業を特定,主要な警戒条件は未検出,未取得,未取得,未取得,未取得,未取得,未取得,未取得,未取得,未取得,未判定,低バリュートラップ条件なし,未判定,要IR確認,未取得,未判定,【Compeq FY2026 Q2 決算説明会】光モジュール売上高が182%急増、部材不足でQ3に遅延——2027年は衛星＋光通信で各250億台湾ドルを目指す - BigGo ファイナンス,【Compeq FY2026 Q2 決算説明会】光モジュール売上高が182%急増、部材不足でQ3に遅延——2027年は衛星＋光通信で各250億台湾ドルを目指す - BigGo ファイナンス,"Fri, 04 Sep 2026 07:00:00 GMT",https://news.google.com/rss/articles/CBMiYEFVX3lxTE1jSGxmX2lXd3dPTkM2UTRUUGlDU1lwUW8tNzRiZUJWbmNlNndHTTRHTEhvMDR2dWN3Q0N6eEY5WGFjYnNjWDlxbnhjejdqMk8wVy1QVjVGTmNqcW9ZNVhvUw?oc=5
2026-09-13,光通信,2027,2027.T,テーマ関連ニュース,⚪ 監視,20,成長テーマとの関連 / 企業を特定,主要な警戒条件は未検出,未取得,未取得,未取得,未取得,未取得,未取得,未取得,未取得,未取得,未判定,低バリュートラップ条件なし,未判定,要IR確認,未取得,未判定,【Compeq FY2026 Q2 決算説明会】光モジュール売上高が182%急増、部材不足でQ3に遅延——2027年は衛星＋光通信で各250億台湾ドルを目指す - BigGo ファイナンス,【Compeq FY2026 Q2 決算説明会】光モジュール売上高が182%急増、部材不足でQ3に遅延——2027年は衛星＋光通信で各250億台湾ドルを目指す - BigGo ファイナンス,"Fri, 04 Sep 2026 07:00:00 GMT",https://news.google.com/rss/articles/CBMiYEFVX3lxTE1jSGxmX2lXd3dPTkM2UTRUUGlDU1lwUW8tNzRiZUJWbmNlNndHTTRHTEhvMDR2dWN3Q0N6eEY5WGFjYnNjWDlxbnhjejdqMk8wVy1QVjVGTmNqcW9ZNVhvUw?oc=5
2026-09-13,宇宙,2030,2030.T,テーマ関連ニュース,⚪ 監視,20,成長テーマとの関連 / 企業を特定,主要な警戒条件は未検出,未取得,未取得,未取得,未取得,未取得,未取得,未取得,未取得,未取得,未判定,低バリュートラップ条件なし,未判定,要IR確認,未取得,未判定,光衛星通信市場、年平均成長率19％の力強い拡大により2030年までに60億ドル超へ成長する見込み - ドリームニュース,光衛星通信市場、年平均成長率19％の力強い拡大により2030年までに60億ドル超へ成長する見込み - ドリームニュース,"Wed, 24 Jun 2026 07:00:00 GMT",https://news.google.com/rss/articles/CBMiU0FVX3lxTE1icHYyYmVHTlpmX3BIUGl5U3RHTFY5eWpKYmhIbm1BVDRaTnZfUWRsTlJjcEItN2hfbVQxVnhvS2RxVXkxZGlIRWNoYlFVbExOWW0w?oc=5
2026-09-13,宇宙,2026,2026.T,テーマ関連ニュース,⚪ 監視,20,成長テーマとの関連 / 企業を特定,主要な警戒条件は未検出,未取得,未取得,未取得,未取得,未取得,未取得,未取得,未取得,未取得,未判定,低バリュートラップ条件なし,未判定,要IR確認,未取得,未判定,超小型衛星を社会インフラへ！アークエッジ・スペースの挑戦【IVS2026】 - ITライフハック,超小型衛星を社会インフラへ！アークエッジ・スペースの挑戦【IVS2026】 - ITライフハック,"Thu, 03 Sep 2026 14:00:15 GMT",https://news.google.com/rss/articles/CBMiV0FVX3lxTE5OOGQzaS00ZEUxR0t3R0FLb253LTBvTmdJbUQxZkNGMzl4akJCVzNmRHNxTEN2aWdGZDdWUC1HbmwwckpkVUR0Um5tTU16VVJrT2Y1MlVXQQ?oc=5
2026-09-13,光通信,193502,NTT,テーマ関連ニュース,⚪ 監視,20,成長テーマとの関連 / 企業を特定,主要な警戒条件は未検出,未取得,未取得,未取得,未取得,未取得,未取得,未取得,未取得,未取得,未判定,低バリュートラップ条件なし,未判定,要IR確認,未取得,未判定,NTT、IOWN用通信チップを宇宙へ 光電融合で「スペースX超え」速度（2ページ目） - 日経クロステック,NTT、IOWN用通信チップを宇宙へ 光電融合で「スペースX超え」速度（2ページ目） - 日経クロステック,"Tue, 28 Jul 2026 07:00:00 GMT",https://news.google.com/rss/articles/CBMickFVX3lxTE1CVzdKWE1MdnFXYlNtZEVsQTQ2SlZLNEdiWXpTYU8zbkxSVlNxR2JneDZ6X1hqbm5SNkI0dXB0bHpJNktucDh5cUVCbVZqU2RsSWRoWnNHdVRqaEpHVFlTUS1DUmEwZFoyRlIzVTc1eUZQdw?oc=5
2026-09-13,宇宙,ASCII,ASCII,テーマ関連ニュース,⚪ 監視,20,成長テーマとの関連 / 企業を特定,主要な警戒条件は未検出,未取得,未取得,未取得,未取得,未取得,未取得,未取得,未取得,未取得,未判定,低バリュートラップ条件なし,未判定,要IR確認,未取得,未判定,地球と月の間に「光の通信路」を作る計画が進行中！ 人類が挑むのは、宇宙でふらつく衛星の“ブレ”……？ - ASCII.jp,地球と月の間に「光の通信路」を作る計画が進行中！ 人類が挑むのは、宇宙でふらつく衛星の“ブレ”……？ - ASCII.jp,"Wed, 10 Jun 2026 07:00:00 GMT",https://news.google.com/rss/articles/CBMiVEFVX3lxTE1ZakZNY0piQWtJeWFFUFR3ZDVOTlRxVzR4ak1zekdMTkxsc21Ob2pkZDByZ3RUQk1iMFRqcUlsdlFVVm9rZDVrTzNVMjllbXREREFlMw?oc=5
2026-09-13,AIデータセンター,Renaissance IPO ETF,IPO,テーマ関連ニュース,⚪ 監視,20,成長テーマとの関連 / 企業を特定,主要な警戒条件は未検出,32.92885,未取得,未取得,未取得,未取得,未取得,未取得,未取得,未取得,未判定,低バリュートラップ条件なし,未判定,要IR確認,50～51円 / 50～50円 / 44～44円,主要価格帯付近,SpaceX launches AI1 orbital satellite to power space data centers ahead of $75B IPO - The News International,SpaceX launches AI1 orbital satellite to power space data centers ahead of $75B IPO - The News International,"Tue, 09 Jun 2026 07:00:00 GMT",https://news.google.com/rss/articles/CBMiwgFBVV95cUxQZzV0VzF5X29NMklfUWREbEZPbE5rNFQ1N0poWFh3UFhDVnozQV9wdFB6ZEdWd1htdU1BNTlZbVk5Ty1LOXU5T3o3bEVCdHhidVVKOWVidk1lWmFEaEFaSUxNVTdveUxFcFZUZ1J0cFRtOHZJQjloSjdKRHVaMVc0b0MzQTkyMnlHZWZKQUlwLUlmSTNudmZnTFhwQzVQR3JMLXAwdDFiVmRhVmd3Y2duVDlib0dBOXlQMEIzbWE3N2diQdIBvgFBVV95cUxPOFdDNkQ3UHo4MjR1ZnZFdGhoWUhfQklzbnN0QkNWMFVhS05zazdsSWxMVlZCaWNFOGNuUzhDSFMwV0ZlWmJWY3pmb0NiLU5vcjFINFBabUFBSURWTm4tZlp3Q0doYVVmQ3k4N1RfTWhUWkNGeFFKZjZJN0JLU3U0OXBFWWRFM3NndmFZZm5rNEVlam9JWno5S25fNzZ0MWZHWF9FMzNqNkNBX3hGTktLMXRMeGpBYkJTb0s1Y3NR?oc=5
2026-09-13,AIデータセンター,TBS,TBS,テーマ関連ニュース,⚪ 監視,20,成長テーマとの関連 / 企業を特定,主要な警戒条件は未検出,未取得,未取得,未取得,未取得,未取得,未取得,未取得,未取得,未取得,未判定,低バリュートラップ条件なし,未判定,要IR確認,未取得,未判定,データセンターは宇宙へ 宇宙コンピューティングが切り拓く新たな未来 - TBS NEWS DIG,データセンターは宇宙へ 宇宙コンピューティングが切り拓く新たな未来 - TBS NEWS DIG,"Tue, 11 Aug 2026 07:00:00 GMT",https://news.google.com/rss/articles/CBMicEFVX3lxTE0xRUp1Ri1jdi1ybVF5VV9iOXNrRXVoYkx4T3RWTTRRV1JVTW9Ed0lpYk1hcU9zYmFNbUQ0T3gxWi1JOVpZX3dFWFZxUmZ5SVBBaHNoNm5HNFIwQnlWck12djdmU2liNUdxVUJ4cTcxS0Q?oc=5
2026-09-13,AIデータセンター,NEWS,NEWS,テーマ関連ニュース,⚪ 監視,20,成長テーマとの関連 / 企業を特定,主要な警戒条件は未検出,未取得,未取得,未取得,未取得,未取得,未取得,未取得,未取得,未取得,未判定,低バリュートラップ条件なし,未判定,要IR確認,未取得,未判定,データセンターは宇宙へ 宇宙コンピューティングが切り拓く新たな未来 - TBS NEWS DIG,データセンターは宇宙へ 宇宙コンピューティングが切り拓く新たな未来 - TBS NEWS DIG,"Tue, 11 Aug 2026 07:00:00 GMT",https://news.google.com/rss/articles/CBMicEFVX3lxTE0xRUp1Ri1jdi1ybVF5VV9iOXNrRXVoYkx4T3RWTTRRV1JVTW9Ed0lpYk1hcU9zYmFNbUQ0T3gxWi1JOVpZX3dFWFZxUmZ5SVBBaHNoNm5HNFIwQnlWck12djdmU2liNUdxVUJ4cTcxS0Q?oc=5
2026-09-13,AIデータセンター,2027,2027.T,テーマ関連ニュース,⚪ 監視,20,成長テーマとの関連 / 企業を特定,主要な警戒条件は未検出,未取得,未取得,未取得,未取得,未取得,未取得,未取得,未取得,未取得,未判定,低バリュートラップ条件なし,未判定,要IR確認,未取得,未判定,マスク氏、2027年の軌道上AIデータセンター稼働を目標に掲げる——ソフトバンク、OpenAIとコスト・実現性で衝突 - BigGo ファイナンス,マスク氏、2027年の軌道上AIデータセンター稼働を目標に掲げる——ソフトバンク、OpenAIとコスト・実現性で衝突 - BigGo ファイナンス,"Tue, 14 Jul 2026 07:00:00 GMT",https://news.google.com/rss/articles/CBMidEFVX3lxTE02SGtGRE54S2pYYjRJbWFlQmJtdWZGZ01vWlFOOTlzUVg0NVUzSVBuTEFNLWhuRkNEQWhHdjVaUFJaQjZ5V1o3UzNtdUVJZkFqNzdXbnlJMnZibGxHNFUxRjA1aXJneGtXZ2k2TWhXdC12MDdZ?oc=5
2026-09-13,宇宙,2100,2100.T,テーマ関連ニュース,⚪ 監視,20,成長テーマとの関連 / 企業を特定,主要な警戒条件は未検出,未取得,未取得,未取得,未取得,未取得,未取得,未取得,未取得,未取得,未判定,低バリュートラップ条件なし,未判定,要IR確認,未取得,未判定,Starcloud、2100万ドル調達｜軌道AI訓練4km²ソーラー構想と宇宙天気リスクの現実 - イノベトピア - innovaTopia,Starcloud、2100万ドル調達｜軌道AI訓練4km²ソーラー構想と宇宙天気リスクの現実 - イノベトピア - innovaTopia,"Mon, 28 Jul 2025 07:00:00 GMT",https://news.google.com/rss/articles/CBMidEFVX3lxTE1ELVJuTTI4U2E0dmdPYVpzWHNkNmpUYWotTzJ6ZXNTMkR2aVBITWk5b2x3MmhyREl2N3dqcnI2R1Zxa3NMa3l2SmJndDZCdlRnYU9ZNGpGOHpyVkF3RDl2RWZSbUpyYUNmUFdxb2JGbzZXRGN6?oc=5
2026-09-13,宇宙太陽光・発電,POWER,POWER,テーマ関連ニュース,⚪ 監視,20,成長テーマとの関連 / 企業を特定,主要な警戒条件は未検出,未取得,未取得,未取得,未取得,未取得,未取得,未取得,未取得,未取得,未判定,低バリュートラップ条件なし,未判定,要IR確認,未取得,未判定,Space Solar Power Is Coming Home to the Energy Industry - POWER Magazine,Space Solar Power Is Coming Home to the Energy Industry - POWER Magazine,"Thu, 09 Jul 2026 07:00:00 GMT",https://news.google.com/rss/articles/CBMiiAFBVV95cUxQSXZTY3ZJTEJYZ28wS1kzM2Vhb2l3UEhIZjFNVXVmbEpFb0NLMlpiNGFJcXVOYXdrY250bnpkbENLWXZ2cG5pT3FYRmNEbTAxOXIyVHVBT0ptbXQ1OHBnRnRYWXNpRTg4NTU5cGpOc3VVTWdWZzBoSXZSOEk1NUNBWDBHdmFkZzJ4?oc=5
2026-09-13,宇宙,2026,2026.T,テーマ関連ニュース,⚪ 監視,20,成長テーマとの関連 / 企業を特定,主要な警戒条件は未検出,未取得,未取得,未取得,未取得,未取得,未取得,未取得,未取得,未取得,未判定,低バリュートラップ条件なし,未判定,要IR確認,未取得,未判定,【日本の宇宙太陽光発電衛星「OHISAMA」】2026年度にカイロスロケットで打ち上げへ（スペースチャンネル） - エキスパート - Yahoo!ニュース,【日本の宇宙太陽光発電衛星「OHISAMA」】2026年度にカイロスロケットで打ち上げへ（スペースチャンネル） - エキスパート - Yahoo!ニュース,"Wed, 29 Apr 2026 07:00:00 GMT",https://news.google.com/rss/articles/CBMiiAFBVV95cUxNdG9rM3NELVBnb0lCZDJ4MzRDY2VidWtpMVh6VjhCMUp4NGZOaElkMV9MWTh4TE44azk1WDhqQzlNRlE1bFRTYkxjR0dMUkdnaEhpcnBJQ2NfUUxLV3ZmXzlWWHpkLXVTSTcxOEZvWkpBVW5ha0YtUDcyVkpselYwQXRUbzVZenVj?oc=5
2026-09-13,電力・蓄電,JAXA,JAXA,テーマ関連ニュース,⚪ 監視,20,成長テーマとの関連 / 企業を特定,主要な警戒条件は未検出,未取得,未取得,未取得,未取得,未取得,未取得,未取得,未取得,未取得,未判定,低バリュートラップ条件なし,未判定,要IR確認,未取得,未判定,JAXA、「OHISAMA」衛星で世界初の宇宙太陽光発電送電実験へ - tokyonewsmedia.com,JAXA、「OHISAMA」衛星で世界初の宇宙太陽光発電送電実験へ - tokyonewsmedia.com,"Wed, 29 Apr 2026 07:00:00 GMT",https://news.google.com/rss/articles/CBMiU0FVX3lxTFBxMWhjOFVBbHNwMTdRdDlnNWFSbFRzY2JjblhpUHBmZmNBRWdCRUZhZkcya0VwRmhveHViYU1wUGRVYkU1NEZVLUNvYndweXNGbF9R?oc=5
2026-09-13,宇宙,2026,2026.T,テーマ関連ニュース,⚪ 監視,20,成長テーマとの関連 / 企業を特定,主要な警戒条件は未検出,未取得,未取得,未取得,未取得,未取得,未取得,未取得,未取得,未取得,未判定,低バリュートラップ条件なし,未判定,要IR確認,未取得,未判定,宇宙太陽光発電市場：軌道タイプ、技術タイプ、発電容量、用途、エンドユーザー産業別―2026-2032年の世界市場予測 - Newscast.jp,宇宙太陽光発電市場：軌道タイプ、技術タイプ、発電容量、用途、エンドユーザー産業別―2026-2032年の世界市場予測 - Newscast.jp,"Tue, 16 Jun 2026 07:00:00 GMT",https://news.google.com/rss/articles/CBMiR0FVX3lxTFBYcTVvV3FGNC1iZUZkajhtbHNNR1ROOE9XNG45SXEyME9rNkJLYWlsSElYaTlwX1dvdlpXU1BhWDdMSXU1TXRj?oc=5
2026-09-13,宇宙,NEXT NOTES HSI Short ETN,2032.T,テーマ関連ニュース,⚪ 監視,20,成長テーマとの関連 / 企業を特定,主要な警戒条件は未検出,未取得,未取得,未取得,未取得,未取得,未取得,未取得,未取得,未取得,未判定,低バリュートラップ条件なし,未判定,要IR確認,未取得,未判定,宇宙太陽光発電市場：軌道タイプ、技術タイプ、発電容量、用途、エンドユーザー産業別―2026-2032年の世界市場予測 - Newscast.jp,宇宙太陽光発電市場：軌道タイプ、技術タイプ、発電容量、用途、エンドユーザー産業別―2026-2032年の世界市場予測 - Newscast.jp,"Tue, 16 Jun 2026 07:00:00 GMT",https://news.google.com/rss/articles/CBMiR0FVX3lxTFBYcTVvV3FGNC1iZUZkajhtbHNNR1ROOE9XNG45SXEyME9rNkJLYWlsSElYaTlwX1dvdlpXU1BhWDdMSXU1TXRj?oc=5
2026-09-13,光通信,"Koryojyuhan Co., Ltd.",3495.T,テーマ関連ニュース,⚪ 監視,18,成長テーマとの関連 / 企業を特定 / 売上成長が強い / EPS成長が強い / ROEが強い / 配当性向引き上げ余地が高い / 株主還元余地,営業CFマイナス / 会計利益と営業CFの乖離 / バリュートラップ警戒,7.0921984,0.90426695,40.643427105865925,14.91708611362046,7.017021586916594,-6.5億,14.594,未取得,62.4億,警戒,警戒,高,利益成長に対して還元余地あり,1527～1550円 / 2397～2420円 / 2489～2512円,主要価格帯付近,概算要求2027／総務省、6G・衛星光通信実現へ インフラ投資など3495億円 - 日刊工業新聞,概算要求2027／総務省、6G・衛星光通信実現へ インフラ投資など3495億円 - 日刊工業新聞,"Mon, 31 Aug 2026 07:00:00 GMT",https://news.google.com/rss/articles/CBMiWEFVX3lxTE5mblJJdW1uWmlRTTJwSGFPSWtnUjJOc053bTRyc2dkV0xtMGtESS03QUwzQl9DTG5WTlFfQVZ6ejY1OEY1MTBqei05YTU1TmhKRlllVGxWOTI?oc=5
2026-09-13,AIデータセンター,Cre8 Enterprise Limited,CRE,テーマ関連ニュース,⚪ 監視,16,成長テーマとの関連 / 企業を特定 / 売上成長が強い / ROEが強い / 営業CFプラス / 利益の質が良好 / 株主還元余地,営業利益成長悪化 / EPS成長悪化 / バリュートラップ警戒 / 上値しこり,7.8857145,0.8477011,-17.57837836487095,26.114128067871214,-30.445635935687932,1153.6万,17.207000999999998,未取得,555.9万,良好,警戒,中,利益成長に対して還元余地あり,2～5円 / 5～7円 / 12～14円,上値しこり警戒,Data Centers Get Ready for a Liquid-Cooled Future - Connect CRE,Data Centers Get Ready for a Liquid-Cooled Future - Connect CRE,"Fri, 11 Sep 2026 19:39:50 GMT",https://news.google.com/rss/articles/CBMijgFBVV95cUxPT21kWDJVWlhEQXNLM2ZQTkgtXzBWS1h5MUJQbTdEWmRiWlZBME1HQWJZaXNEVTBtWVFuWnVUUm1hb2JUc29LWE9CSHFKX1dBRERpaElFYW1pOTNWaVZvSW5CUy1UYy00WVZkZzlaZDBOOUFsRHRUcmItZk9ONTRWWXJUaUFqSWdBM1BHZXZn?oc=5
2026-09-13,半導体,未特定,未特定,特許・技術,⚪ 監視,15,企業未特定。ニュースの材料を監視,企業特定後に要再評価,未取得,未取得,未取得,未取得,未取得,未取得,未取得,未取得,未取得,未判定,未判定,未判定,未判定,未取得,未判定,Will Memory Shortages Worsen? OpenAI Unveils Patent for Chip With 20 HBMs - 아시아경제,Will Memory Shortages Worsen? OpenAI Unveils Patent for Chip With 20 HBMs - 아시아경제,"Mon, 27 Apr 2026 07:00:00 GMT",https://news.google.com/rss/articles/CBMiZEFVX3lxTFBMX2duS3MtdDZIeHc3ZDd0Yjlkcm1QeHhrZ3RqNnlGZENSSURDQlpoYUYtR08wU2MxOWNXcmVZQm1pTGJ5X3lmQXJOTi15ZVJuZjhjdVRVMUlDeUJLck52U0g5eVQ?oc=5
2026-09-13,半導体,未特定,未特定,特許・技術,⚪ 監視,15,企業未特定。ニュースの材料を監視,企業特定後に要再評価,未取得,未取得,未取得,未取得,未取得,未取得,未取得,未取得,未取得,未判定,未判定,未判定,未判定,未取得,未判定,編集者の視点「パワー半導体、SiCやGaNで特許紛争」 - 日本経済新聞,編集者の視点「パワー半導体、SiCやGaNで特許紛争」 - 日本経済新聞,"Fri, 17 Jul 2026 07:00:00 GMT",https://news.google.com/rss/articles/CBMihwFBVV95cUxPaERlNG1nM3ctOTFweEZIZTVYeUk5RHlRWXNyc09Fb1ROS2QtVmpkR01rMEY1anJ6YmdJRmFnbXlaM3VtOURNTEQ1OGc3NnBJc19VamU5MHZDdWNBWktwczBQU3JHMUxNNkJIUkNTM01JeFVUU2lYWk1HcnZEWUctaS1tUGRLOG8?oc=5
2026-09-13,宇宙太陽光・発電,未特定,未特定,特許・技術,⚪ 監視,15,企業未特定。ニュースの材料を監視,企業特定後に要再評価,未取得,未取得,未取得,未取得,未取得,未取得,未取得,未取得,未取得,未判定,未判定,未判定,未判定,未取得,未判定,China hails latest breakthrough on space solar power technology - South China Morning Post,China hails latest breakthrough on space solar power technology - South China Morning Post,"Tue, 19 May 2026 07:00:00 GMT",https://news.google.com/rss/articles/CBMitwFBVV95cUxPb2hqYnRhNU9DTnFwdlg0U1FmZVZZZ2FnRnBqNnBBUXNaR2tiaTRLRVFDdXJYRUdpVjVReXhiS0Z5ak9LNXVVSGdzbmFOLUNfbFdJMG1fNnlzRGs0S0JoMjdTUDY2dzBHWW5MbGJMWGFLc0xISUFkems2LXZORU9fdHpIY2lrM29XNlF4SW9WOF81WnBkdWkxWWI1VUJ2bFdybHVrbUVYTFotTHpkWGxWeXVidTNPajjSAbcBQVVfeXFMUHJSM2F6R05NX1lwLW9qcTVETXlFYXFxZUpLUDNoUU9pWkNvSTdrRzBZNlFkYVhtUi01NUZ2bUsxeS0ta01QMGRQUWlwdklpU0d6NDFuRmU3NGhKNEZmQ25jOFRpYkpmaktDTVBMQTNrcWdHUXoyT0VKWXRkV25xWndXR2s2V2JwSXdOVEQxWGZRMWlDM1puUXRhdlhIZzlUQ2ttVDdkOFNlSlUyMHF4S1Y0Tk1rdUFB?oc=5
2026-09-13,その他,Bimergen Energy Corporation,BESS,テーマ関連ニュース,⚪ 監視,13,企業を特定 / 営業利益成長が強い / EPS成長が強い / 営業CFプラス / 配当性向引き上げ余地が高い,ROE悪化 / バリュートラップ警戒 / 上値しこり,未取得,0.64792967,80.34758839563736,未取得,78.66406692062402,87.8万,-20.209,未取得,2143.5万,要確認,警戒,高,要IR確認,3～4円 / 6～6円 / 3～3円,上値しこり警戒,PJM targets data centre demand with 6GW backstop auction; BESS expected to have competitive edge - Energy-Storage.News,PJM targets data centre demand with 6GW backstop auction; BESS expected to have competitive edge - Energy-Storage.News,"Tue, 08 Sep 2026 11:01:36 GMT",https://news.google.com/rss/articles/CBMixwFBVV95cUxNeC1aNXJIdGtGYVZpN1FHa0Z1NWNGNXRZUHU4bkZpU1RzNWVCRzA4WlgyOWkzcU4yOGMxaGNSWDQyTUVjTURxMmxKTWxUZ0EwdFQ4ZjdINldzNmc3M18yaWZjbnBvVzJaVTlQcmk4eFVRTUthd2dYa0pTV1dBblZiRXM4OUFBUENyS19RTnE0M3RxMEp2VWtYNjdBNDdGejBYeFRmcmJzYVdOek15bW9aMXMyV0J0U3BQQW5ZdVoyRW9sX1NlZkNF?oc=5
2026-09-13,AIデータセンター,未特定,未特定,研究開発,⚪ 監視,12,企業未特定。ニュースの材料を監視,企業特定後に要再評価,未取得,未取得,未取得,未取得,未取得,未取得,未取得,未取得,未取得,未判定,未判定,未判定,未判定,未取得,未判定,不動産大手、データセンター強化 AIで市場拡大、開発ノウハウ活用（時事通信） - Yahoo!ニュース,不動産大手、データセンター強化 AIで市場拡大、開発ノウハウ活用（時事通信） - Yahoo!ニュース,"Sat, 12 Sep 2026 22:02:11 GMT",https://news.google.com/rss/articles/CBMif0FVX3lxTE05M25fTjJuMzM5WV8xc2hscU40dHI2TllzbUFQX3Z4RVl0dzlWWmZaVEtLX1dkdmdpUjBld25nYmNlakY3VnVlR0FpMjM5WGVnZ2xNNTJCdnFxd2hrcHU1dVdwTGtBYlpFaWR5MS14RVg3RktOMXJ3TVZLUXg5bE0?oc=5
2026-09-13,AIデータセンター,未特定,未特定,研究開発,⚪ 監視,12,企業未特定。ニュースの材料を監視,企業特定後に要再評価,未取得,未取得,未取得,未取得,未取得,未取得,未取得,未取得,未取得,未判定,未判定,未判定,未判定,未取得,未判定,不動産大手、データセンター強化 ＡＩで市場拡大、開発ノウハウ活用 - 時事ドットコム,不動産大手、データセンター強化 ＡＩで市場拡大、開発ノウハウ活用 - 時事ドットコム,"Sat, 12 Sep 2026 22:01:00 GMT",https://news.google.com/rss/articles/CBMiY0FVX3lxTE5FdUk5V1VKRVB1Mm9ON0MzNXJFZThCamdCT29IQ2lkSTltdzlwU0trc2VaTDhUUTdwdHpabDBvSEljcml6Mk8zMFBxa2gwZndwcUdNbEh1a056S19pcWg5VzBUZw?oc=5
2026-09-13,AIデータセンター,未特定,未特定,研究開発,⚪ 監視,12,企業未特定。ニュースの材料を監視,企業特定後に要再評価,未取得,未取得,未取得,未取得,未取得,未取得,未取得,未取得,未取得,未判定,未判定,未判定,未判定,未取得,未判定,インドIT大手TCS、AIデータセンター開発 1.2兆円投資 - 日本経済新聞,インドIT大手TCS、AIデータセンター開発 1.2兆円投資 - 日本経済新聞,"Tue, 08 Sep 2026 13:20:00 GMT",https://news.google.com/rss/articles/CBMibEFVX3lxTE9OUmJaWjRsX0xsS3ZPOTJoSU94UEpncmtqUzVoLVNhX25BM1hIWEwwWnZDVEVCUXpES0lMMFJkQUdvTEpvWEowNjQ3cUU3djV4ZVNHMkdxWS1iTkNER0pvOVBWTkk2T1JwRm5GTg?oc=5
2026-09-13,その他,未特定,未特定,研究開発,⚪ 監視,12,企業未特定。ニュースの材料を監視,企業特定後に要再評価,未取得,未取得,未取得,未取得,未取得,未取得,未取得,未取得,未取得,未判定,未判定,未判定,未判定,未取得,未判定,光電流を従来の340倍に増幅する超小型光回路モニタを開発 - waseda.jp,光電流を従来の340倍に増幅する超小型光回路モニタを開発 - waseda.jp,"Thu, 19 Mar 2026 07:00:00 GMT",https://news.google.com/rss/articles/CBMiWkFVX3lxTE1mdDZ1c01OeW9qRmF6a1hiTFl3SE9RQjh2X2NPeHF2NmRKOXc2Q0hvQ3hkblFkOGdnTC1xTjBIN0VnQW9qSGZMRFVOSm00dXlpVzJpR2JPTFR2Zw?oc=5
2026-09-13,AIデータセンター,未特定,未特定,研究開発,⚪ 監視,12,企業未特定。ニュースの材料を監視,企業特定後に要再評価,未取得,未取得,未取得,未取得,未取得,未取得,未取得,未取得,未取得,未判定,未判定,未判定,未判定,未取得,未判定,Aurora Report Maps the Role of Battery Storage in Solving America’s AI Data Center Power Challenge - Aurora Energy Research,Aurora Report Maps the Role of Battery Storage in Solving America’s AI Data Center Power Challenge - Aurora Energy Research,"Thu, 10 Sep 2026 15:29:16 GMT",https://news.google.com/rss/articles/CBMi0wFBVV95cUxPekYxWHRBeFhHOXNZVW9mT0NDV1lfSXhuWkllLUxkb1BJN1NiMVRxTzhhMEduUzlPT2pPd1FTOER3LTdDV2xCN3ZuWWR6WGRpRkpkNzNldFhMTTV2VDlSS2JRaVhpQ1p2TEFWdVp0dVNWMkt3d0hxLWF3WXJVWlVBZjd2UlZocWtBQXBibkh1WWtqN0RmUURJRG5NbDZkY2FMaGJuSENYMjQ4NTZibHlld2lWX2Z5bFRTblVjZU5vWmY3Um1FY2EtMklKbFR6UVRsOF9V?oc=5
2026-09-13,電力・蓄電,未特定,未特定,研究開発,⚪ 監視,12,企業未特定。ニュースの材料を監視,企業特定後に要再評価,未取得,未取得,未取得,未取得,未取得,未取得,未取得,未取得,未取得,未判定,未判定,未判定,未判定,未取得,未判定,電力インフラ向け蓄電池とAIの開発を促進するための連携。 - Vietnam.vn,電力インフラ向け蓄電池とAIの開発を促進するための連携。 - Vietnam.vn,"Tue, 25 Aug 2026 07:00:00 GMT",https://news.google.com/rss/articles/CBMioAFBVV95cUxONUtsME40S2VQTG0xOXZpVDAybXU1Y3JLZ1l0QWtFV3ZsTDM4ZFNIa1dGQk1yM19MeG9xLVlVaURnU3EyNWE1SjFuZF9uUDZ5aWlfRXRRQzE2cjdQUHJGTk92N1poRTJJbVRBQTAtRm1HZi0zbGRpNnlTQnpmWnZTaXY1VU5COXduZkV0UXRUbC05Vkc1M2xHeTRvYjRKdktJ?oc=5
2026-09-13,電力・蓄電,未特定,未特定,研究開発,⚪ 監視,12,企業未特定。ニュースの材料を監視,企業特定後に要再評価,未取得,未取得,未取得,未取得,未取得,未取得,未取得,未取得,未取得,未判定,未判定,未判定,未判定,未取得,未判定,再生可能エネルギー向け系統用蓄電池、東北で開発バブル 「空押さえ」含め申請急増 - 日本経済新聞,再生可能エネルギー向け系統用蓄電池、東北で開発バブル 「空押さえ」含め申請急増 - 日本経済新聞,"Tue, 16 Dec 2025 08:00:00 GMT",https://news.google.com/rss/articles/CBMibEFVX3lxTE1ta2V1bUxDMmtKaDZmS0hJcDFOamp6ek1VMWo2WmYzWm5sZDlrQ3FhNkh0UXE2WGl3aEpNblVDVV9GVzBzbkdfQjJ5d3RSRTVVUzh4SjVhMVM5dV83aUhLaU12azlaRFljRG5HSA?oc=5
2026-09-13,電力・蓄電,未特定,未特定,研究開発,⚪ 監視,12,企業未特定。ニュースの材料を監視,企業特定後に要再評価,未取得,未取得,未取得,未取得,未取得,未取得,未取得,未取得,未取得,未判定,未判定,未判定,未判定,未取得,未判定,蓄電池の負担抑え充放電 旭化成と中国電、システム開発 - 日本経済新聞,蓄電池の負担抑え充放電 旭化成と中国電、システム開発 - 日本経済新聞,"Fri, 24 Apr 2026 07:00:00 GMT",https://news.google.com/rss/articles/CBMid0FVX3lxTE5aUGtEMUo5VVJFSzZmdWFCdWQ0dUhuQUFob2ctQndQeWRndFZ1NW1ReFFCa3I1bV96ODZBejdVVEtoaXE5Y3BwVFBlMTdPWmRBZmhuZnRYS2pxbWlXYXBGQmk4YU82eGo1b2UxTWJqUUxia1lEdDlj?oc=5
2026-09-13,その他,未特定,未特定,研究開発,⚪ 監視,12,企業未特定。ニュースの材料を監視,企業特定後に要再評価,未取得,未取得,未取得,未取得,未取得,未取得,未取得,未取得,未取得,未判定,未判定,未判定,未判定,未取得,未判定,NHanced Semiconductors and University of Florida to Present Advanced Photonics Packaging Research - thequantuminsider.com,NHanced Semiconductors and University of Florida to Present Advanced Photonics Packaging Research - thequantuminsider.com,"Tue, 18 Aug 2026 07:00:00 GMT",https://news.google.com/rss/articles/CBMitwFBVV95cUxPMkpmS2NjQUM3RHBEOFQzOXVpWE5yYjA0ZVRkXzFLaEtXMHpPTlBUTnBSbzFYa0lnZFAxQWZyWWRPQVRwOTlLZy1XazFlM1Y2cFVsdkpMRnFYYWtKbVpTMGhVZmVBNXM5VC16TDVYV004dWxtRWdvdzFvX2pvdC1abWI5eTBEWUM3WjBTRFZUdDVlaUZFaW9wSVdIT25qV1FWZVJ3cDh0ZVNaSjEtZTl4WWw1M3I1TTQ?oc=5
2026-09-13,その他,未特定,未特定,研究開発,⚪ 監視,12,企業未特定。ニュースの材料を監視,企業特定後に要再評価,未取得,未取得,未取得,未取得,未取得,未取得,未取得,未取得,未取得,未判定,未判定,未判定,未判定,未取得,未判定,"Glass Substrate: Comprehensive Industry Development Roadmap, Market Trends & Future Innovation Path - 36 Kr","Glass Substrate: Comprehensive Industry Development Roadmap, Market Trends & Future Innovation Path - 36 Kr","Mon, 31 Aug 2026 04:34:41 GMT",https://news.google.com/rss/articles/CBMiU0FVX3lxTE1PRm80UE1VS3BWai1BekxkVU1ITFJHWkttY2xXSmNYVUd5eEh2OFhXSTZsZW1adXNTSTBNRE1TeFNlVExMNW16Zm94T2NQaTlhSjNB?oc=5
2026-09-13,半導体,未特定,未特定,研究開発,⚪ 監視,12,企業未特定。ニュースの材料を監視,企業特定後に要再評価,未取得,未取得,未取得,未取得,未取得,未取得,未取得,未取得,未取得,未判定,未判定,未判定,未判定,未取得,未判定,サムスン電子 横浜にAI半導体「後工程」研究所設立＝競争力強化へ - Yahoo!ニュース,サムスン電子 横浜にAI半導体「後工程」研究所設立＝競争力強化へ - Yahoo!ニュース,"Tue, 08 Sep 2026 11:08:36 GMT",https://news.google.com/rss/articles/CBMif0FVX3lxTE5zNEhoeWRFZzhPdzNWeGhPU1FlUEFITG1VV1hBcl9Ody1RVlF4V0hyU09lLTU0WDVqcFBGdWRVTG1ZMUU2WjYwSTRvY3Flb2dfdENrUEZneU9vMzg4S1ZrQjhIVW91RW5TdGtSQTFMX1IwSEJKOS1VS3RPQ3R0R1E?oc=5
2026-09-13,半導体,未特定,未特定,研究開発,⚪ 監視,12,企業未特定。ニュースの材料を監視,企業特定後に要再評価,未取得,未取得,未取得,未取得,未取得,未取得,未取得,未取得,未取得,未判定,未判定,未判定,未判定,未取得,未判定,サムスン、横浜に先端半導体研究拠点を開所 経産省が最大200億円支援 - BigGo ファイナンス,サムスン、横浜に先端半導体研究拠点を開所 経産省が最大200億円支援 - BigGo ファイナンス,"Tue, 08 Sep 2026 10:05:00 GMT",https://news.google.com/rss/articles/CBMidEFVX3lxTE82eHlOenJseGExRWJZbW5vNGFMdUFMeWFQbkozTHA1a3VlY3R3TVlEWlF4RmM2OG0zQXV4Z0gwc0R1OHA1T0d3U1pMTkY4WllZTm81UXVCZVM3V3BPVk9NYUZIdklNXzZiTno5aE5haUZRT18x?oc=5
2026-09-13,その他,未特定,未特定,研究開発,⚪ 監視,12,企業未特定。ニュースの材料を監視,企業特定後に要再評価,未取得,未取得,未取得,未取得,未取得,未取得,未取得,未取得,未取得,未判定,未判定,未判定,未判定,未取得,未判定,3D Systems enables advanced thermal control systems research - VoxelMatters,3D Systems enables advanced thermal control systems research - VoxelMatters,"Tue, 03 Jun 2025 07:00:00 GMT",https://news.google.com/rss/articles/CBMilAFBVV95cUxOcHdJaFJubjV5aWVJcWFQVzlLTndzRVVnVTJnaUU0OHNPb0UwZzg1clpQQ3JrVnR4NWJwRnlVXzZDZEdaUC1LVkdnNTRYSFIxaEpORzRGbnNRUE9wYjE5SzhfUzNUWnJCQU5YaktTSGtXTFBpRWtBdW9GcE1DVkNGeFVvVVk4Sl81NWUxa3l3WGFYbm100gGaAUFVX3lxTE5BaV90TC1VVG9ic2p2YmF1SmdWT3UxLThrOTVGTWhhTS1WTWdIS2VvUFd6UkFydVpoVW1DUzR6ZDYzb0pWellqYmxhaElZenBXTlpwUDVxaWhLc3hyY1VaT2E1aVppN25uRTB5TnVqX2J2ZWU4MzhHRmpER3J5UUJNRnk0dkY3YlMtY0JSRkZiZ2JNbEk3dTBTRGc?oc=5
2026-09-13,宇宙,未特定,未特定,研究開発,⚪ 監視,12,企業未特定。ニュースの材料を監視,企業特定後に要再評価,未取得,未取得,未取得,未取得,未取得,未取得,未取得,未取得,未取得,未判定,未判定,未判定,未判定,未取得,未判定,「宇宙で発電し地上へ」成功なら世界初 26年度に実証衛星打ち上げ - 朝日新聞,「宇宙で発電し地上へ」成功なら世界初 26年度に実証衛星打ち上げ - 朝日新聞,"Sat, 17 Jan 2026 08:00:00 GMT",https://news.google.com/rss/articles/CBMiZ0FVX3lxTE45OUNkRkZaeXNBaTM4dVZfUU4yMmVQMV91RzhqV2JxU1NnamRlOE5kVXpMWUJScjcxaVQ2MHVVOHMxTHBFNVNKUGtudm1xYk94bE5hOUhrQnJ3MjlHM015dGlSQkl1aUU?oc=5
2026-09-13,その他,A.I,A.I,テーマ関連ニュース,⚪ 監視,10,企業を特定,主要な警戒条件は未検出,未取得,未取得,未取得,未取得,未取得,未取得,未取得,未取得,未取得,未判定,低バリュートラップ条件なし,未判定,要IR確認,未取得,未判定,"A.I. Boom Poses Growing Public Health Threat, Former E.P.A. Officials Warn - The New York Times","A.I. Boom Poses Growing Public Health Threat, Former E.P.A. Officials Warn - The New York Times","Thu, 10 Sep 2026 15:33:29 GMT",https://news.google.com/rss/articles/CBMijAFBVV95cUxNTTVMcG51ZUp1bGJtYnRJRGJKQVNBcVJxYzVfeUJRU1k1Zko0b2ZoTE5RQjZKVTR0Tm9KUDF0bG5BNU1TbHhWUEJyYVc5SnBmNjhTUllBbGIxdVVBbkNZUTRVYmxqMHpZZXBiM0NVLTRmQ0NIc3h1dVhEd1RNaG5YN25JT3N2akx5UUlReQ?oc=5
2026-09-13,その他,E.P,E.P,テーマ関連ニュース,⚪ 監視,10,企業を特定,主要な警戒条件は未検出,未取得,未取得,未取得,未取得,未取得,未取得,未取得,未取得,未取得,未判定,低バリュートラップ条件なし,未判定,要IR確認,未取得,未判定,"A.I. Boom Poses Growing Public Health Threat, Former E.P.A. Officials Warn - The New York Times","A.I. Boom Poses Growing Public Health Threat, Former E.P.A. Officials Warn - The New York Times","Thu, 10 Sep 2026 15:33:29 GMT",https://news.google.com/rss/articles/CBMijAFBVV95cUxNTTVMcG51ZUp1bGJtYnRJRGJKQVNBcVJxYzVfeUJRU1k1Zko0b2ZoTE5RQjZKVTR0Tm9KUDF0bG5BNU1TbHhWUEJyYVc5SnBmNjhTUllBbGIxdVVBbkNZUTRVYmxqMHpZZXBiM0NVLTRmQ0NIc3h1dVhEd1RNaG5YN25JT3N2akx5UUlReQ?oc=5
2026-09-13,その他,NEXT NOTES F-KOSPI200 Inverse ETN,2034.T,テーマ関連ニュース,⚪ 監視,10,企業を特定,主要な警戒条件は未検出,未取得,未取得,未取得,未取得,未取得,未取得,未取得,未取得,未取得,未判定,低バリュートラップ条件なし,未判定,要IR確認,1863～2003円 / 2003～2144円 / 1722～1863円,主要価格帯付近,"Co‑Packaged Optics Market Size, Share | Growth Report [2034] - Fortune Business Insights","Co‑Packaged Optics Market Size, Share | Growth Report [2034] - Fortune Business Insights","Mon, 24 Aug 2026 07:00:00 GMT",https://news.google.com/rss/articles/CBMifEFVX3lxTE5lYWJ4WkhMcmNuendJWTNVNDc4NmplN1NPdnJhX1lyTldEb3lkZTZuS2xmOTVvdlN3TTJPR3hKbXNDeGNCVzV2cmpURWEwM3QxaVRCNkFRbTZneDktU3FDU1FjMDVTLVVub3k5NkJIZEFWdzBlbkRhN0hKcWE?oc=5
2026-09-13,その他,668105,CPO,テーマ関連ニュース,⚪ 監視,10,企業を特定,主要な警戒条件は未検出,未取得,未取得,未取得,未取得,未取得,未取得,未取得,未取得,未取得,未判定,低バリュートラップ条件なし,未判定,要IR確認,未取得,未判定,"[News] Huawei Unveils 7.2Tbps Near-packaged Optics Module, Challenging NVIDIA and Broadcom’s CPO Push - TrendForce","[News] Huawei Unveils 7.2Tbps Near-packaged Optics Module, Challenging NVIDIA and Broadcom’s CPO Push - TrendForce","Fri, 11 Sep 2026 04:19:23 GMT",https://news.google.com/rss/articles/CBMi2AFBVV95cUxPRGEycFhCdVVnR21hc3lvY2VkNk01NjNnc2lLbS0xTjBIcllUaENuaUFLZFdTWVYyU25pOFBhSFEybkRsdk16LWdYRS01cHgxSzMwMGdsdHl1Ukp2X3d1Sm1fNGNLeWwzbVh4TG1veWNzVm9KM0lkYUNWdV93ZXBuQlJQRHJNZmxBaFNEaG1WUHlZWmhpUVJzUXZCLWI4RXhEY091Mmh4b01SWHNmbmFNQXRONVQwbUN1OE4yQkxiZTk4YkdPX1o0bHdGc01SZzQzNnZEV2J5Yk4?oc=5
2026-09-13,その他,NEXT NOTES F-KOSPI200 Inverse ETN,2034.T,テーマ関連ニュース,⚪ 監視,10,企業を特定,主要な警戒条件は未検出,未取得,未取得,未取得,未取得,未取得,未取得,未取得,未取得,未取得,未判定,低バリュートラップ条件なし,未判定,要IR確認,1863～2003円 / 2003～2144円 / 1722～1863円,主要価格帯付近,Co Packaged Optics for AI Infrastructure Market Size [2034] - Fortune Business Insights,Co Packaged Optics for AI Infrastructure Market Size [2034] - Fortune Business Insights,"Mon, 24 Aug 2026 07:00:00 GMT",https://news.google.com/rss/articles/CBMimgFBVV95cUxPRFJUWVhJTVd4YWUwTXhiV1hpWWdKWWJOdGZJVEszSFFEUjBMUHZFc1lMYXVlX1Y5MHdzTW9RSWZ6c3NiYTVfZzZlOEVvWHBGelkyU2pQNmVLVGdmMklkc3ZoU0RiY1k5OS1PTXh2SERtSmlwdE84cjdiVEJUS2RqTGNvZ1JfcVkxS0p2bXE4d09GaUUwdkE3N1N3?oc=5
2026-09-13,その他,NEXT NOTES F-KOSPI200 Inverse ETN,2034.T,テーマ関連ニュース,⚪ 監視,10,企業を特定,主要な警戒条件は未検出,未取得,未取得,未取得,未取得,未取得,未取得,未取得,未取得,未取得,未判定,低バリュートラップ条件なし,未判定,要IR確認,1863～2003円 / 2003～2144円 / 1722～1863円,主要価格帯付近,"Optical IO Semiconductor Market Size, Share & Growth [2034] - Fortune Business Insights","Optical IO Semiconductor Market Size, Share & Growth [2034] - Fortune Business Insights","Fri, 11 Sep 2026 11:52:57 GMT",https://news.google.com/rss/articles/CBMihAFBVV95cUxPdlhCcEE0UDNRSE9IalNHNkRQSzMzS0pMZzMwZzZIOUZ3aWhsdnc2c2NoUC1YWDVZc2Ita1RMWlh5bG1qUG0za3dkbnpUSTlHdk5qM1Q5bDdsWFRUZHVqZktCeS1GNTk2MWpkVkpiSzk0RmdYRjlxZmxrOFRxSHFOcFRQQmc?oc=5
2026-09-13,その他,IO,IO,テーマ関連ニュース,⚪ 監視,10,企業を特定,主要な警戒条件は未検出,未取得,未取得,未取得,未取得,未取得,未取得,未取得,未取得,未取得,未判定,低バリュートラップ条件なし,未判定,要IR確認,未取得,未判定,"Optical IO Semiconductor Market Size, Share & Growth [2034] - Fortune Business Insights","Optical IO Semiconductor Market Size, Share & Growth [2034] - Fortune Business Insights","Fri, 11 Sep 2026 11:52:57 GMT",https://news.google.com/rss/articles/CBMihAFBVV95cUxPdlhCcEE0UDNRSE9IalNHNkRQSzMzS0pMZzMwZzZIOUZ3aWhsdnc2c2NoUC1YWDVZc2Ita1RMWlh5bG1qUG0za3dkbnpUSTlHdk5qM1Q5bDdsWFRUZHVqZktCeS1GNTk2MWpkVkpiSzk0RmdYRjlxZmxrOFRxSHFOcFRQQmc?oc=5
2026-09-13,その他,MIT,MIT,テーマ関連ニュース,⚪ 監視,10,企業を特定,主要な警戒条件は未検出,未取得,未取得,未取得,未取得,未取得,未取得,未取得,未取得,未取得,未判定,低バリュートラップ条件なし,未判定,要IR確認,未取得,未判定,"Fabrication platform could enable flexible, transparent next-generation photonic chips - MIT News","Fabrication platform could enable flexible, transparent next-generation photonic chips - MIT News","Thu, 03 Sep 2026 07:00:00 GMT",https://news.google.com/rss/articles/CBMitwFBVV95cUxQd1BvTE51QUVrQ2E3aS1fVkpWQnlxN01GZUdZbzVmX2d5VHpSV1B0bjhkLVdCS2U4NnZWS1dMcmFkcTQ0V013dXpUS21KS2hFOTVIMENocy01YnpTTDBaM2RZdU5Mb3NQMERUX3hQMUdpSjF1dzJqZEtTME15X2FvUXVEM1RLSVRJMW1FTXNWZ0t0Z3V5Tk1iTDI4T05FSjBPTGFxbkROYnczd3JMV1RNczNhYVhuOVk?oc=5
2026-09-13,その他,U.S,U.S,テーマ関連ニュース,⚪ 監視,10,企業を特定,主要な警戒条件は未検出,未取得,未取得,未取得,未取得,未取得,未取得,未取得,未取得,未取得,未判定,低バリュートラップ条件なし,未判定,要IR確認,未取得,未判定,PsiQuantum Finalizes $100 Million U.S. Department Of Commerce Award - Pulse 2.0,PsiQuantum Finalizes $100 Million U.S. Department Of Commerce Award - Pulse 2.0,"Sat, 12 Sep 2026 20:05:38 GMT",https://news.google.com/rss/articles/CBMijgFBVV95cUxQdjdTM3FqZ2dDYWowVkZaMldRQmRRVnoyZEJoUFg2bG53T29VeHJqWldEcm93eWp3QTRRa1R2cnY1R2xwUVlJalF4cURrYnlyN2dSYmZXMWtCTmhMaGlfR1o5bjRKdDNoSXBiWVIycWZvWnhvNy1ybVJ5a0VxaEM3X0tZelF1cXllNHN5NHh30gGTAUFVX3lxTFAxNFlMaGFkUDNzRldQVHFZM3VyMHFaNUdtTzVYNzJ6eWo0T0NhbUlwYlBIXzRLeFVlX0t0aG84WEt4RW9fU0xkYnZPMHRuLW1CQUZkZ09KUEVUQ1psZ002T2d5cDdadUpfTlljRnBwV3dKbHZXVE00bzlXV2RiQmlWWnVCSnpaY2JsWllWakN0clBzYw?oc=5
2026-09-13,その他,NLM,NLM,テーマ関連ニュース,⚪ 監視,10,企業を特定,主要な警戒条件は未検出,未取得,未取得,未取得,未取得,未取得,未取得,未取得,未取得,未取得,未判定,低バリュートラップ条件なし,未判定,要IR確認,未取得,未判定,NLM Photonics adds key investors in quest to reduce the power needed to move data between chips - geekwire.com,NLM Photonics adds key investors in quest to reduce the power needed to move data between chips - geekwire.com,"Wed, 09 Sep 2026 20:17:47 GMT",https://news.google.com/rss/articles/CBMixAFBVV95cUxOZmtUNjM1aXRtakY1dW9hV2I0MGY3WjBSQ3FGQkFqZFh3aFdHdGpxdTNLNmp0NXhZdzU5TFY4RHotM2RGMjN3ZEJjd3RVVVgxYlRRck9RVThVNG9HUGNWOE1NMDFtSFNCb0l5LTNMclVmMHE5Nm5uS2k2cUlGWFNvUHg4UmJuV3VaNTU1MmVWNXRCU2pRa28zSjljYWJFbV9zamk2U0JpVk40YWVsUkhCMHlUQnJZb2ttdUVXUWZtQjNiNWtu?oc=5
2026-09-13,その他,CIOE,CIOE,テーマ関連ニュース,⚪ 監視,10,企業を特定,主要な警戒条件は未検出,未取得,未取得,未取得,未取得,未取得,未取得,未取得,未取得,未取得,未判定,低バリュートラップ条件なし,未判定,要IR確認,未取得,未判定,CIOE reflects industry shift to HPC and AI - electronicsweekly.com,CIOE reflects industry shift to HPC and AI - electronicsweekly.com,"Fri, 11 Sep 2026 09:00:24 GMT",https://news.google.com/rss/articles/CBMilAFBVV95cUxNNHRHTGotdDFjYjdIUHBYbE9MdXNEUUNlUm5Sb3NVdGR2Y2g5dVFkeXJnOWVDOU5UdHVaMWw3MjhBQThlNnptaFNFbS1TcThySjJsLVQtOHNoVmVfUDJQdjZiSXNIMTFqUzRQT3AyNXltclZ0TUE5MFM3VXlfTDNvV0NoOE9FT255dHRuNXVycllyd0RD?oc=5
2026-09-13,その他,641804,HPC,テーマ関連ニュース,⚪ 監視,10,企業を特定,主要な警戒条件は未検出,未取得,未取得,未取得,未取得,未取得,未取得,未取得,未取得,未取得,未判定,低バリュートラップ条件なし,未判定,要IR確認,未取得,未判定,CIOE reflects industry shift to HPC and AI - electronicsweekly.com,CIOE reflects industry shift to HPC and AI - electronicsweekly.com,"Fri, 11 Sep 2026 09:00:24 GMT",https://news.google.com/rss/articles/CBMilAFBVV95cUxNNHRHTGotdDFjYjdIUHBYbE9MdXNEUUNlUm5Sb3NVdGR2Y2g5dVFkeXJnOWVDOU5UdHVaMWw3MjhBQThlNnptaFNFbS1TcThySjJsLVQtOHNoVmVfUDJQdjZiSXNIMTFqUzRQT3AyNXltclZ0TUE5MFM3VXlfTDNvV0NoOE9FT255dHRuNXVycllyd0RD?oc=5
2026-09-13,その他,2026,2026.T,テーマ関連ニュース,⚪ 監視,10,企業を特定,主要な警戒条件は未検出,未取得,未取得,未取得,未取得,未取得,未取得,未取得,未取得,未取得,未判定,低バリュートラップ条件なし,未判定,要IR確認,未取得,未判定,"Integrated Photonics Firm iPronics Raises $125M, Secures NVIDIA Backing | Business | Sep 2026 - photonics.com","Integrated Photonics Firm iPronics Raises $125M, Secures NVIDIA Backing | Business | Sep 2026 - photonics.com","Wed, 02 Sep 2026 15:26:59 GMT",https://news.google.com/rss/articles/CBMikgFBVV95cUxOR21kOEctMmRYblRPYlpjaWE5dnFjVnk2ZnJ0NlJRWEJMUHprQXZBYnZiOS1tQWh0emRaWW1oWElsb3plZEhjTFdTWUVlWktGcXdkZDU2MXpDaEg2dHpjQkYtVXFzY3ctMUkxdU1LRG9SMFQ5clIxZ2U5MFl6VVV2OEhuZXQ5aUF1cXhBV1JVaTlBZw?oc=5
2026-09-13,その他,NEXT NOTES F-KOSPI200 Inverse ETN,2034.T,テーマ関連ニュース,⚪ 監視,10,企業を特定,主要な警戒条件は未検出,未取得,未取得,未取得,未取得,未取得,未取得,未取得,未取得,未取得,未判定,低バリュートラップ条件なし,未判定,要IR確認,1863～2003円 / 2003～2144円 / 1722～1863円,主要価格帯付近,光トランシーバ市場規模、シェア、動向 |予報 [2034] - Fortune Business Insights,光トランシーバ市場規模、シェア、動向 |予報 [2034] - Fortune Business Insights,"Mon, 24 Aug 2026 07:00:00 GMT",https://news.google.com/rss/articles/CBMiywFBVV95cUxOQ2x6OTZka3RocjZ3enVFX2plQnVSVVVBVEZmYmN5Q2IwRi15QUFIVVZpUjNFRmhHSkhMYVp6NGJkbW9nckE5cHNJZ3ZOeW9TeFJNZ2RHUWhmSG9lMTlrTjhPR01Qdk5pTW1KT1hmcE1OY2hKRUstRWRCQzJ4bHNsVFlsTW5qeUtlUkJ5c0ozOEtWbEVac2FCdEVncldrSWZOcW0zUkdyUF9LSG9zcmplZmlVYmMzRkdodjhxdVpxWmNZUUZjdEN3bmV5dw?oc=5
2026-09-13,その他,FAW,FAW,テーマ関連ニュース,⚪ 監視,10,企業を特定,主要な警戒条件は未検出,未取得,未取得,未取得,未取得,未取得,未取得,未取得,未取得,未取得,未判定,低バリュートラップ条件なし,未判定,要IR確認,未取得,未判定,"Shell, FAW test immersion-cooled batteries to improve truck performance - FreightWaves","Shell, FAW test immersion-cooled batteries to improve truck performance - FreightWaves","Fri, 11 Sep 2026 15:46:58 GMT",https://news.google.com/rss/articles/CBMipwFBVV95cUxNZHFOQXBHaE96Um9VWWF3bFpmVjhiLWdxLVBPRzIxOE1KcHdnd1Q5RGNzRWZxaEVyMXZWTi1PeGZKeDJzdXBJN1g4VGVHUU9NQUdTS3lRc2lUak9ZNlUwVkdLQXRLLUJ6Vnh0RF9KWW5xYUtLcWthSEE0NWVEdF9aWGZFYjFaTDRiNWhiUlBkb0g1Z2pmVGZ6NGQxdVNVYmI4ajJGVzlpbw?oc=5
2026-09-13,その他,NEXT NOTES Nikkei 225 VI Futures Index ETN,2035.T,テーマ関連ニュース,⚪ 監視,10,企業を特定,主要な警戒条件は未検出,未取得,未取得,未取得,未取得,未取得,未取得,未取得,未取得,未取得,未判定,低バリュートラップ条件なし,未判定,要IR確認,未取得,未判定,絶縁性冷却液濃縮物市場2035年予測：浸漬冷却需要が成長を牽引 - ニュースと統計 - IndexBox,絶縁性冷却液濃縮物市場2035年予測：浸漬冷却需要が成長を牽引 - ニュースと統計 - IndexBox,"Thu, 10 Sep 2026 20:56:18 GMT",https://news.google.com/rss/articles/CBMiyAFBVV95cUxPOVl3Q05GWHp1OWFyNWdzdXY5TnIxZkxtLVQyYXJPVTBmbkh5cDhXeWxpckFJU3NOeVhTMkFqMERkR3hMZjBWa2JrVFFUVUdtdThpMnJLTGo1bTh3Y1IzczhmUWlXTkZZWFV0OF9qaFhReGQxdHNkYkEwbmIxaE4yMV9lUTBFNVYzNi1TTktGSGppUXBiSmI2TG1MbFlTTFV0YzBXZ01INEZuQXRpdUJ6aGctYlJiLXVCNzhPV0RkcHFTTTM3UlJPdQ?oc=5
2026-09-13,その他,2026,2026.T,テーマ関連ニュース,⚪ 監視,10,企業を特定,主要な警戒条件は未検出,未取得,未取得,未取得,未取得,未取得,未取得,未取得,未取得,未取得,未判定,低バリュートラップ条件なし,未判定,要IR確認,未取得,未判定,ウェハ裏面冷却システムの世界市場（2026年～2032年）、市場規模（脱イオン水（DIW）、フッ素系流体、ヘリウムガス）・分析レポートを発表 - Newscast.jp,ウェハ裏面冷却システムの世界市場（2026年～2032年）、市場規模（脱イオン水（DIW）、フッ素系流体、ヘリウムガス）・分析レポートを発表 - Newscast.jp,"Mon, 15 Jun 2026 07:00:00 GMT",https://news.google.com/rss/articles/CBMiR0FVX3lxTFBRY0pKeDFHODBNOUdLMWNkTU1SNHBwUHlaeE5jMDRvRjhGdUg1QzNEdGxST3NMcE9iRGNoUUdHZnlsUkZ2SE1j?oc=5
2026-09-13,その他,NEXT NOTES HSI Short ETN,2032.T,テーマ関連ニュース,⚪ 監視,10,企業を特定,主要な警戒条件は未検出,未取得,未取得,未取得,未取得,未取得,未取得,未取得,未取得,未取得,未判定,低バリュートラップ条件なし,未判定,要IR確認,未取得,未判定,ウェハ裏面冷却システムの世界市場（2026年～2032年）、市場規模（脱イオン水（DIW）、フッ素系流体、ヘリウムガス）・分析レポートを発表 - Newscast.jp,ウェハ裏面冷却システムの世界市場（2026年～2032年）、市場規模（脱イオン水（DIW）、フッ素系流体、ヘリウムガス）・分析レポートを発表 - Newscast.jp,"Mon, 15 Jun 2026 07:00:00 GMT",https://news.google.com/rss/articles/CBMiR0FVX3lxTFBRY0pKeDFHODBNOUdLMWNkTU1SNHBwUHlaeE5jMDRvRjhGdUg1QzNEdGxST3NMcE9iRGNoUUdHZnlsUkZ2SE1j?oc=5
2026-09-13,その他,2026,2026.T,テーマ関連ニュース,⚪ 監視,10,企業を特定,主要な警戒条件は未検出,未取得,未取得,未取得,未取得,未取得,未取得,未取得,未取得,未取得,未判定,低バリュートラップ条件なし,未判定,要IR確認,未取得,未判定,グローバルペルチェ電子冷却器市場：投資機会、企業ランキング、売上比較2026 - Newscast.jp,グローバルペルチェ電子冷却器市場：投資機会、企業ランキング、売上比較2026 - Newscast.jp,"Mon, 09 Feb 2026 08:00:00 GMT",https://news.google.com/rss/articles/CBMiR0FVX3lxTE1Yc2R5azRXQXJBOWVVLU9JUDR1eHlyOVhjOXlDLVNaV05lSUpjeHcyWk11a0xDXzdDbnBLVmwyZ1dFQUxVYWNn?oc=5
2026-09-13,その他,PowerShares Dynamic Small Cap,PJM,テーマ関連ニュース,⚪ 監視,10,企業を特定,主要な警戒条件は未検出,未取得,未取得,未取得,未取得,未取得,未取得,未取得,未取得,未取得,未判定,低バリュートラップ条件なし,未判定,要IR確認,未取得,未判定,PJM targets data centre demand with 6GW backstop auction; BESS expected to have competitive edge - Energy-Storage.News,PJM targets data centre demand with 6GW backstop auction; BESS expected to have competitive edge - Energy-Storage.News,"Tue, 08 Sep 2026 11:01:36 GMT",https://news.google.com/rss/articles/CBMixwFBVV95cUxNeC1aNXJIdGtGYVZpN1FHa0Z1NWNGNXRZUHU4bkZpU1RzNWVCRzA4WlgyOWkzcU4yOGMxaGNSWDQyTUVjTURxMmxKTWxUZ0EwdFQ4ZjdINldzNmc3M18yaWZjbnBvVzJaVTlQcmk4eFVRTUthd2dYa0pTV1dBblZiRXM4OUFBUENyS19RTnE0M3RxMEp2VWtYNjdBNDdGejBYeFRmcmJzYVdOek15bW9aMXMyV0J0U3BQQW5ZdVoyRW9sX1NlZkNF?oc=5
2026-09-13,その他,U.S,U.S,テーマ関連ニュース,⚪ 監視,10,企業を特定,主要な警戒条件は未検出,未取得,未取得,未取得,未取得,未取得,未取得,未取得,未取得,未取得,未判定,低バリュートラップ条件なし,未判定,要IR確認,未取得,未判定,Norwegian energy company's biggest U.S. battery project is online in Texas - San Antonio Express-News,Norwegian energy company's biggest U.S. battery project is online in Texas - San Antonio Express-News,"Thu, 10 Sep 2026 09:17:15 GMT",https://news.google.com/rss/articles/CBMipgFBVV95cUxNbHplU2xDdzVGRUtXeWkxdG1meThjZ3NCNG1UbFduTW5HVG1LNnkzbV80WldHZGdVYkxfc21NSnBaOG1tUDV5THlpalo4cDFhUFFVVzRxWVM4SVV3ZktqUl9QM1czUlNGX00xWFVUWnhtaS1iUHJqMWNUT2hpdkRGYUJTTmVybGVHUkN3d19iemVxazUzSjZDU1BiV29wUjRzTF9PZ09B?oc=5
2026-09-13,その他,NEXT NOTES HSI Leveraged ETN,2031.T,テーマ関連ニュース,⚪ 監視,10,企業を特定,主要な警戒条件は未検出,未取得,未取得,未取得,未取得,未取得,未取得,未取得,未取得,未取得,未判定,低バリュートラップ条件なし,未判定,要IR確認,未取得,未判定,グリッド規模バッテリーの日本市場（～2031年）、市場規模（鉛酸、ナトリウム系、レドックスフロー）・分析レポートを発表 - Newscast.jp,グリッド規模バッテリーの日本市場（～2031年）、市場規模（鉛酸、ナトリウム系、レドックスフロー）・分析レポートを発表 - Newscast.jp,"Wed, 01 Apr 2026 07:00:00 GMT",https://news.google.com/rss/articles/CBMiT0FVX3lxTE9Qenk3eVE0VTdyRHpPSkxvODBnT3RaRzNrMmtyTVlzZUx3VEd6TnNzbk5wS2t0dFRxa25hdlhVSDhVY2dFc2FiVjYzRzltQnM?oc=5
2026-09-13,その他,KPCA,KPCA,テーマ関連ニュース,⚪ 監視,10,企業を特定,主要な警戒条件は未検出,未取得,未取得,未取得,未取得,未取得,未取得,未取得,未取得,未取得,未判定,低バリュートラップ条件なし,未判定,要IR確認,未取得,未判定,KPCA Takes Students to Taiwan for Advanced Semiconductor Packaging Training - thelec.net,KPCA Takes Students to Taiwan for Advanced Semiconductor Packaging Training - thelec.net,"Tue, 08 Sep 2026 10:41:45 GMT",https://news.google.com/rss/articles/CBMiZ0FVX3lxTE1ubEdlbnBtaEg2T0VhaWNiMUtrWHNLemJpdVRQOWppOHAzTDAtWm4wZUR2NXJVZ2txX19tX2UtaUNpUWgyRTlSd3NFdDdWTTM1aEp5cmNweElhRm1LQkdOWG9RMkl3ZDQ?oc=5
2026-09-13,その他,ISC,ISC,テーマ関連ニュース,⚪ 監視,10,企業を特定,主要な警戒条件は未検出,未取得,未取得,未取得,未取得,未取得,未取得,未取得,未取得,未取得,未判定,低バリュートラップ条件なし,未判定,要IR確認,未取得,未判定,ISC Unveils Modular Test Socket for Ultra-Large Semiconductor Packages - thelec.net,ISC Unveils Modular Test Socket for Ultra-Large Semiconductor Packages - thelec.net,"Sat, 12 Sep 2026 23:25:57 GMT",https://news.google.com/rss/articles/CBMiZ0FVX3lxTE13NGlRZDdJWGhlb2Y3cUxNeHB0WUJneXBsVFIwVkx1MmJsQVRKLV9xSXRhdVVoaWxoX0tfQk9UMUJFS1RPSkFyVDlRbGJaeW5XM3o2czhZdHc3SHI1UFRvT3JQejVkTHc?oc=5
2026-09-13,その他,STAR,STAR,テーマ関連ニュース,⚪ 監視,10,企業を特定,主要な警戒条件は未検出,未取得,未取得,未取得,未取得,未取得,未取得,未取得,未取得,未取得,未判定,低バリュートラップ条件なし,未判定,要IR確認,未取得,未判定,Synopsys and A*STAR IME Join Forces to Accelerate Innovation for Advanced Semiconductor Packaging - Bisinfotech,Synopsys and A*STAR IME Join Forces to Accelerate Innovation for Advanced Semiconductor Packaging - Bisinfotech,"Wed, 09 Sep 2026 05:36:39 GMT",https://news.google.com/rss/articles/CBMixAFBVV95cUxQUmZCUnRILWNlRnMwLU5kNVFBMlRnSkZ3X2pIbUg5R05Db2x3QjNEUnRpckVDTzdrbm1JUlQyQmgzb01fYjlqQld5T1o0MEswbmlBTE5GaHlRVHY1QTVTb3ZraTlWWWdVZWZQTzRVdWQ3SjFLOER4TTZjTDNPY2lxM3B4YU5TNjMyNlFidWxDWlZMSHRpVm1lWWdLNWI0SkdZQ1MxTmhUZk9EVDc5cklnWkNBSW5fSzl6bWVZNTZ5enZ6RmRq?oc=5
2026-09-13,その他,LEAP,LEAP,テーマ関連ニュース,⚪ 監視,10,企業を特定,主要な警戒条件は未検出,未取得,未取得,未取得,未取得,未取得,未取得,未取得,未取得,未取得,未判定,低バリュートラップ条件なし,未判定,要IR確認,未取得,未判定,Can Strong LEAP Momentum Boost ASE Technology's Long-Term Growth? - TradingView,Can Strong LEAP Momentum Boost ASE Technology's Long-Term Growth? - TradingView,"Thu, 10 Sep 2026 14:21:00 GMT",https://news.google.com/rss/articles/CBMivAFBVV95cUxNMHNYMkpjMnhVbnhiZEtvZm55V1FnV09MZ1VWT2dhZmZIMkN5YkRoZzhCQTBkTW5mdEl0Z2NDT3NpTTJLR21IWGg4MGRLVnUyZUtmRWhXR2NQVVFCWkhPTG9OX0h4Q0lBYnlacVlxZ1hhTnVwWEVacVBkTE94S2RsWTJ2d1M5M3BKUE5qVWRVNGxpWHQzb1NYQnVhaWJmN3gxS1IxYUlKV3cwM0hjcG5Qa1doLUFPeFRCTWl1dA?oc=5
2026-09-13,その他,ASE,ASE,テーマ関連ニュース,⚪ 監視,10,企業を特定,主要な警戒条件は未検出,未取得,未取得,未取得,未取得,未取得,未取得,未取得,未取得,未取得,未判定,低バリュートラップ条件なし,未判定,要IR確認,未取得,未判定,Can Strong LEAP Momentum Boost ASE Technology's Long-Term Growth? - TradingView,Can Strong LEAP Momentum Boost ASE Technology's Long-Term Growth? - TradingView,"Thu, 10 Sep 2026 14:21:00 GMT",https://news.google.com/rss/articles/CBMivAFBVV95cUxNMHNYMkpjMnhVbnhiZEtvZm55V1FnV09MZ1VWT2dhZmZIMkN5YkRoZzhCQTBkTW5mdEl0Z2NDT3NpTTJLR21IWGg4MGRLVnUyZUtmRWhXR2NQVVFCWkhPTG9OX0h4Q0lBYnlacVlxZ1hhTnVwWEVacVBkTE94S2RsWTJ2d1M5M3BKUE5qVWRVNGxpWHQzb1NYQnVhaWJmN3gxS1IxYUlKV3cwM0hjcG5Qa1doLUFPeFRCTWl1dA?oc=5
2026-09-13,その他,2026,2026.T,テーマ関連ニュース,⚪ 監視,10,企業を特定,主要な警戒条件は未検出,未取得,未取得,未取得,未取得,未取得,未取得,未取得,未取得,未取得,未判定,低バリュートラップ条件なし,未判定,要IR確認,未取得,未判定,Rebellions: The Korean Company to Watch in 2026? - allaboutcircuits.com,Rebellions: The Korean Company to Watch in 2026? - allaboutcircuits.com,"Mon, 27 Apr 2026 07:00:00 GMT",https://news.google.com/rss/articles/CBMijgFBVV95cUxQc2xwdVE5c1hZS0VOZ0NaU2hQMG00T1NhbEFPOHNQME9hZTJQOGxPZmlKR2ZZelNYd0Y0VTFyY0NBSjF0bkQwZnZLWWd6a183SUJiQThTWWY3cGMtcUZmZE41V2hDMm1pS21WNk1XMnp3VjBGMDJuUmZ1YUF5bWQwT0pOWUJDSzRPcGlPaWp3?oc=5
2026-09-13,その他,MTIA,MTIA,テーマ関連ニュース,⚪ 監視,10,企業を特定,主要な警戒条件は未検出,未取得,未取得,未取得,未取得,未取得,未取得,未取得,未取得,未取得,未判定,低バリュートラップ条件なし,未判定,要IR確認,未取得,未判定,Meta expands AI infrastructure with MTIA custom silicon for GenAI and ranking tasks - FoneArena.com,Meta expands AI infrastructure with MTIA custom silicon for GenAI and ranking tasks - FoneArena.com,"Thu, 12 Mar 2026 07:00:00 GMT",https://news.google.com/rss/articles/CBMijgFBVV95cUxNbllQYTZEUklMRE1COWt1RnhVZlNuSl9lU3hGMmRjcC1TSGRVSmRvaFlIMTlxU3hLY21FTkxXZFlrbXl0dmJkbW5oSkRreG95b29zQV9DX2FvNmVqUnN5bUUydks2RUhMVzFJS29LSTdIYnpMUEJJOXNDQnE3b1JrbW5EQVo5dkNJSGtHUndR0gGTAUFVX3lxTFBkendVdzBxYk9TSVJYZGVjMGZuQkJwR1lOanRFazh1THhfSEdRQ0V5d3pZMDJEWUNoeUpHNlI4Szl4ejIwNTBDNUhpclBTampzRV9YbUtRaGdiam5XQjA3UFJ3YWNCZk9hT2dDdVp0RExHb18teE5ybVNmNVJrZVRnSDMzSjZBQS02N0JtOXYzaGJGaw?oc=5
2026-09-13,その他,IEEE,IEEE,テーマ関連ニュース,⚪ 監視,10,企業を特定,主要な警戒条件は未検出,未取得,未取得,未取得,未取得,未取得,未取得,未取得,未取得,未取得,未判定,低バリュートラップ条件なし,未判定,要IR確認,未取得,未判定,The Real Cost Of Cooling GPUs In Space Might Shock You - IEEE Spectrum,The Real Cost Of Cooling GPUs In Space Might Shock You - IEEE Spectrum,"Thu, 11 Jun 2026 07:00:00 GMT",https://news.google.com/rss/articles/CBMiYEFVX3lxTFA0QnJCcEJMUHBMa1QxWWZUVUJweHFqbXFndEVJTnNGVDFXUFNpbkotblVEWHY4VTE1dTdTZGVqVlR5T0ozVE4xZGQ0cFd0LWwycmFaSVJvVzM0eW1YanhYNQ?oc=5
2026-09-13,その他,1901782,GW,テーマ関連ニュース,⚪ 監視,10,企業を特定,主要な警戒条件は未検出,未取得,未取得,未取得,未取得,未取得,未取得,未取得,未取得,未取得,未判定,低バリュートラップ条件なし,未判定,要IR確認,未取得,未判定,"SpaceX plans to deploy 1 GW of computing capacity in space next year, prompting the server rack and optical communications supply chain to spring into action. - 富途牛牛","SpaceX plans to deploy 1 GW of computing capacity in space next year, prompting the server rack and optical communications supply chain to spring into action. - 富途牛牛","Sun, 14 Jun 2026 07:00:00 GMT",https://news.google.com/rss/articles/CBMimAFBVV95cUxPRXk0QXZRU0ZkSUZQQXRHWjRKOHR0NnNNbzVLTmtXQ2czb2ZSaU50U3R6WDFYMDNNb2JnLXQzTkVjbUVGeE1lWTFFY1h1aE43WUg4X0JYN1d4aWJ4WjZTd3l3aGdLbFpjSXpoTHlPZW5Rc082YXBzTjdiU3FlWUo2ZVZDMHBiRTVJSDhza1JIVzhGY0JWMEs2eA?oc=5
2026-09-13,その他,FOPLP,FOPLP,テーマ関連ニュース,⚪ 監視,10,企業を特定,主要な警戒条件は未検出,未取得,未取得,未取得,未取得,未取得,未取得,未取得,未取得,未取得,未判定,低バリュートラップ条件なし,未判定,要IR確認,未取得,未判定,Rewiring Taiwan’s Display Industry: From FOPLP to Satellite Connectivity and the Micro-LED CPO Shift - semivision,Rewiring Taiwan’s Display Industry: From FOPLP to Satellite Connectivity and the Micro-LED CPO Shift - semivision,"Fri, 20 Mar 2026 07:00:00 GMT",https://news.google.com/rss/articles/CBMif0FVX3lxTE5mUnk3MDlFZ1JidzVpdFRUcHdGaUFEVlNWeHp2RHlMSnZDX1ExalBlSmZQU1ZSYXNva3JfSlJiTzUxVjRUTUpmYUdVdl82SnUzbm9NVEVPREF5RkJ6RHY4RHpzQ3dNZk9HYlM5dEtXU1IyU1RFM01JdE9jOXN1MTA?oc=5
2026-09-13,その他,First Trust Large Cap Growth AlphaDEX Fund,FTC,テーマ関連ニュース,⚪ 監視,10,企業を特定,主要な警戒条件は未検出,30.099928,未取得,未取得,未取得,未取得,未取得,未取得,未取得,未取得,未判定,低バリュートラップ条件なし,未判定,要IR確認,130～131円 / 144～145円 / 162～163円,主要価格帯付近,"Musk’s Acquisition of Optical Module Maker Mesh Wins FTC Clearance, SpaceX’s Computing Power Footprint Expands Further - TradingKey","Musk’s Acquisition of Optical Module Maker Mesh Wins FTC Clearance, SpaceX’s Computing Power Footprint Expands Further - TradingKey","Sun, 28 Jun 2026 07:00:00 GMT",https://news.google.com/rss/articles/CBMitgFBVV95cUxNNXlNOXhoeE9uTldNbkJheG5VdzZVSEl4aGdqbWVFbldJN0Y1N0JxUkZodm50cDZJOWtkcGZ6SjZVOUlYSzZFM2lxS2NIRjdkdmxlNVpYTzBQMWxNQ3VkYmx5WXJ0YUNHMkJ2Rm5HcGxCMlhjVnRlMkxpbGNfdEJlU1I5a1lhNXVRVDIwZjRPZ2VOellfOE9JSF9uaU9oUTNKRFdqbUo4Y2FGX29XbGZSekVxTURHUQ?oc=5
2026-09-13,その他,2026,2026.T,テーマ関連ニュース,⚪ 監視,10,企業を特定,主要な警戒条件は未検出,未取得,未取得,未取得,未取得,未取得,未取得,未取得,未取得,未取得,未判定,低バリュートラップ条件なし,未判定,要IR確認,未取得,未判定,Discover the Top 10 Satellite Industry Trends [2026] - StartUs Insights,Discover the Top 10 Satellite Industry Trends [2026] - StartUs Insights,"Fri, 16 Jan 2026 08:00:00 GMT",https://news.google.com/rss/articles/CBMiggFBVV95cUxQbmluQjdCcFNOUjFyWU9NTmZMNmhKQ24zWFRsNWpzeVdKcEh3M0pUb2xqUktSYlk3RWhNUTBaaG1nYTVBNE1zTzk4dzJzOHNGZk1yR2VUTDg3SjlaaTFuVkVLWUotQXdBMm5lX2VBNDBLdnI0VHJGOGhWS0M2RTdHY3J3?oc=5
2026-09-13,その他,193502,NTT,テーマ関連ニュース,⚪ 監視,10,企業を特定,主要な警戒条件は未検出,未取得,未取得,未取得,未取得,未取得,未取得,未取得,未取得,未取得,未判定,低バリュートラップ条件なし,未判定,要IR確認,未取得,未判定,Mbryonics and NTT to Collaborate on Optical Communications Infrastructure - satellitetoday.com,Mbryonics and NTT to Collaborate on Optical Communications Infrastructure - satellitetoday.com,"Thu, 04 Jun 2026 07:00:00 GMT",https://news.google.com/rss/articles/CBMixgFBVV95cUxNQVdJUUQ3RnlQaFBBa1RnaHE5d19uOTR3dnhVQlRtM0lJVlVnQ2pISENoMmRPa3hQVWYtcHBpcUhmWVYzZGFmUXJBdGJ4MUF1QlZYLTlyWTViRHprNlJHRmx2dTRFeFZuX3BKcDhYaThqblFka2ZGdU93ZGNvZE82WmdCeDJGYXkxS0ZGbE5JQkY2d1dWSF9PeVVkU2E0X2lvNnhwMzE3aUVHX3NFSnMtVmVSN2diOEg1NUtGTVJUR0RYUEs2S2c?oc=5
2026-09-13,その他,2026,2026.T,テーマ関連ニュース,⚪ 監視,10,企業を特定,主要な警戒条件は未検出,未取得,未取得,未取得,未取得,未取得,未取得,未取得,未取得,未取得,未判定,低バリュートラップ条件なし,未判定,要IR確認,未取得,未判定,Space & Satellite Exchange 2026: NASA’s Nikki Desch on the future of laser communications - Federal News Network,Space & Satellite Exchange 2026: NASA’s Nikki Desch on the future of laser communications - Federal News Network,"Fri, 31 Jul 2026 07:00:00 GMT",https://news.google.com/rss/articles/CBMi2gFBVV95cUxOT3F0MlMzWWg1dmllYnZqWFZsM0o4dnRTU0pqYXVyVTR4QVkxeEFlSW94TXJZTXpZcVBETUdLazlveFlGamx4Sm1aczR0dnVZREV6dmJ5SGxleHF4YnJDczByVXJkX3RLY1dTT2RhWEhOOXo3RVZKWUZzTHlWT0trcHpZOF9sSndFWVdVb21KdE91cDNrVjh4dk1GQ0dMcEZKRU4yTjlkT2VPX1RWeE1vTnVDN1gzd0NqbnROUER0dkYtd3BYVDBVVDJ2dFhYZXBic2xydUc0X0JwUQ?oc=5
2026-09-13,その他,ESA,ESA,テーマ関連ニュース,⚪ 監視,10,企業を特定,主要な警戒条件は未検出,未取得,未取得,未取得,未取得,未取得,未取得,未取得,未取得,未取得,未判定,低バリュートラップ条件なし,未判定,要IR確認,未取得,未判定,Inverse design of nanostructured optical solar reflectors | ACT of ESA - European Space Agency,Inverse design of nanostructured optical solar reflectors | ACT of ESA - European Space Agency,"Thu, 04 Feb 2021 08:00:00 GMT",https://news.google.com/rss/articles/CBMickFVX3lxTE1FTkFHWmNSQ0JldFlpZ25pd21WdlVwY2tTeTd1UFBVUUJ2bTVac3FHY2FyUUgybXE2bC1sNXZia19JN0FfWFVjTDBEb3lRTEN3aF9tUjRSWDRyRE5CN2ZiV2Z5QzM1MlJqeUtpcC1tM3dGUQ?oc=5
2026-09-13,その他,2020,2020.T,テーマ関連ニュース,⚪ 監視,10,企業を特定,主要な警戒条件は未検出,未取得,未取得,未取得,未取得,未取得,未取得,未取得,未取得,未取得,未判定,低バリュートラップ条件なし,未判定,要IR確認,未取得,未判定,Thermal control solution for active phased array satellite antenna | IMPACTA Project | Results in Brief | H2020 - CORDIS | European Commission,Thermal control solution for active phased array satellite antenna | IMPACTA Project | Results in Brief | H2020 - CORDIS | European Commission,"Fri, 03 Mar 2023 08:00:00 GMT",https://news.google.com/rss/articles/CBMirgFBVV95cUxNbzdONG1DNUp5NUh5RXp4ZWRqWVd3YWpESFN2NnphcVNCNWRZa2RVU0VncGk0YTVxeTBXU3E0dThGNlJ1dHAzX09JTGRSM1dPVDlmUXZtWTZrMFh4T0NFWkJFd203WmRGNF9jS19fT3dsZFRZQ2ZLQVZGdU5pMzFnZUhjS1hoTXdvVTJueHdZTDFNNE00UzFVQ1dpalVNVGZhdkF1MHZieUs5QVVVX1E?oc=5
2026-09-13,その他,ASCII,ASCII,テーマ関連ニュース,⚪ 監視,10,企業を特定,主要な警戒条件は未検出,未取得,未取得,未取得,未取得,未取得,未取得,未取得,未取得,未取得,未判定,低バリュートラップ条件なし,未判定,要IR確認,未取得,未判定,ASRock、次世代AIO水冷CPUクーラーをフルラインアップ展開 幅広い用途に対応 - ASCII.jp,ASRock、次世代AIO水冷CPUクーラーをフルラインアップ展開 幅広い用途に対応 - ASCII.jp,"Wed, 07 Jan 2026 08:00:00 GMT",https://news.google.com/rss/articles/CBMiVEFVX3lxTE4tdUp1RDJFMlpHS1ZUN2FGSGFfTkdldmNZOXBkMm9fNVhIXzRvT0gwSkVFZkRoZkh5T3VTcTFOSHE5QW91d1JzUUozQXo3TDB6aFhKRw?oc=5
2026-09-13,その他,DRONE,DRONE,テーマ関連ニュース,⚪ 監視,10,企業を特定,主要な警戒条件は未検出,未取得,未取得,未取得,未取得,未取得,未取得,未取得,未取得,未取得,未判定,低バリュートラップ条件なし,未判定,要IR確認,未取得,未判定,NASA、原子力電気推進技術を推進。火星への往復輸送がわずか2年で可能に。 - DRONE.jp,NASA、原子力電気推進技術を推進。火星への往復輸送がわずか2年で可能に。 - DRONE.jp,"Mon, 13 Jan 2025 08:00:00 GMT",https://news.google.com/rss/articles/CBMiW0FVX3lxTFBDQ2x1Q1ZNQ3hnYTZRLW0tUUdHVHpTQmlJalRnZjRFYmNDaEwyWmVob1ZfV3B0SHpvbnhYM295bkFBNW1WNkU2MTdRT24wRl9YSko4UVFKWHA3ODg?oc=5
2026-09-13,その他,ELEMENTS Dogs of the Dow Linked to the Dow Jones High Yield Select 10 Total Return Index,DOD,テーマ関連ニュース,⚪ 監視,10,企業を特定,主要な警戒条件は未検出,未取得,未取得,未取得,未取得,未取得,未取得,未取得,未取得,未取得,未判定,低バリュートラップ条件なし,未判定,要IR確認,未取得,未判定,DOE & DOD New and Large Investments in Space-Based Solar Signal a New Energy Era - Newswire.com,DOE & DOD New and Large Investments in Space-Based Solar Signal a New Energy Era - Newswire.com,"Wed, 09 Sep 2026 10:00:00 GMT",https://news.google.com/rss/articles/CBMirAFBVV95cUxPRmRVajRxX3NydlFRWUtmVkZUbzlVaUR4YWFjSnB0M202c01YZHBtVXhqQzkyUzVINGZWTEMtS0JmdVM1MlJCSW9BSEk3dy1pTGFnR3lkNllJR19WTVdIMWVBcjI3TzlLbHhpd3NPZHJBbFV6c2RSNGQxQ01pVUNLSnFPMUpJYkxaazZvWEo3dzUwSjRIdnc0X05FTEZSWkZiTTRCbjVKV3o0OWZq?oc=5
2026-09-13,AIデータセンター,"NACCO Industries, Inc.",NC,テーマ関連ニュース,⚪ 監視,3,成長テーマとの関連 / 企業を特定 / 売上成長が強い / 営業CFプラス,営業利益成長悪化 / EPS成長悪化 / バリュートラップ警戒,17.336245,0.68694633,-47.91499955543701,16.6128190889663,-5.418317408529482,5090.9万,4.0710002,未取得,3.0億,要確認,警戒,低,還元水準は比較的高い,36～37円 / 42～42円 / 49～49円,主要価格帯付近,America’s Data Center Boom Puts New Pressure on Local Water Resources - NC State University,America’s Data Center Boom Puts New Pressure on Local Water Resources - NC State University,"Thu, 03 Sep 2026 07:00:00 GMT",https://news.google.com/rss/articles/CBMidkFVX3lxTE5VV2pKcE03Y2lickNTdUh5M2Vha3dna3N4SGZpT2t4VUE5ZG5XeklrazliV0luRnFQbV9nTXBkSEREWENxM2pEYlhlb2NBLVRoUHZ1QmVBQ1BSMGEyZjlZclQ3YzFyU0R4N1Y0SWsyNWtHRjdlWFE?oc=5
2026-09-13,AIデータセンター,未特定,未特定,テーマ関連ニュース,⚪ 監視,0,企業未特定。ニュースの材料を監視,企業特定後に要再評価,未取得,未取得,未取得,未取得,未取得,未取得,未取得,未取得,未取得,未判定,未判定,未判定,未判定,未取得,未判定,Microsoft Plans Data Center Push to Triple Its Computing Power - bloomberg.com,Microsoft Plans Data Center Push to Triple Its Computing Power - bloomberg.com,"Fri, 11 Sep 2026 03:03:00 GMT",https://news.google.com/rss/articles/CBMiuwFBVV95cUxPRXJMZWdoQWFkTHJITkVsNjYwWkFGZWk4OVlpdS1tTDNyMnNQd0Zicmx0UktIZDFxS0xwOFBlSkxOakxPZ2RjRy13UzduVWdhcUN3WVNXWWpjVEJXRFNpOFlVLUFHMEtxV0I3cWMwZWY1REVYTkhFNGZJZDJmTzRDSU9hQ3hmbGtNNzc3dFlPSzRwVjFlYnh3RDFLbW9UNUxMYWMwb2RTbldvZ3dWZHladi1TYkpnY0hZN1lN?oc=5
2026-09-13,AIデータセンター,未特定,未特定,テーマ関連ニュース,⚪ 監視,0,企業未特定。ニュースの材料を監視,企業特定後に要再評価,未取得,未取得,未取得,未取得,未取得,未取得,未取得,未取得,未取得,未判定,未判定,未判定,未判定,未取得,未判定,What Florida residents should know about AI data centers - Yahoo,What Florida residents should know about AI data centers - Yahoo,"Sun, 13 Sep 2026 09:30:21 GMT",https://news.google.com/rss/articles/CBMijAFBVV95cUxPRnRtVEJnVlVkSmFEcHRWc0dYNG1FYVZMZ2xWb1JJNEJlTXVQOHliWW04eXdzS1dvMFFNZnJOdlhPWnNYbDluekQ2UUhLeXBoWDY0UUdaazF2Z2E5RXFlbktXOWFqRUo3N2NucC16R1FNVFliTTVfUi1zenBNOE1IbmRlbVVYa0U0NWVGYg?oc=5
2026-09-13,AIデータセンター,未特定,未特定,テーマ関連ニュース,⚪ 監視,0,企業未特定。ニュースの材料を監視,企業特定後に要再評価,未取得,未取得,未取得,未取得,未取得,未取得,未取得,未取得,未取得,未判定,未判定,未判定,未判定,未取得,未判定,AI Data Centers Are on Track to Fuel ‘Explosive’ Growth in Captive Insurance - Yahoo Finance,AI Data Centers Are on Track to Fuel ‘Explosive’ Growth in Captive Insurance - Yahoo Finance,"Sat, 12 Sep 2026 11:30:00 GMT",https://news.google.com/rss/articles/CBMilAFBVV95cUxPdWR4dUg4ZUVLYkJ6VGx4Y093ZmxvN0RTZ0wyTS1CTHZhdXVBeFpobnJ6WERHMk5MWmxnYXE3NThlMjZ4UGFTNF82VFN3THFRWWRVa3N2c0pEZkk0Wm5GSWE0UzJtTTdGZEh1c0UyMnRSc28weU1HVmptaFQ5V0RaYWZiSEtTdUVKMjVqMUVYbmxjQnJS?oc=5
2026-09-13,AIデータセンター,未特定,未特定,テーマ関連ニュース,⚪ 監視,0,企業未特定。ニュースの材料を監視,企業特定後に要再評価,未取得,未取得,未取得,未取得,未取得,未取得,未取得,未取得,未取得,未判定,未判定,未判定,未判定,未取得,未判定,Americans Oppose AI Data Centers in Their Area - Gallup News,Americans Oppose AI Data Centers in Their Area - Gallup News,"Wed, 13 May 2026 07:00:00 GMT",https://news.google.com/rss/articles/CBMigAFBVV95cUxQYlh0ZlJWVy1sRFlGRE5aMEVsbF9Oa045T1VUWk9NZDJLcjFwT2tfMFJxaXZkTWFBdUJtWEYtcVE1aElzQldvTkFFaTNOSTd1QWJuSGRMSVhXVGpzVmNWWEI4RENPY0xFYTBvY3REcE9oTko0X1lQNklweGRZcUZ3WQ?oc=5
2026-09-13,その他,未特定,未特定,テーマ関連ニュース,⚪ 監視,0,企業未特定。ニュースの材料を監視,企業特定後に要再評価,未取得,未取得,未取得,未取得,未取得,未取得,未取得,未取得,未取得,未判定,未判定,未判定,未判定,未取得,未判定,How much of a problem is AI’s water use? - Knowable Magazine,How much of a problem is AI’s water use? - Knowable Magazine,"Mon, 24 Aug 2026 07:00:00 GMT",https://news.google.com/rss/articles/CBMinwFBVV95cUxQdTlySWM5SmlMQ25lX1BCVzl5aW0zb1RuUk9LdjVsa3gwaW5tODBHVDduZ1B0RFR4SHh5czF6SExRdy0wZlV6aERjeUN1bGJPNUwwcGRKUmhWZFREbWNQVG9UbW8tdlJRMGZ4N1JTY252Q3NSam9zWHFTQnZGOWU0WEVyOU9KemlkZ1VELXdaOXZCYU5PdnVuRFMtMXVkalk?oc=5
2026-09-13,AIデータセンター,未特定,未特定,テーマ関連ニュース,⚪ 監視,0,企業未特定。ニュースの材料を監視,企業特定後に要再評価,未取得,未取得,未取得,未取得,未取得,未取得,未取得,未取得,未取得,未判定,未判定,未判定,未判定,未取得,未判定,‘The Oil of the Next 50 Years’ — Trump Touts AI Data Centers Delivering Wealth and Investment to Communities - Yahoo Finance,‘The Oil of the Next 50 Years’ — Trump Touts AI Data Centers Delivering Wealth and Investment to Communities - Yahoo Finance,"Sat, 12 Sep 2026 14:44:01 GMT",https://news.google.com/rss/articles/CBMikAFBVV95cUxNQlc2LXE4N3k1R2ZKeVdmU2x2T1VsZFFseTB4UFlrc2dOOVBMMHB3VVdROHlmVEZDRFlzRjBlUm9zWVFjUkFxUU5tajVfNDByaXEySC1OcHI4c1N6SUh0VEhkMGo4R3VnLWhvMENUc0RmTV9RZU9pWmJwUUlIUUtVVGppZWZzZXVQX2pLRExQUVQ?oc=5
2026-09-13,AIデータセンター,未特定,未特定,テーマ関連ニュース,⚪ 監視,0,企業未特定。ニュースの材料を監視,企業特定後に要再評価,未取得,未取得,未取得,未取得,未取得,未取得,未取得,未取得,未取得,未判定,未判定,未判定,未判定,未取得,未判定,Special Report Details World's Largest AI Data Center at Portsmouth Site - Department of Energy (.gov),Special Report Details World's Largest AI Data Center at Portsmouth Site - Department of Energy (.gov),"Thu, 10 Sep 2026 16:21:28 GMT",https://news.google.com/rss/articles/CBMipgFBVV95cUxNTnA2SEJWRXpVWXlrRk9ScmxyZjJwVkhIQ1A0NHBTVWRPVWViTFlqYlNrbUhPaTM1Q0o2UXNjbVpTbEthWnc3LW9iSi1rY3FTVEdtd1J6Vk84dE0xZ05Zc1RUQkZWb0xQb29NaFExS0NsWEEzVWRlTWl0X1pNN3BNVlRBMm9xZ3VKdUxtYWhwbzFzaDNkbl9YZnFJUkxuRFJJS0xfQUJB?oc=5
2026-09-13,AIデータセンター,未特定,未特定,テーマ関連ニュース,⚪ 監視,0,企業未特定。ニュースの材料を監視,企業特定後に要再評価,未取得,未取得,未取得,未取得,未取得,未取得,未取得,未取得,未取得,未判定,未判定,未判定,未判定,未取得,未判定,Weld County officials approve construction of what could be the largest data center in the state - Colorado Public Radio,Weld County officials approve construction of what could be the largest data center in the state - Colorado Public Radio,"Thu, 10 Sep 2026 15:55:12 GMT",https://news.google.com/rss/articles/CBMifkFVX3lxTE9sa0x5R0FpMFFiX2tISW8tOTk3b3k4YW1IUDJRZkdhT09OZVR6ZVE2d3p5RW04bVdRMDZDb2VLNlA0eVRFTlpsQVJQRThMTDRTZWRMb2h3dGRBeGZMZWR3MHA0b1FFYUswcVotRGdZUFNrcUQ5dDNMRE40QmtPdw?oc=5
2026-09-13,AIデータセンター,未特定,未特定,テーマ関連ニュース,⚪ 監視,0,企業未特定。ニュースの材料を監視,企業特定後に要再評価,未取得,未取得,未取得,未取得,未取得,未取得,未取得,未取得,未取得,未判定,未判定,未判定,未判定,未取得,未判定,Alamosa County Commissioners approve AI data center - Alamosa Citizen,Alamosa County Commissioners approve AI data center - Alamosa Citizen,"Wed, 09 Sep 2026 18:48:46 GMT",https://news.google.com/rss/articles/CBMiiwFBVV95cUxNNV8tNVoweWdya1lkMVhKRmdFYzZnVHQ0QXZ6LXI2Wld2aDQ0Q2F3VVk0N3U2WElOX1VxRkNaSGNXandWN1lpVG1jZHNJd0xPR2xaNmVEVWtZUGpiN3lqWHRSQXM1UzE5d2FwTmRPOHhWY1VvWVhpTFdLNUF1YnhSRGV4MXl1V1dyWnVj?oc=5
2026-09-13,AIデータセンター,Ucommune International Ltd,UK,テーマ関連ニュース,⚪ 監視,0,成長テーマとの関連 / 企業を特定,売上成長悪化 / 営業利益成長悪化 / EPS成長悪化 / ROE悪化 / 営業CFマイナス / バリュートラップ警戒,未取得,0.04863962,-45.84208255429311,-66.17149961793997,-23.003433649767725,-1385.4万,-26.107999999999997,未取得,751.1万,要確認,警戒,中,要IR確認,2～3円 / 2～2円 / 2～2円,主要価格帯付近,"AI data centers won't create as many UK jobs as the tech sector projects, think tank warns - CNBC","AI data centers won't create as many UK jobs as the tech sector projects, think tank warns - CNBC","Wed, 09 Sep 2026 12:26:40 GMT",https://news.google.com/rss/articles/CBMie0FVX3lxTE1VTTZSeEh0NU5UNXE5RElRbUlyZ3pMTW44Z3JuUmxzajM0dzNYMDNSQW5aWEE3UFBjTVg0Z2JFZDlLOG16VmVWRi1ocTUxbEdYYWdXU2FGSVBkOXlPblVYTlJlUVdrUl9zU1c3a0ZZeS14aENGUG9ZbU13c9IBgAFBVV95cUxOSTJWLVdCcjlFdHBzNGdwcF9lNXFFM3RSMFZCa0hCbFc0WTFXeHJORkttTUJndWxVSFgyZnh0QzN1b3BCcFR6VzQtNHhqaUdiRWpZYVJmUk13dTdiU2hnQkNXUXkwV250Ni11OTR1ZExJQU9vM2tqT3FjMEFyeFF0TQ?oc=5
2026-09-13,AIデータセンター,未特定,未特定,テーマ関連ニュース,⚪ 監視,0,企業未特定。ニュースの材料を監視,企業特定後に要再評価,未取得,未取得,未取得,未取得,未取得,未取得,未取得,未取得,未取得,未判定,未判定,未判定,未判定,未取得,未判定,What's next after Weld County approves permit for what could be largest Colorado AI data center - 9News,What's next after Weld County approves permit for what could be largest Colorado AI data center - 9News,"Fri, 11 Sep 2026 00:22:00 GMT",https://news.google.com/rss/articles/CBMi7wFBVV95cUxQeHEteThPLUpwcG5qZ0d3bHZMTU5QdnhaRzlrenUyMmJJdVQxdUN0TXplclZ4eVdxbkhOaDQ1NGpja21GREpxV0pyWl9kaXNZQ04zTWdPSzA5OWR1NjJaZmdfYUR0SlczS0RXaHdYSVFrQWlmVzltbzhncW5CaXBXNTQtaHBBa0dISEo0bjVoZUF3MGdSRVRrSWJJSHpHa0FhS2czVTJablBnM1dJdXBydGdnVWhEeGJobXgtRkpSQ2NCbkozdEl2cnZMU1A0SmpjQURid25OZGFoY1RsQ2VrS0xyQlozWGN5Yl96aXpUMA?oc=5
2026-09-13,AIデータセンター,未特定,未特定,テーマ関連ニュース,⚪ 監視,0,企業未特定。ニュースの材料を監視,企業特定後に要再評価,未取得,未取得,未取得,未取得,未取得,未取得,未取得,未取得,未取得,未判定,未判定,未判定,未判定,未取得,未判定,データセンター大投資：AIデータセンターで稼ぐ電線大手4社を徹底分析 元村浩之 - 週刊エコノミスト Online,データセンター大投資：AIデータセンターで稼ぐ電線大手4社を徹底分析 元村浩之 - 週刊エコノミスト Online,"Thu, 10 Sep 2026 18:11:32 GMT",https://news.google.com/rss/articles/CBMif0FVX3lxTFBPZ2dGY1A3UVNlQU9hb3pqVjM1WjJ6X0hyZkRFOXVDTVhVWGRzaXBBRVBuRVV0XzdvRDROU0FiMDRoVG9tTl9RZ0RKWkZMRFhJT1BZM0tUdm40N0l3OG9BNGM1aHJDNVltdG1Gd2FsaDdHU1d6ZFk1ckVfZHVNOWc?oc=5
2026-09-13,AIデータセンター,未特定,未特定,テーマ関連ニュース,⚪ 監視,0,企業未特定。ニュースの材料を監視,企業特定後に要再評価,未取得,未取得,未取得,未取得,未取得,未取得,未取得,未取得,未取得,未判定,未判定,未判定,未判定,未取得,未判定,広がる直流800V給電、EVの次はAIデータセンター - 日経クロステック,広がる直流800V給電、EVの次はAIデータセンター - 日経クロステック,"Thu, 10 Sep 2026 19:55:00 GMT",https://news.google.com/rss/articles/CBMibEFVX3lxTE42MmpPU1VZUHZjMnlURDZjQmVpV0pRLVp1VmRPS1cycWxIaUpqWDltQTVPRTlBa2hULTZLcm9ybktxOHdhdk51cU5ZNVZrUG42VzI3Q2V3SzRPcVF4SUpOVGQtcnk0R1RHanp1Qw?oc=5
2026-09-13,AIデータセンター,未特定,未特定,テーマ関連ニュース,⚪ 監視,0,企業未特定。ニュースの材料を監視,企業特定後に要再評価,未取得,未取得,未取得,未取得,未取得,未取得,未取得,未取得,未取得,未判定,未判定,未判定,未判定,未取得,未判定,エヌビディア、豪でデータセンターの計算能力拡張へ ＡＩ需要に対応 - Reuters,エヌビディア、豪でデータセンターの計算能力拡張へ ＡＩ需要に対応 - Reuters,"Thu, 10 Sep 2026 04:01:00 GMT",https://news.google.com/rss/articles/CBMifEFVX3lxTE9Tdzc0cGttRlZodGY3WFo5MlNlSGVQYUxtQWZGU25LckpzNmRSeTFpRnl0UzJ4U2pOLVJSeGQ2ZmIwdGY4V1ZFWF9wMkFYeFRZMkotZjJlczBldDZrUmRVWFM4RnA5Uk1iMUR2dXQ4SW9hckhORk8zQV9vejU?oc=5
2026-09-13,AIデータセンター,未特定,未特定,テーマ関連ニュース,⚪ 監視,0,企業未特定。ニュースの材料を監視,企業特定後に要再評価,未取得,未取得,未取得,未取得,未取得,未取得,未取得,未取得,未取得,未判定,未判定,未判定,未判定,未取得,未判定,AIデータセンターが「ピンクの銭湯」や「トマト農園」に？…建築家たちが模索する「地域還元インフラ」のデザイン - Gizmodo,AIデータセンターが「ピンクの銭湯」や「トマト農園」に？…建築家たちが模索する「地域還元インフラ」のデザイン - Gizmodo,"Fri, 11 Sep 2026 05:35:00 GMT",https://news.google.com/rss/articles/CBMihwFBVV95cUxQMFk1N1N6aVlaaXQtejVmLWNDZWE4aS1Dd2plZmE4bG5UZUZzZFU1UmRYeTZwcV9hZVdISm5WSVIyUWpFWHRfckVVOHNnbUFHVVhxdW9RRnUwbEl4SXJZeV9kRFY4QWVWV0h6U3BDZExHbGhId3o1UmEzMTdKeXVySGlZRWp0UVE?oc=5
2026-09-13,AIデータセンター,未特定,未特定,テーマ関連ニュース,⚪ 監視,0,企業未特定。ニュースの材料を監視,企業特定後に要再評価,未取得,未取得,未取得,未取得,未取得,未取得,未取得,未取得,未取得,未判定,未判定,未判定,未判定,未取得,未判定,Google、フィンランドに過去最大の約2.3兆円投資 AIデータセンター増設や原発電力調達へ - ITmedia,Google、フィンランドに過去最大の約2.3兆円投資 AIデータセンター増設や原発電力調達へ - ITmedia,"Wed, 09 Sep 2026 23:01:19 GMT",https://news.google.com/rss/articles/CBMiakFVX3lxTFBpRi1kS3V1VUpxZ0RzWEU3OGxhZmJHUHM1U3FKUmctWGxmN2hnRFhvaXl4bHdTWDFPMTFsNU5EaXpEVGlSelNmQkoydnVpNzUxb3ZIY05FdTRFamJCb01jblNsXzBtY1BoUGc?oc=5
2026-09-13,AIデータセンター,"California Grapes International, Inc.",CAGR,テーマ関連ニュース,⚪ 監視,0,成長テーマとの関連 / 企業を特定,ROE悪化 / バリュートラップ警戒,未取得,-0.0033333332,未取得,未取得,未取得,未取得,-67.985,未取得,未取得,未判定,警戒,未判定,要IR確認,未取得,未判定,"日本データセンターラック市場は2035年2億7,520万米ドルへ｜CAGR 6.73％で成長、AI・クラウド拡大と高密度サーバー対応が市場を牽引 - アットプレス","日本データセンターラック市場は2035年2億7,520万米ドルへ｜CAGR 6.73％で成長、AI・クラウド拡大と高密度サーバー対応が市場を牽引 - アットプレス","Sat, 12 Sep 2026 03:00:00 GMT",https://news.google.com/rss/articles/CBMiT0FVX3lxTE1YRlQ5cmJwVWp3WjRWWHBTNjk2SnFJVFNiblJQT1gzRVctWkJ5TkpXaURHLW9vUEtwd3otVklHMUZ1UkhzY0ZRZm8zRURsdkk?oc=5
2026-09-13,AIデータセンター,未特定,未特定,テーマ関連ニュース,⚪ 監視,0,企業未特定。ニュースの材料を監視,企業特定後に要再評価,未取得,未取得,未取得,未取得,未取得,未取得,未取得,未取得,未取得,未判定,未判定,未判定,未判定,未取得,未判定,＃AIデータセンター爆増 ８年で１０長円投資 ＃問題点は ⁉️ 規制や手続き明確化が必要！ - YouTube,＃AIデータセンター爆増 ８年で１０長円投資 ＃問題点は ⁉️ 規制や手続き明確化が必要！ - YouTube,"Sun, 13 Sep 2026 06:28:47 GMT",https://news.google.com/rss/articles/CBMiXEFVX3lxTE1BU0JLUnVLWmRlbTFuVURLTmxWZ3FjbFVPay0tMEY5ZVdFcGxBRS1xaENYS1lDVU5ySVRVb3Y5cmdoWVlLeE5KS0xVMW91RHZ2dERsMEprZFZQV21m?oc=5
2026-09-13,AIデータセンター,未特定,未特定,テーマ関連ニュース,⚪ 監視,0,企業未特定。ニュースの材料を監視,企業特定後に要再評価,未取得,未取得,未取得,未取得,未取得,未取得,未取得,未取得,未取得,未判定,未判定,未判定,未判定,未取得,未判定,データセンター整備支援 国が栃木県矢板市を選定 [栃木県] [AIの時代] - 朝日新聞,データセンター整備支援 国が栃木県矢板市を選定 [栃木県] [AIの時代] - 朝日新聞,"Sun, 13 Sep 2026 02:15:01 GMT",https://news.google.com/rss/articles/CBMiZ0FVX3lxTE5NaEQydUJwLUhaaF92WVpkUHotVGhKTGlBOXFZb3dqR1JacnZGNWpLTUg5Tlhna1dPaDI1c0pTZURXUnJqMFNMZ0lmNmZEd290R2J3azJTODVRcXE5cU13ckE5UUtMWHc?oc=5
2026-09-13,AIデータセンター,未特定,未特定,テーマ関連ニュース,⚪ 監視,0,企業未特定。ニュースの材料を監視,企業特定後に要再評価,未取得,未取得,未取得,未取得,未取得,未取得,未取得,未取得,未取得,未判定,未判定,未判定,未判定,未取得,未判定,データセンター大投資：AIデータセンターに四つの課題 国内「知の器」連合がクリアすべき安全規制 中西拓司・編集部 - 週刊エコノミスト Online,データセンター大投資：AIデータセンターに四つの課題 国内「知の器」連合がクリアすべき安全規制 中西拓司・編集部 - 週刊エコノミスト Online,"Thu, 10 Sep 2026 15:17:56 GMT",https://news.google.com/rss/articles/CBMif0FVX3lxTE1ScTl3TUgxcFZDRmh6Mmh0Tmp5aE1FVHFFeFZ2a3ZjN3FTbFFtMFBBdUhsZFRCNVg4TkVkQVdsQW1nOHY0clJaTTA5NnRVS1ZGTldWcmlDNS1ZYm9JU09Md2c3cmplR191YjNqS3dLcWxsZDhxbi1SY3BKVjVGNXc?oc=5
2026-09-13,AIデータセンター,未特定,未特定,テーマ関連ニュース,⚪ 監視,0,企業未特定。ニュースの材料を監視,企業特定後に要再評価,未取得,未取得,未取得,未取得,未取得,未取得,未取得,未取得,未取得,未判定,未判定,未判定,未判定,未取得,未判定,データセンター建設ブーム、次の巨大商機は「保険」 - ダイヤモンド・オンライン,データセンター建設ブーム、次の巨大商機は「保険」 - ダイヤモンド・オンライン,"Tue, 08 Sep 2026 19:05:00 GMT",https://news.google.com/rss/articles/CBMiTEFVX3lxTE9lUnJlWEVJaDRGcVRKTDFENktIaVdWY2tmZEFSU1RSejlTMEF2Mndieng0SE95Q2hBYW9Cd3NfRjV5TzYtN1JvcXY0V04?oc=5
2026-09-13,AIデータセンター,未特定,未特定,テーマ関連ニュース,⚪ 監視,0,企業未特定。ニュースの材料を監視,企業特定後に要再評価,未取得,未取得,未取得,未取得,未取得,未取得,未取得,未取得,未取得,未判定,未判定,未判定,未判定,未取得,未判定,ようやく加速し始めた「日本のAIデータセンター」 世界各地の競争と日本の課題 - Impress Watch,ようやく加速し始めた「日本のAIデータセンター」 世界各地の競争と日本の課題 - Impress Watch,"Fri, 28 Aug 2026 07:00:00 GMT",https://news.google.com/rss/articles/CBMia0FVX3lxTE5tNGs0M09JUE1oaWY2bHZBcnZuWURPUzVrODViTkxIUlUzRDN0TGE2eE1RMGhpVnFiaXRyNVF1RENHQzg3ZzdiNnlVTEVRMnFtVHF1S2pKcXVFUDh0RjExNDFCUHhUNnN6SXNR?oc=5
2026-09-13,AIデータセンター,未特定,未特定,テーマ関連ニュース,⚪ 監視,0,企業未特定。ニュースの材料を監視,企業特定後に要再評価,未取得,未取得,未取得,未取得,未取得,未取得,未取得,未取得,未取得,未判定,未判定,未判定,未判定,未取得,未判定,エジプト、Nvidia技術で10億ドルのAIデータセンター建設へ - アラブニュース,エジプト、Nvidia技術で10億ドルのAIデータセンター建設へ - アラブニュース,"Thu, 10 Sep 2026 21:58:34 GMT",https://news.google.com/rss/articles/CBMi3AJBVV95cUxNOGM1VWlIVlNud1RRVkJmTHk4MnR1Mmd1MTRFSlZ5cGhJZzVSWFJaaDZSdzRrLXhOajNyTGNvcWNWY1V4Smx5eXlGcHZsSnM3eFl2TGQ1dUkwY2FQSkYyZEtkTUNEbWZza25hYUMxelhWUThPd3FUUGloUHZPMEJkSThmU0lTOXhHX0tWeGxZamNKQ2ZGcTZQZHlsZW1BbW45OWoxSUt1LTNfdFAtMHJfbG9UYUExMV82a1NXOWgxU3EzdjNhVnJvTXQtRF9IdWdVb0FrM0VlWlFFTzkzajZSdU9uSDFGdkNPWXpjMzhHajhpbGNDanFWelN0U2JGbHVIV3lLZ2RFb2FycWJlNkRDY281UDRQellJNTlJY1pvUUhjcTdxLWZleUlOYmJUUFBVbWcybTlnbER4eFR5aXdIakN2dWlQVXMtN29KcDVmaWFCTEdLZHpyOUxjMkU?oc=5
2026-09-13,AIデータセンター,未特定,未特定,テーマ関連ニュース,⚪ 監視,0,企業未特定。ニュースの材料を監視,企業特定後に要再評価,未取得,未取得,未取得,未取得,未取得,未取得,未取得,未取得,未取得,未判定,未判定,未判定,未判定,未取得,未判定,AIデータセンターエフェクト - 日経クロステック,AIデータセンターエフェクト - 日経クロステック,"Fri, 11 Sep 2026 23:25:19 GMT",https://news.google.com/rss/articles/CBMiZEFVX3lxTFA4SXIzUzFlYWgxdHJpQUd4eTg2T0FBbFhkM3JnLTRNSWNjWFlPbmNxWHFQYndOSFBEQVNpcW9ZVFd1U2Zvb24yelBwNUlud3BGNkRadVFTNDJqM2RFbGxzVmRTN2I?oc=5
2026-09-13,AIデータセンター,未特定,未特定,テーマ関連ニュース,⚪ 監視,0,企業未特定。ニュースの材料を監視,企業特定後に要再評価,未取得,未取得,未取得,未取得,未取得,未取得,未取得,未取得,未取得,未判定,未判定,未判定,未判定,未取得,未判定,APECはなぜAIとエネルギーを同時に扱うのか――データセンターの電力需要増とAIによる省エネを両立 #エキスパートトピ - Yahoo!ニュース,APECはなぜAIとエネルギーを同時に扱うのか――データセンターの電力需要増とAIによる省エネを両立 #エキスパートトピ - Yahoo!ニュース,"Fri, 11 Sep 2026 23:01:20 GMT",https://news.google.com/rss/articles/CBMiiAFBVV95cUxPbVNKU2J0U3F1UlJUOVFEZVVleWlUZjl6NmNfYldjR25GT1BZWXRIVVhSdmpfaVAzczB1WGxEZVNCSnJrUVh0eWc5Q2J4Q1IwVURCNXlTaWI5R1Z4N1ota2lneTBubldFWjVtSUlMdVdOanRZYm90RzRZNElBMFVjVGZPUm8teW5T?oc=5
2026-09-13,AIデータセンター,"California Grapes International, Inc.",CAGR,テーマ関連ニュース,⚪ 監視,0,成長テーマとの関連 / 企業を特定,ROE悪化 / バリュートラップ警戒,未取得,-0.0033333332,未取得,未取得,未取得,未取得,-67.985,未取得,未取得,未判定,警戒,未判定,要IR確認,未取得,未判定,データセンターUPSおよびインバーター市場、2035年232億米ドル、CAGR 7.6%、高密度計算と電力安定化需要が成長を牽引 - Newscast.jp,データセンターUPSおよびインバーター市場、2035年232億米ドル、CAGR 7.6%、高密度計算と電力安定化需要が成長を牽引 - Newscast.jp,"Fri, 11 Sep 2026 02:31:00 GMT",https://news.google.com/rss/articles/CBMiT0FVX3lxTE0tWHA5SFp5SmFUMVZyQTNvVlhFOXNKQjNJQ3NnYXFPT3IzZmNZY3hMZlRaMjhUdHVtSXJ2OFprX2R1dXZqcFNXTHU3b0tJUlU?oc=5
2026-09-13,AIデータセンター,未特定,未特定,テーマ関連ニュース,⚪ 監視,0,企業未特定。ニュースの材料を監視,企業特定後に要再評価,未取得,未取得,未取得,未取得,未取得,未取得,未取得,未取得,未取得,未判定,未判定,未判定,未判定,未取得,未判定,マレーシア、データセンターの電力消費が急増 気温上昇で - Reuters,マレーシア、データセンターの電力消費が急増 気温上昇で - Reuters,"Tue, 08 Sep 2026 10:49:43 GMT",https://news.google.com/rss/articles/CBMidkFVX3lxTE5qamtnaGRMWTJRUE1vcXIzZmZ2d3lmLUdDaUMyaDZod2gzdDBrV0NuX1lqRGpLc3ZzcFl2bHJhZUNZWWp1MEZ1N3gwRVpBTTJtNS1zck1fXzZsdndxNTZLcnFSb2d2cWY3c0h2SGZodjI4UGs4QlE?oc=5
2026-09-13,AIデータセンター,未特定,未特定,テーマ関連ニュース,⚪ 監視,0,企業未特定。ニュースの材料を監視,企業特定後に要再評価,未取得,未取得,未取得,未取得,未取得,未取得,未取得,未取得,未取得,未判定,未判定,未判定,未判定,未取得,未判定,Hanwha Ocean、60MW級「海上データセンター」実物を初公開 - BigGo ファイナンス,Hanwha Ocean、60MW級「海上データセンター」実物を初公開 - BigGo ファイナンス,"Sun, 13 Sep 2026 05:05:00 GMT",https://news.google.com/rss/articles/CBMidEFVX3lxTE1DUHozVXV5MXBMb0d6RlBRVXM4TmV4MmJrNWd1ZVVvZjREWGlIeG5mRDFUc1drQm5CbE9pbTNNVXBiTG1yalBxX2NlNHl4SUhUSFNlWmlnc3FkLUNZWVQyNjVrbmZSem81ZU1zcDBoRnVBbm5P?oc=5
2026-09-13,AIデータセンター,未特定,未特定,テーマ関連ニュース,⚪ 監視,0,企業未特定。ニュースの材料を監視,企業特定後に要再評価,未取得,未取得,未取得,未取得,未取得,未取得,未取得,未取得,未取得,未判定,未判定,未判定,未判定,未取得,未判定,東北電力、１ギガワット級のデータセンター誘致検討 秋田市飯島の火力跡地 - sakigake.jp,東北電力、１ギガワット級のデータセンター誘致検討 秋田市飯島の火力跡地 - sakigake.jp,"Fri, 11 Sep 2026 05:50:00 GMT",https://news.google.com/rss/articles/CBMiYkFVX3lxTFBRVndsVnM2NkNiVE91SXNTQURaQkV2TDlIZGFBYnhxeDJpUkRhQUdyUElqRVlGd1A2azMwTTRXeEpoU3NFcWhWdk1xNFFGTUU1dVFUV05LLWlQS1J2dHV1NzBR?oc=5
2026-09-13,AIデータセンター,未特定,未特定,テーマ関連ニュース,⚪ 監視,0,企業未特定。ニュースの材料を監視,企業特定後に要再評価,未取得,未取得,未取得,未取得,未取得,未取得,未取得,未取得,未取得,未判定,未判定,未判定,未判定,未取得,未判定,福岡県がGX戦略地域に データセンター整備、自動運転と相乗効果も - 朝日新聞,福岡県がGX戦略地域に データセンター整備、自動運転と相乗効果も - 朝日新聞,"Sat, 12 Sep 2026 01:00:00 GMT",https://news.google.com/rss/articles/CBMiZ0FVX3lxTE55Q1FNN2N3aEppNXA3VjQyd1FOTE9FdURpUjZHT0JEX2JtQTJpZ21mcUlBVGxoekJjNUxKWGtKeXB0UF8wa3lJd09uUWhuN3hDd2dEODExcm0tRmg4RG0zWHRoeV9peWM?oc=5
2026-09-13,AIデータセンター,未特定,未特定,テーマ関連ニュース,⚪ 監視,0,企業未特定。ニュースの材料を監視,企業特定後に要再評価,未取得,未取得,未取得,未取得,未取得,未取得,未取得,未取得,未取得,未判定,未判定,未判定,未判定,未取得,未判定,東北電力、1ギガワット級データセンターを誘致へ 秋田火力発電所跡地を活用 GX戦略地域の認定「追い風に」 - 河北新報オンライン,東北電力、1ギガワット級データセンターを誘致へ 秋田火力発電所跡地を活用 GX戦略地域の認定「追い風に」 - 河北新報オンライン,"Fri, 11 Sep 2026 21:00:00 GMT",https://news.google.com/rss/articles/CBMiYEFVX3lxTE9LSm5sZEpQSlc0YUt2YkNHNGVLeUJjdWVjQmpMN0Q2Z0dpcXV3WXhGcUdLWEZvbVpSN1lNb25oazVPSDBTMGhOTTU2Ty0td09XTnJKc0wzRDM3ZDU5SGFpOA?oc=5
2026-09-13,AIデータセンター,未特定,未特定,テーマ関連ニュース,⚪ 監視,0,企業未特定。ニュースの材料を監視,企業特定後に要再評価,未取得,未取得,未取得,未取得,未取得,未取得,未取得,未取得,未取得,未判定,未判定,未判定,未判定,未取得,未判定,国内データセンター建設増で潤う内需関連企業をピックアップ！ - 三菱UFJ eスマート証券,国内データセンター建設増で潤う内需関連企業をピックアップ！ - 三菱UFJ eスマート証券,"Thu, 27 Aug 2026 07:00:00 GMT",https://news.google.com/rss/articles/CBMiVEFVX3lxTE8yN0NFX3JSOG5IZjU0Rk1Lc1J6THdlakM2aFZ4QnBPYXlMYWo5ZmtFWXpwNm9aM05FcUhqa3ExeGkwMk43azYtU3dZWDZZbjkzSjFzdA?oc=5
2026-09-13,AIデータセンター,未特定,未特定,テーマ関連ニュース,⚪ 監視,0,企業未特定。ニュースの材料を監視,企業特定後に要再評価,未取得,未取得,未取得,未取得,未取得,未取得,未取得,未取得,未取得,未判定,未判定,未判定,未判定,未取得,未判定,AIはどこに置かれているのか データセンターをめぐる電力・水・情報の攻防（小林恭子） - エキスパート - Yahoo!ニュース,AIはどこに置かれているのか データセンターをめぐる電力・水・情報の攻防（小林恭子） - エキスパート - Yahoo!ニュース,"Thu, 10 Sep 2026 07:28:24 GMT",https://news.google.com/rss/articles/CBMiiAFBVV95cUxNc2JydU1SV21ST2lnek1GWFRLVGxvNktMQURrakJiUm5NVHpyNU1jM2NiYlduSjNlM0g2QmdIUDdQOU1yY0hsUmcwdUZVaHpFZ1NuUmZkcF9DS0dNUnNoNmt3aWJ1OXczeUpEVmJKdGkxLWJtazJNYVRuY2dfRmd1aC13LUFPZDZ3?oc=5
2026-09-13,AIデータセンター,未特定,未特定,テーマ関連ニュース,⚪ 監視,0,企業未特定。ニュースの材料を監視,企業特定後に要再評価,未取得,未取得,未取得,未取得,未取得,未取得,未取得,未取得,未取得,未判定,未判定,未判定,未判定,未取得,未判定,データセンター大投資：米国のDC建設費は公共交通投資を超越 電力インフラがAIブームのボトルネック 窪谷浩 - 週刊エコノミスト Online,データセンター大投資：米国のDC建設費は公共交通投資を超越 電力インフラがAIブームのボトルネック 窪谷浩 - 週刊エコノミスト Online,"Fri, 11 Sep 2026 15:13:06 GMT",https://news.google.com/rss/articles/CBMif0FVX3lxTE1WbXdCRVA5Q2ZOVmNkdTRZUGhjUjhPOUJiZjIyeWQ5MnNub2hZN29vTzNQQlRwa29wZV8tWG1KR21jMFVBNTFlRGw2X2haVzFET3NWVVBXMlVNamFVdmlaZGE4Y3lWMS03Zk1rWnZHaFZCU1B4dFlCODE3V3VLRUU?oc=5
2026-09-13,AIデータセンター,未特定,未特定,テーマ関連ニュース,⚪ 監視,0,企業未特定。ニュースの材料を監視,企業特定後に要再評価,未取得,未取得,未取得,未取得,未取得,未取得,未取得,未取得,未取得,未判定,未判定,未判定,未判定,未取得,未判定,データセンター大投資：送電網に冷却設備に広がる裾野 - 週刊エコノミスト Online,データセンター大投資：送電網に冷却設備に広がる裾野 - 週刊エコノミスト Online,"Thu, 10 Sep 2026 15:17:12 GMT",https://news.google.com/rss/articles/CBMif0FVX3lxTFBsVEdoc0xNMUFXcHlZMWxYZlZzRWNORzZNVjd2MnVPQXVFWHV6cDhHSUh3SjlMMzZUTXVrUUt3VFVZMnQtd21CTW9rNi1jV2VlZzBjMVZFeFphbXNSN2tpOGdQYnRhYm9jckFrYWlxRDNoblRZSVZXdDZmeEl5cEk?oc=5
2026-09-13,AIデータセンター,未特定,未特定,テーマ関連ニュース,⚪ 監視,0,企業未特定。ニュースの材料を監視,企業特定後に要再評価,未取得,未取得,未取得,未取得,未取得,未取得,未取得,未取得,未取得,未判定,未判定,未判定,未判定,未取得,未判定,GX戦略地域に県内2つの事業を選定 東北電力は秋田火力発電所の跡地へのデータセンター誘致検討を発表 秋田 - Yahoo!ニュース,GX戦略地域に県内2つの事業を選定 東北電力は秋田火力発電所の跡地へのデータセンター誘致検討を発表 秋田 - Yahoo!ニュース,"Fri, 11 Sep 2026 09:02:00 GMT",https://news.google.com/rss/articles/CBMif0FVX3lxTFBqQk81aWMwU2VEMlJSWmNLVXRyeGZlNlVCaFU3V2FSbjdIRm5hMW15UHVYb2tmMkVUbjE0cDE3eFBXblJoUzZ6dW9OOWkzMHpoSHFEaUR2R1JrbmZBbERFa3hPN2lfRG1IdGlVUU96WFJMZUlURGJjZW9ZaVdTWHc?oc=5
2026-09-13,AIデータセンター,未特定,未特定,テーマ関連ニュース,⚪ 監視,0,企業未特定。ニュースの材料を監視,企業特定後に要再評価,未取得,未取得,未取得,未取得,未取得,未取得,未取得,未取得,未取得,未判定,未判定,未判定,未判定,未取得,未判定,米下院共和党、データセンターの電力コストから家計を守る法案を来週採決へ - BigGo ファイナンス,米下院共和党、データセンターの電力コストから家計を守る法案を来週採決へ - BigGo ファイナンス,"Fri, 11 Sep 2026 18:05:00 GMT",https://news.google.com/rss/articles/CBMidEFVX3lxTE5nZHFqMlFyYUlNWWxhOEZwbFN4Wnd0aEUxVnU2dGt5akJOX1pONW9TZWR0SXE4c3RETlVXR0pocFFyUzdheFZtOVFBMkplQ2NXS0tpemgweDBWWnM1OE9BNEVmLW5BaWdaVGlDNkJ0RGxDRGRw?oc=5
2026-09-13,AIデータセンター,未特定,未特定,テーマ関連ニュース,⚪ 監視,0,企業未特定。ニュースの材料を監視,企業特定後に要再評価,未取得,未取得,未取得,未取得,未取得,未取得,未取得,未取得,未取得,未判定,未判定,未判定,未判定,未取得,未判定,マレーシア、データセンター電力需要が急拡大 ガス火力9GW増強へ - BigGo ファイナンス,マレーシア、データセンター電力需要が急拡大 ガス火力9GW増強へ - BigGo ファイナンス,"Tue, 08 Sep 2026 12:05:00 GMT",https://news.google.com/rss/articles/CBMidEFVX3lxTE5zUjhGYTFjbC1TNEgwYmlrQ01xSWotVFNQWE1ydGJjdW5DYTdhSkxDY1dRVTNqSVFYVVhrdnZXd1JVMEhNLWdpS1lYVTBBeHJQeTJ3bGxjVlBuNHktYzJEVnpneEVULVhMT1Q2R01hLVU5SGV2?oc=5
2026-09-13,AIデータセンター,未特定,未特定,テーマ関連ニュース,⚪ 監視,0,企業未特定。ニュースの材料を監視,企業特定後に要再評価,未取得,未取得,未取得,未取得,未取得,未取得,未取得,未取得,未取得,未判定,未判定,未判定,未判定,未取得,未判定,AIデータセンターの電力不足に挑む…住友商事、送電ロス3割減の炭素繊維電線を国内実用化へ - ビジネスジャーナル,AIデータセンターの電力不足に挑む…住友商事、送電ロス3割減の炭素繊維電線を国内実用化へ - ビジネスジャーナル,"Wed, 09 Sep 2026 20:55:04 GMT",https://news.google.com/rss/articles/CBMiW0FVX3lxTE42ZENsX1NUc0pITnRJRnFqd1hnSy1FQ1VuSGJ6U1MwRmJTNEdTT0VEZlN5UWhFUndYQXc3bXFPRUlDZVBqV3pIMFo2Q244Ym91MzN2V1dmQlZQUUk?oc=5
2026-09-13,AIデータセンター,未特定,未特定,テーマ関連ニュース,⚪ 監視,0,企業未特定。ニュースの材料を監視,企業特定後に要再評価,未取得,未取得,未取得,未取得,未取得,未取得,未取得,未取得,未取得,未判定,未判定,未判定,未判定,未取得,未判定,米国データセンター最新事情（1）電力制約、制度変化と立地選択 | 地域・分析レポート - 海外ビジネス情報 - jetro.go.jp,米国データセンター最新事情（1）電力制約、制度変化と立地選択 | 地域・分析レポート - 海外ビジネス情報 - jetro.go.jp,"Thu, 02 Jul 2026 07:00:00 GMT",https://news.google.com/rss/articles/CBMidEFVX3lxTFBBQ2tpNXdBOW1IQUpRU0ROQ1JKa01TWm1ROHh2VFUxS0U0Qm00VXpQRUxmdVYwT3hMU2dMN0JHVUJEWEFham1keWxBMVFCenp5NmhuRnBVanJlSFpfc0ZJUHNDODNjZHJtRGVfd3NfR056VEpl?oc=5
2026-09-13,AIデータセンター,未特定,未特定,テーマ関連ニュース,⚪ 監視,0,企業未特定。ニュースの材料を監視,企業特定後に要再評価,未取得,未取得,未取得,未取得,未取得,未取得,未取得,未取得,未取得,未判定,未判定,未判定,未判定,未取得,未判定,データセンター爆需炸裂！「電力インフラ」疾風迅雷の激アツ8銘柄 ＜株探トップ特集＞ - kabutan.jp,データセンター爆需炸裂！「電力インフラ」疾風迅雷の激アツ8銘柄 ＜株探トップ特集＞ - kabutan.jp,"Mon, 17 Aug 2026 07:00:00 GMT",https://news.google.com/rss/articles/CBMiYEFVX3lxTE94TjRJM2tZSmFmZDA5dHV5Wm1ON2VIc3c2VmY0NmI0dkxNYWRKTU1tdDdBZkNPVnE2dm4wM1VhVWZJQVhQb2dIRmNXbVkwc2RzTTFvb1ZlMl9jQlNoRXJ2eQ?oc=5
2026-09-13,光通信,未特定,未特定,テーマ関連ニュース,⚪ 監視,0,企業未特定。ニュースの材料を監視,企業特定後に要再評価,未取得,未取得,未取得,未取得,未取得,未取得,未取得,未取得,未取得,未判定,未判定,未判定,未判定,未取得,未判定,Co-packaged optics for high-performance computing and artificial intelligence - nature.com,Co-packaged optics for high-performance computing and artificial intelligence - nature.com,"Wed, 19 Aug 2026 07:00:00 GMT",https://news.google.com/rss/articles/CBMiX0FVX3lxTE44eG5iRFQ2RVc1Z203TEg4c0QteWIzRzFTMTBSTEs0MXB0VUppU01tbWlhTGd2amlZYUhtYzRxaEJpZzBORHlXNW1PbEhiSm12eXlfTjB1NjgxWC13Mml3?oc=5
2026-09-13,その他,未特定,未特定,テーマ関連ニュース,⚪ 監視,0,企業未特定。ニュースの材料を監視,企業特定後に要再評価,未取得,未取得,未取得,未取得,未取得,未取得,未取得,未取得,未取得,未判定,未判定,未判定,未判定,未取得,未判定,Huawei bets big on near-packaged optics with 7.2T module to fuel AI scaling - SDxCentral,Huawei bets big on near-packaged optics with 7.2T module to fuel AI scaling - SDxCentral,"Thu, 10 Sep 2026 17:18:14 GMT",https://news.google.com/rss/articles/CBMiqwFBVV95cUxOM0Q5YUNKTlNkYm8zcDlPZGJ5NVoxbk9IUktqekI0cFJta0RrU0Y3NUhNYkw4TlFQWm1EZ04xRnhtZVQ1Ty03QUlYUWxBVU9oYmNMd0FGTmR5RHZnSU5QRjhZNHlyb2tyVXNRX0ozZ1B0TXlLMXktZmZSSm1pX3hmX2Y5VzNhT1RhcEYwNWhQTUJESkRMWGNYNjlwMnk1QmZFMzFCNUIwQ282UTA?oc=5
2026-09-13,光通信,未特定,未特定,テーマ関連ニュース,⚪ 監視,0,企業未特定。ニュースの材料を監視,企業特定後に要再評価,未取得,未取得,未取得,未取得,未取得,未取得,未取得,未取得,未取得,未判定,未判定,未判定,未判定,未取得,未判定,Co-Packaged Optics: powering the next wave of AI infrastructures - Yole Group,Co-Packaged Optics: powering the next wave of AI infrastructures - Yole Group,"Tue, 07 Apr 2026 07:00:00 GMT",https://news.google.com/rss/articles/CBMipwFBVV95cUxOQVRFb2pCZzZoRk1rVndPb1Y3MUdSSmp3QmxqQzNuSTlOMFRsaXpOU0VVZ3ptQTZBODdPY1U0SHhaSU1oSzBoeFhzeV9CWVpvOWxJMnJteVJHUnZNWXpUdEhSWFdoSGNXY01laU9NQl9ZYWUzc2tocUc3azN1YzE2U0tmTFItbVVzb0M3UjdGUFFFWXJhV1lQeTFSTC0wUktVQ3NRQVhYTQ?oc=5
2026-09-13,光通信,未特定,未特定,テーマ関連ニュース,⚪ 監視,0,企業未特定。ニュースの材料を監視,企業特定後に要再評価,未取得,未取得,未取得,未取得,未取得,未取得,未取得,未取得,未取得,未判定,未判定,未判定,未判定,未取得,未判定,Industry giants unite to define open co-packaged optics for next-gen AI infrastructure - SDxCentral,Industry giants unite to define open co-packaged optics for next-gen AI infrastructure - SDxCentral,"Fri, 14 Aug 2026 07:00:00 GMT",https://news.google.com/rss/articles/CBMiuwFBVV95cUxQYVVMd0Y1MTRQc1ZuXzdpLW51azBCa0stcmlJQ2lRVHVVQXJ3UW10T1RqUk9pX2U1Rjg4bUp2QTNWd1hReDlWR0V1cmxzX0FiOVhBcVotcklSSThlTU1vNnZKQmlzdE1jU0lyVDZWSHV1X0tRNHNPTlM1N0lKTHlQNmplbXdfMlUzVkx5TGVKclk5eHBPaWpCZjRLT3QzaVZpVmdLZTdrTEJyLWRsd0lnY2h6TEhoa1VCdmRV?oc=5
2026-09-13,光通信,未特定,未特定,テーマ関連ニュース,⚪ 監視,0,企業未特定。ニュースの材料を監視,企業特定後に要再評価,未取得,未取得,未取得,未取得,未取得,未取得,未取得,未取得,未取得,未判定,未判定,未判定,未判定,未取得,未判定,Co-Packaged Optics for Multi-Die Designs - Semiconductor Engineering,Co-Packaged Optics for Multi-Die Designs - Semiconductor Engineering,"Thu, 16 Jul 2026 07:00:00 GMT",https://news.google.com/rss/articles/CBMieEFVX3lxTFBHeklPcGNwQ0FvTjI2NnloQXZEWXVlT0RJVXVPcU1zYU1lMnhVODZLcHV3THNCUHhkOFNLajRacUUwRDZiTkJGb0RDWmFxZGFaaU9UWmdnM0JLV1d2bzdYMmRuc1ZLSk1rTFFvSEY4dUh4a3JpREVoRw?oc=5
2026-09-13,AIデータセンター,未特定,未特定,テーマ関連ニュース,⚪ 監視,0,企業未特定。ニュースの材料を監視,企業特定後に要再評価,未取得,未取得,未取得,未取得,未取得,未取得,未取得,未取得,未取得,未判定,未判定,未判定,未判定,未取得,未判定,Will Co-Packaged Optics Transform Data Centers? - Data Center Knowledge,Will Co-Packaged Optics Transform Data Centers? - Data Center Knowledge,"Thu, 11 Jun 2026 07:00:00 GMT",https://news.google.com/rss/articles/CBMimgFBVV95cUxNcVNYR25aTmJRSmF0RDVkdW0xM0ZpUld4bVJmYUlUazg4M1FQQkJlTzE2RVN1T0psdmUtU2xMdTRYVVRxYy0zTDZxbXdwUmgwS1hEdkl0ay1XNTc2dFc2Ul92NnJQSEFGakxSTk9idlByMjFKcEF3dzREYUM3WTJnTHpfTVoyLTZNXzRPTUthdDJYbEZSTm4wcUl3?oc=5
2026-09-13,光通信,未特定,未特定,テーマ関連ニュース,⚪ 監視,0,企業未特定。ニュースの材料を監視,企業特定後に要再評価,未取得,未取得,未取得,未取得,未取得,未取得,未取得,未取得,未取得,未判定,未判定,未判定,未判定,未取得,未判定,Laser annealing integrates optical isolators directly onto silicon photonics chips without overheating - techxplore.com,Laser annealing integrates optical isolators directly onto silicon photonics chips without overheating - techxplore.com,"Fri, 11 Sep 2026 16:20:07 GMT",https://news.google.com/rss/articles/CBMiigFBVV95cUxOa2ZFQmh5NWF5UXJZS1RDMnR4TlFuSUZEenhEbHFIOWNCOUpMVl9WTnlyeGhGZzE3V0MtVURyM3BwdjR0UE5Pd2VrTjMyeE9vekdkZl9idGpwRURvOXUwZnJ1d0M3YzRfZVdfNVRRMnp0X0taemZ1SXg1ZUdzMkh1X1lRNVVpR3VBQXc?oc=5
2026-09-13,光通信,未特定,未特定,テーマ関連ニュース,⚪ 監視,0,企業未特定。ニュースの材料を監視,企業特定後に要再評価,未取得,未取得,未取得,未取得,未取得,未取得,未取得,未取得,未取得,未判定,未判定,未判定,未判定,未取得,未判定,Taiwan eyes silicon photonics as next big tech leap - taipeitimes.com,Taiwan eyes silicon photonics as next big tech leap - taipeitimes.com,"Sun, 06 Sep 2026 16:00:00 GMT",https://news.google.com/rss/articles/CBMieEFVX3lxTE55ektzSXlzV3pJakY4U2NMVl9oS002c2dqbGJoNG5FcVQ5RzkyZ0FHSy1vcFNpSnYxOE5McVJaalJQdW5KbFhZdEVHdUNkN3p0d1N5TGpsQXY1TERGUmk5X28zZG54SlpKcUJzYWNwRWtzWmVTcmpiSg?oc=5
2026-09-13,AIデータセンター,未特定,未特定,テーマ関連ニュース,⚪ 監視,0,企業未特定。ニュースの材料を監視,企業特定後に要再評価,未取得,未取得,未取得,未取得,未取得,未取得,未取得,未取得,未取得,未判定,未判定,未判定,未判定,未取得,未判定,iPronics Raises US$125 Million to Expand Optical Switching for AI Data Centers - Optics & Photonics News,iPronics Raises US$125 Million to Expand Optical Switching for AI Data Centers - Optics & Photonics News,"Fri, 11 Sep 2026 09:28:38 GMT",https://news.google.com/rss/articles/CBMi0AFBVV95cUxNTHBXRjdtMC16dG5UUTlJY19DV1lJTUVLZ1VGUnpNUEI3aHpOVUtZdmZyc1JmenBBRnF4dnNaNlV6Uk51NmxJdTdTNG5RblFQZVh3c1Zubi1tY1ZKT21Xc1pEQm5xTWxpVHdHUS1rZVNSRFJURkhIUVVDQlJfdDZ5azh4Q0piSVNXZGJIY0hGQWV0QTJPNlMwY0x3UkdnTGFSbTEzaUZFVTJ4cWwtVTVDYlN5Ul9qZlVpR0VQVlQzS04wdDVVU0hpakJJMXJ5NjlB?oc=5
2026-09-13,光通信,未特定,未特定,テーマ関連ニュース,⚪ 監視,0,企業未特定。ニュースの材料を監視,企業特定後に要再評価,未取得,未取得,未取得,未取得,未取得,未取得,未取得,未取得,未取得,未判定,未判定,未判定,未判定,未取得,未判定,World-first laser method cuts back-reflected light 95% on silicon photonics chips - Interesting Engineering,World-first laser method cuts back-reflected light 95% on silicon photonics chips - Interesting Engineering,"Fri, 11 Sep 2026 18:46:00 GMT",https://news.google.com/rss/articles/CBMioAFBVV95cUxQclZKU2syX296LVRwMXlXY1BIc0ljTWdXTG9Zc21pdDB5UmJVcHZkU01pYWRER1lwTGk1QmJ0aDk4WTd2eGtqeW1Wa2wzSlNpcWw2cnJXRnQwU3lLaWpPNS1tLXc1MVNaUTlxZTV5MjRRWGJTTWNYckJZQ3RnblVqTmNPZ28wUWJKaGFOS0RGRFZ1MGI0VUhrcnJWa2xNZEI2?oc=5
2026-09-13,AIデータセンター,未特定,未特定,テーマ関連ニュース,⚪ 監視,0,企業未特定。ニュースの材料を監視,企業特定後に要再評価,未取得,未取得,未取得,未取得,未取得,未取得,未取得,未取得,未取得,未判定,未判定,未判定,未判定,未取得,未判定,How Silicon Photonics is Reducing the Cost of AI Data Centers - AZoOptics,How Silicon Photonics is Reducing the Cost of AI Data Centers - AZoOptics,"Thu, 27 Aug 2026 20:54:00 GMT",https://news.google.com/rss/articles/CBMiY0FVX3lxTE5JWEZHWEhTUWpHdk5ocGMweU5iUFdMcGhLQjdQR2FmRDJjQXdGM3h0b3BuWkEtOVFkX3IwT3dma1BENXRSdURIV1pNRVk2QkdZYjZUXzViUnd3WTVBT1FTcXdwMA?oc=5
2026-09-13,光通信,未特定,未特定,テーマ関連ニュース,⚪ 監視,0,企業未特定。ニュースの材料を監視,企業特定後に要再評価,未取得,未取得,未取得,未取得,未取得,未取得,未取得,未取得,未取得,未判定,未判定,未判定,未判定,未取得,未判定,Rolling-Enabled Nonplanar Heterogeneous Integration for Polarization-Diverse Nanolasers on Silicon Photonics - Wiley Online Library,Rolling-Enabled Nonplanar Heterogeneous Integration for Polarization-Diverse Nanolasers on Silicon Photonics - Wiley Online Library,"Sun, 06 Sep 2026 02:43:09 GMT",https://news.google.com/rss/articles/CBMiZEFVX3lxTFBiTDFDYjQ4ek53c2xYRGw5TFRGSWQ0ek80aFNXWTU0MHNVLTVhU18xeEQwVjJiX1puR2ZTUWFYcmVaWl9PRWRkTkYzWFU2eTNKQy1INmpqcy1kNDFDdE9UeG1yZzQ?oc=5
2026-09-13,その他,未特定,未特定,テーマ関連ニュース,⚪ 監視,0,企業未特定。ニュースの材料を監視,企業特定後に要再評価,未取得,未取得,未取得,未取得,未取得,未取得,未取得,未取得,未取得,未判定,未判定,未判定,未判定,未取得,未判定,日本企業も存在感！これが日米｢光電融合｣関連16銘柄だ - shikiho.toyokeizai.net,日本企業も存在感！これが日米｢光電融合｣関連16銘柄だ - shikiho.toyokeizai.net,"Tue, 08 Sep 2026 09:30:00 GMT",https://news.google.com/rss/articles/CBMiV0FVX3lxTE9hMUwwQWtKVFN5OUVId1BFNm1SMFRBN1Jpc2pVRWNGbGFYZFhZVUF4UHhMWXo3VlYtSTNxakcyOTkwMmJVc1A5R2l6ZlpxS0R3dmdOMFM4cw?oc=5
2026-09-13,光通信,"California Grapes International, Inc.",CAGR,テーマ関連ニュース,⚪ 監視,0,成長テーマとの関連 / 企業を特定,ROE悪化 / バリュートラップ警戒,未取得,-0.0033333332,未取得,未取得,未取得,未取得,-67.985,未取得,未取得,未判定,警戒,未判定,要IR確認,未取得,未判定,シリコンフォトニクス市場、2035年326億米ドル・CAGR 26.3%へ｜800G・1.6T対応とAI/HPC需要が市場成長を加速 - Newscast.jp,シリコンフォトニクス市場、2035年326億米ドル・CAGR 26.3%へ｜800G・1.6T対応とAI/HPC需要が市場成長を加速 - Newscast.jp,"Tue, 08 Sep 2026 04:05:00 GMT",https://news.google.com/rss/articles/CBMiT0FVX3lxTE4yRTBQTFJRWUJfM3h5NFZfWE52ZzlpWVlOWHhTVDE3TDU3TjI0dE0tdmJwYnZOaWZzUWxfWVpaa2hzWVJQR1dWalVrOTdCQk0?oc=5
2026-09-13,光通信,未特定,未特定,テーマ関連ニュース,⚪ 監視,0,企業未特定。ニュースの材料を監視,企業特定後に要再評価,未取得,未取得,未取得,未取得,未取得,未取得,未取得,未取得,未取得,未判定,未判定,未判定,未判定,未取得,未判定,韓国サムスン電子、TSMC認証のプローブステーション導入 シリコンフォトニクス試験体制を自前構築しCPOファウンドリー事業に参入へ - BigGo ファイナンス,韓国サムスン電子、TSMC認証のプローブステーション導入 シリコンフォトニクス試験体制を自前構築しCPOファウンドリー事業に参入へ - BigGo ファイナンス,"Tue, 08 Sep 2026 08:05:00 GMT",https://news.google.com/rss/articles/CBMidEFVX3lxTFB1WWJMLXNOYTVWZU1sWC1uX0kzbzdhdnhGTDJ3VGVfVE13WDVvTFJ2bS1WYTNkR0JnQTdDd2RTelRhLWhZaUNIVnp1YU5oTmJ4RDI1RExTZkJTRERGRWVUSlNhUVU0RUFIa1NEZ19kLU12a0ZW?oc=5
2026-09-13,AIデータセンター,未特定,未特定,テーマ関連ニュース,⚪ 監視,0,企業未特定。ニュースの材料を監視,企業特定後に要再評価,未取得,未取得,未取得,未取得,未取得,未取得,未取得,未取得,未取得,未判定,未判定,未判定,未判定,未取得,未判定,エヌビディアが40億ドルを投じた「シリコンフォトニクス」とは何か ―AIデータセンターは電気配線の限界を越えられるか - iotnews.jp,エヌビディアが40億ドルを投じた「シリコンフォトニクス」とは何か ―AIデータセンターは電気配線の限界を越えられるか - iotnews.jp,"Tue, 04 Aug 2026 07:00:00 GMT",https://news.google.com/rss/articles/CBMiQ0FVX3lxTE1Qci1OeExFVzAxa1g3UllsbEUzZVR1NHJ3d0xKQUJLVnZnVWdoemJwUzd6bi1uWGZIcHpiZkRmZF95NFXSAUhBVV95cUxOZlJqYXhqa3cyUGRPZ3hsek1WZU5ONko2b2pSeWllUkVKSTdGelZVWGo5N0NpWDdVOTRwdWlYeFRpU3Y0MDJJdDU?oc=5
2026-09-13,光通信,未特定,未特定,テーマ関連ニュース,⚪ 監視,0,企業未特定。ニュースの材料を監視,企業特定後に要再評価,未取得,未取得,未取得,未取得,未取得,未取得,未取得,未取得,未取得,未判定,未判定,未判定,未判定,未取得,未判定,ゴールドマン・サックス・グループが光通信業界の全体像を公開。究極の業界マップはこちら - Moomoo,ゴールドマン・サックス・グループが光通信業界の全体像を公開。究極の業界マップはこちら - Moomoo,"Tue, 21 Apr 2026 07:00:00 GMT",https://news.google.com/rss/articles/CBMiwgFBVV95cUxOLVNUdVNRODh3QVFXUnV4U2RDRk04ZkJ0WDg2MWJWR05fMDNQWlBEcV9KUnVUM3ZXUmNEalJoUUpYRGE0Qm5wNF9hRHNvMnJPTDc0d24yS2RLbHdmbUthM3NVaUJ3cHdtQVd3NXdmNFM0LWxYMFNydjN2Y2I4N3RRMlRtakd1a29hWnpmUzQxT0xnbjBoSjN5MmVsaXdvRXV1QlB5UXpzU3AyWEVtRXhOTU9fSjM5Szc3UWcyd1Ytd2RyZw?oc=5
2026-09-13,光通信,"California Grapes International, Inc.",CAGR,テーマ関連ニュース,⚪ 監視,0,成長テーマとの関連 / 企業を特定,ROE悪化 / バリュートラップ警戒,未取得,-0.0033333332,未取得,未取得,未取得,未取得,-67.985,未取得,未取得,未判定,警戒,未判定,要IR確認,未取得,未判定,"日本シリコンフォトニクス市場、2035年9億3,970万米ドル規模へ｜CAGR 24.51％が牽引 - Newscast.jp","日本シリコンフォトニクス市場、2035年9億3,970万米ドル規模へ｜CAGR 24.51％が牽引 - Newscast.jp","Sat, 20 Jun 2026 07:00:00 GMT",https://news.google.com/rss/articles/CBMiR0FVX3lxTE5tMEdnSzlUNlR1UDhBM1Y0ZDhwV1MzeXpRS1Y0MVR4aDdaOXpLQmlTaWRscWVzYnd1bzgweEx1NkdUZlBTWjBV?oc=5
2026-09-13,光通信,未特定,未特定,テーマ関連ニュース,⚪ 監視,0,企業未特定。ニュースの材料を監視,企業特定後に要再評価,未取得,未取得,未取得,未取得,未取得,未取得,未取得,未取得,未取得,未判定,未判定,未判定,未判定,未取得,未判定,【AIのデータボトルネック解消へ】エヌビディア、光通信技術「シリコンフォトニクス」に65億ドルを投下 - BigGo ファイナンス,【AIのデータボトルネック解消へ】エヌビディア、光通信技術「シリコンフォトニクス」に65億ドルを投下 - BigGo ファイナンス,"Sat, 30 May 2026 04:32:01 GMT",https://news.google.com/rss/articles/CBMiX0FVX3lxTE9XQTZlcGJYNDZuUW1PcnNOeWJjOER6V3ExYlFUdTF2OEZDeDN2OThpY0tPY2VjVEhnOVBGWHZfRGY0VHI0dU9pQUpZNnJ4X3drZElEdWpxMXViU0pTZEJn?oc=5
2026-09-13,AIデータセンター,未特定,未特定,テーマ関連ニュース,⚪ 監視,0,企業未特定。ニュースの材料を監視,企業特定後に要再評価,未取得,未取得,未取得,未取得,未取得,未取得,未取得,未取得,未取得,未判定,未判定,未判定,未判定,未取得,未判定,シリコンフォトニクスとCPOが描くAIデータセンターの今後：『ビジネス2.0』の視点 - オルタナティブ・ブログ,シリコンフォトニクスとCPOが描くAIデータセンターの今後：『ビジネス2.0』の視点 - オルタナティブ・ブログ,"Wed, 20 May 2026 07:00:00 GMT",https://news.google.com/rss/articles/CBMiaEFVX3lxTE44NmZCZGpwZFlBU3JscTc3QU5taUFfR3B3YnhPQTAzaG9vQTVMS1dLRWFUWnZ4Qkxfa3pTdms2bGlzNzFmd1NULXNET1Zra0RWM2RzX2EyMEh1R3hOeHoyMXAtaElJam5w?oc=5
2026-09-13,光通信,未特定,未特定,テーマ関連ニュース,⚪ 監視,0,企業未特定。ニュースの材料を監視,企業特定後に要再評価,未取得,未取得,未取得,未取得,未取得,未取得,未取得,未取得,未取得,未判定,未判定,未判定,未判定,未取得,未判定,聯亞7月EPS急伸2.07元 シリコンフォトニクス出荷が四半期ごとに拡大 - BigGo ファイナンス,聯亞7月EPS急伸2.07元 シリコンフォトニクス出荷が四半期ごとに拡大 - BigGo ファイナンス,"Wed, 19 Aug 2026 07:00:00 GMT",https://news.google.com/rss/articles/CBMidEFVX3lxTE9SeXc3ZFJjeGg3d2MyWWVFT0RBTEUzeEZZYndQMnNqNEpCVHZVUktvX19KYkQ3UHBEZDdwLUdUUVBTRHFQNUVWblhXVnhncTV5VnJ3STh5eEpoZUx5N1JLU1BpTDlVcUx0SEota0NKX0FRNHcw?oc=5
2026-09-13,光通信,未特定,未特定,テーマ関連ニュース,⚪ 監視,0,企業未特定。ニュースの材料を監視,企業特定後に要再評価,未取得,未取得,未取得,未取得,未取得,未取得,未取得,未取得,未取得,未判定,未判定,未判定,未判定,未取得,未判定,自衛隊情報基盤にIOWN導入 AI活用へ大容量通信、次期計画に明記 - 日本経済新聞,自衛隊情報基盤にIOWN導入 AI活用へ大容量通信、次期計画に明記 - 日本経済新聞,"Sat, 29 Aug 2026 07:00:00 GMT",https://news.google.com/rss/articles/CBMibEFVX3lxTE9odTlWUHpLVENmSnBGcGlDQzlDcDN3eHdjdWZrSnV6bFBiZkw5cEx3b2Q4WU05ekZvYkw4LXMwNVBfWEUza05UTFN4dWszWnJGb2REaVZfYzJEV1VjV1M2czhEODg3ek5pT245RQ?oc=5
2026-09-13,光通信,未特定,未特定,テーマ関連ニュース,⚪ 監視,0,企業未特定。ニュースの材料を監視,企業特定後に要再評価,未取得,未取得,未取得,未取得,未取得,未取得,未取得,未取得,未取得,未判定,未判定,未判定,未判定,未取得,未判定,IOWN分野で「光電融合スイッチ」が商用化へ、高まる電力消費に布石 - 日経クロステック,IOWN分野で「光電融合スイッチ」が商用化へ、高まる電力消費に布石 - 日経クロステック,"Fri, 16 Jan 2026 08:00:00 GMT",https://news.google.com/rss/articles/CBMibEFVX3lxTE5LT3lfM1NOTUVieGhMYnNoNU5ZWlE0cU0yV1B6NWNzeHpnUEU3VDBDb1FjX1JQa1hGaTVYRWZiN3p6U2Fnd0N1clFJa1R3WExuWWJmWHBKWDY2akY4NVJVUVhVR3ZEZlRCQTkyYQ?oc=5
2026-09-13,その他,未特定,未特定,テーマ関連ニュース,⚪ 監視,0,企業未特定。ニュースの材料を監視,企業特定後に要再評価,未取得,未取得,未取得,未取得,未取得,未取得,未取得,未取得,未取得,未判定,未判定,未判定,未判定,未取得,未判定,光と電気の融合、ＮＴＴの次世代通信技術ＩＯＷＮは「世界で十分勝ち筋ある」…島田明社長インタビュー - 読売新聞,光と電気の融合、ＮＴＴの次世代通信技術ＩＯＷＮは「世界で十分勝ち筋ある」…島田明社長インタビュー - 読売新聞,"Sat, 07 Mar 2026 08:00:00 GMT",https://news.google.com/rss/articles/CBMiZEFVX3lxTE8wbmRlTHNkblBjZ3d0NVhqVXJaZXh3elA4eVAxVDdtQU1sWUtGczhTWmF4aGt3emJKbXk2Wm40RHhDWlp6N2YtLTlZUUxHM2V5UW1kZXF4RGJCaXhZcUhseXFKaWQ?oc=5
2026-09-13,AIデータセンター,未特定,未特定,テーマ関連ニュース,⚪ 監視,0,企業未特定。ニュースの材料を監視,企業特定後に要再評価,未取得,未取得,未取得,未取得,未取得,未取得,未取得,未取得,未取得,未判定,未判定,未判定,未判定,未取得,未判定,Lessons from the field: What treating water at 200+ data centers taught us about cooling system readiness - Water Tech Online,Lessons from the field: What treating water at 200+ data centers taught us about cooling system readiness - Water Tech Online,"Fri, 11 Sep 2026 21:08:01 GMT",https://news.google.com/rss/articles/CBMi9wFBVV95cUxOZFg0V3h6OFF2QXdET21nZFEtSnpkb2hJUTc5dzMzQWhTZmpKNGZIQWJtbV93aElBUGw0MzlNVVJEYldFN3M1cFpybFVhUTNvdnRUd24xWFBtZ0NZY0lReWRnVDg4Wkk4VWF0R2ZNSzZIZ0wxU0owR2YyZ0dBMEN6d0ZpRnpuMjcxQVBzTzFSNUdzOTFJc3pSSHJWMTc2ekJ1Ml9zblpiVnJHTm5wXzNlQ0J3RzNDVXB4ODhyazllcm9oak5kelp2aWhBS3FWa1JZNG5HNkRXdkI5SkpwZlNQN2t0OGJCbUtuajg0UzdjMDRLT0Z6c2Iw?oc=5
2026-09-13,AIデータセンター,未特定,未特定,テーマ関連ニュース,⚪ 監視,0,企業未特定。ニュースの材料を監視,企業特定後に要再評価,未取得,未取得,未取得,未取得,未取得,未取得,未取得,未取得,未取得,未判定,未判定,未判定,未判定,未取得,未判定,Nidec Unveils Liquid Cooling Solutions for High-Density Data Centers - Refindustry,Nidec Unveils Liquid Cooling Solutions for High-Density Data Centers - Refindustry,"Tue, 08 Sep 2026 21:50:00 GMT",https://news.google.com/rss/articles/CBMinwFBVV95cUxPa3RFYkxuckpSNFJSc214bm96VXZnOTBOSUNmbWRoeTQ5QUJROEJaejhoeDM3S290QnVNVXBOOTFCODltOUhBTk5Va3pNOXk3RTdLZFNzcUhUZEs2UWR1VUY0eHNCcW13Q0F2TTNQWUNHWUxkVGZqb003YWlUUW9EakZFaDNJVTJiMEJLeWJfdld6V01Yb3hNM3ExWVdCUDg?oc=5
2026-09-13,AIデータセンター,未特定,未特定,テーマ関連ニュース,⚪ 監視,0,企業未特定。ニュースの材料を監視,企業特定後に要再評価,未取得,未取得,未取得,未取得,未取得,未取得,未取得,未取得,未取得,未判定,未判定,未判定,未判定,未取得,未判定,Geothermal and Data Centers - Department of Energy (.gov),Geothermal and Data Centers - Department of Energy (.gov),"Thu, 10 Sep 2026 16:21:28 GMT",https://news.google.com/rss/articles/CBMidEFVX3lxTFBySzlkZmd2MlBDVmxkZkdERlV3OTg3aUV4YTlIU3J4VGEyZ2RRN1hMRnhuaVhYUlBnSkZxUjZxUFo5UTJtN1ZNUEthdENUeWdxb2pUWmYtdXdkSWJzem9BQnZQbElJY2R5V2RxcGZKUkZINnc3?oc=5
2026-09-13,AIデータセンター,未特定,未特定,テーマ関連ニュース,⚪ 監視,0,企業未特定。ニュースの材料を監視,企業特定後に要再評価,未取得,未取得,未取得,未取得,未取得,未取得,未取得,未取得,未取得,未判定,未判定,未判定,未判定,未取得,未判定,Here are the terms you need to follow the data center debate - The Morning Call,Here are the terms you need to follow the data center debate - The Morning Call,"Wed, 09 Sep 2026 11:01:56 GMT",https://news.google.com/rss/articles/CBMirgFBVV95cUxQMzVmX21oeUI4ZmNwNW03Rml5RDFCZ3Q0eG5CU3hqcnV1WEdZTl9aRThodjd2SWpZeTBJQWMxQUFnRmdkYlpVOUJJc05yX09yT3pnVzR0Y1l1cVpRMUZhc0pyWWQxUnhRSTc2bGxyT0d3ZUl3T0R6czQ3by1kSGdDc3Mtc3pCQVpPX0dJMUwxejZjNU1zU2t3eUl0b3ZOYnFRcnN3WWcwbVNGTXJtdFE?oc=5
2026-09-13,AIデータセンター,未特定,未特定,テーマ関連ニュース,⚪ 監視,0,企業未特定。ニュースの材料を監視,企業特定後に要再評価,未取得,未取得,未取得,未取得,未取得,未取得,未取得,未取得,未取得,未判定,未判定,未判定,未判定,未取得,未判定,Data Centers Now Facing Backlash Over Contaminated Wastewater - Mother Jones,Data Centers Now Facing Backlash Over Contaminated Wastewater - Mother Jones,"Wed, 09 Sep 2026 11:31:29 GMT",https://news.google.com/rss/articles/CBMisAFBVV95cUxNbnNGSk9wcEpZai1aZHpveUVwanhvd0dWVU83dVpqMG1Tc0RsZkdPeS11VzBOeC04OW5kbkc4ZWFncG1wMTNlMUlENXgzZ3hRSHlWVGgtMnQ4Wk1oZXdGUjFlUHBWUDVwQTc4RmpLMkJEU1BKS1JQRXlKSExmRndzVXFZQUFKOTNkQ01Wa0tBRVg5RDNlYUJoRGxJQVd6ajBFMlRaWVhKTWdVb2VLVGlaZQ?oc=5
2026-09-13,AIデータセンター,未特定,未特定,テーマ関連ニュース,⚪ 監視,0,企業未特定。ニュースの材料を監視,企業特定後に要再評価,未取得,未取得,未取得,未取得,未取得,未取得,未取得,未取得,未取得,未判定,未判定,未判定,未判定,未取得,未判定,"Liquid Cooling Options: RDHx, Direct-to-Chip, Immersion - Data Center Knowledge","Liquid Cooling Options: RDHx, Direct-to-Chip, Immersion - Data Center Knowledge","Tue, 25 Aug 2026 07:00:00 GMT",https://news.google.com/rss/articles/CBMinAFBVV95cUxPdUdyRll0WWZXMDhjLVF6dVFTMmdCaU5ZN1VNejdwWDV4MXE4MTgydFhHZ0xwYWVET1ZrWDZEbnZDSnM5eHA0amI0b1lMZTJuX0hfUTNDRHJpNDVTWEdwVTc3SEdyMmZodVlTOUFjTzQ1cV9MQ3BMcnFuWllaRWFqUGNfZDdxNUVqX2g3Smc0d0t4WmlNU0k0OU03eTg?oc=5
2026-09-13,AIデータセンター,未特定,未特定,テーマ関連ニュース,⚪ 監視,0,企業未特定。ニュースの材料を監視,企業特定後に要再評価,未取得,未取得,未取得,未取得,未取得,未取得,未取得,未取得,未取得,未判定,未判定,未判定,未判定,未取得,未判定,The Rise of Flexible Hybrid Cooling for AI Data Centers - Data Center Knowledge,The Rise of Flexible Hybrid Cooling for AI Data Centers - Data Center Knowledge,"Mon, 07 Sep 2026 10:26:05 GMT",https://news.google.com/rss/articles/CBMiqgFBVV95cUxQYUZHa196NExPTkI1VXJfOVNjdUtlM3laU0lZR1lYakVfV2MzUzVnN29wZU44bjFscmt5OFhXT2JuYWVjckItZ2lHMW9qVGdPNE1UQjNpMDJnN1lCcVNTOWRGQlZ0YVMwRDRubnE2cnRTc1lJb2NLbGQ1eGV3ejBOanZ5UkxJYnFPYldJbkNHbkRwYWt6NE94NHhNVWZjSkY3NlBTdlFGVWIzdw?oc=5
2026-09-13,AIデータセンター,未特定,未特定,テーマ関連ニュース,⚪ 監視,0,企業未特定。ニュースの材料を監視,企業特定後に要再評価,未取得,未取得,未取得,未取得,未取得,未取得,未取得,未取得,未取得,未判定,未判定,未判定,未判定,未取得,未判定,Fluid strategy in the era of high-density computing - Data Center Dynamics,Fluid strategy in the era of high-density computing - Data Center Dynamics,"Fri, 11 Sep 2026 15:06:23 GMT",https://news.google.com/rss/articles/CBMioAFBVV95cUxPZGdlUHVHNkVkSE9uQVl0WURlQi0yT3VCWmdjWW1UdHktcUpHbmVjeXFubnZfZDFZdnZVX0dpaDhka3hrV2ZCMjBIazRkQUU3UjB6Z1J5bkF0ZU5HcXFEXzgtRmttSWZUT0ZPNldHUEdKSXNsVGVTcTRxeldhSEtaQzd5cTR6QWo3REFUNzJBUGtsQmg0TFhDZ04wcWY1V3dm?oc=5
2026-09-13,AIデータセンター,未特定,未特定,テーマ関連ニュース,⚪ 監視,0,企業未特定。ニュースの材料を監視,企業特定後に要再評価,未取得,未取得,未取得,未取得,未取得,未取得,未取得,未取得,未取得,未判定,未判定,未判定,未判定,未取得,未判定,ChemTreat expands role in Ohio’s growing data center Infrastructure - Water Tech Online,ChemTreat expands role in Ohio’s growing data center Infrastructure - Water Tech Online,"Tue, 08 Sep 2026 21:27:42 GMT",https://news.google.com/rss/articles/CBMiygFBVV95cUxOdk1qaGsxNUlGZ2pnOUt4VGZreTByMTlGNENRU2lQeU5ZRldIWWREbjZkeXEwQWQ1Tkh5cklEMTFEeHU4NVhsZXRLZ1FzRWxPQUVVOXFzSjhKeDdCMm5tNVUyRk1DaVRqVkxSOFVkYkJRLVdtcTVQaUgtclY1NWZkNnBLQ0pQT3ZXMXAyUXNmMTRDd2Q4ZmZEYXV4cEl3Sm1vT0RBeEVSV1pRYWNNMkgzOUJqUHd1Nk9IelAtal9oR1VBSlVXcElEdGhB?oc=5
2026-09-13,AIデータセンター,未特定,未特定,テーマ関連ニュース,⚪ 監視,0,企業未特定。ニュースの材料を監視,企業特定後に要再評価,未取得,未取得,未取得,未取得,未取得,未取得,未取得,未取得,未取得,未判定,未判定,未判定,未判定,未取得,未判定,Water stewardship in the age of AI: Maximizing water reuse in data centers - Water Tech Online,Water stewardship in the age of AI: Maximizing water reuse in data centers - Water Tech Online,"Thu, 10 Sep 2026 21:07:14 GMT",https://news.google.com/rss/articles/CBMizwFBVV95cUxNZVY0SmVLSkU2cFhtOWttWnVCVENfY0JrazZhRTVTalRqMDA1RzN2ZVYyV2YzVk8zUU5pZ0VBOC1wYXJFcFVvVnpNNTEyR2I4T3YxUURMdHNVeUFtM2dkUUFrakNxd1JxRVVlVDdyM3ZPOWs4V3k2Z0FkSlpJemREaEM0N3hPcHp6TEdDVlRoSy1ldGw5Tm94X3E2LWtLcHpGTjdVWWhISVlsa0Zvb18xRnhBaTd5NjlZcHc2Ty1MbDl1dy1wVFIydWdBVWpfb1U?oc=5
2026-09-13,AIデータセンター,未特定,未特定,テーマ関連ニュース,⚪ 監視,0,企業未特定。ニュースの材料を監視,企業特定後に要再評価,未取得,未取得,未取得,未取得,未取得,未取得,未取得,未取得,未取得,未判定,未判定,未判定,未判定,未取得,未判定,"Blackstone to Acquire Flow Control Holdings, a Leader in Highly Engineered Data Center Liquid Cooling Components - Business Wire","Blackstone to Acquire Flow Control Holdings, a Leader in Highly Engineered Data Center Liquid Cooling Components - Business Wire","Thu, 10 Sep 2026 14:00:00 GMT",https://news.google.com/rss/articles/CBMi_AFBVV95cUxNcmFfQk4zTk5qTEl2YkFYcmptRklxY0JMU0ZiRk9HME1GekVUZGpudmxUX2VsMEhxLTdVMGdOZ0VDNER5YmJNRzNvRVpBNDVrTi0tMndQZlhBNVJGRkVGVXlJWHdDNUhfaXVDVms2WDlTT2NNZGxEUjNNUEdDM2h4Y1RxbzUxbHpkci1PTjNDTDJLZmNyRXZLMVN5S25fcUhQa3c3TGhrcmxzWUhqWm9GQ1FXQTZvVDlEa1FCbEdnc2c4cjlpMEhCZjRNYTNkRXJ2N0V2ZE9NOEZEeXpMMTV4M0NiTFdIMUxGUmV2WHFfeWxrTXdNTW5MakIxU1Q?oc=5
2026-09-13,AIデータセンター,Ucommune International Ltd,UK,テーマ関連ニュース,⚪ 監視,0,成長テーマとの関連 / 企業を特定,売上成長悪化 / 営業利益成長悪化 / EPS成長悪化 / ROE悪化 / 営業CFマイナス / バリュートラップ警戒,未取得,0.04863962,-45.84208255429311,-66.17149961793997,-23.003433649767725,-1385.4万,-26.107999999999997,未取得,751.1万,要確認,警戒,中,要IR確認,2～3円 / 2～2円 / 2～2円,主要価格帯付近,"Data Center Thermal Management Market by Solution, Component, Data Center Type, End-use Industry, Technology, Type of Cooling, and Region - Global Forecast to 2032 - Yahoo Finance UK","Data Center Thermal Management Market by Solution, Component, Data Center Type, End-use Industry, Technology, Type of Cooling, and Region - Global Forecast to 2032 - Yahoo Finance UK","Tue, 08 Sep 2026 14:50:00 GMT",https://news.google.com/rss/articles/CBMijwFBVV95cUxQc0RDSTBJc3RXZkJiT0YzSmRGZkpQUEE1a2JpTXlWY3BuYW5yLUJiaTZHdTUxaVpXSHJjdjBYNlNVQWM1aHE4WVlROHJDek5KQ1Utb1JTUkRmUTRqSE1HSkNUalh3OWxoWFZ6MnRDSl9BNXc2b1dOUzhjdUNfaFhrYnlwX1BLMjN5SUtxWFBRYw?oc=5
2026-09-13,AIデータセンター,未特定,未特定,テーマ関連ニュース,⚪ 監視,0,企業未特定。ニュースの材料を監視,企業特定後に要再評価,未取得,未取得,未取得,未取得,未取得,未取得,未取得,未取得,未取得,未判定,未判定,未判定,未判定,未取得,未判定,Next-Gen Data Center Cooling Could Be Powered By Its Own Heat - Here's How - bgr.com,Next-Gen Data Center Cooling Could Be Powered By Its Own Heat - Here's How - bgr.com,"Wed, 09 Sep 2026 18:17:00 GMT",https://news.google.com/rss/articles/CBMiiAFBVV95cUxOQk9Cb2Q0akJWd0ZyM3plLVBXenRUY1pXUVBDR1gxVEkyandDYnlhWDM2YXdlbFhMSXVzVkdOVUZLbU1VdkJ2T0E0dDdwdzRyRWtwY09LN2REMk92X1FxVG93V0ZqUnFPRDkyR2wxcFpjMlRFdE9lWDFLWWc2YXVxS1VHd2VsRXl2?oc=5
2026-09-13,冷却・熱管理,未特定,未特定,テーマ関連ニュース,⚪ 監視,0,企業未特定。ニュースの材料を監視,企業特定後に要再評価,未取得,未取得,未取得,未取得,未取得,未取得,未取得,未取得,未取得,未判定,未判定,未判定,未判定,未取得,未判定,New marine battery uses immersion cooling to prevent fire spread - Interesting Engineering,New marine battery uses immersion cooling to prevent fire spread - Interesting Engineering,"Wed, 02 Sep 2026 07:00:00 GMT",https://news.google.com/rss/articles/CBMimgFBVV95cUxPSlJtdm8wQVk0b0xYUE5MLXlqRmEyN2pSVFhsOVRERmFWZjdtckNaUUNwZk8tRkZ5d1RLVEUwYjB0UC1BNTlVa2xtS1JDbUI3dXEwa0xJR2pnZU13ZUZ5OEhIc1RtZUFkdkh2Y1p1a2h3cjl4d0lpOElqUlpteGU2NW53RUFzN0tUWUJJYjJvR3hqYzN4UEVZUFFR?oc=5
2026-09-13,AIデータセンター,未特定,未特定,テーマ関連ニュース,⚪ 監視,0,企業未特定。ニュースの材料を監視,企業特定後に要再評価,未取得,未取得,未取得,未取得,未取得,未取得,未取得,未取得,未取得,未判定,未判定,未判定,未判定,未取得,未判定,Immersion cooling vendor Ferveret is thinking inside the box - Data Center Dynamics,Immersion cooling vendor Ferveret is thinking inside the box - Data Center Dynamics,"Thu, 03 Sep 2026 16:02:39 GMT",https://news.google.com/rss/articles/CBMiowFBVV95cUxQSEI1aXpCRVhLZk5pM0VibFlDM1ZCbU1Selh2MFBPSjFldUx6VGFzdHY3YldmR1RNSjNmUUdYVEI5REp1X1VTMU1SM21jdElqemVVMXNYcnE2YkV4MlZ6YXUzaVdEMmdwTi1wWkJIUm50MHpGUEdoS1I2TFFxTWJuQUxsLVFGV0gtU2wwUS1CYjNBWXVreVFiTVM0dzR0STI5Z3RF?oc=5
2026-09-13,冷却・熱管理,未特定,未特定,テーマ関連ニュース,⚪ 監視,0,企業未特定。ニュースの材料を監視,企業特定後に要再評価,未取得,未取得,未取得,未取得,未取得,未取得,未取得,未取得,未取得,未判定,未判定,未判定,未判定,未取得,未判定,How immersive thermal management is unlocking next generation of heavy-duty electric machinery - International Mining,How immersive thermal management is unlocking next generation of heavy-duty electric machinery - International Mining,"Fri, 11 Sep 2026 11:27:24 GMT",https://news.google.com/rss/articles/CBMixwFBVV95cUxQanhJeFJjT1ppZjFDSkNNRURYcjlMYkV5UjFZemlXM3lncWY5R2FvNjB3OElDOWpwZzNCVTBVLUxXWWQ3eHg0anBrZl9kYnU0elNCWl8taDRqX2gwNEZOT09TZ0JvVzVET3FNSkVOM2dZdW81VWl6OThTMm1Ma3VwbjktZ3ZMYTROcTN1Z3luTm5fZW1ZdldQNFlOUmtiWW9ZQTkzTE1xajVvWlBiMk1vM2tRZ1ZPREVBX1QxZTRBQ1NyZUlISzgw?oc=5
2026-09-13,AIデータセンター,未特定,未特定,テーマ関連ニュース,⚪ 監視,0,企業未特定。ニュースの材料を監視,企業特定後に要再評価,未取得,未取得,未取得,未取得,未取得,未取得,未取得,未取得,未取得,未判定,未判定,未判定,未判定,未取得,未判定,What FMs need to know about data center immersion cooling fluid selection - Facilities Dive,What FMs need to know about data center immersion cooling fluid selection - Facilities Dive,"Mon, 06 Apr 2026 07:00:00 GMT",https://news.google.com/rss/articles/CBMiuAFBVV95cUxNVFVsT0dFTXZRYWRHT1VBOXgtc3lxQ0RpTXFCTmJuYkRHYy1VdnBvRkxCZ0VjMDNNMWJFS3ZLUUs1SnJUMDU5WDFJZ3N2N2ZtYTdLNlZUTnFUTGx6S1R4TlNpalllNWFwVWJ3RGp2ejhneTVyYzBSOVlZSmhDOHR4Rk9KY2Ywdm5QVWgyZWNDZ1JvWThibXV0eXJISXBaOW1FSGtlUlp1OG96Q1R1R0RfZkdmaEFqRHg0?oc=5
2026-09-13,冷却・熱管理,未特定,未特定,テーマ関連ニュース,⚪ 監視,0,企業未特定。ニュースの材料を監視,企業特定後に要再評価,未取得,未取得,未取得,未取得,未取得,未取得,未取得,未取得,未取得,未判定,未判定,未判定,未判定,未取得,未判定,Beat the Heat Clips | Cold Water Immersion Cooling Technique - College of Medicine – Phoenix,Beat the Heat Clips | Cold Water Immersion Cooling Technique - College of Medicine – Phoenix,"Thu, 30 Jul 2026 07:00:00 GMT",https://news.google.com/rss/articles/CBMipAFBVV95cUxQaVpSeEgxUFVfNzRuREs3eWZuT3hrRnM0bGJ0T191NjJfMXZaS293Z1NESURSNmRqVG9CVWV5cnJLRTRCYlRyNG5sdFRNek1xRFA3VV9UYjA2RS1jcm5haS00bDAtTHdtb0J3SG1kRHpoaUZWYnJGOTVSZ2FJcXNzYk5NdXhBQXhfRDlVcEdwTHZ6OHR3UjBwbnI4WHZuM1E0bjlWNg?oc=5
2026-09-13,冷却・熱管理,未特定,未特定,テーマ関連ニュース,⚪ 監視,0,企業未特定。ニュースの材料を監視,企業特定後に要再評価,未取得,未取得,未取得,未取得,未取得,未取得,未取得,未取得,未取得,未判定,未判定,未判定,未判定,未取得,未判定,Enhancing battery safety under fast charging conditions through spray-based immersion cooling - EurekAlert!,Enhancing battery safety under fast charging conditions through spray-based immersion cooling - EurekAlert!,"Tue, 14 Jul 2026 07:00:00 GMT",https://news.google.com/rss/articles/CBMiXEFVX3lxTFBBdVkzT1FsVGZPV2FzZkxNM2FrQmtfX2xuQlhVdkhxU3FRYmJ5Mm5HTXhsT0RNcHlrdDRaZGNjRml0VjUtbzhLVWNJa1FJVUlmb010Nll0b0ZhM1RH?oc=5
2026-09-13,冷却・熱管理,未特定,未特定,テーマ関連ニュース,⚪ 監視,0,企業未特定。ニュースの材料を監視,企業特定後に要再評価,未取得,未取得,未取得,未取得,未取得,未取得,未取得,未取得,未取得,未判定,未判定,未判定,未判定,未取得,未判定,"Northeast Securities: The Era of High-Power Heat Dissipation Begins, Immersion Liquid Cooling Media Breeds New Opportunities - Moomoo","Northeast Securities: The Era of High-Power Heat Dissipation Begins, Immersion Liquid Cooling Media Breeds New Opportunities - Moomoo","Mon, 07 Sep 2026 06:49:09 GMT",https://news.google.com/rss/articles/CBMirAFBVV95cUxPN3o5LV9uOU9RT1RDdHNhZ2UyYWJtdEFlODNpbV9FNGczWWpQY01wOFU1R05CaDBhd1BBMzNlRG1HRmN6OGxaNHg3VFlmY244b2R5cFVVYjUzTnVEN3g4aF9yMzV0R3NmTUdoWURsOHJHNUtHZzZKbF80WTVrNmp4MlBvLV9OblI3R2gzRUFTclZBcF9sYnhJOXBack8weEtNSVQwdFkwSjBvNDhw?oc=5
2026-09-13,AIデータセンター,未特定,未特定,テーマ関連ニュース,⚪ 監視,0,企業未特定。ニュースの材料を監視,企業特定後に要再評価,未取得,未取得,未取得,未取得,未取得,未取得,未取得,未取得,未取得,未判定,未判定,未判定,未判定,未取得,未判定,Transitioning to Immersion Cooling: Ensure Success with High Performance Infrastructure - Data Center Frontier,Transitioning to Immersion Cooling: Ensure Success with High Performance Infrastructure - Data Center Frontier,"Fri, 30 Jan 2026 08:00:00 GMT",https://news.google.com/rss/articles/CBMi4gFBVV95cUxPaUp6c2ZqR1pXazl0dVJOeDNmYVpYZHFUMDJOV0VNQlhNQzJydGk3cXU5ZlNDdC1rV1F2QlVrMUZLdHBISWpiblMza3VOUEh1dDJXbHl3TmotOXBHREl6X0M0UW1SSV9neHR6eHp2RXhpMXhKVXBRLW4xXzBvckc4bTF1NlEtbjhRdVNISnJXSFNNVmlFb0dKcHBrZWJhWW9MRlJ5QmdHa1RyNkZyTlBpQ2dEVDZSamRZbU1ET1hURU81ZkVRZTlvSjV1Z2UtekhjbG9ja0l4TV9TcncwTEo1ZEZ3?oc=5
2026-09-13,AIデータセンター,未特定,未特定,テーマ関連ニュース,⚪ 監視,0,企業未特定。ニュースの材料を監視,企業特定後に要再評価,未取得,未取得,未取得,未取得,未取得,未取得,未取得,未取得,未取得,未判定,未判定,未判定,未判定,未取得,未判定,Malaysia to launch palm oil-based immersion cooling fluid for data centers - Data Center Dynamics,Malaysia to launch palm oil-based immersion cooling fluid for data centers - Data Center Dynamics,"Fri, 14 Aug 2026 07:00:00 GMT",https://news.google.com/rss/articles/CBMiugFBVV95cUxNM3VzekJIMTB5X3F6cnVZcGp2VkVaRXlRMlV6Zm9tRmRZSmxRVUhIcWQ3UGxhcDNPZk1keC02V0NJQnU2V21zQkVZTmU3ZzluZUVINzBveXZKSDhpY0RDZC1zSmRmMnZRVndCTE1ZSEFEMzU2QmFQWWd1bXEydkxUR01RLVBwRkRCRGlLSEsxb3ZTZC1WZUx3TDkyV09vc0JYLXJ4RFZUMkZEaXJNMl9UcGZKRzhtdTFxaGc?oc=5
2026-09-13,その他,未特定,未特定,テーマ関連ニュース,⚪ 監視,0,企業未特定。ニュースの材料を監視,企業特定後に要再評価,未取得,未取得,未取得,未取得,未取得,未取得,未取得,未取得,未取得,未判定,未判定,未判定,未判定,未取得,未判定,‘World’s first’ spray-immersion system cuts battery coolant volume by 85% - Interesting Engineering,‘World’s first’ spray-immersion system cuts battery coolant volume by 85% - Interesting Engineering,"Wed, 15 Jul 2026 07:00:00 GMT",https://news.google.com/rss/articles/CBMilwFBVV95cUxPQk1oOU5jcTctaUVUbDg3WDRxOEMxN2d1V1haRFo0bEZCQWNKWnFOc2UxVWNQRUdkMnFqN3EyOTRiLV9ta2t4ZE5IQjhoeGlLMnNGVG5mMExmSUhBZGtqSXFreHM5SzdnMDVFRmZFelVIU1BZZGpoYmtYa2pnaWw0b1R6cjlMZDRtMVZlcmE5aDJnWjRqSTY4?oc=5
2026-09-13,AIデータセンター,未特定,未特定,テーマ関連ニュース,⚪ 監視,0,企業未特定。ニュースの材料を監視,企業特定後に要再評価,未取得,未取得,未取得,未取得,未取得,未取得,未取得,未取得,未取得,未判定,未判定,未判定,未判定,未取得,未判定,"Immersion Cooling: Lagging Today, Leading Tomorrow - Data Center Knowledge","Immersion Cooling: Lagging Today, Leading Tomorrow - Data Center Knowledge","Wed, 19 Nov 2025 08:00:00 GMT",https://news.google.com/rss/articles/CBMilwFBVV95cUxNRnVLanV0TTZTT0E0QkFlN29uX3pwa2VyZm9HeWFYMUticlFsZHdQWUUtaTAzOF9EYy0tY0ZtYUkzR2cwODBpU1RjckdIY3BQMVBQM3IyTjJDeTVsdjRuYnBXLS1Pbm5iZDR2WHVPMUxVandLekR5bVdrOFhvbG9mQ1phV3VDZmE3N19DU3hfeWFSRTh5VGYw?oc=5
2026-09-13,AIデータセンター,未特定,未特定,テーマ関連ニュース,⚪ 監視,0,企業未特定。ニュースの材料を監視,企業特定後に要再評価,未取得,未取得,未取得,未取得,未取得,未取得,未取得,未取得,未取得,未判定,未判定,未判定,未判定,未取得,未判定,Castrol signs MoU to bring immersion cooling to Japan - Data Center Dynamics,Castrol signs MoU to bring immersion cooling to Japan - Data Center Dynamics,"Mon, 27 Jul 2026 07:00:00 GMT",https://news.google.com/rss/articles/CBMingFBVV95cUxOb1I5ZzQ3RW9GSWtKNkpDTEdJWWlCdjJnNjJsdDhaY244NVlNWGMxb1JKZm5UcURzYnRmR09CZEVLM0sxZl9OYTJ0UWY4akFhaXRLc1FmWUlVUmFIemhGVFZiVmRHeXdJWUl6X1NUOS10Y1h2WGp6YW42NHpJNTNLcXlwWUxxYUVZREVmRWlEN3hCRGxHT0FFOHlNVjkxdw?oc=5
2026-09-13,AIデータセンター,未特定,未特定,テーマ関連ニュース,⚪ 監視,0,企業未特定。ニュースの材料を監視,企業特定後に要再評価,未取得,未取得,未取得,未取得,未取得,未取得,未取得,未取得,未取得,未判定,未判定,未判定,未判定,未取得,未判定,The Liquid Cooling Revolution is Here - Data Center Richness | Substack,The Liquid Cooling Revolution is Here - Data Center Richness | Substack,"Thu, 30 Apr 2026 07:00:00 GMT",https://news.google.com/rss/articles/CBMif0FVX3lxTE1CaXA0MDNwZGhvZW5TcWl0dmh4UXc5RFZUblZrRWZuX1p1RENpQklTaWJGa1psU0xoZXEyajlnVXkxWWZFZHI3VnlPQUNkdGJOMUhMTjBhTjVLbFBTMXJBV1hnT3ZtYnYtNVpYa3RNUTF1ZWloR2Frc25xVlh3UW8?oc=5
2026-09-13,AIデータセンター,未特定,未特定,テーマ関連ニュース,⚪ 監視,0,企業未特定。ニュースの材料を監視,企業特定後に要再評価,未取得,未取得,未取得,未取得,未取得,未取得,未取得,未取得,未取得,未判定,未判定,未判定,未判定,未取得,未判定,"Part 1: After Decades in Data Center Cooling, This Is Where Carel Sees the Industry Headed Next - Natural Refrigerants","Part 1: After Decades in Data Center Cooling, This Is Where Carel Sees the Industry Headed Next - Natural Refrigerants","Mon, 30 Mar 2026 07:00:00 GMT",https://news.google.com/rss/articles/CBMiywFBVV95cUxQSl92THZ5WVlvSi1LMHhhZmlJMUQ1TjBWeDB2OERXRXZzaFBQcFVjU1h1RW5RQ2xVVGxobzRVZmNGOXNad240bWVTdi1nQ1M4eUZSZlJNSlprZVVkUEVzdlRpS3JfZEp3UlFKTEY3NTY5V1JqTHpBeEx6NU1PdUF3RHNvYmxRMHZaRXZrLVBKNGJjWnVUek9xTWdfMzJCaUFrRzV5aFAyMWtwRldiVDJmMWRTZlFXZWJrS0x2bFRjdV84QWU4dm1qN3ExOA?oc=5
2026-09-13,電力・蓄電,未特定,未特定,テーマ関連ニュース,⚪ 監視,0,企業未特定。ニュースの材料を監視,企業特定後に要再評価,未取得,未取得,未取得,未取得,未取得,未取得,未取得,未取得,未取得,未判定,未判定,未判定,未判定,未取得,未判定,AIの発展を支える サーバー冷却技術と安定的電力を供給 中国・貴州 - Excite エキサイト,AIの発展を支える サーバー冷却技術と安定的電力を供給 中国・貴州 - Excite エキサイト,"Sun, 13 Sep 2026 09:30:00 GMT",https://news.google.com/rss/articles/CBMiZEFVX3lxTE1KSFltY2NIUWd0N1J0eGNLbHk2Nk00eC1ZVW9Hb2toN0lZOHpnb3pQazlNTy1DZkEzU2UzTDdjZUNoWlp0aFBFWTRLS2tUV2wtdzJtUEptUkswb2ZEdFFrTUx6X1o?oc=5
2026-09-13,AIデータセンター,未特定,未特定,テーマ関連ニュース,⚪ 監視,0,企業未特定。ニュースの材料を監視,企業特定後に要再評価,未取得,未取得,未取得,未取得,未取得,未取得,未取得,未取得,未取得,未判定,未判定,未判定,未判定,未取得,未判定,26年以降開業のデータセンターを独自調査、受電容量や液冷方式を一挙公開 - 日経不動産マーケット情報,26年以降開業のデータセンターを独自調査、受電容量や液冷方式を一挙公開 - 日経不動産マーケット情報,"Fri, 11 Sep 2026 16:55:43 GMT",https://news.google.com/rss/articles/CBMiZEFVX3lxTFBwUmExSklrdU1XWEI5bW5PLUQtWGhObmhsRGRnVDIzblJ6U1REN0JPUlJ3OW9ld0FHeW9wSFBONWJ0eVFkbWthd0dlVmxLMWhDZGtuRlhMUXdhbzZ6dU1XQ0ZOTFU?oc=5
2026-09-13,AIデータセンター,未特定,未特定,テーマ関連ニュース,⚪ 監視,0,企業未特定。ニュースの材料を監視,企業特定後に要再評価,未取得,未取得,未取得,未取得,未取得,未取得,未取得,未取得,未取得,未判定,未判定,未判定,未判定,未取得,未判定,生成AI普及で需要急拡大、「データセンター冷却」で浮上する妙味株6選 ＜株探トップ特集＞ - kabutan.jp,生成AI普及で需要急拡大、「データセンター冷却」で浮上する妙味株6選 ＜株探トップ特集＞ - kabutan.jp,"Mon, 08 Jun 2026 07:00:00 GMT",https://news.google.com/rss/articles/CBMiYEFVX3lxTE5UQ1JvT2tXaTh2ajhEazdrZTNKcDlodm9VYnk3YTltN29wYkdHT1hrWUh0cUk2a0ctNkJBWXVLSWpQekRZLVdNUTIzRF9hTEJxS2YtdEhaajI1VWRwd1A2SA?oc=5
2026-09-13,AIデータセンター,未特定,未特定,テーマ関連ニュース,⚪ 監視,0,企業未特定。ニュースの材料を監視,企業特定後に要再評価,未取得,未取得,未取得,未取得,未取得,未取得,未取得,未取得,未取得,未判定,未判定,未判定,未判定,未取得,未判定,TDKや出光の参入で活況、データセンターの冷却8兆円市場 - 日本経済新聞,TDKや出光の参入で活況、データセンターの冷却8兆円市場 - 日本経済新聞,"Thu, 23 Jul 2026 07:00:00 GMT",https://news.google.com/rss/articles/CBMibEFVX3lxTE9tcDV2TjNPR0ZRSE5heTZCdFFFZnRya253TjZZTVNMX1BBVnBIN205WUl5bUFuRlJ0UHN4NmxDSWhCMUZtcEtya0piTGpwNjV5Vm9nRkJSVWR1Ykdsa1dKdlFNZHlzd0VJM1NWYQ?oc=5
2026-09-13,AIデータセンター,未特定,未特定,テーマ関連ニュース,⚪ 監視,0,企業未特定。ニュースの材料を監視,企業特定後に要再評価,未取得,未取得,未取得,未取得,未取得,未取得,未取得,未取得,未取得,未判定,未判定,未判定,未判定,未取得,未判定,AI半導体の“爆熱”を誰が冷やすのか…8兆円データセンター冷却市場、日本勢の逆襲 - ビジネスジャーナル,AI半導体の“爆熱”を誰が冷やすのか…8兆円データセンター冷却市場、日本勢の逆襲 - ビジネスジャーナル,"Sun, 06 Sep 2026 21:00:21 GMT",https://news.google.com/rss/articles/CBMiZEFVX3lxTE9wOGdkWUlVNUVuSkdqZjYyRHpYcXEybjFBdGppSUFYaGxxXzB1eWYxa1R4VHJDT0d0S0swMkVWZ1ZMVDhoTk1iaUFiZ2FtT1JDVEQ3RC1sODlhOU9ZUVdodW5GZWo?oc=5
2026-09-13,AIデータセンター,未特定,未特定,テーマ関連ニュース,⚪ 監視,0,企業未特定。ニュースの材料を監視,企業特定後に要再評価,未取得,未取得,未取得,未取得,未取得,未取得,未取得,未取得,未取得,未判定,未判定,未判定,未判定,未取得,未判定,ダイダンが大幅反発､データセンター向けデジタルツイン構築へ - shikiho.toyokeizai.net,ダイダンが大幅反発､データセンター向けデジタルツイン構築へ - shikiho.toyokeizai.net,"Wed, 09 Sep 2026 04:47:25 GMT",https://news.google.com/rss/articles/CBMiV0FVX3lxTFBhTFlEZ0phNWZ4N2I4blhHLVZIQ0xjZDFJTmtLSkF0bER0MFF5LW1WOHlPRTVUM1lWSWJuSmI0a3BSUkZ6T0NOTVdzS0ZybXJNUnJYZHRJUQ?oc=5
2026-09-13,AIデータセンター,未特定,未特定,テーマ関連ニュース,⚪ 監視,0,企業未特定。ニュースの材料を監視,企業特定後に要再評価,未取得,未取得,未取得,未取得,未取得,未取得,未取得,未取得,未取得,未判定,未判定,未判定,未判定,未取得,未判定,Stulz、エッジデータセンター向け新型空冷システムを発表 - cafe-dc.com,Stulz、エッジデータセンター向け新型空冷システムを発表 - cafe-dc.com,"Wed, 09 Sep 2026 05:10:09 GMT",https://news.google.com/rss/articles/CBMikgFBVV95cUxNN2F6UndkMVhqdHNBSF95b1BVcUV2UHowUzNoQjY0d2FtWU9sTVFEcHlGWXpPNTRINTlrall0YWJjWS1Sd2REeXpFalN6b1FRa1VXRC1CQ054Rk5ZNmhCb2E5eW5uQ1phSS01dThyOEFYUlEyenJMdXktdnlsOWRPSllpUWxmZkVlanRqalAxV2NlQQ?oc=5
2026-09-13,AIデータセンター,未特定,未特定,テーマ関連ニュース,⚪ 監視,0,企業未特定。ニュースの材料を監視,企業特定後に要再評価,未取得,未取得,未取得,未取得,未取得,未取得,未取得,未取得,未取得,未判定,未判定,未判定,未判定,未取得,未判定,空冷の限界に直面するAIデータセンターはダイレクト・ツー・チップ液冷へ舵を切るのか：『ビジネス2.0』の視点 - オルタナティブ・ブログ,空冷の限界に直面するAIデータセンターはダイレクト・ツー・チップ液冷へ舵を切るのか：『ビジネス2.0』の視点 - オルタナティブ・ブログ,"Sun, 30 Aug 2026 07:00:00 GMT",https://news.google.com/rss/articles/CBMia0FVX3lxTE5XUHQxeVNsS01Sa3JnOWl6ZEc4dzlBMk1ZMWtEMjJyanFpMnFtYlc0bmJSSzNXYUxnc0xSTVVidGhiVG9vYnNLTEx0ZDhjOHBzWUE4T0F5VzlQWXdZalpfZjZyS0M5a3dndDdZ?oc=5
2026-09-13,AIデータセンター,未特定,未特定,テーマ関連ニュース,⚪ 監視,0,企業未特定。ニュースの材料を監視,企業特定後に要再評価,未取得,未取得,未取得,未取得,未取得,未取得,未取得,未取得,未取得,未判定,未判定,未判定,未判定,未取得,未判定,データセンターの液冷技術、施工・運用ノウハウが不足 進む共同検証 - 日本経済新聞,データセンターの液冷技術、施工・運用ノウハウが不足 進む共同検証 - 日本経済新聞,"Tue, 14 Jul 2026 07:00:00 GMT",https://news.google.com/rss/articles/CBMibEFVX3lxTFA3X1FYZ28yTDNnaDZHZFZiTmlhTndJcUFXM3hzRFk2WGVxd0gzODRQdV9fM1FGYTFNQUdZVWhaMG1PMHBGMXNaRWprZ2VYZWM4RlYwdjJQOVNncVBsQ1Z0QUlVakViSEpSVlBQZg?oc=5
2026-09-13,AIデータセンター,未特定,未特定,テーマ関連ニュース,⚪ 監視,0,企業未特定。ニュースの材料を監視,企業特定後に要再評価,未取得,未取得,未取得,未取得,未取得,未取得,未取得,未取得,未取得,未判定,未判定,未判定,未判定,未取得,未判定,AIインフラの消費電力増大に伴う液冷の標準化とデータセンターにおける電力効率改善の道筋：『ビジネス2.0』の視点 - オルタナティブ・ブログ,AIインフラの消費電力増大に伴う液冷の標準化とデータセンターにおける電力効率改善の道筋：『ビジネス2.0』の視点 - オルタナティブ・ブログ,"Wed, 02 Sep 2026 07:00:00 GMT",https://news.google.com/rss/articles/CBMia0FVX3lxTE01WUhTUzZCOVFqa2c5N3puQ0R4MmtIUW9lQkhWZ2dDRGFDOFBkMklNUWlpRTl6RlUyUGQ3TnV6NHYyUzJpUDFPZlFxU0FyN2JHT19KUHB3aXlHanFRanVpQUtHVHdrNnZxS2dR?oc=5
2026-09-13,AIデータセンター,"California Grapes International, Inc.",CAGR,テーマ関連ニュース,⚪ 監視,0,成長テーマとの関連 / 企業を特定,ROE悪化 / バリュートラップ警戒,未取得,-0.0033333332,未取得,未取得,未取得,未取得,-67.985,未取得,未取得,未判定,警戒,未判定,要IR確認,未取得,未判定,浸漬冷却市場は2035年に27億900万米ドルへ、CAGR 22.6％で急成長｜AI・高密度データセンターの省エネ冷却需要が拡大 - atpress.ne.jp,浸漬冷却市場は2035年に27億900万米ドルへ、CAGR 22.6％で急成長｜AI・高密度データセンターの省エネ冷却需要が拡大 - atpress.ne.jp,"Tue, 08 Sep 2026 00:00:00 GMT",https://news.google.com/rss/articles/CBMiT0FVX3lxTE4tWGtKN2tWRUUzc1N4SjRaVm41ek9JVm1sQ0lCWWUxZVdRY0VEaDlTV3RzNUlZNHlweTh0cjMxOTU0NFpEN29NaHllOEZpNFU?oc=5
2026-09-13,AIデータセンター,未特定,未特定,テーマ関連ニュース,⚪ 監視,0,企業未特定。ニュースの材料を監視,企業特定後に要再評価,未取得,未取得,未取得,未取得,未取得,未取得,未取得,未取得,未取得,未判定,未判定,未判定,未判定,未取得,未判定,過熱するAIデータセンター、半導体・冷却・電力業界が「発熱制御」に総力戦 - BigGo ファイナンス,過熱するAIデータセンター、半導体・冷却・電力業界が「発熱制御」に総力戦 - BigGo ファイナンス,"Fri, 07 Aug 2026 07:00:00 GMT",https://news.google.com/rss/articles/CBMidEFVX3lxTE1jdDhOWEw4bmJ0ZzQ1cWw4aWhObHV1bndMRDVKRXRYbFZvNmE3RkdxRmJCdWx4czJoNHAyZW0tYk1nS3RLSERoYm5PekxZLVZaMkR3N09IRDlBRFc5eXE1ZnVuU1I5NDZ0Ymw5OERHcER0LWtk?oc=5
2026-09-13,冷却・熱管理,未特定,未特定,テーマ関連ニュース,⚪ 監視,0,企業未特定。ニュースの材料を監視,企業特定後に要再評価,未取得,未取得,未取得,未取得,未取得,未取得,未取得,未取得,未取得,未判定,未判定,未判定,未判定,未取得,未判定,Apple、2nmのiPhone 18を発表…Samsung ElectronicsとTSMC、パッケージング熱管理で激突 - BigGo ファイナンス,Apple、2nmのiPhone 18を発表…Samsung ElectronicsとTSMC、パッケージング熱管理で激突 - BigGo ファイナンス,"Thu, 10 Sep 2026 02:36:00 GMT",https://news.google.com/rss/articles/CBMidEFVX3lxTFBGMHI4Ylc3VkpzQmdvbHJrcWE1WUtrY2dIMlBsUk9CZkxVRnUzZV9FQjJBSnF6dFBjdk5kOU1BQmhxdUdZZ1czcVpmTTUta25mOGhTajZtc0JLMnpuX2dyc04zaHRwQ0l4akU5VV9Ia0F6akda?oc=5
2026-09-13,AIデータセンター,未特定,未特定,テーマ関連ニュース,⚪ 監視,0,企業未特定。ニュースの材料を監視,企業特定後に要再評価,未取得,未取得,未取得,未取得,未取得,未取得,未取得,未取得,未取得,未判定,未判定,未判定,未判定,未取得,未判定,AIデータセンター、「巨大集積」から分散・モジュール時代へ転換 - BigGo ファイナンス,AIデータセンター、「巨大集積」から分散・モジュール時代へ転換 - BigGo ファイナンス,"Sun, 23 Aug 2026 07:00:00 GMT",https://news.google.com/rss/articles/CBMidEFVX3lxTE1udy1hVGNSTXNXOEw0aF85SzdPSlVqVnpYakRwLTRqNFRIY2NBRVk5SXcydFZfOHp1U3lDV3hZSjNSOGZsQUNDV19kM1BJa3NPb29KaEhNMWJyT1k3RE8teUdvWWoxN2dQRXF1TTkzYUtHd0Np?oc=5
2026-09-13,半導体,未特定,未特定,テーマ関連ニュース,⚪ 監視,0,企業未特定。ニュースの材料を監視,企業特定後に要再評価,未取得,未取得,未取得,未取得,未取得,未取得,未取得,未取得,未取得,未判定,未判定,未判定,未判定,未取得,未判定,GPUを超える3D半導体の「熱」戦争…次世代の勝負どころは冷却インフラへ - BigGo ファイナンス,GPUを超える3D半導体の「熱」戦争…次世代の勝負どころは冷却インフラへ - BigGo ファイナンス,"Tue, 05 May 2026 07:00:00 GMT",https://news.google.com/rss/articles/CBMiX0FVX3lxTE5pbnhmQnZZTGJERVpYclJmRG9hOXc0bkthenM5MEhWeUQtdGYtai1lQWNla1J1a0lSRERsLWZJUnpMVk9tMkxteHJVUXBJMnV3bXZtel9FRGM3Vkg5Zmdr?oc=5
2026-09-13,その他,未特定,未特定,テーマ関連ニュース,⚪ 監視,0,企業未特定。ニュースの材料を監視,企業特定後に要再評価,未取得,未取得,未取得,未取得,未取得,未取得,未取得,未取得,未取得,未判定,未判定,未判定,未判定,未取得,未判定,AI時代の勝負所は「熱」…スタートアップCoolMicroが「空挺部隊冷却」で挑戦状 - BigGo ファイナンス,AI時代の勝負所は「熱」…スタートアップCoolMicroが「空挺部隊冷却」で挑戦状 - BigGo ファイナンス,"Wed, 24 Jun 2026 07:00:00 GMT",https://news.google.com/rss/articles/CBMidEFVX3lxTFBpUjJlenB2TWtMS0p4c0Y3M1pOU2ozcTdZRzg2c1ZTRHpVbTJpelF3eFpPZmN4UG1KdTBRQWpldzVMT3BWeElib3V1U0lqSWFoeThQSUxEbGl4LXNNTDUySDhfWExSLVZwOHg4SFMxeG1lY25E?oc=5
2026-09-13,冷却・熱管理,未特定,未特定,テーマ関連ニュース,⚪ 監視,0,企業未特定。ニュースの材料を監視,企業特定後に要再評価,未取得,未取得,未取得,未取得,未取得,未取得,未取得,未取得,未取得,未判定,未判定,未判定,未判定,未取得,未判定,"猛暑が変えた自動車技術の戦争…Hyundai Wiaが5,000億ウォン、Intelが8.5兆ウォンを投じ「熱管理・AI投資」で激突 - BigGo ファイナンス","猛暑が変えた自動車技術の戦争…Hyundai Wiaが5,000億ウォン、Intelが8.5兆ウォンを投じ「熱管理・AI投資」で激突 - BigGo ファイナンス","Tue, 14 Jul 2026 10:00:39 GMT",https://news.google.com/rss/articles/CBMidEFVX3lxTE5XR09qQUdHZF9iQnl5TU9sSHliV0w1Y2QxODBqTGYxSG9Ib1pMdjYwSkxhaHZhMllDdmtpeHk2VHFQYWFTX25UWXdPeWJCOFppRmRkcTREcnlOcWstM3FweW1uT2VDaERpckdsVWRsZDFqMzR6?oc=5
2026-09-13,その他,未特定,未特定,テーマ関連ニュース,⚪ 監視,0,企業未特定。ニュースの材料を監視,企業特定後に要再評価,未取得,未取得,未取得,未取得,未取得,未取得,未取得,未取得,未取得,未判定,未判定,未判定,未判定,未取得,未判定,「銅の時代」の終焉か：熱伝導率3倍の新金属「θ-TaN」がAI冷却のボトルネックを破壊する - XenoSpectrum,「銅の時代」の終焉か：熱伝導率3倍の新金属「θ-TaN」がAI冷却のボトルネックを破壊する - XenoSpectrum,"Thu, 22 Jan 2026 08:00:00 GMT",https://news.google.com/rss/articles/CBMijgFBVV95cUxNYjMxUFM2b2pRRC1vVEVxVC1RRjVDaHJpdzRTb2ZBVHRaZl9wZHZ4dDVRMEs0Rktobm1RRXp0ODh4THAtQzNrUWV3M040d3U0cG1yZlQ2bjFVYWU0ZnY5aEpYMk04T29zbm81Y3cySmNmUWt4UmxwbWdEeXUtWmFybGNKby01SzR6QmRDOHR3?oc=5
2026-09-13,半導体,未特定,未特定,テーマ関連ニュース,⚪ 監視,0,企業未特定。ニュースの材料を監視,企業特定後に要再評価,未取得,未取得,未取得,未取得,未取得,未取得,未取得,未取得,未取得,未判定,未判定,未判定,未判定,未取得,未判定,三次元マイクロ流路で半導体チップの省エネ水冷を実現 ―AI半導体の高性能化を支える高効率放熱技術― - t.u-tokyo.ac.jp,三次元マイクロ流路で半導体チップの省エネ水冷を実現 ―AI半導体の高性能化を支える高効率放熱技術― - t.u-tokyo.ac.jp,"Mon, 14 Apr 2025 07:00:00 GMT",https://news.google.com/rss/articles/CBMiX0FVX3lxTFB3dTA4TDlTYnJGbGRBbWMzbDJTbGdieU80bU1ORzNzVnNUWDVNOERJQU02OW9TOU5HWkhUX1FKcDZCTWNENkp1SVI5bi0zX1JvMmRiS2ZHenQzczY5Vzlr?oc=5
2026-09-13,半導体,未特定,未特定,テーマ関連ニュース,⚪ 監視,0,企業未特定。ニュースの材料を監視,企業特定後に要再評価,未取得,未取得,未取得,未取得,未取得,未取得,未取得,未取得,未取得,未判定,未判定,未判定,未判定,未取得,未判定,2.5D／3D半導体パッケージングの熱対策戦略 - IDTechEx,2.5D／3D半導体パッケージングの熱対策戦略 - IDTechEx,"Tue, 15 Jul 2025 07:00:00 GMT",https://news.google.com/rss/articles/CBMirgFBVV95cUxOUXMzaUZpMFJENU1IbndGRi1ITENJNGYwaGtjTXhXUUFLRmlDdk03RTdsUWQyQUlLM084NGoxM3dFMlozeTVkaWtTREhxaGo5WGR1VF9uams0WUZ6OUkwdGpyLVRxeFNGdlp1eks0VXJQZXc4M3JpRFlBVFh6LXE4c3F5SEk0d1pCNVJQcnpzWWlHSEJleXRVTnRRaHhBbmxjaTFUQ2RYb2p5b2hLS3c?oc=5
2026-09-13,AIデータセンター,未特定,未特定,テーマ関連ニュース,⚪ 監視,0,企業未特定。ニュースの材料を監視,企業特定後に要再評価,未取得,未取得,未取得,未取得,未取得,未取得,未取得,未取得,未取得,未判定,未判定,未判定,未判定,未取得,未判定,Clean Energy Resources to Meet Data Center Electricity Demand - Department of Energy (.gov),Clean Energy Resources to Meet Data Center Electricity Demand - Department of Energy (.gov),"Thu, 10 Sep 2026 16:21:28 GMT",https://news.google.com/rss/articles/CBMijAFBVV95cUxNS3BpVTdBYWozS0QzbFdJakhBcUltUHd6T3RDQ0ZJZ3VYZjFNejEwWlR6MUlLdklGdlMycXpQbkhGcHBXRVFiVDhSQ3J1dWdJT0RxT3AzdXhnRFlWcEJUdzA1Vzdmb3cwbGQ0eWR6aWVUWTNuYlc3Y3BuUzRiRHVwOEdrN0dkUnIzQW9tYQ?oc=5
2026-09-13,AIデータセンター,未特定,未特定,テーマ関連ニュース,⚪ 監視,0,企業未特定。ニュースの材料を監視,企業特定後に要再評価,未取得,未取得,未取得,未取得,未取得,未取得,未取得,未取得,未取得,未判定,未判定,未判定,未判定,未取得,未判定,All the latest updates on AI data centers - The Verge,All the latest updates on AI data centers - The Verge,"Wed, 09 Sep 2026 15:58:46 GMT",https://news.google.com/rss/articles/CBMiqAFBVV95cUxOb0UxRGMyQ3VLZ1hCY2U3dVVzZnYyX1FZSGJ6OElGOFZ3amc1NnY2Z3Fhb2NIcUp4UFNQNTBQZ3RPa2RiaGEtYWROcHpadFpCV244Nng2VDZuOTBMZDNwdHR3ajl4RXhSSEFjSUZQMVlFd25GSXNZWHZxaVpJYXN0VFJSYUtwcWpOc1huZENJSTRjTlJtTUN3RXh4WFgxRkhOZnBLNVFwSHc?oc=5
2026-09-13,AIデータセンター,未特定,未特定,テーマ関連ニュース,⚪ 監視,0,企業未特定。ニュースの材料を監視,企業特定後に要再評価,未取得,未取得,未取得,未取得,未取得,未取得,未取得,未取得,未取得,未判定,未判定,未判定,未判定,未取得,未判定,"Bucknell experts offer insight about data centers, AI, power, and water - NorthcentralPA.com","Bucknell experts offer insight about data centers, AI, power, and water - NorthcentralPA.com","Sat, 12 Sep 2026 20:00:00 GMT",https://news.google.com/rss/articles/CBMi6gFBVV95cUxPNE9Za01BUE1ScnQ2d1k2Tnk0RDFpY3pCRk5MeUpsQWdpYXJBNlRQdzBUUnVpa1VsWDVxSmIwNkJGVGNpNmFjbjFCU0FQMDNwTXBsOEMybmxxT3p6M2N5aXpKaHVQR1F4T1JSODdkQnQ5akdiX2ltSGViTy1fdHNGdldzWG03VTFLQlYyeHBjcFkzcFRVZENUQnNRMWNXZU9WN0FFWS1vRVcxRWZyS0xiYnRleDRWZTFTRVZQTEhIN21IMVg2eWd0RXNiRnl4OUQ2Vkl6QVZjRUlHeUFpNHNmTGpDdjZLSWlEeHc?oc=5
2026-09-13,AIデータセンター,未特定,未特定,テーマ関連ニュース,⚪ 監視,0,企業未特定。ニュースの材料を監視,企業特定後に要再評価,未取得,未取得,未取得,未取得,未取得,未取得,未取得,未取得,未取得,未判定,未判定,未判定,未判定,未取得,未判定,National security expert warns of power grid vulnerability due to strain from data centers - NBC4 Washington,National security expert warns of power grid vulnerability due to strain from data centers - NBC4 Washington,"Tue, 01 Sep 2026 07:00:00 GMT",https://news.google.com/rss/articles/CBMi7wFBVV95cUxPSGZBTUdIc2k2cGZ2enBvUHQxRlM2OUxRWnpGNzZ3VUNGcGZ2cnlPb0VOaUptV3FGTXBqMTVjOW91eWRpanJSeEJpODd4cElWQ3AwaVF4dmFuaVVQWHpzTWNJZWRjLWZiblRUa1NENHN2VDBQVWtydHZrb09wVjFEbmdnUmZPRzlaNFR2Qlp5Tm1mSDYxX3BFWnE3YlE2U3h0MDU0aWM3anNnb19TYVRsRGJiYzdBbFI4VkdqbzB5TktoUm9aS254V0t2YkdPV3FqN294OW1SaVN6SUxObGdoUUVURDhsMkxMcXAyVkFYQdIB9wFBVV95cUxOVFlCUHFySFRFT1FMMVRqeDVXNWNEUE4tbmVKanpSQ1lJTWlrUWVQSDBpY1BqbkNKS0l6UGZtU3V5VWFkYVZoZVFrWWNOa1ZHeC05Y0Nrak9nbXBQdUl4WlM4MTNMb3BwYnpVZm1leGJRR0xIYU5FZXRqOVE0dGtDRUJGdFVJVnRxQWNqS1RTNzREUTJJeWtNX0hNOWZhcVpwVGx6QzYzRGJQdFFxRE85UC1YUTFOR2d0NU9KQzVVZVhIX3h2RDVHbHpaaktON0JsTGlFUWJVbWdmMVY4R1ZfelVBUHdNWWZxREFoLUtRWUZ5REFGdl9r?oc=5
2026-09-13,AIデータセンター,未特定,未特定,テーマ関連ニュース,⚪ 監視,0,企業未特定。ニュースの材料を監視,企業特定後に要再評価,未取得,未取得,未取得,未取得,未取得,未取得,未取得,未取得,未取得,未判定,未判定,未判定,未判定,未取得,未判定,"Massachusetts ties data center permits to clean energy, grid costs - techtarget.com","Massachusetts ties data center permits to clean energy, grid costs - techtarget.com","Fri, 11 Sep 2026 16:05:12 GMT",https://news.google.com/rss/articles/CBMiwgFBVV95cUxQSDFaOW40ZV9CRWVsVzhCYXc3UGVKNE5nWFpJS3pTMkhoMlhRRzNiZjNaMU4ybk9YMGc4R1BXRFhxckE4Y2ZHTEdfdE5NaVpxRGVuU1FSTUhYVzhyVjVMUlZrTFZEX1E1YldtNnY5SDlhX0lyUXNvREJsUUoyODdjeU1pRG5RUmtBdjNfazhCMS1xbFljWkFPZk9rS2VXamkwMV9RMU8zTnFzYmxPNVVCVXY3cEh0TkxzeDh5aTBLV1k1QQ?oc=5
2026-09-13,AIデータセンター,Ucommune International Ltd,UK,テーマ関連ニュース,⚪ 監視,0,成長テーマとの関連 / 企業を特定,売上成長悪化 / 営業利益成長悪化 / EPS成長悪化 / ROE悪化 / 営業CFマイナス / バリュートラップ警戒,未取得,0.04863962,-45.84208255429311,-66.17149961793997,-23.003433649767725,-1385.4万,-26.107999999999997,未取得,751.1万,要確認,警戒,中,要IR確認,2～3円 / 2～2円 / 2～2円,主要価格帯付近,The UK Power Grid Has a Phantom Data Center Problem - WIRED,The UK Power Grid Has a Phantom Data Center Problem - WIRED,"Thu, 27 Aug 2026 07:00:00 GMT",https://news.google.com/rss/articles/CBMieEFVX3lxTFB2TXpLZnVkWWtwY2NJSkIyWEdJYVNBVmpoTHEzTHBlbGdUeVZ1OFVnV01iaDdVN19VSHRqT3ZKVllOa0RpTnJNdURIenQxTVcxb29XazhELU91YlZIX1V1dmlIZ21YVTI5QUt6NUtFaF83cVdyUHBjVQ?oc=5
2026-09-13,AIデータセンター,未特定,未特定,テーマ関連ニュース,⚪ 監視,0,企業未特定。ニュースの材料を監視,企業特定後に要再評価,未取得,未取得,未取得,未取得,未取得,未取得,未取得,未取得,未取得,未判定,未判定,未判定,未判定,未取得,未判定,Mexico is preparing its power grid for data centers - MEXICONOW,Mexico is preparing its power grid for data centers - MEXICONOW,"Fri, 11 Sep 2026 18:50:57 GMT",https://news.google.com/rss/articles/CBMigAFBVV95cUxQaS0xRV9oR2xNU053dDVSdlNJN2doMjM3ckU4OER3YzhuMnJ2azdJeDEtRXNFSlIzdUdMTWJzTndLbU5rclNucVpjN3dXT1dZdjNIUW4zM2JSaXgwX3I1VWJRMW9xbExTV1NVQ1dIa2lpa1BONVZYVzQxUExSRC0waA?oc=5
2026-09-13,AIデータセンター,未特定,未特定,テーマ関連ニュース,⚪ 監視,0,企業未特定。ニュースの材料を監視,企業特定後に要再評価,未取得,未取得,未取得,未取得,未取得,未取得,未取得,未取得,未取得,未判定,未判定,未判定,未判定,未取得,未判定,Power First: AI Data Centers Become Energy Systems - Data Center Frontier,Power First: AI Data Centers Become Energy Systems - Data Center Frontier,"Wed, 09 Sep 2026 13:03:15 GMT",https://news.google.com/rss/articles/CBMirAFBVV95cUxPS0F5SXZzeTNiX2dhOXhOUWxaeGczbk5ZREp0QWhtNkFRRDU3aE1QVGdzV19WanZ1S1B5ck1rNE9tVm12YnlGVXNaQkp2MnVrLUMyNDlLa3Zqd2wzdkRiNGRHUzkzVDV5NHBJaC1udUpyZVpSM1FzREFWRHNSaWktS3RlTDFKNENvbnJhdFUyY0k5REhGVWpRNjZGRDc3dHpiVExfaHpXTGY5YXM5?oc=5
2026-09-13,AIデータセンター,未特定,未特定,テーマ関連ニュース,⚪ 監視,0,企業未特定。ニュースの材料を監視,企業特定後に要再評価,未取得,未取得,未取得,未取得,未取得,未取得,未取得,未取得,未取得,未判定,未判定,未判定,未判定,未取得,未判定,House to vote on bill targeting data center power costs - The American Bazaar,House to vote on bill targeting data center power costs - The American Bazaar,"Fri, 11 Sep 2026 20:46:24 GMT",https://news.google.com/rss/articles/CBMilwFBVV95cUxQbVFoWFoxRlZpX3EzaEFSMGNiSUZqU3N5UFpXTXpDMEt5NkQxenQtTUVsNFB4YV9ydnNISVhldEpKb1B6SVVOSVNpQlE1RGNyZXNMT2J1VW5sSzE1TGhmWEQzMnduMXRHcWs3cmdPQVRrTkdscWtBOWNuRXdRWm02SmpNMW12dzY0TXUzVHhCYmpSOUV6LW44?oc=5
2026-09-13,AIデータセンター,未特定,未特定,テーマ関連ニュース,⚪ 監視,0,企業未特定。ニュースの材料を監視,企業特定後に要再評価,未取得,未取得,未取得,未取得,未取得,未取得,未取得,未取得,未取得,未判定,未判定,未判定,未判定,未取得,未判定,“Bring Your Own Power” Schemes Won’t Fix Data Centers - Food & Water Watch,“Bring Your Own Power” Schemes Won’t Fix Data Centers - Food & Water Watch,"Fri, 11 Sep 2026 14:10:37 GMT",https://news.google.com/rss/articles/CBMinAFBVV95cUxQUjFYUmhQSTNjRlcwUS1uWXJjVVRpN0FnRG1XMmN4c0NaU0VCX25BRVFJc29yeVRZbHhJTFBnQ0hudWh0S1FqNkZPYXJUei1UOFpXNmVDWlNlWDNVMS02OU45NUVCUnk4VmlUUm96UmpEWDVXYWd2VlFKTkY3Z2w0VTVXWHFCRk1Xb1hKN29CUHNPQVFSUmpzZXFXQWo?oc=5
2026-09-13,AIデータセンター,未特定,未特定,テーマ関連ニュース,⚪ 監視,0,企業未特定。ニュースの材料を監視,企業特定後に要再評価,未取得,未取得,未取得,未取得,未取得,未取得,未取得,未取得,未取得,未判定,未判定,未判定,未判定,未取得,未判定,Huge AI data center project blindsides water-stressed town in Brazil - news.mongabay.com,Huge AI data center project blindsides water-stressed town in Brazil - news.mongabay.com,"Thu, 10 Sep 2026 12:06:49 GMT",https://news.google.com/rss/articles/CBMipgFBVV95cUxPVU9zQTFIaGhtamZTVkpERTlndTVKZ2hEaER4eXFvUDFNMGRxNWtUb09LQkVFSFlSSWtaWmlKSzBqODRWa1VsZFNfOFN5ZnNMQU9QejJLQzNDNXZlRUtsYkFmdWRaZDkxcWFGMGl6VmhBZnNsUlowLWRRQ0Rud2hmRF9zSy1SZkhjYmU1ZUNWdTFRSTRNRTRkakZkZWVoZUxyWlFyQlV30gGrAUFVX3lxTE9lZ1NSZEZrQjVmcHhkUDVSeUdQRENHMHpGNnE2Sm41ck13WkZNRXpEc3h3LVNoVmc5MXVqNW52SF9PaE9ycy03OEpLYzBoaV9FLW51VTJDeVJBYnFwcDEyMWZBYWVPYk80YzEwNi0zd2hGcXlOVXJLSExpT0dDOXFSejR5X0c5dWd6TlRGaEE1ZWl1YkY5eTNzdzJBSWhiME5DSlVVMWJ3LTI2VQ?oc=5
2026-09-13,その他,未特定,未特定,テーマ関連ニュース,⚪ 監視,0,企業未特定。ニュースの材料を監視,企業特定後に要再評価,未取得,未取得,未取得,未取得,未取得,未取得,未取得,未取得,未取得,未判定,未判定,未判定,未判定,未取得,未判定,What is So Hard About Behind-The-Meter Power For Datacenters? Part 1 - SemiAnalysis,What is So Hard About Behind-The-Meter Power For Datacenters? Part 1 - SemiAnalysis,"Thu, 10 Sep 2026 14:28:20 GMT",https://news.google.com/rss/articles/CBMiekFVX3lxTE1DdV9CZ0hCRXBNMHh5cnExaGtEelE0NUdaQnluSmI4cDd4U0dCenZnbHAwTlVGcG5XT3pPY0wyQVZxNTFaWmZnZUlJbjUxZlkwcjR4NG9Ea19vRU9KemdZRm9NVFhIaG85dkdUS3hrLXcweVB6UU9wT1V3?oc=5
2026-09-13,AIデータセンター,未特定,未特定,テーマ関連ニュース,⚪ 監視,0,企業未特定。ニュースの材料を監視,企業特定後に要再評価,未取得,未取得,未取得,未取得,未取得,未取得,未取得,未取得,未取得,未判定,未判定,未判定,未判定,未取得,未判定,Do data centers really increase electricity prices? - Latitude Media,Do data centers really increase electricity prices? - Latitude Media,"Thu, 10 Sep 2026 13:31:51 GMT",https://news.google.com/rss/articles/CBMimwFBVV95cUxOTXdUb25wNU1WVzIyR3EtWS10R0JRSGs2QXZyS0hDalpYMW5NdklUUnFFWnlFTVpuNWpMTnpzd3Rva29oNjRPWlZmbUhnRkpJdl9UbzFOLUVmemRNMlJwUjd2LWtSVHlOTWo2OUJRX3ljM0Fud01KZFB0c1BRMFR2cUUtYy1ZbngxcDJoQlFWWDhlQlFIWkc1d0JTSQ?oc=5
2026-09-13,AIデータセンター,未特定,未特定,テーマ関連ニュース,⚪ 監視,0,企業未特定。ニュースの材料を監視,企業特定後に要再評価,未取得,未取得,未取得,未取得,未取得,未取得,未取得,未取得,未取得,未判定,未判定,未判定,未判定,未取得,未判定,Behind the meter: Private power fuels AI data center growth - Fierce Network,Behind the meter: Private power fuels AI data center growth - Fierce Network,"Thu, 10 Sep 2026 15:26:48 GMT",https://news.google.com/rss/articles/CBMilgFBVV95cUxPaXRYUHBnb3BRVHgwMC1ocDN1dEVoVDllbUR3MXpmaHlEQzZCd3BickM4aXdkZDJLWGhTVVRrVFVKSWVwdFZuQ0dCUHBZbFk1Tjh0VGhoaC1TSkRwR3VLazVMWkVBRkVGb0RwTnJkbnZ2ZGl6dF90enJtcl9TR0p4bmVTaHVoVGFpNDQ5OUlrZ0k2SWpVMGc?oc=5
2026-09-13,AIデータセンター,未特定,未特定,テーマ関連ニュース,⚪ 監視,0,企業未特定。ニュースの材料を監視,企業特定後に要再評価,未取得,未取得,未取得,未取得,未取得,未取得,未取得,未取得,未取得,未判定,未判定,未判定,未判定,未取得,未判定,Maryland Under Pressure as Local Moratoriums Supercharge Opposition to Data Centers - insideclimatenews.org,Maryland Under Pressure as Local Moratoriums Supercharge Opposition to Data Centers - insideclimatenews.org,"Sat, 12 Sep 2026 08:55:00 GMT",https://news.google.com/rss/articles/CBMisgFBVV95cUxOamdnckJrSTZXWGtJNDdPdTNBZlJzMmlibENMNUtNcGotcW5wSDdKSXFFNHJDb2FtZUVrRE5SM1VyLWo4ZGk5ajQwSHZqREJYQmdMQlQ0OHl0eE83ajBzZ2RTOXQ4RlFxQ0l1WUI4ODdPdTg3N3hmZ2wzTTUwazNYU29GRDVNX2FkTnF2MkJIT2dkSlF0OVhwV041ekVGYXRNT2lwM2dsZlB2cEZaT1BSWVJ3?oc=5
2026-09-13,電力・蓄電,未特定,未特定,テーマ関連ニュース,⚪ 監視,0,企業未特定。ニュースの材料を監視,企業特定後に要再評価,未取得,未取得,未取得,未取得,未取得,未取得,未取得,未取得,未取得,未判定,未判定,未判定,未判定,未取得,未判定,Will Microgrids Be the Future for Electricity in Wisconsin? - shepherdexpress.com,Will Microgrids Be the Future for Electricity in Wisconsin? - shepherdexpress.com,"Thu, 10 Sep 2026 21:03:31 GMT",https://news.google.com/rss/articles/CBMiowFBVV95cUxQNVJJY1N4b0xkV2VySlFCQ3FBMDRwc2RnQVU3RnY4NzFnNThMT3VuM2J6VlVCZ0otN19nbktBMVlVenV4eE9ZdnJLWGZiUHhVNXNHX0dDQW95ZTNXdC04bG1oUHVydWZyeUdGWXJWNnVrcFUwRDN2dEcwVE5yM0JDbHlFVVlyNmItODZaZkhkLU5CUU9pRnpUNVMzTDJabk9RR1Bv?oc=5
2026-09-13,AIデータセンター,未特定,未特定,テーマ関連ニュース,⚪ 監視,0,企業未特定。ニュースの材料を監視,企業特定後に要再評価,未取得,未取得,未取得,未取得,未取得,未取得,未取得,未取得,未取得,未判定,未判定,未判定,未判定,未取得,未判定,South Africa's citizens rescued their grid with solar and now data centers want to move to the front of the line while rooftop owners face punitive tariffs that could unravel the country's hard-won energy recovery - Energies Media,South Africa's citizens rescued their grid with solar and now data centers want to move to the front of the line while rooftop owners face punitive tariffs that could unravel the country's hard-won energy recovery - Energies Media,"Sat, 12 Sep 2026 15:40:52 GMT",https://news.google.com/rss/articles/CBMicEFVX3lxTFBRbWFmVm0wbUpzN2JtQ2ZJaGZUOGV1b2cyWmkyVG5TUlBPRjctS3N5NjhZYUJUS2RBc0w4czE3RkZaTkM2TmxUWnBiYi01LXBIVzhzX2xkVUJ3cGViZWp3R2lBMG9QZTlhTFNZT1N2SFk?oc=5
2026-09-13,AIデータセンター,未特定,未特定,テーマ関連ニュース,⚪ 監視,0,企業未特定。ニュースの材料を監視,企業特定後に要再評価,未取得,未取得,未取得,未取得,未取得,未取得,未取得,未取得,未取得,未判定,未判定,未判定,未判定,未取得,未判定,Weld County commissioners approve proposed 41-acre data center - denver7.com,Weld County commissioners approve proposed 41-acre data center - denver7.com,"Fri, 11 Sep 2026 01:43:18 GMT",https://news.google.com/rss/articles/CBMi1AFBVV95cUxPSGNIeWM0ZkFzVnZnTXF1UjZTT0NXQXN2RGFoUFYzSEVvTXUtNDIwUjloNWNwdFNybFR0WktDREFfaVNoYXVuSUFpYnRlUEZCLWFJTlRobUNqbXJRb0RSX3hVVG9NX29xc3h0djVHc1ZYUms5VG1ZZHZvVUNQemg3anBZeEc0TjV0bXNwclVyOWNUaXpXcllNcFl4LUdvR3JFV3lWTFA1TEtVakoyUGIzdFNfT0tPU2dkWVk5MTRPemlXTTlXOHpsRFFaNjl6RXR6aWY1WQ?oc=5
2026-09-13,AIデータセンター,未特定,未特定,テーマ関連ニュース,⚪ 監視,0,企業未特定。ニュースの材料を監視,企業特定後に要再評価,未取得,未取得,未取得,未取得,未取得,未取得,未取得,未取得,未取得,未判定,未判定,未判定,未判定,未取得,未判定,Examining Ohio data centers impact on energy grid - Spectrum News,Examining Ohio data centers impact on energy grid - Spectrum News,"Thu, 27 Aug 2026 07:00:00 GMT",https://news.google.com/rss/articles/CBMikgFBVV95cUxPRGtqb2JKRmhEai1wbnd4MzhvMUY1b2NDY2hhMFFleXpURE9TbGNfejBwemlSSEVFZmdjZ2Ytd1hiUU9oMURadUxMMUZlVVVYamw5ZEpzb3pRUEhqV0ktaTlMdzc1Smg3RXNfM3A5b2Vld1hQX29hYVZSREhqdWV3bHBKUlpwcWtYbTlTdzdSS19XUQ?oc=5
2026-09-13,AIデータセンター,未特定,未特定,テーマ関連ニュース,⚪ 監視,0,企業未特定。ニュースの材料を監視,企業特定後に要再評価,未取得,未取得,未取得,未取得,未取得,未取得,未取得,未取得,未取得,未判定,未判定,未判定,未判定,未取得,未判定,"Data centers are coming to Texas. What could it mean for your electric bill, water and neighborhood? - Click2Houston","Data centers are coming to Texas. What could it mean for your electric bill, water and neighborhood? - Click2Houston","Fri, 11 Sep 2026 16:53:37 GMT",https://news.google.com/rss/articles/CBMi5wFBVV95cUxQRTZXMWFyTWRSMnRwanJZbmJwc0VlOUFfQ2ZYXy03V1JwRTV5WDhiN1E0TTRHbXFuOXAyZURCVzFjTWYtdzlqT3lfODlBQ0w0cGgwU05IbFlLUVhjX2M4LWY2VkoyNnNkSFRISS1BaWkwMEJLUWxtTndiNzQta2cyMERQZHdUSFhkSjZkUUtOU2J4c1Uta2dLbFdNRWdvMm9WYW1vSXdrTWpVdDE4eDdGUkpNaC1zR3kyLU45UmdxOG1mNUhDbkhiUDBvMFVib2xoRTBxaWJ0aHd1SVJIZTFyNTQwZi14UEk?oc=5
2026-09-13,AIデータセンター,未特定,未特定,テーマ関連ニュース,⚪ 監視,0,企業未特定。ニュースの材料を監視,企業特定後に要再評価,未取得,未取得,未取得,未取得,未取得,未取得,未取得,未取得,未取得,未判定,未判定,未判定,未判定,未取得,未判定,What States Can Learn From Data Center Alley - governing.com,What States Can Learn From Data Center Alley - governing.com,"Thu, 27 Aug 2026 21:03:02 GMT",https://news.google.com/rss/articles/CBMijgFBVV95cUxOQmw2T0F5dEswd0ZQdENQcmxHaWR3UlJ4X1U3a29kcTc1VXMwZ2JEQmVfQmx3aE9nVWstNTctbDdrYmJ3TllUd0tyYzl1WXdTb2lIVE8xQ1B3ZHZyUm41VGp4bHJkNnRra20zajU0WW1seGtsNVJXa1lwd3R6WGt3Y2N1bDBCYlU3X1lxc1dR?oc=5
2026-09-13,AIデータセンター,未特定,未特定,テーマ関連ニュース,⚪ 監視,0,企業未特定。ニュースの材料を監視,企業特定後に要再評価,未取得,未取得,未取得,未取得,未取得,未取得,未取得,未取得,未取得,未判定,未判定,未判定,未判定,未取得,未判定,Energy company eyes adding data center west of Fargo - North Dakota Monitor,Energy company eyes adding data center west of Fargo - North Dakota Monitor,"Fri, 11 Sep 2026 16:19:38 GMT",https://news.google.com/rss/articles/CBMimwFBVV95cUxOQUpMVHYzMGJHR2JwR05LYTQya0w2VE1zSTNuVVZMY3k3V1F4cC02TkJ6ZFdXcmc3WnVWXy1zWC14QnRDWFh2bEZBOGJZcDY1cWZHelFzdl9yQWRMNlZOcEVyNXNsSmctZDRtQ1Y5aDVjdVg5dEI2R2J2bk10QzBGMWtXVU82LW5WYUNWQjVmNlV4SVJRMnNxeERRWQ?oc=5
2026-09-13,AIデータセンター,未特定,未特定,テーマ関連ニュース,⚪ 監視,0,企業未特定。ニュースの材料を監視,企業特定後に要再評価,未取得,未取得,未取得,未取得,未取得,未取得,未取得,未取得,未取得,未判定,未判定,未判定,未判定,未取得,未判定,Automakers target data center energy storage market - New Orleans CityBusiness,Automakers target data center energy storage market - New Orleans CityBusiness,"Tue, 08 Sep 2026 20:51:50 GMT",https://news.google.com/rss/articles/CBMikwFBVV95cUxPdnk1UTlldXdiUG00XzdfWGVxSElJT2xMU3ZpZ255SllNUmRWWWR5dERfMHFyQkZuT1dWVXo3eDVxRVJHS0UyV1lodjl5Y2dKT1I4Uk9kdVB4WEJfXzY4SWlPblBUbjFKUld1dm5QQURJQ3pMWDU5eDZEUERIU0Y0LWFnZVpJcC1XY1hPcVFWaFpWSDg?oc=5
2026-09-13,AIデータセンター,未特定,未特定,テーマ関連ニュース,⚪ 監視,0,企業未特定。ニュースの材料を監視,企業特定後に要再評価,未取得,未取得,未取得,未取得,未取得,未取得,未取得,未取得,未取得,未判定,未判定,未判定,未判定,未取得,未判定,AI data centers are fast-growing market for automotive energy storage batteries - Crain's Detroit,AI data centers are fast-growing market for automotive energy storage batteries - Crain's Detroit,"Thu, 10 Sep 2026 12:00:00 GMT",https://news.google.com/rss/articles/CBMimgFBVV95cUxOQlRZYnlpZ1FxcjN0WGFWT1pFek5aaFhkN25TSGlhQjdUS3BmWHN4QUhsLV8yOHlPZS1kTnJhdDBVWW1Ud2xkQ2xBTjhvcHlCQVpOd05nWklleXI4Rml3WDl4WUphYVZXd0VrLVh2YjluLTZOSV9yeWJWWnpPLUNDRUdBbEJCa1NmMXl4SmNodkRxaURSQXkzUEh3?oc=5
2026-09-13,AIデータセンター,未特定,未特定,テーマ関連ニュース,⚪ 監視,0,企業未特定。ニュースの材料を監視,企業特定後に要再評価,未取得,未取得,未取得,未取得,未取得,未取得,未取得,未取得,未取得,未判定,未判定,未判定,未判定,未取得,未判定,AI data centers are fast-growing market for automotive energy storage batteries - autonews.com,AI data centers are fast-growing market for automotive energy storage batteries - autonews.com,"Thu, 10 Sep 2026 12:00:00 GMT",https://news.google.com/rss/articles/CBMid0FVX3lxTE1HUktkRXByUzlTN2JET2tpZnpsanpZS0RvNHEzVnNXRUpkX3haNXp4aFBwdk9HLTRWcFEtRXB2WXdSZUc1VmFidE5nclpYVXl0cVB5aDk1NV9ZaWE3NWR6clNKU3BHVWRMS3o0Z000REpxNldicmVF?oc=5
2026-09-13,AIデータセンター,未特定,未特定,テーマ関連ニュース,⚪ 監視,0,企業未特定。ニュースの材料を監視,企業特定後に要再評価,未取得,未取得,未取得,未取得,未取得,未取得,未取得,未取得,未取得,未判定,未判定,未判定,未判定,未取得,未判定,xAI has quietly built a massive battery at its Memphis data center hub - Canary Media,xAI has quietly built a massive battery at its Memphis data center hub - Canary Media,"Fri, 11 Sep 2026 22:00:00 GMT",https://news.google.com/rss/articles/CBMijwFBVV95cUxNZ3k1RHBYcEFFdmhIX3JSRXJ2R2pRWnNrVGxaanMyWmVyOVh2UnJtYzdYTHRpODY2eWdLdkVBWDVQSmZsektCN0p0d3hFQ1RGRlhXQ3JORl91a0djNkxlbE9KVmQwOWNzdWFtWmF0eW1IMElSRUdHd0VoX0RTSGZRMjRQd1Z4QWxLa3gtaGo0Yw?oc=5
2026-09-13,AIデータセンター,未特定,未特定,テーマ関連ニュース,⚪ 監視,0,企業未特定。ニュースの材料を監視,企業特定後に要再評価,未取得,未取得,未取得,未取得,未取得,未取得,未取得,未取得,未取得,未判定,未判定,未判定,未判定,未取得,未判定,Texas Data Centers: Leading With Energy Storage - Bisnow,Texas Data Centers: Leading With Energy Storage - Bisnow,"Fri, 11 Sep 2026 15:00:02 GMT",https://news.google.com/rss/articles/CBMizAFBVV95cUxONkZIdkl5RlQ3REtvNGVnM0xIUjEtb0R0alNDMjJ0ZS1vbWdGODlJNUNlWFlxaTFkNGw1SmgtWWhDWENvUXVja0htNkFaMXNvVUc3YTBHb2hCQmtfXzNkZGptSHMtWkl4Vk5IU1lTQm1YRUN6RllEQnhhNXQwakdhODdCTHdleHI5UXVQSVlQTjNkOWZUbTNaclVlVzhkWkhmRGhLb0owWE0zZTBfd2ZPUlJ5Y28xalFTTThGbnJQUld6NVFiRWZfd2JBZTI?oc=5
2026-09-13,AIデータセンター,未特定,未特定,テーマ関連ニュース,⚪ 監視,0,企業未特定。ニュースの材料を監視,企業特定後に要再評価,未取得,未取得,未取得,未取得,未取得,未取得,未取得,未取得,未取得,未判定,未判定,未判定,未判定,未取得,未判定,The evolution of data center energy: storage and orchestration - Latitude Media,The evolution of data center energy: storage and orchestration - Latitude Media,"Wed, 02 Sep 2026 03:27:38 GMT",https://news.google.com/rss/articles/CBMioAFBVV95cUxNRGVHeU5IQ01GaFowaWEzY09kY3BPU1dDMjIzZmpleXNxVk96ZEdPNlc3cmRuQjNxVW9GOEQxNHlvQTVuM3NranctUF9qbDBfVkt6Ulp1a1Fvc3ZxdkVTZDVyUEhOQXVQNmtacWZkNFhvUDhDemV6eHNvTkY5RnpYZzJQQUVSY2l3V3hRWWI1YU5hcWZZTGxVOV9rNjlBYXI4?oc=5
2026-09-13,AIデータセンター,未特定,未特定,テーマ関連ニュース,⚪ 監視,0,企業未特定。ニュースの材料を監視,企業特定後に要再評価,未取得,未取得,未取得,未取得,未取得,未取得,未取得,未取得,未取得,未判定,未判定,未判定,未判定,未取得,未判定,"Sterling council puts 180-day application moratorium on data centers, battery energy storage systems - Shaw Local","Sterling council puts 180-day application moratorium on data centers, battery energy storage systems - Shaw Local","Wed, 09 Sep 2026 23:00:00 GMT",https://news.google.com/rss/articles/CBMi4wFBVV95cUxOdk9DM3E1RXF1aHlCUG81NzAwb0xaVFJfRHIyY052WFpMQlFIdU9uMktUQmRtNHQ1cUs3M3pNNmdMakpqOWRQclZZb2NNLWtXcC13azljd2QwQjFXLWdNcEZIckU3NVdGTGV6R0tOQVVEdXZNREx5dmdRaG1xdlJQaktZUU1aWGlSaUNiTFJOcDh4cXp0RG5GYml6TURpb2xIMnZvbFE1c3FWYURJWGF1YXZEamhWNU5QUk80M0U2T2ZGVGNsd0JfY1ZCWGNxXzcxVnFMRGNqc2tnd3JYQUJKRWh6Zw?oc=5
2026-09-13,AIデータセンター,未特定,未特定,テーマ関連ニュース,⚪ 監視,0,企業未特定。ニュースの材料を監視,企業特定後に要再評価,未取得,未取得,未取得,未取得,未取得,未取得,未取得,未取得,未取得,未判定,未判定,未判定,未判定,未取得,未判定,10C lithium titanium oxide battery aims to keep data center grid fluctuations below 1% - Interesting Engineering,10C lithium titanium oxide battery aims to keep data center grid fluctuations below 1% - Interesting Engineering,"Fri, 11 Sep 2026 21:08:00 GMT",https://news.google.com/rss/articles/CBMijAFBVV95cUxPRDExaFBVM01XZXJFU0Y0WXloejg2NjMtSC02Sm9YVmdaTFl0U1J3X1JQZ1Q1eWRPUFI5YkNIRUhuNFhUN3M2NEthM2Q0cTFRdlc3cExzN19HRzB3dDVweDNoQlk4SDctLXplaTBxdUdLN0lPQTZ5MVExbG94bkU3bGVyM0F3YmlKcmZoTg?oc=5
2026-09-13,AIデータセンター,未特定,未特定,テーマ関連ニュース,⚪ 監視,0,企業未特定。ニュースの材料を監視,企業特定後に要再評価,未取得,未取得,未取得,未取得,未取得,未取得,未取得,未取得,未取得,未判定,未判定,未判定,未判定,未取得,未判定,Painitec claims 270MW in data centers and targets solar and batteries in Brazil - BNamericas,Painitec claims 270MW in data centers and targets solar and batteries in Brazil - BNamericas,"Fri, 11 Sep 2026 18:09:25 GMT",https://news.google.com/rss/articles/CBMitAFBVV95cUxQS2Y3NU1DV3o4bkU5ZnNMaC11UkY4SWFzMkQ0NEVwZTY2bW1raENqWUNzZGhyRERwZmlITUdqcFg2Vm1jUXVlOW9oTDFnb25XRTBmcG5MNGU4c0RGS1ctbVZJbHVLQk9Pam9GdFZ2Nk1aQl84R0M5U0t6QVk0cl94ZC1SQzdxRTFmdmRyOHgwb1NKbklsV2U5cjc3aWZMbFhvVVNEOHctOW5KbGlHWjQweER3VlY?oc=5
2026-09-13,その他,未特定,未特定,テーマ関連ニュース,⚪ 監視,0,企業未特定。ニュースの材料を監視,企業特定後に要再評価,未取得,未取得,未取得,未取得,未取得,未取得,未取得,未取得,未取得,未判定,未判定,未判定,未判定,未取得,未判定,Google to buy energy from solar-storage project at former coal mine - Facilities Dive,Google to buy energy from solar-storage project at former coal mine - Facilities Dive,"Wed, 09 Sep 2026 16:13:15 GMT",https://news.google.com/rss/articles/CBMisAFBVV95cUxNZnR5SzVleFdhbnJmM1V1UmdiRlpqaUdkc1lPcWxhVElfbTJxT1JUR0JHSDlic2NrVmotN2FsWlJKTmI5YWZ2bUZkWnF0WWpuYmRCN3dTS3VSS3pFcHRGUmFfakV1U1FPV0xHMVdsMW5mODRWZzdhb3NkZkNqMWx2ODM5WTNQcnR4clVrVVRfbl96YVZ5WTRHeTJZU1M1ck9uQWhHY1Nic3hqamZlMW54TQ?oc=5
2026-09-13,AIデータセンター,未特定,未特定,テーマ関連ニュース,⚪ 監視,0,企業未特定。ニュースの材料を監視,企業特定後に要再評価,未取得,未取得,未取得,未取得,未取得,未取得,未取得,未取得,未取得,未判定,未判定,未判定,未判定,未取得,未判定,"Data Center and Battery Energy Storage Systems Survey Reopened Through September 4 - City of West Chicago, Illinois","Data Center and Battery Energy Storage Systems Survey Reopened Through September 4 - City of West Chicago, Illinois","Fri, 28 Aug 2026 07:00:00 GMT",https://news.google.com/rss/articles/CBMisgFBVV95cUxNeGFFbG9kd2Z4OVU2NkJfWjRzZy0zQVlOVEVxYUNLNjlXMUNkektDalJIeGluTzV6YWxUNm5FQWdiTTFqeWJ0QUhDM0tIYmZKY1BPWEtWMGc3TFBlajF1dE1UYlB2T3hJRlRvQ1NueDFGTmE1RllNQlV6Y1NLdmowdkY4N0JKS0JCMnhLeGloeHdQaDdCSUNsRVp3Yy14Tkh1V3NrUTRxSU5LM1gxMjVrd3V3?oc=5
2026-09-13,AIデータセンター,未特定,未特定,テーマ関連ニュース,⚪ 監視,0,企業未特定。ニュースの材料を監視,企業特定後に要再評価,未取得,未取得,未取得,未取得,未取得,未取得,未取得,未取得,未取得,未判定,未判定,未判定,未判定,未取得,未判定,"Data Center and Battery Energy Storage Systems Project Page Now Available - City of West Chicago, Illinois","Data Center and Battery Energy Storage Systems Project Page Now Available - City of West Chicago, Illinois","Tue, 25 Aug 2026 07:00:00 GMT",https://news.google.com/rss/articles/CBMipgFBVV95cUxOWnpnYmsyVlJIRmc1REU2ZGMxX2NMUlpLSEZkajFxaG5ibzMwZV9wdlg4YlhpNG1ERlhKV2dlYktzMFlfT24xSVZTZEdjS0s1a1FRNEJ6QW5VZUt0b21TQTRubVl1U3hkdEFxYS03MS1BNGlOUEJURUJFVFhGZ1l0M3hzcDZFNU9zTTFiUUpCN3Y1R29EcGJrQjBwb1N5TVhvSk05NEdn?oc=5
2026-09-13,AIデータセンター,未特定,未特定,テーマ関連ニュース,⚪ 監視,0,企業未特定。ニュースの材料を監視,企業特定後に要再評価,未取得,未取得,未取得,未取得,未取得,未取得,未取得,未取得,未取得,未判定,未判定,未判定,未判定,未取得,未判定,"Data Centers and Battery Energy Storage Systems Project - City of West Chicago, Illinois","Data Centers and Battery Energy Storage Systems Project - City of West Chicago, Illinois","Tue, 18 Aug 2026 07:00:00 GMT",https://news.google.com/rss/articles/CBMihwFBVV95cUxPYmpIaHNBX2hUZFg3UmI5Y3RPeE90eHEySDhGVGNIOUk4NkZMZGtFcExZOFlydnAzUVg1MnlYWFVyR2pOcnJfVUZIMkFKanFORWNmb0dKbi1GdHNyWm5TSDVFTTE4RlhYV1p0eGx1aTFGa0JQNmY5al84WEt6MHRWMTBDZ3Vvb0U?oc=5
2026-09-13,電力・蓄電,未特定,未特定,テーマ関連ニュース,⚪ 監視,0,企業未特定。ニュースの材料を監視,企業特定後に要再評価,未取得,未取得,未取得,未取得,未取得,未取得,未取得,未取得,未取得,未判定,未判定,未判定,未判定,未取得,未判定,AIの電力変動を蓄電で吸収、東芝とDIMAAGが10C連続充放電を目指す - XenoSpectrum,AIの電力変動を蓄電で吸収、東芝とDIMAAGが10C連続充放電を目指す - XenoSpectrum,"Sat, 12 Sep 2026 08:52:04 GMT",https://news.google.com/rss/articles/CBMiZ0FVX3lxTE1BR2F6dHFpaUJaRDlpX1lzdDNDV0JDMzFINmlUQi11SkRjZEFlWDBBVE52RlVTWDF0MzBUVmphWXVrT1d2alkxN1hjNmRhRWVkWXlMX3ZoYmxDb1U2ejhtTFZqRGdVQUU?oc=5
2026-09-13,AIデータセンター,未特定,未特定,テーマ関連ニュース,⚪ 監視,0,企業未特定。ニュースの材料を監視,企業特定後に要再評価,未取得,未取得,未取得,未取得,未取得,未取得,未取得,未取得,未取得,未判定,未判定,未判定,未判定,未取得,未判定,AI時代を支えるパナソニックの電源ソリューション～データセンター向け蓄電システムの成長戦略 - Panasonic Newsroom Global,AI時代を支えるパナソニックの電源ソリューション～データセンター向け蓄電システムの成長戦略 - Panasonic Newsroom Global,"Tue, 10 Mar 2026 01:03:46 GMT",https://news.google.com/rss/articles/CBMiVkFVX3lxTE51YjZsMjZuV3BGcE9JX3N5ZDZlaXNvendnOFpkRzFQempib0FQMzNaN0dLSm13NTV1Y09CbFZkR3YyWVpBZXZTbjQ1dzd6ZW0yUUZlN0dR?oc=5
2026-09-13,AIデータセンター,未特定,未特定,テーマ関連ニュース,⚪ 監視,0,企業未特定。ニュースの材料を監視,企業特定後に要再評価,未取得,未取得,未取得,未取得,未取得,未取得,未取得,未取得,未取得,未判定,未判定,未判定,未判定,未取得,未判定,〈地域発〉岡山県 データセンター＋蓄電装置 パワーエックスが製品化 - 日本経済新聞,〈地域発〉岡山県 データセンター＋蓄電装置 パワーエックスが製品化 - 日本経済新聞,"Sat, 20 Jun 2026 07:00:00 GMT",https://news.google.com/rss/articles/CBMibEFVX3lxTE9jd2dENWVienVITTE2OW92SlhIWW9KdEdVMllFd1ItYkl2M1U1VFRhcFU0b3J4MVpORE0ydnphb3ZCRWY3U1ZVR3JHb1FaQnJaUjlmT1U1RW5hUk8yY1c0TUh5MVpKVVdxcWtTdg?oc=5
2026-09-13,AIデータセンター,未特定,未特定,テーマ関連ニュース,⚪ 監視,0,企業未特定。ニュースの材料を監視,企業特定後に要再評価,未取得,未取得,未取得,未取得,未取得,未取得,未取得,未取得,未取得,未判定,未判定,未判定,未判定,未取得,未判定,AIデータセンター向けアルミ需要を先回りする厳選20銘柄――厚板・放熱・蓄電池・サーバーラックまで、半導体の次に買われる“銀色のつるはし”はどれだ｜日本個別株デューデリジェンスセンター - note,AIデータセンター向けアルミ需要を先回りする厳選20銘柄――厚板・放熱・蓄電池・サーバーラックまで、半導体の次に買われる“銀色のつるはし”はどれだ｜日本個別株デューデリジェンスセンター - note,"Thu, 03 Sep 2026 21:01:41 GMT",https://news.google.com/rss/articles/CBMiW0FVX3lxTE1RZmI1aldVSzN4V1gyd3Nxc2wxOFBYdG1BX3dIM2R2WURJdzJTQVhxZVNWQXhsTFp5UnpLS1VvRmdYanlOcVpEVVBHeUt5b3BZWTdFRFJBeXhYdlU?oc=5
2026-09-13,AIデータセンター,未特定,未特定,テーマ関連ニュース,⚪ 監視,0,企業未特定。ニュースの材料を監視,企業特定後に要再評価,未取得,未取得,未取得,未取得,未取得,未取得,未取得,未取得,未取得,未判定,未判定,未判定,未判定,未取得,未判定,データセンターを蓄電システム搭載の“コンテナ化”、稼働までわずか1年 - built.itmedia.co.jp,データセンターを蓄電システム搭載の“コンテナ化”、稼働までわずか1年 - built.itmedia.co.jp,"Fri, 27 Feb 2026 08:00:00 GMT",https://news.google.com/rss/articles/CBMibEFVX3lxTE9tN1djY0E3TFRFSXZtM2kwNVF5aXRFbVF2SVZyZUZBUE8yUnRsX3Brd0lXMmdQZTU2a2dkc2dKcGtwMFdZRFVoUVZzRnFiU0VhcEFLdElXTlRvLWk1UGxmdmlSQTRjYmtfZWUxMA?oc=5
2026-09-13,AIデータセンター,未特定,未特定,テーマ関連ニュース,⚪ 監視,0,企業未特定。ニュースの材料を監視,企業特定後に要再評価,未取得,未取得,未取得,未取得,未取得,未取得,未取得,未取得,未取得,未判定,未判定,未判定,未判定,未取得,未判定,【蓄電関連】パワーエックス・ハイレゾ：GPUデータセンター併設蓄電池を検討、電力コスト最適化と非常用電源に活用 - みんなの広報宣伝部,【蓄電関連】パワーエックス・ハイレゾ：GPUデータセンター併設蓄電池を検討、電力コスト最適化と非常用電源に活用 - みんなの広報宣伝部,"Thu, 23 Jul 2026 07:00:00 GMT",https://news.google.com/rss/articles/CBMickFVX3lxTE5rTzJfQWQ1cWcwVVpmQS1BaDFVSTdvRU1sdURkSU5VWWdVRVkxTU8xcXowT19BdlBFWXhaNnB2MU9QcVU2dmZreFNscVlkeFkwNmZlNTlpVFFqY2NrME1pM3JvdTBIYldmVmN3SW42em9zdw?oc=5
2026-09-13,AIデータセンター,未特定,未特定,テーマ関連ニュース,⚪ 監視,0,企業未特定。ニュースの材料を監視,企業特定後に要再評価,未取得,未取得,未取得,未取得,未取得,未取得,未取得,未取得,未取得,未判定,未判定,未判定,未判定,未取得,未判定,グリーン電力のデータセンター直送が加速、再エネ・蓄電大手が「計算力×電力」の巨大市場に殺到 - BigGo ファイナンス,グリーン電力のデータセンター直送が加速、再エネ・蓄電大手が「計算力×電力」の巨大市場に殺到 - BigGo ファイナンス,"Sun, 05 Jul 2026 07:00:00 GMT",https://news.google.com/rss/articles/CBMidEFVX3lxTE1fOUlvbEw5Yk14SE9QVWRuYWhCakdrUFVpZ0pSWlRGQW81X00xRnE5LUQtZHNoM0VlWThlYkNrcEZ0eVF3UGN6QmxaMWdkcndXRERkUWhXZ2J6LWxqWGx0QU0xR25DQ0Y1MmNkNjlKbjhIUEhq?oc=5
2026-09-13,AIデータセンター,未特定,未特定,テーマ関連ニュース,⚪ 監視,0,企業未特定。ニュースの材料を監視,企業特定後に要再評価,未取得,未取得,未取得,未取得,未取得,未取得,未取得,未取得,未取得,未判定,未判定,未判定,未判定,未取得,未判定,なぜパナソニック エナジーはAIデータセンター向け蓄電システムで勝てるのか - monoist.itmedia.co.jp,なぜパナソニック エナジーはAIデータセンター向け蓄電システムで勝てるのか - monoist.itmedia.co.jp,"Mon, 15 Jun 2026 07:00:00 GMT",https://news.google.com/rss/articles/CBMib0FVX3lxTE5IMnFZUDFtRnZhaXZRWUhBWldQVVB3c3o2ME8yMWNSN1NKWUtOcnR3Z08xR19qOHI0R2ZFN0ZJaGd1NUl0dXBTQU5BSmNJbmd2NFMxSGs2d0xSNS1LWjd5WlIwNmdkSGRtcVBEOWdFUQ?oc=5
2026-09-13,AIデータセンター,未特定,未特定,テーマ関連ニュース,⚪ 監視,0,企業未特定。ニュースの材料を監視,企業特定後に要再評価,未取得,未取得,未取得,未取得,未取得,未取得,未取得,未取得,未取得,未判定,未判定,未判定,未判定,未取得,未判定,大型データセンター急増で注目｢系統用蓄電池｣関連11銘柄 - shikiho.toyokeizai.net,大型データセンター急増で注目｢系統用蓄電池｣関連11銘柄 - shikiho.toyokeizai.net,"Sun, 21 Jun 2026 07:00:00 GMT",https://news.google.com/rss/articles/CBMiV0FVX3lxTE9xQmpGbVp5cXJhRTR0RlBtYnBobUtITkRhTDVhcVp3alFGV1VpMUVIdGFfalZxbWJDVEo3dUM3cFhfdjBpWW11dTBMUWp3b1F6NndfQmxyTQ?oc=5
2026-09-13,電力・蓄電,未特定,未特定,テーマ関連ニュース,⚪ 監視,0,企業未特定。ニュースの材料を監視,企業特定後に要再評価,未取得,未取得,未取得,未取得,未取得,未取得,未取得,未取得,未取得,未判定,未判定,未判定,未判定,未取得,未判定,グーグルが世界最大30GWhの蓄電池、「鉄空気電池」を採用 - 特集 - メガソーラービジネス plus - 日経BP,グーグルが世界最大30GWhの蓄電池、「鉄空気電池」を採用 - 特集 - メガソーラービジネス plus - 日経BP,"Thu, 21 May 2026 07:00:00 GMT",https://news.google.com/rss/articles/CBMifkFVX3lxTE52SDdGZUYwNUJYWklwLXVFZGtINm5uY0FPbzVkMDVsd3VtT3JuUGRXMG9OWndjWHJ1cXViWndOdkh4N2c0Yk1SQXlQbno3QnBSM3Zrano4WWpnVlJzMXJINldpQkVISVNNc2pEclJxVGNxMndYeUV1STlpWk4tZw?oc=5
2026-09-13,電力・蓄電,未特定,未特定,テーマ関連ニュース,⚪ 監視,0,企業未特定。ニュースの材料を監視,企業特定後に要再評価,未取得,未取得,未取得,未取得,未取得,未取得,未取得,未取得,未取得,未判定,未判定,未判定,未判定,未取得,未判定,蓄電池：産業用電力網への負荷を軽減する新たなソリューション。 - Vietnam.vn,蓄電池：産業用電力網への負荷を軽減する新たなソリューション。 - Vietnam.vn,"Wed, 09 Sep 2026 00:32:28 GMT",https://news.google.com/rss/articles/CBMikwFBVV95cUxOWmlxbXNlOTE2NFgxenNHVHo4MmhMUlRYdmdEQm1QVlM3Q3hIT0JpLWhZeE01b2l6YlZSMVhyYkpRNjFjNHJWQkJyLTl0bHV3OE5MRVRPV0ZYMEJualRnX2tSUGhyRHNCdFJtNVpvU2x4OEZqYWZOTk41aGlFUTRnSHo2bHkwa1hhUGV1UzZyTG8xMEE?oc=5
2026-09-13,電力・蓄電,未特定,未特定,テーマ関連ニュース,⚪ 監視,0,企業未特定。ニュースの材料を監視,企業特定後に要再評価,未取得,未取得,未取得,未取得,未取得,未取得,未取得,未取得,未取得,未判定,未判定,未判定,未判定,未取得,未判定,Vol.65 揚水を超えた「系統用」蓄電池 日本は主導権を握れるか - エネフロ,Vol.65 揚水を超えた「系統用」蓄電池 日本は主導権を握れるか - エネフロ,"Tue, 07 Jul 2026 07:00:00 GMT",https://news.google.com/rss/articles/CBMiTkFVX3lxTE5LcEZ6ZXpKZE9KNWxYMnJDcG93NzZMVlVTTFFueVNhRXpUTHcySHdNemJsWU15SmVEWWNBbkdjQV9HWUo3eVF4cVVhVFZZZw?oc=5
2026-09-13,電力・蓄電,未特定,未特定,テーマ関連ニュース,⚪ 監視,0,企業未特定。ニュースの材料を監視,企業特定後に要再評価,未取得,未取得,未取得,未取得,未取得,未取得,未取得,未取得,未取得,未判定,未判定,未判定,未判定,未取得,未判定,太陽光発電の成長、「電力システムへの統合」がカギに - 特集 - メガソーラービジネス plus - 日経BP,太陽光発電の成長、「電力システムへの統合」がカギに - 特集 - メガソーラービジネス plus - 日経BP,"Thu, 07 May 2026 07:00:00 GMT",https://news.google.com/rss/articles/CBMieEFVX3lxTE9sYnUyZnpqdklkMlpYck5ieHNhQWFYRXpnMThEN1hJakI5a0xvSlV3bW1VM29nakpreHl5Ry0yMVkzd3ZybFQ5N2JjWmZQTUdkUEdIWnYzOWRnM1FBUjJjWWhLSHY3cHBjYmUtZUI3ZFR6MUt5eFJJRw?oc=5
2026-09-13,電力・蓄電,未特定,未特定,テーマ関連ニュース,⚪ 監視,0,企業未特定。ニュースの材料を監視,企業特定後に要再評価,未取得,未取得,未取得,未取得,未取得,未取得,未取得,未取得,未取得,未判定,未判定,未判定,未判定,未取得,未判定,Base Powerが家庭用蓄電池事業で10億ドル調達、電力網の負荷軽減へ拡大 - Межа. Новини України.,Base Powerが家庭用蓄電池事業で10億ドル調達、電力網の負荷軽減へ拡大 - Межа. Новини України.,"Thu, 03 Sep 2026 09:45:17 GMT",https://news.google.com/rss/articles/CBMiY0FVX3lxTE5hU1UxOGxsOW1Ka21sZU1XV1RkRHVHZ0h4UzN2VFc3X0pVN2hyX0hjU3ZaeWcxZUwtbnpUS3hDNnJ0V2ZUR1Jodk9nalBSaFcyN25xcDRRVEZMS0F0YVBiZ3BKMA?oc=5
2026-09-13,その他,未特定,未特定,テーマ関連ニュース,⚪ 監視,0,企業未特定。ニュースの材料を監視,企業特定後に要再評価,未取得,未取得,未取得,未取得,未取得,未取得,未取得,未取得,未取得,未判定,未判定,未判定,未判定,未取得,未判定,中国のバッテリー企業、日本のサイバー認証で多くが脱落…「経済安保で対立」（ハンギョレ新聞） - Yahoo!ニュース,中国のバッテリー企業、日本のサイバー認証で多くが脱落…「経済安保で対立」（ハンギョレ新聞） - Yahoo!ニュース,"Fri, 03 Jul 2026 07:00:00 GMT",https://news.google.com/rss/articles/CBMif0FVX3lxTE9FSWNua2hIaVl6SW5PY2hLcnBuVVp1LWFzeXRHdzlCelVMS25NU3ZRb3M4LUFQbkdVbzdwenVjb09qVjAtb0N5aGlyUVdHOWE2NGh4a3NtbDNsdjg3ZmItZ2VZbHRVdVprTm5rYUJpU0FoNm9RRGJieXpQeU9MWjA?oc=5
2026-09-13,電力・蓄電,未特定,未特定,テーマ関連ニュース,⚪ 監視,0,企業未特定。ニュースの材料を監視,企業特定後に要再評価,未取得,未取得,未取得,未取得,未取得,未取得,未取得,未取得,未取得,未判定,未判定,未判定,未判定,未取得,未判定,余剰電力があるときは充電し、不足しているときは放電する：バッテリー蓄電システムは、ピーク時の電力網を「救済」する。 - Vietnam.vn,余剰電力があるときは充電し、不足しているときは放電する：バッテリー蓄電システムは、ピーク時の電力網を「救済」する。 - Vietnam.vn,"Sun, 30 Aug 2026 07:00:00 GMT",https://news.google.com/rss/articles/CBMinwFBVV95cUxQeTlaS29uR1JrbnJYS1RxblRSNFI0aTFXbXVmazdVOUQxTWV5elNERWdUelkyTE5ELXdKRm5iSjh4NkhQSFhDRUJNQVdNSG5rSjlDZ3cxRS1ockV4b2NfQ290STctb1FoS2U3X3QyN3FRYTZFWTN3TVRBbjJHbXc0MWRVazlwZGxENFJUaFlKNHVLSG5hbU5FcUJXbXpxcmM?oc=5
2026-09-13,電力・蓄電,未特定,未特定,テーマ関連ニュース,⚪ 監視,0,企業未特定。ニュースの材料を監視,企業特定後に要再評価,未取得,未取得,未取得,未取得,未取得,未取得,未取得,未取得,未取得,未判定,未判定,未判定,未判定,未取得,未判定,アドウェイズ、系統用蓄電池事業に参入。電力インフラの安定化を通じて、サステナブルな社会の実現を目指す - Newscast.jp,アドウェイズ、系統用蓄電池事業に参入。電力インフラの安定化を通じて、サステナブルな社会の実現を目指す - Newscast.jp,"Mon, 22 Jun 2026 07:00:00 GMT",https://news.google.com/rss/articles/CBMiR0FVX3lxTFBXbjFRU2ZudFFuZ0FwaXh4QVlFcFNNNC1OTWwxT2dUY3N4a3BDb0dXUHUwSkpxUnR6RHFWR1dqcUgwbVdUQXFF?oc=5
2026-09-13,電力・蓄電,未特定,未特定,テーマ関連ニュース,⚪ 監視,0,企業未特定。ニュースの材料を監視,企業特定後に要再評価,未取得,未取得,未取得,未取得,未取得,未取得,未取得,未取得,未取得,未判定,未判定,未判定,未判定,未取得,未判定,思源電気、系統形成型蓄電池「esGrid 3.0」発表：脆弱な送電網を強化する6.311MWhの大型蓄電池 - BigGo ファイナンス,思源電気、系統形成型蓄電池「esGrid 3.0」発表：脆弱な送電網を強化する6.311MWhの大型蓄電池 - BigGo ファイナンス,"Wed, 24 Jun 2026 07:00:00 GMT",https://news.google.com/rss/articles/CBMidEFVX3lxTE4tbnc5S1IxbUZFQlU1VXNVdjE4a3pUeEtuLWp5ak5xT1RqWTNGS2V0NXJ4cVNqUFB5dzlRaFBuX3JrRTU2MHZYWDNwek9LbVlILWx5dE9QclBjQmNqRWM3Z1ZfU0E2RHQweXpSVnlRMDM3R3lr?oc=5
2026-09-13,電力・蓄電,未特定,未特定,テーマ関連ニュース,⚪ 監視,0,企業未特定。ニュースの材料を監視,企業特定後に要再評価,未取得,未取得,未取得,未取得,未取得,未取得,未取得,未取得,未取得,未判定,未判定,未判定,未判定,未取得,未判定,蓄電所ビジネス沸騰 土地や送電網接続の権利、転売活発に - 日本経済新聞,蓄電所ビジネス沸騰 土地や送電網接続の権利、転売活発に - 日本経済新聞,"Sat, 06 Dec 2025 08:00:00 GMT",https://news.google.com/rss/articles/CBMibEFVX3lxTE5DYzZlZHkxZ3lYM2xfSXR5WDJNSzFQZ3V3ZU5meHZIdFlzaXhSNWo0cFlZSU9YMU5PMG5VWnVLcUIxSTY2MUNXSkZZc2h6bnFScWNGY1ZqeFNuR0lRaUptWTcwUlNhQk1xUE5FaA?oc=5
2026-09-13,電力・蓄電,未特定,未特定,テーマ関連ニュース,⚪ 監視,0,企業未特定。ニュースの材料を監視,企業特定後に要再評価,未取得,未取得,未取得,未取得,未取得,未取得,未取得,未取得,未取得,未判定,未判定,未判定,未判定,未取得,未判定,蓄電池への投資を増やすことは、北部地域の電力網への負担を軽減するのに役立つだろう。 - Vietnam.vn,蓄電池への投資を増やすことは、北部地域の電力網への負担を軽減するのに役立つだろう。 - Vietnam.vn,"Wed, 02 Sep 2026 07:00:00 GMT",https://news.google.com/rss/articles/CBMiiAFBVV95cUxObzFTNmZaOW1tTjFKcEg5RkxSbVJrNEpxT01WN0dQcV93V051T2FYR19TUVM1MFpjeHUweE5QZ1ZkSU94X1lwc0lYQ0F5VVpFUU1rOWNEdjYwTVAyN1lBVUxhUWN2TmQ3ajhXVDlYMjkyM2dxWDc2MFp2bUpmb2c4djRqb1dfUlZk?oc=5
2026-09-13,電力・蓄電,未特定,未特定,テーマ関連ニュース,⚪ 監視,0,企業未特定。ニュースの材料を監視,企業特定後に要再評価,未取得,未取得,未取得,未取得,未取得,未取得,未取得,未取得,未取得,未判定,未判定,未判定,未判定,未取得,未判定,VWがEVの余剰電力販売 送電網に接続、ドイツから展開 - 日経モビリティ - 日本経済新聞,VWがEVの余剰電力販売 送電網に接続、ドイツから展開 - 日経モビリティ - 日本経済新聞,"Mon, 11 May 2026 07:00:00 GMT",https://news.google.com/rss/articles/CBMif0FVX3lxTE1ST29ad21GVVVZMEF6elJuUGQ2amtRRGdxVDVFc1FiSXJlUUhWZTdIdUV1TDFZX05SclBlOE1GWmpqUEtzYmszNEFBSzR1OVpXOGRudi0yOVJkWGpKNFduWlQ2RHVCdEhPVG9OX2Z6Q25mQUJId3ZnQ1ZIcVRfWWM?oc=5
2026-09-13,電力・蓄電,未特定,未特定,テーマ関連ニュース,⚪ 監視,0,企業未特定。ニュースの材料を監視,企業特定後に要再評価,未取得,未取得,未取得,未取得,未取得,未取得,未取得,未取得,未取得,未判定,未判定,未判定,未判定,未取得,未判定,中国蓄電池、日本のサイバー認証いまだゼロ 「事実上の排除」と反発 - 日本経済新聞,中国蓄電池、日本のサイバー認証いまだゼロ 「事実上の排除」と反発 - 日本経済新聞,"Wed, 01 Jul 2026 07:00:00 GMT",https://news.google.com/rss/articles/CBMibEFVX3lxTE9zcEl1M3l2em5NbXF2VlhWaG1xSDg5Ti0xTGljSEJramlhRmFESm5mQmdfeEJHbjFRMzNmU2ptbFF3eWlaRHQ3a0FRbnlxaldpd1N5QVUzV2NueENXdDRIWnhIS0dlZzJOSTB5YQ?oc=5
2026-09-13,電力・蓄電,未特定,未特定,テーマ関連ニュース,⚪ 監視,0,企業未特定。ニュースの材料を監視,企業特定後に要再評価,未取得,未取得,未取得,未取得,未取得,未取得,未取得,未取得,未取得,未判定,未判定,未判定,未判定,未取得,未判定,クアンニン省は、3つの110kV変電所に蓄電池システムを導入する投資を行った。 - Vietnam.vn,クアンニン省は、3つの110kV変電所に蓄電池システムを導入する投資を行った。 - Vietnam.vn,"Mon, 07 Sep 2026 04:40:04 GMT",https://news.google.com/rss/articles/CBMiogFBVV95cUxNUm9IeFBTdjNmaFR6b2ZDSXE3UlEydVF1ZlZDVk1sUUVkTzd4MDBWaWZnNHBRMmpsS0YwQ1pHOWxHSUtUZnQ2UjU5Z2loNGVyaEl4MEU5NE10RFh3c1drQVpQUHhhVDNjRV9jMWF5THltUkkwRFMyUGNONTYzTzhjWUZlNmFLYXRUdU9yTUNFNXdwZDViT3hXYzJuM09JUFBhc2c?oc=5
2026-09-13,電力・蓄電,未特定,未特定,テーマ関連ニュース,⚪ 監視,0,企業未特定。ニュースの材料を監視,企業特定後に要再評価,未取得,未取得,未取得,未取得,未取得,未取得,未取得,未取得,未取得,未判定,未判定,未判定,未判定,未取得,未判定,送電線「空押さえ」に待った 系統用蓄電池の接続申請に上限、実現性重視 - 日本経済新聞,送電線「空押さえ」に待った 系統用蓄電池の接続申請に上限、実現性重視 - 日本経済新聞,"Mon, 13 Oct 2025 07:00:00 GMT",https://news.google.com/rss/articles/CBMibEFVX3lxTE5RQmdZdHkzQm1VVDIzYkJpeDhqV3RJMXBrSTFPampzWVgzSkM3ZWFaNXFaRmUxLXlFMElRMjZMNjNleFpLV3Y4Z05QQ0E0YTZTZ2pjaW5FM3Q0T1BJZllOWm12bFV1N1ZEcTl3WQ?oc=5
2026-09-13,電力・蓄電,未特定,未特定,テーマ関連ニュース,⚪ 監視,0,企業未特定。ニュースの材料を監視,企業特定後に要再評価,未取得,未取得,未取得,未取得,未取得,未取得,未取得,未取得,未取得,未判定,未判定,未判定,未判定,未取得,未判定,ジャスティン・ローパス氏：Base Power、家庭用蓄電池40kWhで130億ドル評価、10億ドル調達 - BigGo ファイナンス,ジャスティン・ローパス氏：Base Power、家庭用蓄電池40kWhで130億ドル評価、10億ドル調達 - BigGo ファイナンス,"Mon, 03 Aug 2026 07:00:00 GMT",https://news.google.com/rss/articles/CBMiWkFVX3lxTE9CZmtxUkozZW9ZQlNXRU1zWGhNWEFEQngzM1BOUDdpczJWU2FlNjZ4ZjlLanBzNzVNYll4UEp0MktPdzUtRWFyWVhxTnRBYVBmckNLR2dLY0FNQQ?oc=5
2026-09-13,半導体,"California Grapes International, Inc.",CAGR,テーマ関連ニュース,⚪ 監視,0,成長テーマとの関連 / 企業を特定,ROE悪化 / バリュートラップ警戒,未取得,-0.0033333332,未取得,未取得,未取得,未取得,-67.985,未取得,未取得,未判定,警戒,未判定,要IR確認,未取得,未判定,"Top Advanced Packaging Companies, 8.6% CAGR to 2034 - Fortune Business Insights","Top Advanced Packaging Companies, 8.6% CAGR to 2034 - Fortune Business Insights","Tue, 08 Sep 2026 03:05:50 GMT",https://news.google.com/rss/articles/CBMiiwFBVV95cUxNMU1tSEdDeHZiZWNXaW1zdUlFaHpNXzJma1lGWjlNdDhVc2N4cHRvajFmcnRBMjdpcHJNWGlSMjlwNldZNFA1Yk0yMG1lVHZkLWNaZ2duVkw1Y3lac2l1TzlibjFEVFJRRVdfdVhETUFLUnk2RExwaUFRUXJIR3NZYzZWdEFSem1mTlkw?oc=5
2026-09-13,半導体,未特定,未特定,テーマ関連ニュース,⚪ 監視,0,企業未特定。ニュースの材料を監視,企業特定後に要再評価,未取得,未取得,未取得,未取得,未取得,未取得,未取得,未取得,未取得,未判定,未判定,未判定,未判定,未取得,未判定,Samsung Electronics Opens Advanced Packaging Hub in Yokohama - 조선일보,Samsung Electronics Opens Advanced Packaging Hub in Yokohama - 조선일보,"Tue, 08 Sep 2026 08:53:12 GMT",https://news.google.com/rss/articles/CBMiiAFBVV95cUxQVFkzTWthWnhOd3EwS1NjVFdHRm9uNGxOSy1FdkJQalJwSzZWNFpGTU5VUkMwVjU5SXJvY09uM2dQVHhPSk9pbWR2c1drTXRjMTZGRWk5WXhqV2hLVGxwU2Jmc29jdFduSU5NV21ncDM5RU9ZRWIxNERERkpzT29mSzlvNm0waXlE?oc=5
2026-09-13,半導体,未特定,未特定,テーマ関連ニュース,⚪ 監視,0,企業未特定。ニュースの材料を監視,企業特定後に要再評価,未取得,未取得,未取得,未取得,未取得,未取得,未取得,未取得,未取得,未判定,未判定,未判定,未判定,未取得,未判定,Amkor Expands Advanced Packaging: Can Its $12B Arizona Bet Pay Off? - TradingView,Amkor Expands Advanced Packaging: Can Its $12B Arizona Bet Pay Off? - TradingView,"Wed, 09 Sep 2026 16:32:00 GMT",https://news.google.com/rss/articles/CBMivAFBVV95cUxPUy1aUVI4aXIxQ2Fsd0hkZ0tsdmZwM29UbTdKbTJZWnlpWUVOdUU1cUFPSmxOTURXb1BIOWc3eEkwS2F0MzUwVDhUbFd0TWNQX0hKS3JDN0Vxb0Zhc3JYcjZqV3M1bGd4LXhfVlg2UFNENjQ3WktHQno5LVlqMjAtazFQa1hhZVc4ZndTb1AzcDBjaTdSUFFoNVFkUXh0cmZ6RjBiQkVIQk1hVFN4VTdYdmFtbElQMGNxeEw4Zw?oc=5
2026-09-13,その他,未特定,未特定,テーマ関連ニュース,⚪ 監視,0,企業未特定。ニュースの材料を監視,企業特定後に要再評価,未取得,未取得,未取得,未取得,未取得,未取得,未取得,未取得,未取得,未判定,未判定,未判定,未判定,未取得,未判定,"Why Everyone Is Talking About Hybrid Bonding, and Who Is in the Race - TrendForce","Why Everyone Is Talking About Hybrid Bonding, and Who Is in the Race - TrendForce","Thu, 10 Sep 2026 07:30:58 GMT",https://news.google.com/rss/articles/CBMidkFVX3lxTE5wTUNUZjAtVEF6M1d0Y0wtSm8tMFFPRGl6VmdVdERGSHZYUXNTTVFxTHlNd3JjRHBaeDlNYmdZS0Mxd2tuRmVza1RaUGdTOHpUQWF0dnF0eXdZc3VlNDd0cnVVV0trVnlUTmJmTTZkRHJfNml5R3c?oc=5
2026-09-13,その他,未特定,未特定,テーマ関連ニュース,⚪ 監視,0,企業未特定。ニュースの材料を監視,企業特定後に要再評価,未取得,未取得,未取得,未取得,未取得,未取得,未取得,未取得,未取得,未判定,未判定,未判定,未判定,未取得,未判定,Intel and Lens Technology Collaborate to Enable Advanced Semiconductor Packaging for the AI Era - Intel,Intel and Lens Technology Collaborate to Enable Advanced Semiconductor Packaging for the AI Era - Intel,"Mon, 31 Aug 2026 15:42:44 GMT",https://news.google.com/rss/articles/CBMi9wFBVV95cUxPS2Z6OWNQQzB2cEROR3ozc1V1YWhBTGI4N2FMZHNmNFd5ODdpUGJMcVg0QlNDOVpUYWF5dFMyS202c3hVNTFqdVV1anBweXp2Sld0c21JOUVqcGFUQWlZQTFkMlRZeEpoV2kzSnZJVGdXMFZKVTRNc3Frb291V1BnTC1MdkE1ZHlPUTQ0NV9CWFo4cEJNQTBBSkFLYTFma25naHVHeG5KUjk2amRBQmxsTjBQWjZtcGc5QlRCcFh2LXdKZWNKal95Y2VfaU55REFSalNhUTluMXhHckFFVnU2Y1QwVVRHLUg1UVdDTS1sVVZTSmo5RTNF?oc=5
2026-09-13,半導体,未特定,未特定,テーマ関連ニュース,⚪ 監視,0,企業未特定。ニュースの材料を監視,企業特定後に要再評価,未取得,未取得,未取得,未取得,未取得,未取得,未取得,未取得,未取得,未判定,未判定,未判定,未判定,未取得,未判定,Modeling Predicts Cure and Thermal Endurance of Advanced Packaging Underfill - IndexBox,Modeling Predicts Cure and Thermal Endurance of Advanced Packaging Underfill - IndexBox,"Fri, 11 Sep 2026 21:21:04 GMT",https://news.google.com/rss/articles/CBMiqgFBVV95cUxQcmNMMklzUUJHTHgxZzJZV1BvVkU2OEhtbWl6aTFYT2pBdFVKTlVRV0RNdEduaDVzS3B6NHp4MUtsMnU2QmxoQ0oyNFRiSjZyVXFURFhFZ0ZwUWh6OGo3Um1lcXljOGNJOVNEOC1odkpVMW9hRFAxMF9yOVg5dmhfWm1FazdEeE1XNXZBNndNNXFETmU5NE9aTE9QVDgybmVuV043OExFc0RRQQ?oc=5
2026-09-13,その他,未特定,未特定,テーマ関連ニュース,⚪ 監視,0,企業未特定。ニュースの材料を監視,企業特定後に要再評価,未取得,未取得,未取得,未取得,未取得,未取得,未取得,未取得,未取得,未判定,未判定,未判定,未判定,未取得,未判定,Materials Shaping the Future of Advanced Semiconductor Packaging - IDTechEx,Materials Shaping the Future of Advanced Semiconductor Packaging - IDTechEx,"Tue, 07 Jul 2026 07:00:00 GMT",https://news.google.com/rss/articles/CBMitgFBVV95cUxQb25oQW11dmUtdEdnRXZVUDl2akU5T0JpU1dzeGhtalFDY3JhR3Jrd0UwZzlKZ3l0ekRzc2NZTm1XNWhPd0ZnczdCY2MxQWRNWnJSN0ZsUVpmS2d3eXRPcmVRSkIwdWQ5QXN1dWRMT19PR2llM1d0YkFhZE90bzNWTldFNURMNjFjcTlhV2IxQ29HZ2NjR3JBTUsweGpxWE1URTR6eFFpUkJOMUhFeG5BdWplbVBFdw?oc=5
2026-09-13,半導体,未特定,未特定,テーマ関連ニュース,⚪ 監視,0,企業未特定。ニュースの材料を監視,企業特定後に要再評価,未取得,未取得,未取得,未取得,未取得,未取得,未取得,未取得,未取得,未判定,未判定,未判定,未判定,未取得,未判定,Advanced Packaging and the Shift to System-Level Semiconductor Innovation - Samsung Semiconductor,Advanced Packaging and the Shift to System-Level Semiconductor Innovation - Samsung Semiconductor,"Tue, 02 Jun 2026 01:35:02 GMT",https://news.google.com/rss/articles/CBMiygFBVV95cUxNNk1NTnF1OWN3cFhxQkRIOWUxWnB4OUFwd0VsRFdtTk95RVB6QTlOZVRVUUdzNHQ3Ukd0Z2JGV3Izbm8tMVBUNFJaWEs0dDdVTHpxcHhkcFlIYm5KUU51VzZaSW5CTDV2MXJrTWxWTDRrTHlsQTNUVk5RTEtvZmFFYmZmSVZ4SzVPVHZjNVZINzJKV09TdXdkZF9xaXpGUFBjSnJGTW1iQzNwNEhHeEc0OTV2T0QzRElmTFRRd1I1N1ZLNHZCZnU1TkZ3?oc=5
2026-09-13,半導体,未特定,未特定,テーマ関連ニュース,⚪ 監視,0,企業未特定。ニュースの材料を監視,企業特定後に要再評価,未取得,未取得,未取得,未取得,未取得,未取得,未取得,未取得,未取得,未判定,未判定,未判定,未判定,未取得,未判定,"Applied Materials unveils integrated tools for HBM, chiplet, and 3D packaging scale-up - digitimes","Applied Materials unveils integrated tools for HBM, chiplet, and 3D packaging scale-up - digitimes","Sun, 05 Jul 2026 07:00:00 GMT",https://news.google.com/rss/articles/CBMipgFBVV95cUxOWWN1YTU2Rjk1LWMyV05ob3I5WmhjOXZfNElKNlBEZ1lSVlN5RmI3d0tCcXJ2S3lxSVAxNzFrc2hQcExJM0FTVXJXRWZ3TVBXV1N3NEtWOG0zRVlfSFNhN0Npald4MzRrdUIxQjVmSkEtbjNpVE1qb1N3ellvQnRDTzEtTWdpSzNEN1htV0xXckVmaVowb2Mybm5ncTRLc253OXU3S0tB?oc=5
2026-09-13,半導体,未特定,未特定,テーマ関連ニュース,⚪ 監視,0,企業未特定。ニュースの材料を監視,企業特定後に要再評価,未取得,未取得,未取得,未取得,未取得,未取得,未取得,未取得,未取得,未判定,未判定,未判定,未判定,未取得,未判定,Meta Packs Gobs of HBM Into Homegrown AI Accelerators - HPCwire,Meta Packs Gobs of HBM Into Homegrown AI Accelerators - HPCwire,"Wed, 11 Mar 2026 07:00:00 GMT",https://news.google.com/rss/articles/CBMikwFBVV95cUxPTHEtS1I1TVlaOXhsdTIxMHNlNG9veS03Uk85WWxNXzRjWDM1SzlzWnBlX2VKLUhudFhSSlFwakJQVVl5ZFhCYnhueHNpNVp0ZklheXRPWHlPbXdCczVrWTdtWko1b3czT01iRDYxR2pBMXA2dVQ5RzVXNmlyZmI5MmVmTUhzcjhObjhoT2dIM25tNmc?oc=5
2026-09-13,その他,未特定,未特定,テーマ関連ニュース,⚪ 監視,0,企業未特定。ニュースの材料を監視,企業特定後に要再評価,未取得,未取得,未取得,未取得,未取得,未取得,未取得,未取得,未取得,未判定,未判定,未判定,未判定,未取得,未判定,Meta reveals custom AI chips it says beat Nvidia - The Register,Meta reveals custom AI chips it says beat Nvidia - The Register,"Thu, 12 Mar 2026 07:00:00 GMT",https://news.google.com/rss/articles/CBMipgFBVV95cUxQUmlmRnhMbXhab2R5S1pOdC0tX01lb2JhZm5pZG1hTHVjTEtYT3p2TmFFNFc5TEM4V0pWUXJzeUdEZ0R0NDVfMjA4aTB2TlFFX0E3aTJoNDZpWThwb3g4S0lsdnJPLWZXUUtYdlA1VENSZ0ZQWHVxb1o5bnJYeWVnVDhON2E4NC1jU3ZVekkwTXFVWTFvcjFsTVE4czM4Sk42d2lTcVF3?oc=5
2026-09-13,半導体,未特定,未特定,テーマ関連ニュース,⚪ 監視,0,企業未特定。ニュースの材料を監視,企業特定後に要再評価,未取得,未取得,未取得,未取得,未取得,未取得,未取得,未取得,未取得,未判定,未判定,未判定,未判定,未取得,未判定,"Applied Materials expands packaging equipment lineup to boost HBM, chiplet yields - 디지털투데이","Applied Materials expands packaging equipment lineup to boost HBM, chiplet yields - 디지털투데이","Mon, 29 Jun 2026 07:00:00 GMT",https://news.google.com/rss/articles/CBMiyAFBVV95cUxPVzM2cFhjWEUzZ2oyb0c3elJkbktSRVNUUnMzVmZabWpWa3JiVG5mdjNqQTVWQ05Ra0dqWDVyNmwycVNpNEZDLWxXVWR3MDR2alZwU0xBdVNqTlprclg2Vnk2RjFOczYzTFg0Qm02SzhUNUF1Z2FrRmZYWlBoZ2w1eEFHeGFjRVI4WENrcWNoX1RHWmdFTjloMXZtZGpOazZYY3J4WWJCUWF4QVptc2hXaU1nX3VTaFpGOFFmcFhyb1llZXZteUk3UA?oc=5
2026-09-13,半導体,未特定,未特定,テーマ関連ニュース,⚪ 監視,0,企業未特定。ニュースの材料を監視,企業特定後に要再評価,未取得,未取得,未取得,未取得,未取得,未取得,未取得,未取得,未取得,未判定,未判定,未判定,未判定,未取得,未判定,The Chip Insider®– Chiplet Integration Strategies for AI and HBM - TechInsights,The Chip Insider®– Chiplet Integration Strategies for AI and HBM - TechInsights,"Thu, 20 Feb 2025 17:59:24 GMT",https://news.google.com/rss/articles/CBMikwFBVV95cUxPWmZobWJkT0pTSWdvVHV2R3FTYTJiZlR3Y2ZrM0VhYjNaekVrV0cycjlmd3d3NmlfT0FnUjVtQlNRTUR5ZXdWdXdwbWRYbXpabEd6NDlraEdLZGMyREtDLV8xV1Q2d3oxOFRNbVRsV2xqVUtabEE4MXRickxoWXFfeFN3dGJNQ0FGVm9tdEloZkhEY0U?oc=5
2026-09-13,半導体,未特定,未特定,テーマ関連ニュース,⚪ 監視,0,企業未特定。ニュースの材料を監視,企業特定後に要再評価,未取得,未取得,未取得,未取得,未取得,未取得,未取得,未取得,未取得,未判定,未判定,未判定,未判定,未取得,未判定,What Comes After HBM For Chiplets - Semiconductor Engineering,What Comes After HBM For Chiplets - Semiconductor Engineering,"Wed, 18 Sep 2024 07:00:00 GMT",https://news.google.com/rss/articles/CBMib0FVX3lxTE53Zk51VURadkF4TGJIU2J6LU9MRTNoVjE0d3hfdGktd25aT1YtcWxCMTV5dVc0Z1BSUHFGMUFNRmpTUDB4YS0tRFdCOTE5UXVUWThrelEtVERIYmRRd0RyZUpxamt0VURfNjFOYWo3RQ?oc=5
2026-09-13,半導体,未特定,未特定,テーマ関連ニュース,⚪ 監視,0,企業未特定。ニュースの材料を監視,企業特定後に要再評価,未取得,未取得,未取得,未取得,未取得,未取得,未取得,未取得,未取得,未判定,未判定,未判定,未判定,未取得,未判定,Chiplets: Where Are We Today? - Semiconductor Engineering,Chiplets: Where Are We Today? - Semiconductor Engineering,"Wed, 05 Feb 2025 08:00:00 GMT",https://news.google.com/rss/articles/CBMiZ0FVX3lxTE1HVERaQ0J0eEYwb193OHhIbVJSaDMxcmZEX05vNVNueE11Wkt3bjZuZ2tNWTJwVDNTbDA1NFZiTGtpV0FqckpvVnVIVWRUY0tCR2k2NXo4UWdNTlNObnZVUmg3UkI3bnM?oc=5
2026-09-13,半導体,未特定,未特定,テーマ関連ニュース,⚪ 監視,0,企業未特定。ニュースの材料を監視,企業特定後に要再評価,未取得,未取得,未取得,未取得,未取得,未取得,未取得,未取得,未取得,未判定,未判定,未判定,未判定,未取得,未判定,The Chiplet Market Today and Where We’re Headed - Electronic Design,The Chiplet Market Today and Where We’re Headed - Electronic Design,"Wed, 06 Aug 2025 07:00:00 GMT",https://news.google.com/rss/articles/CBMiyAFBVV95cUxPa1JoNzlRcHQ5S1d3RzRTMVhkQ3VRUzFkMEozXzc0aEFPenZfbVEwSUJ0UUoxVFd4aDQ5a3NNWXlMQmp6bmVWbS1FZGNFT0YwZnFpWHROSklBZmtVbkRBUHFmRjR0Vi1jdkpBeEJBMWdJSk1DYVd4aGpsUXpYYkQ5U2xuTG1rQm1Zc2JDUWFfXy04eUswdU1nRmZQMk8tSmo2Z1I4UHRsVUdtdWN6bEh6REpwb21nYjAtbl95dHQ0WjVBOTVTVGN3NA?oc=5
2026-09-13,半導体,未特定,未特定,テーマ関連ニュース,⚪ 監視,0,企業未特定。ニュースの材料を監視,企業特定後に要再評価,未取得,未取得,未取得,未取得,未取得,未取得,未取得,未取得,未取得,未判定,未判定,未判定,未判定,未取得,未判定,Wafer-Scale vs. Chiplets: The New War? Part 2 - Semiconductor Engineering,Wafer-Scale vs. Chiplets: The New War? Part 2 - Semiconductor Engineering,"Thu, 25 Jun 2026 07:00:00 GMT",https://news.google.com/rss/articles/CBMie0FVX3lxTFBpMnZjSl9oXzJmdnJBNlJxZXVVUDQ0VkNEOVJZXy1TSGJsN3UyUFMtY1NiSGN1aFNHWWhLM0c3clJyOWtrSkJfaE9odER0dW14bF8xQWtQNE9lQng3d1BvbU1OWGl5d3R1aVdpNWNDNkNGWURqVXM4MGtiNA?oc=5
2026-09-13,半導体,未特定,未特定,テーマ関連ニュース,⚪ 監視,0,企業未特定。ニュースの材料を監視,企業特定後に要再評価,未取得,未取得,未取得,未取得,未取得,未取得,未取得,未取得,未取得,未判定,未判定,未判定,未判定,未取得,未判定,Compound semiconductors enter a new growth phrase powered by AI & electrification - Yole Group,Compound semiconductors enter a new growth phrase powered by AI & electrification - Yole Group,"Mon, 23 Feb 2026 08:00:00 GMT",https://news.google.com/rss/articles/CBMivAFBVV95cUxNVTBxd3NnaGNDYUhfWDc2SVdWd19mWEFNTmNVXzJJa3NybzBoRG9pN2tQbDZPbzBpMzBWcU95X0otSy1YYlBBcGgwWTRUY1ZOY2RyNGtGTlNMZGNZVGJmU3BfdVBfRUE2WlBvRXBoYUY1bUdqTEFGOGlMcTFoaS1mdHNaTkVETnlnS2hBbnpzTEkwdkc1OW4tbnlzQkkwTDBlR3UwYlVSMHJjbjBCX1U2WmRjMjJvVTNkLVEtaw?oc=5
2026-09-13,半導体,未特定,未特定,テーマ関連ニュース,⚪ 監視,0,企業未特定。ニュースの材料を監視,企業特定後に要再評価,未取得,未取得,未取得,未取得,未取得,未取得,未取得,未取得,未取得,未判定,未判定,未判定,未判定,未取得,未判定,Photoluminescence Inspection Is Changing How Manufacturers Protect Yield In SiC And GaN Devices - Semiconductor Engineering,Photoluminescence Inspection Is Changing How Manufacturers Protect Yield In SiC And GaN Devices - Semiconductor Engineering,"Tue, 07 Jul 2026 07:00:00 GMT",https://news.google.com/rss/articles/CBMiwgFBVV95cUxPbHJQWHlSMnRuRmM5XzM5Sy1LYnRHNkRRaGwwV0tSMWFINzhvbGgwN29URU42Q19NcWVhSDA4NDNsaC1jSl9jR0JrMzgtd283dl9aMzdrWWZCai1OdWJXaVJuMDJQNjF2c0lWMEx1Nl9faEsxOUVvcFFoUWpFZHMxVVYxenhvMzN2dm1QdzlyZVBCZzI1Tl8xdXNGRDBEMlh2NmdtSFN6OG5mZHJ5bGQ5QkV0TUZsVHZoZ3NzRW84YXFiZw?oc=5
2026-09-13,半導体,未特定,未特定,テーマ関連ニュース,⚪ 監視,0,企業未特定。ニュースの材料を監視,企業特定後に要再評価,未取得,未取得,未取得,未取得,未取得,未取得,未取得,未取得,未取得,未判定,未判定,未判定,未判定,未取得,未判定,The evolving landscape of SiC and GaN markets - Yole Group,The evolving landscape of SiC and GaN markets - Yole Group,"Mon, 22 Dec 2025 08:00:00 GMT",https://news.google.com/rss/articles/CBMilAFBVV95cUxQbm9YT3h0bFhMXzdLM1VYeXIyTjhiLWM3czZDLW5SanZmNFpwNS1IYnc2QndSdXM2WU5pMDc0LXBvTk9LS0luVTVPdHJfTk1fM2xocFdER3RYSlhLdU9uUG1Ra1BBa09SRFFFSDJDVW9rYkV3ZVVPLVRuYlRHN1JDTUdzRzFYd3JYczcxZGlwSFFsRjM5?oc=5
2026-09-13,半導体,未特定,未特定,テーマ関連ニュース,⚪ 監視,0,企業未特定。ニュースの材料を監視,企業特定後に要再評価,未取得,未取得,未取得,未取得,未取得,未取得,未取得,未取得,未取得,未判定,未判定,未判定,未判定,未取得,未判定,Joint US-Taiwan initiative to scale the future of SiC - Compound Semiconductor,Joint US-Taiwan initiative to scale the future of SiC - Compound Semiconductor,"Wed, 03 Jun 2026 07:00:00 GMT",https://news.google.com/rss/articles/CBMipAFBVV95cUxQdDBtNUZPQklWNEh1al9mNUVrdWdUbkZjWWF0ai1qa3RtZHVXeUlVZTZqWUl3NkpQQ2Z2djdMR0Ywb0dGWGxpSk8yaVhtY1NVYmx5RDdrYnN6OHhjUzhGaVVUWnM1cDlVNkFnSHd5al9mRzF0TThXY3FGd21iNXhORzFZdEY0VXVGUW9TbnNPNGdOS21oMWoySUI4QU55WVNTcTNkNA?oc=5
2026-09-13,半導体,未特定,未特定,テーマ関連ニュース,⚪ 監視,0,企業未特定。ニュースの材料を監視,企業特定後に要再評価,未取得,未取得,未取得,未取得,未取得,未取得,未取得,未取得,未取得,未判定,未判定,未判定,未判定,未取得,未判定,Compound semis enter new growth phase - Compound Semiconductor,Compound semis enter new growth phase - Compound Semiconductor,"Mon, 23 Feb 2026 08:00:00 GMT",https://news.google.com/rss/articles/CBMikAFBVV95cUxOMVJ2TUVTTFdFRmxkU0xzT1VsbU8xQjZ4b0prb245OGM1Y3lEbVU4Wm81d0FLekFBa0dCcXdmZjRPVWgyeElYQmMxNDYwSTN5dFA3NWJxc2ZLVGlrRnNkSHlGS0JndElONktvb2RBN21pWExLS3NVdGlFSzM3emF1LUREa2xldUtaQW1mOEF4OXU?oc=5
2026-09-13,半導体,未特定,未特定,テーマ関連ニュース,⚪ 監視,0,企業未特定。ニュースの材料を監視,企業特定後に要再評価,未取得,未取得,未取得,未取得,未取得,未取得,未取得,未取得,未取得,未判定,未判定,未判定,未判定,未取得,未判定,Coherent samples high thermal conductivity 300mm SiC substrates - Compound Semiconductor,Coherent samples high thermal conductivity 300mm SiC substrates - Compound Semiconductor,"Tue, 18 Aug 2026 07:00:00 GMT",https://news.google.com/rss/articles/CBMisgFBVV95cUxPNDZ5OXQxaXZXX3R6Tm5TUjgzdWZpaU1vN3NobWgzZko5RXN2ZHJPcnphTGpXOEtrR2dpd2RjS09ndGRlMlZjSlFyR00xR2lpblY1QUhRZ25yZXdXUVZSRUJEajJSM05mb0t4MjVfV1V2RnRBVEtKV1d0OEVFY2dzMGtTR211MC1QTmpZYjhPWGdLVHowUGdpcG1LVmZiem5zam5ib05BRUtUdkVYekVNdnNn?oc=5
2026-09-13,半導体,未特定,未特定,テーマ関連ニュース,⚪ 監視,0,企業未特定。ニュースの材料を監視,企業特定後に要再評価,未取得,未取得,未取得,未取得,未取得,未取得,未取得,未取得,未取得,未判定,未判定,未判定,未判定,未取得,未判定,An elegant solution for SiC - Compound Semiconductor,An elegant solution for SiC - Compound Semiconductor,"Fri, 26 Jun 2026 07:00:00 GMT",https://news.google.com/rss/articles/CBMiggFBVV95cUxPZ0Vob3lrZm41SnpJM1VYTUMzU0o5ZUFXVUJwTXllVXBGU2VKX0xuOXFSWWJOT2kzc2pydEd2UDBhTnUybHNBcmdlaTgzV1NwbkVhYlRjNEcyaVhMR2VncFF1MUpxM1JJdVlDTDEyQmJRU0ZXenFRS3JkV0czSlJwVk5B?oc=5
2026-09-13,半導体,未特定,未特定,テーマ関連ニュース,⚪ 監視,0,企業未特定。ニュースの材料を監視,企業特定後に要再評価,未取得,未取得,未取得,未取得,未取得,未取得,未取得,未取得,未取得,未判定,未判定,未判定,未判定,未取得,未判定,"Power SiC enters the AI age, says Yole - Compound Semiconductor","Power SiC enters the AI age, says Yole - Compound Semiconductor","Tue, 16 Jun 2026 07:00:00 GMT",https://news.google.com/rss/articles/CBMijwFBVV95cUxOcHJnRVFVZUprWjctNG5DWHQ3TlVIclFCUHFFWG9WU3JOMmpkcXFLZlNMVmVkZkE5NklyS1I1MHp0bUxaLWFtZW14ZnRjaDcwbTVHaF9EZ0xpcDJaTk9FWEZHM3lhUGUzSUFkQVpNNWdpcEozOVI4bDVkbGw4U21vUTZhZzNOcm9adjdkVWJDUQ?oc=5
2026-09-13,半導体,enCore Energy Corp.,EU,テーマ関連ニュース,⚪ 監視,0,成長テーマとの関連 / 企業を特定,売上成長悪化 / 営業利益成長悪化 / EPS成長悪化 / ROE悪化 / 営業CFマイナス / バリュートラップ警戒 / 上値しこり,未取得,0.96322244,-7.388584831899925,-26.0208454760517,-8.889904825235861,-2499.2万,-26.256,未取得,2.1億,要確認,警戒,中,要IR確認,1～1円 / 2～2円 / 2～2円,上値しこり警戒,EU approves €353m for Element 3-5 SiC facility - Compound Semiconductor,EU approves €353m for Element 3-5 SiC facility - Compound Semiconductor,"Wed, 15 Jul 2026 07:00:00 GMT",https://news.google.com/rss/articles/CBMipgFBVV95cUxPbUtHOF91dDN2RjJaSS1PeGxLSEZhdkUybDVreTUzSVlCUUtRUGg3RE9iTnJRVWNTVGhYMVY4MzMxeUd0VjcxY0s1N2xBMjlFdllSMjNhZ3pUNWV0Snc3R3YxblZSOFFMYld0MmxaM1lIWENNZjMzVWdRN0tDVzd1aXpWZTV5RTFFRlhxMGI4ZHIyM3I2SXpocHdrQmFkN3pnN2N6bmln?oc=5
2026-09-13,半導体,未特定,未特定,テーマ関連ニュース,⚪ 監視,0,企業未特定。ニュースの材料を監視,企業特定後に要再評価,未取得,未取得,未取得,未取得,未取得,未取得,未取得,未取得,未取得,未判定,未判定,未判定,未判定,未取得,未判定,GaN HEMTs enter SiC territory - Compound Semiconductor,GaN HEMTs enter SiC territory - Compound Semiconductor,"Mon, 08 Dec 2025 08:00:00 GMT",https://news.google.com/rss/articles/CBMihAFBVV95cUxQZURTVUs2TGR4ekhlMkNTMm9ob1gtMi1GN0hobFBYeUdLd2JsM1JWRGZJVGRQTzJjTWhxN3RIbmtZWWRFbF9OQ0d1ejVXWHVLWmUtVkZFUmpmeGhONzdlUVEyREcxTWR0ekVST3BFaXVYZ0xmcjMxRGtYWXR0bXl0MDJqNnQ?oc=5
2026-09-13,半導体,未特定,未特定,テーマ関連ニュース,⚪ 監視,0,企業未特定。ニュースの材料を監視,企業特定後に要再評価,未取得,未取得,未取得,未取得,未取得,未取得,未取得,未取得,未取得,未判定,未判定,未判定,未判定,未取得,未判定,Engineered substrates enhance high-voltage GaN power electronics - Compound Semiconductor,Engineered substrates enhance high-voltage GaN power electronics - Compound Semiconductor,"Tue, 03 Feb 2026 08:00:00 GMT",https://news.google.com/rss/articles/CBMiswFBVV95cUxOQ0lGcXJ6a2tnYjNLenQ1VHlSUEZiRmJ5Y3RtNjNmc3ZickllZXc1VXgtTWY5dU90X21xTGhBeDVHd0p4OXdpX2EzRmpPbmIwekNfemJ2QVoxRENOZFRCUDZUdnVxUFFlQm1XSmlBeHREcDFtVWdrcExYME14V1hUUVkzOUNaOWhBMV9kSzhHRndoaHJCNmgyS2VqVmNwOWlCZWpBSlNibnY2RmpNUUd1VW5XUQ?oc=5
2026-09-13,半導体,"Kyokuto Co., Ltd.",2300.T,テーマ関連ニュース,⚪ 監視,0,成長テーマとの関連 / 企業を特定 / 営業CFプラス / 利益の質が良好,営業利益成長悪化 / EPS成長悪化 / バリュートラップ警戒,48.53801,0.81145686,-35.12341962673089,-2.5357281980677326,-95.32123531346228,1.2億,7.152,未取得,26.2億,良好,警戒,低,還元水準は比較的高い,480～482円 / 499～501円 / 453～455円,主要価格帯付近,WeEn announces 1200-2300V SiC modules - Compound Semiconductor,WeEn announces 1200-2300V SiC modules - Compound Semiconductor,"Wed, 15 Jul 2026 07:00:00 GMT",https://news.google.com/rss/articles/CBMijwFBVV95cUxQTlBpaUJaLWptVlpCekM0UzU1cDBWbmdtcGI1ODlfVzdBejRQRHBfcE5QX0FONnRBOWlwYllCVl95c1Z1XzUwbTY5WE5iMmpvOHNWbHRhbDZkeDZ4Yk90ZjV2dFBpdUNrVHNUM0xJWEs5US1UTEdMSExiRmZ6R0dHRjdldWZGOVhvQVQ0UUtETQ?oc=5
2026-09-13,半導体,未特定,未特定,テーマ関連ニュース,⚪ 監視,0,企業未特定。ニュースの材料を監視,企業特定後に要再評価,未取得,未取得,未取得,未取得,未取得,未取得,未取得,未取得,未取得,未判定,未判定,未判定,未判定,未取得,未判定,アプライド・マテリアルズ：AIチップからHBMまで、なぜ双方から恩恵を受けるのか？ - TradingKey,アプライド・マテリアルズ：AIチップからHBMまで、なぜ双方から恩恵を受けるのか？ - TradingKey,"Thu, 10 Sep 2026 17:34:00 GMT",https://news.google.com/rss/articles/CBMixwFBVV95cUxQaWREMnEwcUZXRVlBY2Rhc3g5UmpPMGFNQVIyMkFEbjBiSnVNRF9BeTEwbFN1ZHVPQWpuVHFyZk52TWUwcXVYbDVCNFJVS21PTUVVYVRkMlA0NjNZLW80YXZSeWh1TFA2NGtfdzBPYkhVUHFhUlM0S1JOazhmMmhDQ2g5ZjRCTVdOUVhUbXFfRFJtaTZSWml0eWQzRzMxdDliLXVwcWV4b2NGSHdyc25aWDBySkNST040cXpDTDRKN1FJN25SRjVV?oc=5
2026-09-13,その他,未特定,未特定,テーマ関連ニュース,⚪ 監視,0,企業未特定。ニュースの材料を監視,企業特定後に要再評価,未取得,未取得,未取得,未取得,未取得,未取得,未取得,未取得,未取得,未判定,未判定,未判定,未判定,未取得,未判定,Intel EMIBとTSMC CoWoS、AIチップ大型化で競争の軸は用途と設計へ - 財経新聞,Intel EMIBとTSMC CoWoS、AIチップ大型化で競争の軸は用途と設計へ - 財経新聞,"Sat, 12 Sep 2026 00:43:46 GMT",https://news.google.com/rss/articles/CBMiY0FVX3lxTE9ZbkFkSnNXNkl3UHFibDNOUVJpVWRuSVFvc2hwU1MtYU5ZOUhET3VReVExaXZwdEFjNG01X0gxd2d6Z1IzVlJQMFJsdnhtZkhycHFyenpSampmZ0xiOFhaUkQ0UdIBaEFVX3lxTE9lLWx1MV9jN2ZaRTJSUVczcE1EMWkyekRDMlplaFY0VUNEY3VldFBsTVRBVVNFTGQxX0s0Ymk0U1JpMWt2STZxRWdoOXhuQ3JtYkRubUZsRTFYLWNtNnVxOWtkd0o3WC1p?oc=5
2026-09-13,半導体,"California Grapes International, Inc.",CAGR,テーマ関連ニュース,⚪ 監視,0,成長テーマとの関連 / 企業を特定,ROE悪化 / バリュートラップ警戒,未取得,-0.0033333332,未取得,未取得,未取得,未取得,-67.985,未取得,未取得,未判定,警戒,未判定,要IR確認,未取得,未判定,ガラスコア基板市場、2035年138億米ドル・CAGR 28.5％へ｜AI半導体を支える2.5D/3D・HBM向け先端実装が成長を加速 - Excite エキサイト,ガラスコア基板市場、2035年138億米ドル・CAGR 28.5％へ｜AI半導体を支える2.5D/3D・HBM向け先端実装が成長を加速 - Excite エキサイト,"Fri, 11 Sep 2026 01:00:00 GMT",https://news.google.com/rss/articles/CBMiakFVX3lxTE1yY3JfM3ZwZGtBTUFza3JTdG1abEZkWkZKSUtHc0RJNzByTnpmR1Rka2ZCM3NYcG9fdjF3UEowaUZwd0NMS1JMYmJ1ZGMtMlZaT3UwdTBtcTJmRkluUVBhTjlQVVZoTVdfRGc?oc=5
2026-09-13,半導体,未特定,未特定,テーマ関連ニュース,⚪ 監視,0,企業未特定。ニュースの材料を監視,企業特定後に要再評価,未取得,未取得,未取得,未取得,未取得,未取得,未取得,未取得,未取得,未判定,未判定,未判定,未判定,未取得,未判定,世界の半導体工場、活発な投資へと動く | サイエンス リポート | TELESCOPE magazine - tel.co.jp,世界の半導体工場、活発な投資へと動く | サイエンス リポート | TELESCOPE magazine - tel.co.jp,"Sat, 09 May 2026 21:35:16 GMT",https://news.google.com/rss/articles/CBMiZkFVX3lxTE01TGNQX2xPeTZwU3AwcWRzNmJQelhUbVJBNWJ5aHJDWTByLWxaOW1hbTAtdU4wem13aF9saXhlcGtOajBDQmFWelc1am9DVS1zcUdPUWFuNUJUT0hGQzRBdzZWeXB6Zw?oc=5
2026-09-13,半導体,未特定,未特定,テーマ関連ニュース,⚪ 監視,0,企業未特定。ニュースの材料を監視,企業特定後に要再評価,未取得,未取得,未取得,未取得,未取得,未取得,未取得,未取得,未取得,未判定,未判定,未判定,未判定,未取得,未判定,HBM次のステップは「接続」…アプライドが指摘した韓国半導体の勝負所 - jp.ajunews.com,HBM次のステップは「接続」…アプライドが指摘した韓国半導体の勝負所 - jp.ajunews.com,"Mon, 31 Aug 2026 07:00:00 GMT",https://news.google.com/rss/articles/CBMiW0FVX3lxTE1DZkZOS19iWnVFeHBiYlZ6X1VTZkI4YlRISmFuWE1MWjBtWDVPUlJEbllrQ0lHNk5WVkZieUhuclhEaUV0RkxRVF8yZ3Y2MHF4dkFTNEltcUdZX00?oc=5
2026-09-13,半導体,未特定,未特定,テーマ関連ニュース,⚪ 監視,0,企業未特定。ニュースの材料を監視,企業特定後に要再評価,未取得,未取得,未取得,未取得,未取得,未取得,未取得,未取得,未取得,未判定,未判定,未判定,未判定,未取得,未判定,AIインフラが先端メモリ投資を促進する中、日本の高帯域幅メモリ（HBM）市場が加速 - ドリームニュース,AIインフラが先端メモリ投資を促進する中、日本の高帯域幅メモリ（HBM）市場が加速 - ドリームニュース,"Wed, 09 Sep 2026 00:00:00 GMT",https://news.google.com/rss/articles/CBMiU0FVX3lxTE50ZUFMck41QVFYN0NjampvYWZJSGg1TDd5cWMtSTFraXNkMExTWHctVXFkNUpuaDlQMXFlUlh4bVFWSE9NWHJqY0FhN2RQU29aYTBr?oc=5
2026-09-13,半導体,未特定,未特定,テーマ関連ニュース,⚪ 監視,0,企業未特定。ニュースの材料を監視,企業特定後に要再評価,未取得,未取得,未取得,未取得,未取得,未取得,未取得,未取得,未取得,未判定,未判定,未判定,未判定,未取得,未判定,日本の半導体パッケージング市場規模、シェア、成長、動向・予測：先端パッケージング、チップレット、2.5D/3D統合、HBM、日本の次世代半導体エコシステム - ドリームニュース,日本の半導体パッケージング市場規模、シェア、成長、動向・予測：先端パッケージング、チップレット、2.5D/3D統合、HBM、日本の次世代半導体エコシステム - ドリームニュース,"Wed, 26 Aug 2026 07:00:00 GMT",https://news.google.com/rss/articles/CBMiU0FVX3lxTE1tSVJEVHZvYTVSU2pHdXF6T2p6cldxOGNwSXpYZ0tLeDlNcXRnemU3RE1VbHdNQWo5NnNZZHpFXzBYcXp5MW5sbDR0MmZrWjd5SUJB?oc=5
2026-09-13,半導体,未特定,未特定,テーマ関連ニュース,⚪ 監視,0,企業未特定。ニュースの材料を監視,企業特定後に要再評価,未取得,未取得,未取得,未取得,未取得,未取得,未取得,未取得,未取得,未判定,未判定,未判定,未判定,未取得,未判定,半導体装置の供給不足は3～5年続く見通し…Applied Materials「増設要請が継続」 - BigGo ファイナンス,半導体装置の供給不足は3～5年続く見通し…Applied Materials「増設要請が継続」 - BigGo ファイナンス,"Sun, 30 Aug 2026 07:00:00 GMT",https://news.google.com/rss/articles/CBMidEFVX3lxTFA2TFp4dlI4djhTZUZRdWQzaWhTa19EZnU5Tk1yNmd2V1hGQXFsNHNNRFhHbnUzM01WMXBxZ1ZsNExmQ3pEcS1ySVRfcDVtNVJtcTd6R2F1X0hiZndTc0JSdV9MZHplaVJDd2c0SzlpcUIwM3Vl?oc=5
2026-09-13,半導体,未特定,未特定,テーマ関連ニュース,⚪ 監視,0,企業未特定。ニュースの材料を監視,企業特定後に要再評価,未取得,未取得,未取得,未取得,未取得,未取得,未取得,未取得,未取得,未判定,未判定,未判定,未判定,未取得,未判定,AI向け半導体の「主役」に迫る（世界） AI時代の半導体産業（1） - jetro.go.jp,AI向け半導体の「主役」に迫る（世界） AI時代の半導体産業（1） - jetro.go.jp,"Thu, 06 Aug 2026 07:00:00 GMT",https://news.google.com/rss/articles/CBMihgFBVV95cUxQQzRDMnUxNXFLLVlFcnRkNTdPZDY4V0R1UnV6a2dxem5heEpldm00TVJoMmdMUUx3U1Y4anpBUmNsVGJ0cjd6MW1ZbDFmUjEwekgwN1V4aFlrSVpwUzlleFdScnREN2RMVFAtWlFZcloyay1QNE1zR3F6R0VLWW9paTczOXl4dw?oc=5
2026-09-13,半導体,未特定,未特定,テーマ関連ニュース,⚪ 監視,0,企業未特定。ニュースの材料を監視,企業特定後に要再評価,未取得,未取得,未取得,未取得,未取得,未取得,未取得,未取得,未取得,未判定,未判定,未判定,未判定,未取得,未判定,"AI半導体は2nm, 3nmの微細化競争から「パッケージング」へ - iotnews.jp","AI半導体は2nm, 3nmの微細化競争から「パッケージング」へ - iotnews.jp","Tue, 18 Aug 2026 07:00:00 GMT",https://news.google.com/rss/articles/CBMiQ0FVX3lxTE1SZVpNZ3pOSlJOTk11LU1uNjkxWVZRaVh2QXhBMWN4bUJ3Sm9mSmZxb2FsLVRZYTJNQlhCTU9ERk1hMjjSAUhBVV95cUxQaGJ2bko5bDc1TFFnWkd4ald0TE5saXpIcXNid0luS0VFRVZ0cjhfSUlVMC1lVlp1U2tJcDVuTDRGTkhZQ1Z1YkQ?oc=5
2026-09-13,半導体,未特定,未特定,テーマ関連ニュース,⚪ 監視,0,企業未特定。ニュースの材料を監視,企業特定後に要再評価,未取得,未取得,未取得,未取得,未取得,未取得,未取得,未取得,未取得,未判定,未判定,未判定,未判定,未取得,未判定,韓国のSKハイニックス、インディアナ州に40億ドル規模のAIメモリー先端パッケージング拠点を着工 - BigGo ファイナンス,韓国のSKハイニックス、インディアナ州に40億ドル規模のAIメモリー先端パッケージング拠点を着工 - BigGo ファイナンス,"Thu, 27 Aug 2026 07:00:00 GMT",https://news.google.com/rss/articles/CBMidEFVX3lxTE90eGNpdmxhdTYtTkgyeVBjblFmdFhZSG9qbWNBOXFZOW15eWNKRjVMZ3B4VlI2S0h1U3NBbFV2TkRzQ0FOejVjZ0NxTHEzZjA5b0NRREhhamoyRmR0OXo3VkQ4ZVd2NXFJUUZSZGVSRDhWcXBf?oc=5
2026-09-13,半導体,未特定,未特定,テーマ関連ニュース,⚪ 監視,0,企業未特定。ニュースの材料を監視,企業特定後に要再評価,未取得,未取得,未取得,未取得,未取得,未取得,未取得,未取得,未取得,未判定,未判定,未判定,未判定,未取得,未判定,【分析】AI投資の恩恵は半導体メーカーへ、NVIDIA最高決算とHBM不足が映す市場構造 - 財経新聞,【分析】AI投資の恩恵は半導体メーカーへ、NVIDIA最高決算とHBM不足が映す市場構造 - 財経新聞,"Mon, 31 Aug 2026 07:00:00 GMT",https://news.google.com/rss/articles/CBMiY0FVX3lxTE5BcVhLMl9MVXdqUDdIdXpURGtDRUVlVFVDNkZvT3FVc3Fic0piVkoxdU1BX3FLWUxZWE1sUXFKblNPUFZTN2NMUWV2V1RVVDQxVUhlRjdzdXJIdUhaSzd6MzlVa9IBaEFVX3lxTE9mWnQwOVZBUXV5T0VQUVNOc1NsTHRPSnlsSjVkWnk4cDlVNjhCblFBTnFFaUd2N2tlNTFJRW95RzNSSkVWc3BiclRwLUt2TVNPb3UwXzh6UHRCZS1QeDdjVTNPRUZRVjhu?oc=5
2026-09-13,半導体,未特定,未特定,テーマ関連ニュース,⚪ 監視,0,企業未特定。ニュースの材料を監視,企業特定後に要再評価,未取得,未取得,未取得,未取得,未取得,未取得,未取得,未取得,未取得,未判定,未判定,未判定,未判定,未取得,未判定,ハンミ半導体、HBMを超えてAIシステム半導体へ...2.5Dパッケージング装置5種を台湾に投入 - 매일경제,ハンミ半導体、HBMを超えてAIシステム半導体へ...2.5Dパッケージング装置5種を台湾に投入 - 매일경제,"Wed, 02 Sep 2026 07:00:00 GMT",https://news.google.com/rss/articles/CBMiU0FVX3lxTE5JckRzYmRDaHZKT2hkbzA1UlJzV3RCX1VuOWtKR3RNQnZnR0xFMmtuQi1aV2E5QWJvSVNueW4weFdCdzRvYk5teDFYbTVJa1ZGbTJV?oc=5
2026-09-13,AIデータセンター,未特定,未特定,テーマ関連ニュース,⚪ 監視,0,企業未特定。ニュースの材料を監視,企業特定後に要再評価,未取得,未取得,未取得,未取得,未取得,未取得,未取得,未取得,未取得,未判定,未判定,未判定,未判定,未取得,未判定,日本のSiC・GaNパワー半導体市場：EV電動化、AIデータセンター・半導体投資が新たな成長機会を創出 - ドリームニュース,日本のSiC・GaNパワー半導体市場：EV電動化、AIデータセンター・半導体投資が新たな成長機会を創出 - ドリームニュース,"Thu, 10 Sep 2026 00:00:00 GMT",https://news.google.com/rss/articles/CBMiU0FVX3lxTE9tYlJNQUxLM1RtQlo0bkJJYnhxMjJET0d6bTJCNjUxamdubGRQbmtoRVM4bndKdFdndzZydENxMTJ0M2xwSnNTX215dDRpc0VNaGh3?oc=5
2026-09-13,半導体,未特定,未特定,テーマ関連ニュース,⚪ 監視,0,企業未特定。ニュースの材料を監視,企業特定後に要再評価,未取得,未取得,未取得,未取得,未取得,未取得,未取得,未取得,未取得,未判定,未判定,未判定,未判定,未取得,未判定,ボッシュ、31年に新構造のSiCパワー半導体 縦型GaNも視野 - 日経クロステック,ボッシュ、31年に新構造のSiCパワー半導体 縦型GaNも視野 - 日経クロステック,"Wed, 25 Feb 2026 08:00:00 GMT",https://news.google.com/rss/articles/CBMiZ0FVX3lxTFBFb2xOQ3FlX2xzSGxORy0wWXBCcnB5dDZacFpqeDc5Z0xoNVdCNXVFX2lBc1N2bHNKbjhvMmtqcFBfd3FkS2ZfbFlyM1JkOUpWemlwNzNkdW9vWS1NSzBIcVhDVjc3cGM?oc=5
2026-09-13,半導体,未特定,未特定,テーマ関連ニュース,⚪ 監視,0,企業未特定。ニュースの材料を監視,企業特定後に要再評価,未取得,未取得,未取得,未取得,未取得,未取得,未取得,未取得,未取得,未判定,未判定,未判定,未判定,未取得,未判定,ボッシュ、31年に新構造SiCパワー半導体 縦型GaNも狙う - 日本経済新聞,ボッシュ、31年に新構造SiCパワー半導体 縦型GaNも狙う - 日本経済新聞,"Fri, 20 Feb 2026 08:00:00 GMT",https://news.google.com/rss/articles/CBMihwFBVV95cUxQX0F1eGc5SXRXTUFhRXZLMFFtV2FCZ3oyb2dtMWtqMGhxY2hNRFdFcEx0RXZRZFNzTG81cVNqcUpGS1pMbi00Z3BFSk1fSXJqZXEyM3pFb2d1Nkw5WGc3RmxiWlVTTkI2RkhmYjVBUmotR25XS2M2R0h1RU9RT0RYSVl3dkczcVE?oc=5
2026-09-13,半導体,未特定,未特定,テーマ関連ニュース,⚪ 監視,0,企業未特定。ニュースの材料を監視,企業特定後に要再評価,未取得,未取得,未取得,未取得,未取得,未取得,未取得,未取得,未取得,未判定,未判定,未判定,未判定,未取得,未判定,パワー半導体最前線㊦ SiCの先で覇権争い、日本に勝算は - 日本経済新聞,パワー半導体最前線㊦ SiCの先で覇権争い、日本に勝算は - 日本経済新聞,"Mon, 16 Feb 2026 08:00:00 GMT",https://news.google.com/rss/articles/CBMihwFBVV95cUxOdHd1dGw2ak5oQVJKY1R0XzNRM0VQQXhlQmZYUDlQanBHSE5tQWNhazMtWS1pYlBfRjRpakhXdUkwWGFwMExTWHdtb0xlZjJ5b2MzVWJwU2Vwd0lOYVI5TUtGTVg3SVZNN3FaY1JRWV9kYkpvMTJxajl5YXd5Z25odDJyR3Q5QWs?oc=5
2026-09-13,半導体,未特定,未特定,テーマ関連ニュース,⚪ 監視,0,企業未特定。ニュースの材料を監視,企業特定後に要再評価,未取得,未取得,未取得,未取得,未取得,未取得,未取得,未取得,未取得,未判定,未判定,未判定,未判定,未取得,未判定,韓国のDB HiTek、インド半導体展示会に初出展…SiC・GaNプロセスで現地ファブレス開拓 - BigGo ファイナンス,韓国のDB HiTek、インド半導体展示会に初出展…SiC・GaNプロセスで現地ファブレス開拓 - BigGo ファイナンス,"Wed, 19 Aug 2026 07:00:00 GMT",https://news.google.com/rss/articles/CBMidEFVX3lxTE5zT19SZXd4aEF1c0VlZFowR08tODRLUkZZMDk0eGhKa3R0eUs2Q1pXcnpXcTcxX3FNT1dxSjU2Q1FZekprRURJY1l2R1Y4NEt4ME1ac1huQ25rb2RZVXp1dURHV2lIMDNiMVdlQUlWLWpWVl9i?oc=5
2026-09-13,半導体,未特定,未特定,テーマ関連ニュース,⚪ 監視,0,企業未特定。ニュースの材料を監視,企業特定後に要再評価,未取得,未取得,未取得,未取得,未取得,未取得,未取得,未取得,未取得,未判定,未判定,未判定,未判定,未取得,未判定,ワイドバンドギャップ半導体とは？Si・SiC・GaNの基礎まとめ - macnica.co.jp,ワイドバンドギャップ半導体とは？Si・SiC・GaNの基礎まとめ - macnica.co.jp,"Fri, 03 Oct 2025 07:00:00 GMT",https://news.google.com/rss/articles/CBMif0FVX3lxTE54RGl4VDVSOXZkYm9ER0YyOE9NQ3F4TzF4QzNhYURxV01NVVFNTFByalltUkZ4eUx5aWlJNlFUUlBIUzF3cDB5QjJlUkxnc1VsZmhTV2R5dUgxUlBITU1aeTJnTGxpOWp3S3VhVExtamVlbHZsZ0hLVVBwSThWeXc?oc=5
2026-09-13,半導体,未特定,未特定,テーマ関連ニュース,⚪ 監視,0,企業未特定。ニュースの材料を監視,企業特定後に要再評価,未取得,未取得,未取得,未取得,未取得,未取得,未取得,未取得,未取得,未判定,未判定,未判定,未判定,未取得,未判定,GaNパワー半導体は、“理想的なパワーデバイス” です。インフィニオンテクノロジーズがクラスDオーディオアンプを大きく進化させる - Stereo Sound,GaNパワー半導体は、“理想的なパワーデバイス” です。インフィニオンテクノロジーズがクラスDオーディオアンプを大きく進化させる - Stereo Sound,"Thu, 18 Jun 2026 07:00:00 GMT",https://news.google.com/rss/articles/CBMiWEFVX3lxTFAwNHlGaVFfSUw3Vlk1Vy1MNU1ORmJmNkRTMXV5Sm0zRVp3RDY2d01jelJBUEtGb0VEZjlKZkRLTlE3aHFkMHh3RmVJWFlnTTMtdnk4c2Zxbzk?oc=5
2026-09-13,半導体,未特定,未特定,テーマ関連ニュース,⚪ 監視,0,企業未特定。ニュースの材料を監視,企業特定後に要再評価,未取得,未取得,未取得,未取得,未取得,未取得,未取得,未取得,未取得,未判定,未判定,未判定,未判定,未取得,未判定,パワー半導体まとめ読み 国内再編、中国・インドの熱気 - 日本経済新聞,パワー半導体まとめ読み 国内再編、中国・インドの熱気 - 日本経済新聞,"Thu, 30 Apr 2026 07:00:00 GMT",https://news.google.com/rss/articles/CBMihwFBVV95cUxQT1hHckdhV0x4UlpCT3pKMVlLcG1OajB4dHdqV2NUdjdlTnV5SHBjV3ZEdDYtSFlOd3pHdzZ6eTU5bnV1QmlGTms4QXBYXzBab3RpczNoYkZhc3dxQWFzczU5RFpMUXU3bV8xVC1XVGtUNkc1SEFWTFFPX2QzV0hCU2d3dV9Fdm8?oc=5
2026-09-13,AIデータセンター,未特定,未特定,テーマ関連ニュース,⚪ 監視,0,企業未特定。ニュースの材料を監視,企業特定後に要再評価,未取得,未取得,未取得,未取得,未取得,未取得,未取得,未取得,未取得,未判定,未判定,未判定,未判定,未取得,未判定,SpaceX just revealed an important timeline for launching data centers in space - Yahoo Finance,SpaceX just revealed an important timeline for launching data centers in space - Yahoo Finance,"Fri, 11 Sep 2026 17:03:46 GMT",https://news.google.com/rss/articles/CBMi2gFBVV95cUxOV1M4YzBGZ0hjdHNZLUwxNUE2cmZkQkpkVV90U2VEZUtYYlhRU0NhZ2xTN2RmN2puWldfSTZKS2FaN2xkbXNhbHBKckoxbjZaMGpuZHF1YTFMRkJsZHVSZ3hVeWVYOHhFSUVySmFPUktTZHVaUVhWN3dhd2ZETDczeWdLTHJoVGVTMnhGUXYzZ19TYnBIT1Z2WUZHX0xHQmRfTzkzYk5mMEVXbG5GOHpXMndOd25MQ3pBVUl4SWhsS3lxdXZuTGxKVGUza2w2cXZFT2ZNM3gxeEhoQQ?oc=5
2026-09-13,AIデータセンター,未特定,未特定,テーマ関連ニュース,⚪ 監視,0,企業未特定。ニュースの材料を監視,企業特定後に要再評価,未取得,未取得,未取得,未取得,未取得,未取得,未取得,未取得,未取得,未判定,未判定,未判定,未判定,未取得,未判定,Altman-Musk Feud Escalates Over SpaceX's Space-Data Center Claims - Stocktwits,Altman-Musk Feud Escalates Over SpaceX's Space-Data Center Claims - Stocktwits,"Sat, 12 Sep 2026 03:09:11 GMT",https://news.google.com/rss/articles/CBMirAFBVV95cUxQSkMwRmtqQTJnZlZyRzlSRGNQNFAyWlFGWUVKczB2VFEwa1VSaURrekwxaHJJVW5QclQ0c2FtX0RFcXpqY20tNllyN1RDdXE2WVhpcFNTMzltVlZVeGNvZUNONzlQMWNWU1Y0Rk9RRF8yYmxtT2NIdTJod1RIUi12ZnIzNUpRYy15ODNWbDhVRUV4bGhsMmd5SlNCWUFkT0hqbTZoZWJfNDZnb1Fl?oc=5
2026-09-13,AIデータセンター,未特定,未特定,テーマ関連ニュース,⚪ 監視,0,企業未特定。ニュースの材料を監視,企業特定後に要再評価,未取得,未取得,未取得,未取得,未取得,未取得,未取得,未取得,未取得,未判定,未判定,未判定,未判定,未取得,未判定,Data centers in space: Four big obstacles and Elon Musk's ambitious timeline - cnbc.com,Data centers in space: Four big obstacles and Elon Musk's ambitious timeline - cnbc.com,"Sun, 06 Sep 2026 23:55:41 GMT",https://news.google.com/rss/articles/CBMigAFBVV95cUxNaFhwWV9xV2lpYnZiUjhLQzVEZnJDLVlxZnVNYllzLThmbVRzVFBSVjFtU0NZQ04yelJmTXpzTllXajZrVHpfS0dkOHRyWTZkeUM4ZzJOdU8yanVZRzQySmxZd2R4ZkRsMnpXTkdmbjdKR1BGWUlGb05FMWp0NVNsbdIBhgFBVV95cUxNaWx0SVdkeTFxanhBOXpXeGsxQjNPdi03Z0ZvT0JweHpUVFpmQW5vVWtPQWtDM25fSW5fSkJvY3M2VUlDLXFvLVhFbUt6T3B6LUF4TDV0cUFQdzhiYmt5WmxEQk1XZVQ1Y1ZGZWtlM1FJUHhTcE4xbDl2MkFhV1EzaF9KNTFWQQ?oc=5
2026-09-13,AIデータセンター,未特定,未特定,テーマ関連ニュース,⚪ 監視,0,企業未特定。ニュースの材料を監視,企業特定後に要再評価,未取得,未取得,未取得,未取得,未取得,未取得,未取得,未取得,未取得,未判定,未判定,未判定,未判定,未取得,未判定,Elon Musk wants to put data centers in space. Should we let him? - vox.com,Elon Musk wants to put data centers in space. Should we let him? - vox.com,"Thu, 03 Sep 2026 07:00:00 GMT",https://news.google.com/rss/articles/CBMid0FVX3lxTE55U1ozMnhrMWhiX09IR1FSaDNzb0hQVGxMMW0yaExUQ1JObDJRbTVRQ2RCMnl3d0EyQTVkYmxMQlcyNE9sX2oybXFtSXFDMEVESjRieHEzNHhTVXJzaE9kUnNuZG0zRHUtY2I5OFItMno4TkVaRzMw?oc=5
2026-09-13,AIデータセンター,未特定,未特定,テーマ関連ニュース,⚪ 監視,0,企業未特定。ニュースの材料を監視,企業特定後に要再評価,未取得,未取得,未取得,未取得,未取得,未取得,未取得,未取得,未取得,未判定,未判定,未判定,未判定,未取得,未判定,Cowboy Space leases a huge facility in the Seattle area to produce hardware for orbital data centers - geekwire.com,Cowboy Space leases a huge facility in the Seattle area to produce hardware for orbital data centers - geekwire.com,"Sat, 05 Sep 2026 20:37:19 GMT",https://news.google.com/rss/articles/CBMieEFVX3lxTFBxcE9wNnFZZFU4dlhYX0V0Uy0wbWZiQXpjZHBPX1pmRmdtVHpLSTF6ZFM5dzdtaXltcUxOMUF3Vld6TEZyMGtEX3hDZTBFaklaZ3lpRFNVUzhNUTF5VTBBZlYzY3UzdU1aVnlMRWtQYmw1Mm5Ua0dqcw?oc=5
2026-09-13,AIデータセンター,未特定,未特定,テーマ関連ニュース,⚪ 監視,0,企業未特定。ニュースの材料を監視,企業特定後に要再評価,未取得,未取得,未取得,未取得,未取得,未取得,未取得,未取得,未取得,未判定,未判定,未判定,未判定,未取得,未判定,Orbital partners with Reflex Aerospace for space data center constellation - Data Center Dynamics,Orbital partners with Reflex Aerospace for space data center constellation - Data Center Dynamics,"Fri, 11 Sep 2026 12:46:20 GMT",https://news.google.com/rss/articles/CBMiugFBVV95cUxNQW96azZSWE5oUV9oM1hpYkE0SG5vd3Fxcm9jYzBxdW02ZjgyZC10ZVhiUFEzUXhJTkRMM0RpZlhsbEdTTTRsbnl2ZVg4Nzhnc182N05Falpuc0t0d2pIUHdGZW9aWmxDWG5qMlFqUURQRENxb0hkR3l0N1hGOWJLcGJFUFZFbUptbW0tVHNFMmRsNXYxamZLZU9kZDJOR3hnUHQwVzFiTW1kSC1tcnR3T2ZjbGZxNmNMcHc?oc=5
2026-09-13,AIデータセンター,未特定,未特定,テーマ関連ニュース,⚪ 監視,0,企業未特定。ニュースの材料を監視,企業特定後に要再評価,未取得,未取得,未取得,未取得,未取得,未取得,未取得,未取得,未取得,未判定,未判定,未判定,未判定,未取得,未判定,Elon Musk’s Space Data Center Bet Faces a Reality Check — Experts Says It Could Be a ‘Next-Decade Event’ - Yahoo Finance,Elon Musk’s Space Data Center Bet Faces a Reality Check — Experts Says It Could Be a ‘Next-Decade Event’ - Yahoo Finance,"Tue, 08 Sep 2026 23:30:23 GMT",https://news.google.com/rss/articles/CBMilgFBVV95cUxNUV9nRDAyX1ppdkZfVW9hX2ZaVkNCN1dtZmpDUjNvMDJ4d2FOaDJ6MFVSV3FxWUk4OW9pVkplM09pclRnOG1nTlU5MXVhdktDeGsxaFpLdXdObGstVnVDbmlwQzBSYk9sdWpId1VHNDBianIwREdPcXBISjhFTVRScFZSVDhiTjd2WTJuMFZSWjFMR2E2Z3c?oc=5
2026-09-13,AIデータセンター,未特定,未特定,テーマ関連ニュース,⚪ 監視,0,企業未特定。ニュースの材料を監視,企業特定後に要再評価,未取得,未取得,未取得,未取得,未取得,未取得,未取得,未取得,未取得,未判定,未判定,未判定,未判定,未取得,未判定,NASA administrator suggests putting data centers in space - The Hill,NASA administrator suggests putting data centers in space - The Hill,"Wed, 26 Aug 2026 07:00:00 GMT",https://news.google.com/rss/articles/CBMikAFBVV95cUxPbHZ3azJ1dDkxYkhqZndPeUZJYVZYTFRaMXBwVGg5a1YtZU1WaEJiSE9LMnN2cUE1VjNTcWtDdmFQbnJlbW14VkNoQ1hnTVBrTG5rNzgtLV9wSHUxNFhYN0RzRmo0cFlXemxuM2c3Vkl1cjRBdi1nNHVrQjJJYTRxTDBlV2pQdzJYSFBvU1dVckXSAZYBQVVfeXFMTWR5NTR1N0JJYjFsb25qVGZmOWxydDRlMVhqOGJQWUM2NHJIUXNSb3ZnNy1mTl9YOVRoMlBsS0tzQ0dtWTgxVHFFREVFZnhIcFlhcDNPUmI4TmdRTlJ2Z3BYcVBUUmtraDJrNkNucEEyb2hFaENPQVdBN2hQSW9Vak1XenFnUU1KQS1GS21taElDOVhjTFpn?oc=5
2026-09-13,AIデータセンター,未特定,未特定,テーマ関連ニュース,⚪ 監視,0,企業未特定。ニュースの材料を監視,企業特定後に要再評価,未取得,未取得,未取得,未取得,未取得,未取得,未取得,未取得,未取得,未判定,未判定,未判定,未判定,未取得,未判定,"Portland data center planned inside five stories of high-rise, records show - OregonLive.com","Portland data center planned inside five stories of high-rise, records show - OregonLive.com","Fri, 11 Sep 2026 00:19:00 GMT",https://news.google.com/rss/articles/CBMiyAFBVV95cUxPb0s4NmQ5WDJUZDhWNmdpU2lYUVNKYjdfQ0xyaW1Ka3pFZVlDVFdTSHFiNmFzTzdGNnhaQ1BNeXFtTnloOWQxUk9KdmdENzFEU3NXNUxobU9iaVJYNG45WTlTOWhDRk5qX1F1dy1CblkyR1BveXhRdU5pNUxodGwtRDNHeU1oUUs4VnJGdDJnVTBuM3dBYXNqZXgxVjQ4R3licXVuLVZZenJXaWYtSk9NVE5QdjFZSFl5aW5ncTFsaTk2ZXFpQlh5NA?oc=5
2026-09-13,その他,未特定,未特定,テーマ関連ニュース,⚪ 監視,0,企業未特定。ニュースの材料を監視,企業特定後に要再評価,未取得,未取得,未取得,未取得,未取得,未取得,未取得,未取得,未取得,未判定,未判定,未判定,未判定,未取得,未判定,Why cooling is the real obstacle to space-based data centres - The World Economic Forum,Why cooling is the real obstacle to space-based data centres - The World Economic Forum,"Tue, 02 Jun 2026 07:00:00 GMT",https://news.google.com/rss/articles/CBMiiwFBVV95cUxOc3dOS25iSFRFdUFDbHVYZDFUZHFFMzZwV0lPeFBqYXZ1a3RveTFRejJJT0FOcl81ZkFXVEJUclRVcnBWWkMza19XMTBmVDBtNlhxX0VsS2RwYUptMnhpUnZPMkhiUGl5T2lYbUhZSE5UODM0T0VUSHhNd2JSV2NxVnB4ZHVEVWxjMm1B?oc=5
2026-09-13,AIデータセンター,未特定,未特定,テーマ関連ニュース,⚪ 監視,0,企業未特定。ニュースの材料を監視,企業特定後に要再評価,未取得,未取得,未取得,未取得,未取得,未取得,未取得,未取得,未取得,未判定,未判定,未判定,未判定,未取得,未判定,Space data centers: a realistic revolution or narrative premium? - marketscreener.com,Space data centers: a realistic revolution or narrative premium? - marketscreener.com,"Fri, 11 Sep 2026 12:33:49 GMT",https://news.google.com/rss/articles/CBMitgFBVV95cUxNbTBCbU96YVJFWWdyYTlXRUV4MjZYSUxqQ2g4QlBULXRESnJkeDhybm1ydVM0VHdkTTd2ZnNKWFdEakJYdW1KbVFHSnozS2NoX2l3eWR1dl9GaUFTUUx6d1M3amU2dTV4Qi0waXFETWktSDFMZm90ck9jOGVkOEtZdkZLSUF3T2FQLTdhSzJtYXBWNmkzamwyOTlFUGZHS195SS1PbXI3NUhQeE5OZzlRZmVqYTZzZw?oc=5
2026-09-13,AIデータセンター,未特定,未特定,テーマ関連ニュース,⚪ 監視,0,企業未特定。ニュースの材料を監視,企業特定後に要再評価,未取得,未取得,未取得,未取得,未取得,未取得,未取得,未取得,未取得,未判定,未判定,未判定,未判定,未取得,未判定,"Orbital files plans for 100,000 orbital data centers - SpaceNews","Orbital files plans for 100,000 orbital data centers - SpaceNews","Tue, 30 Jun 2026 07:00:00 GMT",https://news.google.com/rss/articles/CBMif0FVX3lxTE02RHlZWUU3U0JWV3lmRVNJMURxaTFVT0p1RUhNblowZEZGVm45d3YtRG5XeG1sYU80MlgwaURpSXRIVV9TcEhTV0tUZzFFbl80MXJZanJ5RDlxd1JTUGZGajZHdFQ3bmp1Z3lnUnRNYldsa2FqbVhkNTgzWEU4LWc?oc=5
2026-09-13,AIデータセンター,未特定,未特定,テーマ関連ニュース,⚪ 監視,0,企業未特定。ニュースの材料を監視,企業特定後に要再評価,未取得,未取得,未取得,未取得,未取得,未取得,未取得,未取得,未取得,未判定,未判定,未判定,未判定,未取得,未判定,"How hard is it to build orbital data centers, actually? - Ars Technica","How hard is it to build orbital data centers, actually? - Ars Technica","Wed, 15 Jul 2026 07:00:00 GMT",https://news.google.com/rss/articles/CBMilwFBVV95cUxNazdPRFRsYkVHbnN4M2J6Z3ZTWWt6WGhacnBnOWtDWGgxck40T2dkYlBzcWE3UDBHQW1PT1p2SWtKc1c5b3otSWplSmxNbDktLW80TUh1bjVDZjhJQW9vc3NwRTFraDJUcFpDMExHNktuMXlFUm5oRnJ6MlNYdEFzT0s5LUVseHFDOU1Rai0zS3Y1OWlYOE40?oc=5
2026-09-13,AIデータセンター,未特定,未特定,テーマ関連ニュース,⚪ 監視,0,企業未特定。ニュースの材料を監視,企業特定後に要再評価,未取得,未取得,未取得,未取得,未取得,未取得,未取得,未取得,未取得,未判定,未判定,未判定,未判定,未取得,未判定,Orbital Data Centers: Beyond the Grid - Bain & Company,Orbital Data Centers: Beyond the Grid - Bain & Company,"Fri, 17 Jul 2026 07:00:00 GMT",https://news.google.com/rss/articles/CBMidkFVX3lxTE8yV2RkTEJmWjU1X01RWjdKZkFod0wxXzZ6WnFadzRiTDNIQU9SQnRYV1RlaDJBNW1ZVmw1UEFjT0RBM0hLUnAxWk1ma3pCUkVUc2E3STcyaVlMNjBobGFIbHhFc0RLSkthV3dLVmJRRmRhdi1la0E?oc=5
2026-09-13,AIデータセンター,未特定,未特定,テーマ関連ニュース,⚪ 監視,0,企業未特定。ニュースの材料を監視,企業特定後に要再評価,未取得,未取得,未取得,未取得,未取得,未取得,未取得,未取得,未取得,未判定,未判定,未判定,未判定,未取得,未判定,Data centers in space could be a new frontier for insurers — if they can price the risk - cnbc.com,Data centers in space could be a new frontier for insurers — if they can price the risk - cnbc.com,"Fri, 14 Aug 2026 07:00:00 GMT",https://news.google.com/rss/articles/CBMimwFBVV95cUxPanlzbTkxbHVrT0dsb05kNnhrZVNzOFNNc0JKTm9xZ1BUWUpWQkEyWmRUcGhLdXNFbHM1X0U1NnoxbU91UGo1Xy1DQzdCR2ZmYVd4UXpaYkwtNTMtNWJmd2FYTUtNTW5mYWZJV0VlWlQwWnE1S3VzZEdIZFBFRDlmS3JjMkdYa3ZTRUdTd0kzWWRQTkxsbWJZa04zVdIBoAFBVV95cUxOX2ViSzFsb0JfakozR1hrcUlCNGV5bHdXWlFPSmJ5NHFHQXQtQmo1T3ZmTUpCN0YzLUcxMXoyR2doTnRNczg4VkFNSnc4aTdQN0djdDRhbC1MazBJYzc2dHo5ZzBKbFR3MXYzMUNVLURsY1IwRTNOM2F3UnFYZHZLUUR2a0lyX3draEVraHFGcXQ0WDBGWU81ZGxlOUJ0djRO?oc=5
2026-09-13,AIデータセンター,未特定,未特定,テーマ関連ニュース,⚪ 監視,0,企業未特定。ニュースの材料を監視,企業特定後に要再評価,未取得,未取得,未取得,未取得,未取得,未取得,未取得,未取得,未取得,未判定,未判定,未判定,未判定,未取得,未判定,"Loft Orbital, Marlan Space, and Mistral sign $1bn deal to put compute in space - Data Center Dynamics","Loft Orbital, Marlan Space, and Mistral sign $1bn deal to put compute in space - Data Center Dynamics","Thu, 10 Sep 2026 16:59:53 GMT",https://news.google.com/rss/articles/CBMiuwFBVV95cUxOMlBOX2dWRV83Y25mWEVTU19zOUdBR2hNQ29SOVZFQXkxdWNRaFNqRTBpN2t1WE41SDh4dU1zSTJvUnVrQXhieEFFLVNtZnlRTldKeDVDbS1CalJUeEZOMEZ2MjFKUkdqYU0wZEktSzI0ZmJCd0g0LW42cnZDUWhqVnVsQ1N0ckpkTmxNSGVienVjTjJrTldWaXdHX0Z5eWpRLVd1SFpqMndtR3Y5OUtRTVg4eGJIVm9xQ0FF?oc=5
2026-09-13,AIデータセンター,未特定,未特定,テーマ関連ニュース,⚪ 監視,0,企業未特定。ニュースの材料を監視,企業特定後に要再評価,未取得,未取得,未取得,未取得,未取得,未取得,未取得,未取得,未取得,未判定,未判定,未判定,未判定,未取得,未判定,"Data Centers In Space? Coming Soon, But With Down-To-Earth Hurdles - Forbes","Data Centers In Space? Coming Soon, But With Down-To-Earth Hurdles - Forbes","Mon, 15 Jun 2026 07:00:00 GMT",https://news.google.com/rss/articles/CBMiuwFBVV95cUxNTUtNcWloNWJoaG5ldkpmRlZvOUE3dVBuYlkySjBvZVNzRkJBU3I3aUcwUnZLWm5oaF82a3pPaFFNS25IdXJ6QVJoOWptaDRYTFIxYjY0c0pxVFJ5LUxlSkZ5b0MwaTJPZ2FWTU5sc0hwSVB5V3dDQ2E1Ull6aEt1VEVlYWdhcEZBOFM3aE0teEFFYnlYdlhWVVlOc1pwRnJYWW1hMG12eGpVZnFDYUVZbm5SNUhaM1p4MVFr?oc=5
2026-09-13,AIデータセンター,未特定,未特定,テーマ関連ニュース,⚪ 監視,0,企業未特定。ニュースの材料を監視,企業特定後に要再評価,未取得,未取得,未取得,未取得,未取得,未取得,未取得,未取得,未取得,未判定,未判定,未判定,未判定,未取得,未判定,"Greetings, Earthlings: Philip Johnston of Starcloud on Data Centers in Space - Sequoia Capital","Greetings, Earthlings: Philip Johnston of Starcloud on Data Centers in Space - Sequoia Capital","Sun, 28 Jun 2026 10:25:18 GMT",https://news.google.com/rss/articles/CBMiqAFBVV95cUxOQ0ZSRTlIWF9DeFNPd0tRdGhGMUNFQmxGMmdrUzN2RV9JSGFHYmY5V3R5cnotWS01QnJ3b191SUpHMnlVMEJ6SEUyaVBJTEg4Zy1FbTlVeWFoRDYzVE5pTFk0S1kwZkpUSEQ0d1BHNno0ZWg1X1F4aGhwaDN5ZEstSmM3eTJmdWRJd1REdVF3bE1VcWI2VVItTXE4djJGWml5N2V4bTBMckw?oc=5
2026-09-13,その他,未特定,未特定,テーマ関連ニュース,⚪ 監視,0,企業未特定。ニュースの材料を監視,企業特定後に要再評価,未取得,未取得,未取得,未取得,未取得,未取得,未取得,未取得,未取得,未判定,未判定,未判定,未判定,未取得,未判定,Inside the space data race - Aerospace America,Inside the space data race - Aerospace America,"Wed, 01 Jul 2026 07:00:00 GMT",https://news.google.com/rss/articles/CBMiekFVX3lxTFBoTU1VN2h2TE9GTEFJSVFsLV8xZzJyRDB0ODA0MmVZQnhPeVg0VzdPdndlNDc2OUFrcVRuMTJyVG0tTjBKdFpseFZiVnFnU2FPWjB4aUc3SXlZRUltSnpMaFhscmNxWWc5c0pvVjZjVk4yOWNvVkdWd0hR?oc=5
2026-09-13,AIデータセンター,未特定,未特定,テーマ関連ニュース,⚪ 監視,0,企業未特定。ニュースの材料を監視,企業特定後に要再評価,未取得,未取得,未取得,未取得,未取得,未取得,未取得,未取得,未取得,未判定,未判定,未判定,未判定,未取得,未判定,Orbital Selects Reflex Aerospace as Exclusive Satellite Platform Partner for Planned Space Data Center Constellation - ASDNews,Orbital Selects Reflex Aerospace as Exclusive Satellite Platform Partner for Planned Space Data Center Constellation - ASDNews,"Thu, 10 Sep 2026 16:00:38 GMT",https://news.google.com/rss/articles/CBMi8gFBVV95cUxOdm9LZ1l4WEhXYUhqLXhsVzBEWE9raUc4aTdUanFLZDQyZzJVdjVlcVFYWFVobkhPWEZKTHNiTlllb3VKNnFHMm1yLWlJb2o4QUxsYm5GT1ZzUVhHZ3FSWnlXMTZBalhYUzdDM3d1TllPcEpvZ2tuRlFiaHBDM08wb2VIdVA1dXFVa3pWeEdqSlJIU1NhQVo5b2pCcnFvUXI1VTRnLWU4RUUyYm9hSHBQdVZfLTZVUWEtNFFremZYZjhHbnB1eUxIVFdWX216UF90eUF5LUFRQWFRR0s3ZUlYZ1QwVUNLMXk3bEtKbEMtRFdJUQ?oc=5
2026-09-13,その他,未特定,未特定,テーマ関連ニュース,⚪ 監視,0,企業未特定。ニュースの材料を監視,企業特定後に要再評価,未取得,未取得,未取得,未取得,未取得,未取得,未取得,未取得,未取得,未判定,未判定,未判定,未判定,未取得,未判定,Carbone 4 - Carbone 4,Carbone 4 - Carbone 4,"Mon, 27 Jul 2026 12:44:55 GMT",https://news.google.com/rss/articles/CBMiW0FVX3lxTE9jWGpaZDV4YmtmV0IzXzVhZUZ2WkZvbGdkNlhaaGF3dWt4QlI5Nkg3WHlBa2ZORnZsNzNTVHZYb0ZpVk9LVjJVQ0FoczQ3Z19jZXQ3OTNjdkctem8?oc=5
2026-09-13,その他,未特定,未特定,テーマ関連ニュース,⚪ 監視,0,企業未特定。ニュースの材料を監視,企業特定後に要再評価,未取得,未取得,未取得,未取得,未取得,未取得,未取得,未取得,未取得,未判定,未判定,未判定,未判定,未取得,未判定,China targets new space-based computing network to process data born in orbit - South China Morning Post,China targets new space-based computing network to process data born in orbit - South China Morning Post,"Fri, 24 Jul 2026 07:00:00 GMT",https://news.google.com/rss/articles/CBMixgFBVV95cUxOVk01WlRxaC1IWVZoV0R6UXA2Z1BGRjNLd25qWlR2QVdlUHUxTGIwNHNPc3Vlek1mZkhZSDJxaVBGM3N0R3NzZlB3OHpiMlZMRlF1Ym1VSnpKTmVoSjBXNUx1SXEwaldjdTFWTzN5MjdJR1ZEUG4zenE0MjBNWktpT1RWR0FlQ2NuNVRDU0IwX3V2b1o0NEJtejhXYzRfalNScm9zWVpfZ0VxVU1Yb1dhSkVYZlVoVHFTcFlaUTc0WDZDa3ZieUHSAcYBQVVfeXFMTlNHNHdwa0dqbXFjZm81ZTJ3Qjd1T2ZsM1Q3eld6OTNXaXZmZFZiMUpPZ2V4TEZaRkFXRGFmOGh3aE9fN2FjMkphSldvWWQyODhjV3d1RjBYS2pLdklLVnp0MWNJRjhjWWZkN0pCbmNXMUR1UUFwMHNubFFkZzg5NnFCSEVKQ0VROVVXOWhsMWRDMVl5UzRmUEVtTm5Pc3R2VlFkR3g4Tk8ycnU5VlZmOWplZnhMbmdKcWhUNzdPOGlKRFptbkh3?oc=5
2026-09-13,その他,未特定,未特定,テーマ関連ニュース,⚪ 監視,0,企業未特定。ニュースの材料を監視,企業特定後に要再評価,未取得,未取得,未取得,未取得,未取得,未取得,未取得,未取得,未取得,未判定,未判定,未判定,未判定,未取得,未判定,Space Compass Purchases First Optical Data Relay Satellite From Swissto12 - satellitetoday.com,Space Compass Purchases First Optical Data Relay Satellite From Swissto12 - satellitetoday.com,"Mon, 23 Mar 2026 07:00:00 GMT",https://news.google.com/rss/articles/CBMiygFBVV95cUxNaEhLakZoblV4YzFZZThWemhablJGN2lIMlJqQzRVS2Z0MzFoMDhNS2dZdTQ1WV9CdnJYbXU3MXRCTHMzSnNsOTNkRVhuTTItUHBKNmgwM0lUM2M3ZmNZUXBYdjd0cG5QTF9SaWFTajVXaHgyTkNybjVITjhHOVJPYkZocmFmeTE5TVowOGRMbU40Y3BrSXNldHZNV0RteUVZUzgyd2hQQXMySEVER3IzNmVERFFoZkFsdTJ3Nk5MbUduUkdveUlYQm9B?oc=5
2026-09-13,その他,未特定,未特定,テーマ関連ニュース,⚪ 監視,0,企業未特定。ニュースの材料を監視,企業特定後に要再評価,未取得,未取得,未取得,未取得,未取得,未取得,未取得,未取得,未取得,未判定,未判定,未判定,未判定,未取得,未判定,Ravee Optics Raises $6 Million Seed Round to Scale Satellite Laser Communications - citybiz,Ravee Optics Raises $6 Million Seed Round to Scale Satellite Laser Communications - citybiz,"Mon, 13 Jul 2026 07:00:00 GMT",https://news.google.com/rss/articles/CBMiuwFBVV95cUxQVnlLTm15bTJpd21acXJlY2VMOGo2UVpNTUhsb1duVDJlR0VfQm5Vd19oN3VwVEwzUnlvdlU1eVhsb21UQ21zb0IzV2kybndKUXNJbHlaaFJ6X05EZHR5VlpkTHZfMVdWNWpNTXltV1lzS1VPTWpmcDFrNXA3Q2cyZGZqd2NEZFdoQmUwTjRtXzNKZDJ4enJnei01aDRfNWFLNGZlcllZSGdyYTktM3BJdk5WSWFXYXphdnFZ?oc=5
2026-09-13,その他,未特定,未特定,テーマ関連ニュース,⚪ 監視,0,企業未特定。ニュースの材料を監視,企業特定後に要再評価,未取得,未取得,未取得,未取得,未取得,未取得,未取得,未取得,未取得,未判定,未判定,未判定,未判定,未取得,未判定,"Elon Musk Unveils Space Compute Blueprint: SpaceX, Nvidia, and Who Wins in Space AI - Moomoo","Elon Musk Unveils Space Compute Blueprint: SpaceX, Nvidia, and Who Wins in Space AI - Moomoo","Mon, 15 Jun 2026 07:00:00 GMT",https://news.google.com/rss/articles/CBMitwFBVV95cUxQNjNFTnpfVkVVRURpUUhmcjl5QW5FVEY5QTVnV0tZbS1VbHp2MkNTb1VrQnpBb1ZUUUtjQnJpTm1qMy1kUjBtUlpZeTFEaHowalFtRXU0LWFvTnRnNERMYlo0aFNiQUtoVFpfWUxMcVk4dlBiZ1VnXzh4UU1uekhvUF9MaG5IYXBYMUdZN3NWaHg0eWx2b0tLNlVsNHl6cEltc2t3WERobzRDMTZBM2pSc0p4Nmw3Ykk?oc=5
2026-09-13,AIデータセンター,未特定,未特定,テーマ関連ニュース,⚪ 監視,0,企業未特定。ニュースの材料を監視,企業特定後に要再評価,未取得,未取得,未取得,未取得,未取得,未取得,未取得,未取得,未取得,未判定,未判定,未判定,未判定,未取得,未判定,Kepler to add Nvidia hardware to data relay satellites for on-orbit computing - Data Center Dynamics,Kepler to add Nvidia hardware to data relay satellites for on-orbit computing - Data Center Dynamics,"Thu, 02 Apr 2026 07:00:00 GMT",https://news.google.com/rss/articles/CBMivgFBVV95cUxPamJ3RFJRY0lGWkhEdE5LS1RrdkpOOE1Rek9ZUlpQclBxOUY0LUJHNTFQRmloUUpJdHo3Z1ZTYXdxZWRaNk1uck1tN1NhcF9IZEpEcEFkazY3MDJxYURGU1AtWnllOE9DVWs4NEo1bGJ0ZVd1SGg0Qy1OUmk5QnU2OENULUtPZ3BKMWw0TEdBWlBqbkdUdDdaNWxreE1nZ3pHUjRDSDJDQmZxcDNBMl9RNVlYVndqSHJ1SDZGWHFB?oc=5
2026-09-13,その他,未特定,未特定,テーマ関連ニュース,⚪ 監視,0,企業未特定。ニュースの材料を監視,企業特定後に要再評価,未取得,未取得,未取得,未取得,未取得,未取得,未取得,未取得,未取得,未判定,未判定,未判定,未判定,未取得,未判定,Optical makes waves in space but won’t displace radio - Mobile Europe,Optical makes waves in space but won’t displace radio - Mobile Europe,"Thu, 16 Jul 2026 07:00:00 GMT",https://news.google.com/rss/articles/CBMikgFBVV95cUxPVnl6STRLRERZRENxR21scEl2ZWhkeGZQVTRuZmVVZVZXeFN1TWkyUUM4UDZGSC1nWV9lVXdtS3c0ZlRJcG9NT3dUaURNYWZmV25yTHBlc0NtMlByUlZzcElOZmVuWVM5OWlwNDRlOXdVUVl0MkZkTFZqNWhhWGZiZ1lrWC1yRW8xTFlLM21LQjJMZw?oc=5
2026-09-13,その他,未特定,未特定,テーマ関連ニュース,⚪ 監視,0,企業未特定。ニュースの材料を監視,企業特定後に要再評価,未取得,未取得,未取得,未取得,未取得,未取得,未取得,未取得,未取得,未判定,未判定,未判定,未判定,未取得,未判定,Understanding Quantum Networking and Its Industrial Potential - thequantuminsider.com,Understanding Quantum Networking and Its Industrial Potential - thequantuminsider.com,"Mon, 09 Mar 2026 07:00:00 GMT",https://news.google.com/rss/articles/CBMipgFBVV95cUxQM3MzTHZlZTFhb09VODRyYlhhX01hRUU1WWdLS215Y1NUQUpvQnhRNEVmVzdWcjJRYkZ5czhCM3ZBLXJxeEZmNEFRUWktWlFjbXotdkx6YmthTzZFZURTQ3dsYXlYNTlERjFUeURNLWlaZlBLdzBfVWV6NGNkUUZjR1RXbEZaMkZMMHhpSzRLQXBkV2YtdnlXaFRxR2tERHJrN3AwUXp3?oc=5
2026-09-13,その他,未特定,未特定,テーマ関連ニュース,⚪ 監視,0,企業未特定。ニュースの材料を監視,企業特定後に要再評価,未取得,未取得,未取得,未取得,未取得,未取得,未取得,未取得,未取得,未判定,未判定,未判定,未判定,未取得,未判定,Kepler Optical Relay Satellites Enable Real-Time Data and Cloud Processing in Orbit - The Fast Mode,Kepler Optical Relay Satellites Enable Real-Time Data and Cloud Processing in Orbit - The Fast Mode,"Sun, 11 Jan 2026 23:42:06 GMT",https://news.google.com/rss/articles/CBMi1AFBVV95cUxQakE2R3NpbFZTUzhOc2FBc0RMcE14X3RhQ3d6TWUwLWxmNUdMMmFTZ291cVByVmZLRV9WaUQwOGpBZFhYUkIzaHlPQ2RDSDFTLUNvZkpnZndWMnoydDUxMjJrbDcyWEJ0ZEhIV2l2c3JSdmRQcmp0TEgxQzNST3YzRnd0dzh2eDYtYU9UcWdBQjRYSHVPQ2VVSDRYZEVJeFo0R2VSb252RV9BNVhWOTQ1eHh6VVVyWWlyTm5GOWxqNU9ZNnA4S2dseU9WVEw0Nm0yUk12dw?oc=5
2026-09-13,その他,未特定,未特定,テーマ関連ニュース,⚪ 監視,0,企業未特定。ニュースの材料を監視,企業特定後に要再評価,未取得,未取得,未取得,未取得,未取得,未取得,未取得,未取得,未取得,未判定,未判定,未判定,未判定,未取得,未判定,Computer vision-based laser communication system for robust optical beam tracking and alignment - nature.com,Computer vision-based laser communication system for robust optical beam tracking and alignment - nature.com,"Fri, 10 Oct 2025 07:00:00 GMT",https://news.google.com/rss/articles/CBMiX0FVX3lxTE9PWXRYbUJJVU82TE5CUTlObXdwd2lGSE1EeWlDeFhZb2VKeGVOXzZNZ0Q2Q1VPSUYwMlQ3WlExdHBGV0RRWEpENHdGOHJLdTN6UVdRaWhnNlVlTkhxYWI4?oc=5
2026-09-13,その他,未特定,未特定,テーマ関連ニュース,⚪ 監視,0,企業未特定。ニュースの材料を監視,企業特定後に要再評価,未取得,未取得,未取得,未取得,未取得,未取得,未取得,未取得,未取得,未判定,未判定,未判定,未判定,未取得,未判定,Satellite launch tests ‘unhackable’ quantum communications - Innovation News Network,Satellite launch tests ‘unhackable’ quantum communications - Innovation News Network,"Mon, 01 Dec 2025 08:00:00 GMT",https://news.google.com/rss/articles/CBMiowFBVV95cUxQdlFad1NWZUV1b1I2cW9MaUJjRVIxSlRxel9WTUNXNUpET3I1QWVWdXNQVDNYeG9WTkJDWUY0Q0I2OW1URHZZVDFZWm9lMmNkSTBTLVkyUFk0LVN3NXV0QlZjaE83M2ZWWGNSU0M2MFpkTFBWV3FkWXJCc0g1SllYQUc0XzdxSWthWHA1MlhLYnZhem9naUhxeU5tc19jeWN1eE9j?oc=5
2026-09-13,その他,未特定,未特定,テーマ関連ニュース,⚪ 監視,0,企業未特定。ニュースの材料を監視,企業特定後に要再評価,未取得,未取得,未取得,未取得,未取得,未取得,未取得,未取得,未取得,未判定,未判定,未判定,未判定,未取得,未判定,IonQ Announces Intent to Acquire Skyloom Global to Accelerate Quantum Networking and Sensing Infrastructure - Quantum Computing Report,IonQ Announces Intent to Acquire Skyloom Global to Accelerate Quantum Networking and Sensing Infrastructure - Quantum Computing Report,"Mon, 17 Nov 2025 08:00:00 GMT",https://news.google.com/rss/articles/CBMi2wFBVV95cUxONm1yRlBjNGpzeHVrak9aa1JQYVMzbmJuLXYyRjhURFk5TFJ3Q1JDLWVRa0dsRFZwbjh0d01VV2txNmV3TVJLeXYyUUNaM1o3eWl1MDVNNk5NN29HUnk3RnJTbWhtQ0FvWnRidUd2OXhMamE0UENuUkpzcEN0REllZXN2MjNDai1VaU9BUTN5OHRFV3lET0xEV1FKMHdfYVNIUXhraXVDY3c5ckJ4SVNfcXZ0ekdncmpGeVo2SWppdXV0SkM5cVF2cUpfNGs4YkRuczNVY2loZTZaanPSAeABQVVfeXFMTzZ4d3B1UV84cGNoRFBmMDJuV0NNOFpldi13a1ZQMzA3V1ExaThjcV94WGdnb19HdWtuSU1UYXB2c0J6azdkdC1SS3dWcUZYS09UNk81SmRfejkzYlJ4RklUczBodWl0RUxyNnFZYVBScVJzV2lDSjFCWUxVOG9KZ3lua29YenI4QzVWa1BrWmYxTk4xVlhGazFjZEdOYTdULVMxaFJVVF9QeTJXdEJTR2QxZlB5cGpCLXhiOVpEdVZkU2tEYjRkeXdhSXhqQVZTMEpLT3hKVV9POHJpSG9pSmg?oc=5
2026-09-13,その他,未特定,未特定,テーマ関連ニュース,⚪ 監視,0,企業未特定。ニュースの材料を監視,企業特定後に要再評価,未取得,未取得,未取得,未取得,未取得,未取得,未取得,未取得,未取得,未判定,未判定,未判定,未判定,未取得,未判定,Why 3 Indian Engineers Returned Home to Fix Space’s Biggest Traffic Jam - analyticsindiamag.com,Why 3 Indian Engineers Returned Home to Fix Space’s Biggest Traffic Jam - analyticsindiamag.com,"Fri, 03 Jul 2026 07:00:00 GMT",https://news.google.com/rss/articles/CBMirwFBVV95cUxOcjBzUjQ2SmRiM1lwV1BpcFplWFFyczF4T0ZpQ1dkTm1DMHI3OUM2aU40eVl4RTR6TWV5a18wMTNKZU5DQ3N3cFJscEo1YzEyempKN3pwVG9WUVo1akl6YTkwOUlnQlBZOUVuTmZsUFpDWGtQVEYwU1c5MEZOYkpzbjlPR2U5dHk2QWFqZk9vN1dDZFRZX1J5c0NCZ0dBN180QllDejU0QTc3TXhMMGtN?oc=5
2026-09-13,AIデータセンター,未特定,未特定,テーマ関連ニュース,⚪ 監視,0,企業未特定。ニュースの材料を監視,企業特定後に要再評価,未取得,未取得,未取得,未取得,未取得,未取得,未取得,未取得,未取得,未判定,未判定,未判定,未判定,未取得,未判定,google plans to build AI data centers in space using solar-powered satellites - Designboom,google plans to build AI data centers in space using solar-powered satellites - Designboom,"Wed, 05 Nov 2025 08:00:00 GMT",https://news.google.com/rss/articles/CBMivwFBVV95cUxNZmJHWkE1MHJCdHVfbzhHYlZwTUJ4cXB5b3d2ZzJIZGJKWEVMTUw0OWU5Sm5hZmFtZHhUaDl0VDdUVGFldm8tTURLRzhpR2FqZTFscFFteUN4RGdqV0M2MGN4MEFVWkt6aVJFQ1NNb3hEdWZvYWVIbXByWS1mcm9KOVgzTEcwTVVQdEFFN19TVTZxUlBhQXphUERMZFNyUHJWc25yWDBTa2tQMjlkQjV1MGlURzY5UEVPcUtiSmZHVQ?oc=5
2026-09-13,その他,Eaton Vance Tax-Managed Buy-Write Opportunities Fund,ETV,テーマ関連ニュース,⚪ 監視,0,企業を特定 / ROEが強い,売上成長悪化 / EPS成長悪化 / バリュートラップ警戒,6.0277777,0.9604806,-35.06952106654263,-34.930373444721205,未取得,未取得,16.618,未取得,17.7億,未判定,警戒,低,還元水準は比較的高い,14～14円 / 14～14円 / 14～14円,主要価格帯付近,Data Centre In Space (Part 2): The Engineering Bottlenecks & Economics Behind Orbital Computing - ETV Bharat,Data Centre In Space (Part 2): The Engineering Bottlenecks & Economics Behind Orbital Computing - ETV Bharat,"Fri, 31 Jul 2026 07:00:00 GMT",https://news.google.com/rss/articles/CBMi4wFBVV95cUxPQjU1bXZrX3hJQV8zX0dnRGlKYUxNNGtrTWZGUTdHZkFhRW9lQ011dVp2a1FudUQ5ZlBqMGhkZ0g0WkhpUFQ3X3ozb2F2V0Y5SU1oaFMyLVhldmFycmVFMzdKWWpTamZKRUkzbFhMc1BwRmNla0xVZ3NtdHc4c2RSODdYeXVVLTZiTlAyNTVBTEEtUUhhZVRKQndNakRUUkpUZDRzTlRPY2lnWlVLWm00S1I4d3dDUDlJdEp5bHl6aHFqT2RacElNbEhHNW9EcV9xUnpiQ1RhTDh6MnNlVEVCcWN4a9IB6AFBVV95cUxONktsWjZER0VWMVF4ZG40dGxLWi02LUFUbG9CUXFTZ2RWMkoxMkJkYU5HVEJWei11cUZpRDlyMDlmbkdmNGdmN09lanpsN2psLXNlOFN2MlZ3eGoyamRwVDVEMU5paFhGblNkWGpzeWRFLXg5SW1XaUQwaEpzaU5hdGVIdEt6N2ZVSjdzSFdsclNHcHpBQ0RuWlRkQnNKYnhkVVEwWkVkMi1LZzRhN0lQWTdNV2FsdmZIVG9SUVdPaW55RG80WnhnVFYzeUV6SzA0aGZlbzItS1dmcExGeG15VVp2dGpIazRt?oc=5
2026-09-13,その他,未特定,未特定,テーマ関連ニュース,⚪ 監視,0,企業未特定。ニュースの材料を監視,企業特定後に要再評価,未取得,未取得,未取得,未取得,未取得,未取得,未取得,未取得,未取得,未判定,未判定,未判定,未判定,未取得,未判定,"Musk Announces Starmind: 1 Million Satellites in Space, AI Computing Power Comes Directly from the Sky - AIBase","Musk Announces Starmind: 1 Million Satellites in Space, AI Computing Power Comes Directly from the Sky - AIBase","Wed, 24 Jun 2026 09:53:24 GMT",https://news.google.com/rss/articles/CBMiSkFVX3lxTFBnbFZXR3hEdDFWLTdJeFVUcmdiMFY1SFRCbHlDNG9ZN2hDNGZkcEpHbGY0TV9wazRGVmxXcG02cWJKVzZmcjd5cjNB?oc=5
2026-09-13,AIデータセンター,未特定,未特定,テーマ関連ニュース,⚪ 監視,0,企業未特定。ニュースの材料を監視,企業特定後に要再評価,未取得,未取得,未取得,未取得,未取得,未取得,未取得,未取得,未取得,未判定,未判定,未判定,未判定,未取得,未判定,Kepler Communications plans January launch for initial phase of optical satellites - Data Center Dynamics,Kepler Communications plans January launch for initial phase of optical satellites - Data Center Dynamics,"Thu, 27 Nov 2025 08:00:00 GMT",https://news.google.com/rss/articles/CBMixAFBVV95cUxPaVlfQml4cXlZWTJIQXZZMDhhc25FcTNuMDlTNjdJUlNuQ3pIMU1meHNjSnk5enZRVERIUXo0YVZRRlVtTXhwZUE4cWs2aXVGdnFXcXhDN3NqY2NHZm9qc3JFOEtWTkZ2Z0I0Ry15Z0sxRG5ybUdSaWxUNGdVQ2NhaWZycE8xVldMSGlBWGxjWklxWU83V3E2RzJ0UG5xZEkxODRJR1RoZHFab1FMckRuTExMZ2VQUFBpZ25Kc014a05UbXZp?oc=5
2026-09-13,その他,未特定,未特定,テーマ関連ニュース,⚪ 監視,0,企業未特定。ニュースの材料を監視,企業特定後に要再評価,未取得,未取得,未取得,未取得,未取得,未取得,未取得,未取得,未取得,未判定,未判定,未判定,未判定,未取得,未判定,"SpeQtre, the Entanglement-Based Quantum Comms Demonstrator Satellite, is Now on Orbit - thequantuminsider.com","SpeQtre, the Entanglement-Based Quantum Comms Demonstrator Satellite, is Now on Orbit - thequantuminsider.com","Mon, 01 Dec 2025 08:00:00 GMT",https://news.google.com/rss/articles/CBMiwwFBVV95cUxQaFdHNEZWRjN2RjNBaThoS0tCWGczUDhZMjBUcGJNa2xZR3VIUGhpVS1XdnltaWpjaWZNM1dlcUVJdUZ6S3l3R1hYb21Pa05rWmtCcFRSSElYbGQxdE0tbS1LeVNjd0JYVU1PckpNNXhnMTc1VlpXWDRkd0Nrc1dMZTVTNmpUUHNiYWo1Y09QbXNTeHRWeTh1NTZzX3lQcHU2NTBqRGNCOXRVZDdUREwzRGNhbDdxaEtPcFdrd2dtN0pXRUE?oc=5
2026-09-13,その他,未特定,未特定,テーマ関連ニュース,⚪ 監視,0,企業未特定。ニュースの材料を監視,企業特定後に要再評価,未取得,未取得,未取得,未取得,未取得,未取得,未取得,未取得,未取得,未判定,未判定,未判定,未判定,未取得,未判定,"AI Space Race: NVIDIA's H100 in Space, Google's Project Suncatcher to Send TPUs to Space - 36 Kr","AI Space Race: NVIDIA's H100 in Space, Google's Project Suncatcher to Send TPUs to Space - 36 Kr","Tue, 04 Nov 2025 08:00:00 GMT",https://news.google.com/rss/articles/CBMiU0FVX3lxTFBlM0R1Ry0ycHdWeV84TlI5c09TQXREaUpWd0lDS0U5V1VhZXhKNEozWlktbngtNVozelBwYllubU1mUkhueGY5bTBfblRsTm95WjAw?oc=5
2026-09-13,AIデータセンター,未特定,未特定,テーマ関連ニュース,⚪ 監視,0,企業未特定。ニュースの材料を監視,企業特定後に要再評価,未取得,未取得,未取得,未取得,未取得,未取得,未取得,未取得,未取得,未判定,未判定,未判定,未判定,未取得,未判定,スペースX、宇宙データセンター構想 衛星100万基打ち上げに課題山積 - 日経ビジネス電子版,スペースX、宇宙データセンター構想 衛星100万基打ち上げに課題山積 - 日経ビジネス電子版,"Wed, 09 Sep 2026 08:00:00 GMT",https://news.google.com/rss/articles/CBMiYkFVX3lxTE9NYmp6SWZrWWY3bDZFdmM5NU5wcjVaVDUtMzYtNEtIazVyWEE2MjJXTmJ0Q0IyYUNsWnpxQjVqMTc5YUFnZ3llV1lqNVRmRFFWZW5ha0JaeHRZR3o0T2FmYlJR?oc=5
2026-09-13,AIデータセンター,未特定,未特定,テーマ関連ニュース,⚪ 監視,0,企業未特定。ニュースの材料を監視,企業特定後に要再評価,未取得,未取得,未取得,未取得,未取得,未取得,未取得,未取得,未取得,未判定,未判定,未判定,未判定,未取得,未判定,イーロン・マスク氏の夢、宇宙データセンターは実現するか？（窪田真之） - トウシル,イーロン・マスク氏の夢、宇宙データセンターは実現するか？（窪田真之） - トウシル,"Sat, 18 Jul 2026 07:00:00 GMT",https://news.google.com/rss/articles/CBMiWkFVX3lxTE4xaGdPb2hhTWVqcl9jbUh0ZzJWN3VpbWpRd3plVm0xNTVaY0ZoTzA5TFJBZV9rU18yOFFOd2gyRUlmcVJyV3RmbGZhWjZBX0xDSU12ZTBreG02Zw?oc=5
2026-09-13,AIデータセンター,未特定,未特定,テーマ関連ニュース,⚪ 監視,0,企業未特定。ニュースの材料を監視,企業特定後に要再評価,未取得,未取得,未取得,未取得,未取得,未取得,未取得,未取得,未取得,未判定,未判定,未判定,未判定,未取得,未判定,孫正義は疑問視、イーロンの「宇宙データセンター」は夢物語か？100万機構想の現実味 ｜Seizo Trend - sbbit.jp,孫正義は疑問視、イーロンの「宇宙データセンター」は夢物語か？100万機構想の現実味 ｜Seizo Trend - sbbit.jp,"Mon, 06 Jul 2026 07:00:00 GMT",https://news.google.com/rss/articles/CBMiT0FVX3lxTFBfNjU2UVlJM0swM0ktU2otakJNbEpqdFR1T082N0lpbFMybjMtemNoeTBVVUFwSzZ2ak1BZ3dPejZWNHVZUmZQeUw4bzZXY0U?oc=5
2026-09-13,宇宙,未特定,未特定,テーマ関連ニュース,⚪ 監視,0,企業未特定。ニュースの材料を監視,企業特定後に要再評価,未取得,未取得,未取得,未取得,未取得,未取得,未取得,未取得,未取得,未判定,未判定,未判定,未判定,未取得,未判定,AIが再編する次世代デジタル基盤――地上・宇宙融合インフラと日本の産業戦略 - PwC,AIが再編する次世代デジタル基盤――地上・宇宙融合インフラと日本の産業戦略 - PwC,"Wed, 05 Aug 2026 07:00:00 GMT",https://news.google.com/rss/articles/CBMilgFBVV95cUxOcGwxazVkOE02bkEwVGZ6VWhqNm1yQnJhQkgzM0o4MTlHQUYyd1k0NTFsdVJaRW1VMWQ4QjBYUGUzNWp2ZlpzR3k2cWN1MVh4eXAxazZCamljc0tWMFZYbjhMY3QyejlETjhzNDdrWnR2UmctYVVVTVVfckFFT3ZCSjczSXU4bmVTS0hyQXZNbDZLa0tFeHc?oc=5
2026-09-13,AIデータセンター,未特定,未特定,テーマ関連ニュース,⚪ 監視,0,企業未特定。ニュースの材料を監視,企業特定後に要再評価,未取得,未取得,未取得,未取得,未取得,未取得,未取得,未取得,未取得,未判定,未判定,未判定,未判定,未取得,未判定,動き出した「宇宙データセンター」 - 日経クロステック,動き出した「宇宙データセンター」 - 日経クロステック,"Thu, 10 Sep 2026 11:00:44 GMT",https://news.google.com/rss/articles/CBMiX0FVX3lxTFB1YXVzUnNyVE81UGNKQ3lRUVJIWEJDYVBsMWM2MlF1MmhXZGVWWktLY3VtUnA1U1ozeVRVVGFlTFphTWtFbU16LUU0YnpqX2xGSk1ZSDJQb2NFMHVqQS1z?oc=5
2026-09-13,AIデータセンター,未特定,未特定,テーマ関連ニュース,⚪ 監視,0,企業未特定。ニュースの材料を監視,企業特定後に要再評価,未取得,未取得,未取得,未取得,未取得,未取得,未取得,未取得,未取得,未判定,未判定,未判定,未判定,未取得,未判定,人工衛星100万基で宇宙にAIデータセンター構築へ､イーロン･マスク構想に懸念が広がる背景と問題点 - 東洋経済オンライン,人工衛星100万基で宇宙にAIデータセンター構築へ､イーロン･マスク構想に懸念が広がる背景と問題点 - 東洋経済オンライン,"Sun, 23 Aug 2026 15:48:32 GMT",https://news.google.com/rss/articles/CBMiW0FVX3lxTFA5VkI0R2U3MXQ2MGd0Y0htQnM4MUtVZGhlV05jZmVEbGhyNUhGc2g4N21fZlFBVjlRZ2RXNTAxMUk2S2toNUFaMk0wTG51bDBQTDctc3dkRzF5NDA?oc=5
2026-09-13,AIデータセンター,未特定,未特定,テーマ関連ニュース,⚪ 監視,0,企業未特定。ニュースの材料を監視,企業特定後に要再評価,未取得,未取得,未取得,未取得,未取得,未取得,未取得,未取得,未取得,未判定,未判定,未判定,未判定,未取得,未判定,Vol.125 宇宙データセンターとは？マスク氏が100万基衛星でAI電力危機に挑む - エネフロ,Vol.125 宇宙データセンターとは？マスク氏が100万基衛星でAI電力危機に挑む - エネフロ,"Tue, 23 Jun 2026 07:00:00 GMT",https://news.google.com/rss/articles/CBMiTkFVX3lxTE9aRFpzUndmel9ySHROa3BxVjVtbUdMdWlkMDhPSXNYV3F6SVhZWFNGWVlsRlRma2V3ak9tR0lXQmhhaS1QUmUybVN3T0Z3UQ?oc=5
2026-09-13,AIデータセンター,未特定,未特定,テーマ関連ニュース,⚪ 監視,0,企業未特定。ニュースの材料を監視,企業特定後に要再評価,未取得,未取得,未取得,未取得,未取得,未取得,未取得,未取得,未取得,未判定,未判定,未判定,未判定,未取得,未判定,グーグル、フィンランドに2.3兆円超投資 AI需要でデータセンターなど拡充へ ｜Seizo Trend - sbbit.jp,グーグル、フィンランドに2.3兆円超投資 AI需要でデータセンターなど拡充へ ｜Seizo Trend - sbbit.jp,"Thu, 10 Sep 2026 03:10:00 GMT",https://news.google.com/rss/articles/CBMiT0FVX3lxTFBGODg0cElNLS1MNUdHSXpzQTRKelcyWnJ0YWJVc2NMRFVrMmNjYU9DTzZIMmVYWWJKdUtJWU9EMVFaNmJ6eXdXZGlfemtyRFU?oc=5
2026-09-13,AIデータセンター,未特定,未特定,テーマ関連ニュース,⚪ 監視,0,企業未特定。ニュースの材料を監視,企業特定後に要再評価,未取得,未取得,未取得,未取得,未取得,未取得,未取得,未取得,未取得,未判定,未判定,未判定,未判定,未取得,未判定,人工衛星でデータを処理する「宇宙データセンター」、米SpaceXなどが構想 - 日経クロステック,人工衛星でデータを処理する「宇宙データセンター」、米SpaceXなどが構想 - 日経クロステック,"Fri, 07 Aug 2026 07:00:00 GMT",https://news.google.com/rss/articles/CBMibkFVX3lxTE1zQlkyUUVjWUF6bmF6RWRxd0tFMUVidGJLY1ZWM3hqMEh6UHotVWt5cVRLbjBhVGRVcmZqYjdzV0pWZXBHWm91aXVGVWFBcXNfX2RvV1EtWmEwNl96Y245NlE5bnFMeXgtMDFkcnFn?oc=5
2026-09-13,AIデータセンター,未特定,未特定,テーマ関連ニュース,⚪ 監視,0,企業未特定。ニュースの材料を監視,企業特定後に要再評価,未取得,未取得,未取得,未取得,未取得,未取得,未取得,未取得,未取得,未判定,未判定,未判定,未判定,未取得,未判定,宇宙データセンターへ動き出した企業を一挙公開、乗り越えるべき4つの課題 - 日経クロステック,宇宙データセンターへ動き出した企業を一挙公開、乗り越えるべき4つの課題 - 日経クロステック,"Wed, 19 Aug 2026 07:00:00 GMT",https://news.google.com/rss/articles/CBMibEFVX3lxTE1MbVFlcDVkTWZQS2VUeldTMktUenV3TlZscHJBVmtnN1FTcl9heFN3WEUtR1JtMWRDTm40VTNmUmFBUG9LZkQ2QjctMW8wQUVNUldLQ0RkQlZ3LXZ0Y3FacjRoejh1NDRUYl9RYg?oc=5
2026-09-13,AIデータセンター,未特定,未特定,テーマ関連ニュース,⚪ 監視,0,企業未特定。ニュースの材料を監視,企業特定後に要再評価,未取得,未取得,未取得,未取得,未取得,未取得,未取得,未取得,未取得,未判定,未判定,未判定,未判定,未取得,未判定,SpaceXの宇宙AIデータセンター構想、高難度ばかりの技術チャレンジ - 日経クロステック,SpaceXの宇宙AIデータセンター構想、高難度ばかりの技術チャレンジ - 日経クロステック,"Tue, 01 Sep 2026 20:00:00 GMT",https://news.google.com/rss/articles/CBMibEFVX3lxTFBSdmRRcHl2NC01eE1KdWxHNmZUSU4zWUhReFNtakdKTjdYcmx4Z1pBeEhZS18wamFpRnFJWVh1MExxRXpkLVZzQjVlVTBOMm01MWVNQTlGaVhEVDRxNkh3LUx2UF81Q3ZORE53Sg?oc=5
2026-09-13,AIデータセンター,未特定,未特定,テーマ関連ニュース,⚪ 監視,0,企業未特定。ニュースの材料を監視,企業特定後に要再評価,未取得,未取得,未取得,未取得,未取得,未取得,未取得,未取得,未取得,未判定,未判定,未判定,未判定,未取得,未判定,宇宙データセンターの鍵「ビット反転対策」、JAXA基金の採択企業が本格始動 - 日経クロステック,宇宙データセンターの鍵「ビット反転対策」、JAXA基金の採択企業が本格始動 - 日経クロステック,"Thu, 20 Aug 2026 07:00:00 GMT",https://news.google.com/rss/articles/CBMibEFVX3lxTE5xbGlvNHR2TUE4TkdFTXNfc204RzJvUXRSdS05YU5ZSWJlVVF2TXNUV0UxT0ZzcW9vY2dRTWNLUjdJV29fcElNTU9OR2pQM24xbEJZVGpmZ1VZckw3cnBsNXM1Wk1zN2x6NWxpaw?oc=5
2026-09-13,AIデータセンター,未特定,未特定,テーマ関連ニュース,⚪ 監視,0,企業未特定。ニュースの材料を監視,企業特定後に要再評価,未取得,未取得,未取得,未取得,未取得,未取得,未取得,未取得,未取得,未判定,未判定,未判定,未判定,未取得,未判定,最新機器は「熱」との戦い イーロン・マスク氏による宇宙データセンターの背景 - 日経BOOKプラス,最新機器は「熱」との戦い イーロン・マスク氏による宇宙データセンターの背景 - 日経BOOKプラス,"Wed, 19 Aug 2026 20:00:00 GMT",https://news.google.com/rss/articles/CBMibEFVX3lxTE5BV0tJZHNrWkphY3VNV3BfSWZZeTl0VmUxLVhPMmdCcllaOW13Z2FPOTNtcnE0ekJTUmdsVnFuX2xFUDJ2ZzRYNElXMkx0SjZBQ09kYUdXZVBsZEtrR0dKOEVoVS1udkRzd3VNSA?oc=5
2026-09-13,半導体,未特定,未特定,テーマ関連ニュース,⚪ 監視,0,企業未特定。ニュースの材料を監視,企業特定後に要再評価,未取得,未取得,未取得,未取得,未取得,未取得,未取得,未取得,未取得,未判定,未判定,未判定,未判定,未取得,未判定,NVIDIA、スペースXの宇宙データ衛星にAI半導体 27年打ち上げ - 日本経済新聞,NVIDIA、スペースXの宇宙データ衛星にAI半導体 27年打ち上げ - 日本経済新聞,"Tue, 25 Aug 2026 07:00:00 GMT",https://news.google.com/rss/articles/CBMibEFVX3lxTE4ySkVzSHM4WTdlZUt5NnV0ZTZ6TVd1UlRXTnpPRVJfRGNZckRIblY2c3dWWTlsYUpITEIzQVZkZmNJV01OelBYYlFxR08tTEdlM2tzbVA5MkFwWVIzNE1mM1VFVTUwZTVPOVRoag?oc=5
2026-09-13,AIデータセンター,未特定,未特定,テーマ関連ニュース,⚪ 監視,0,企業未特定。ニュースの材料を監視,企業特定後に要再評価,未取得,未取得,未取得,未取得,未取得,未取得,未取得,未取得,未取得,未判定,未判定,未判定,未判定,未取得,未判定,宇宙データセンターの3段階 100万機の衛星がAIインフラを担う未来は来るか - ビジネスネットワーク,宇宙データセンターの3段階 100万機の衛星がAIインフラを担う未来は来るか - ビジネスネットワーク,"Fri, 27 Mar 2026 07:00:00 GMT",https://news.google.com/rss/articles/CBMiU0FVX3lxTE9STzVHUDlST1dGNEJTek5jUXlRSFRyZE1QbzFyZEwyaWJHSFNXMzZQNTlab2U0ZEZ5NVhoN0NiTkw5aXZUcHdRTFh6TThrM0VCRDhr?oc=5
2026-09-13,AIデータセンター,未特定,未特定,テーマ関連ニュース,⚪ 監視,0,企業未特定。ニュースの材料を監視,企業特定後に要再評価,未取得,未取得,未取得,未取得,未取得,未取得,未取得,未取得,未取得,未判定,未判定,未判定,未判定,未取得,未判定,【100万基の衛星で宇宙AIデータセンターを構築!?】SpaceXが掲げる電力不足の解決策とは（スペースチャンネル） - エキスパート - Yahoo!ニュース,【100万基の衛星で宇宙AIデータセンターを構築!?】SpaceXが掲げる電力不足の解決策とは（スペースチャンネル） - エキスパート - Yahoo!ニュース,"Wed, 08 Apr 2026 07:00:00 GMT",https://news.google.com/rss/articles/CBMiiAFBVV95cUxPMGwzdXkwRC1SZUQxVzhMMTJmdDBrWkkwajdDc1VYVWRhZmh5RmYxLXNpNHB4NzJxdHpLWW9kSU5PMGtUdG14aWtUTHh5Nm03YnRISDVBUUQ1djlfem5YMzJsNjhua19DQWtLRDUwTkJabzdzelcwd0l2dUZnTUtzdVZpMWdZZHE2?oc=5
2026-09-13,AIデータセンター,未特定,未特定,テーマ関連ニュース,⚪ 監視,0,企業未特定。ニュースの材料を監視,企業特定後に要再評価,未取得,未取得,未取得,未取得,未取得,未取得,未取得,未取得,未取得,未判定,未判定,未判定,未判定,未取得,未判定,ロマンいっぱいの宇宙データセンター建設に、保険会社が現実を突きつける - Gizmodo,ロマンいっぱいの宇宙データセンター建設に、保険会社が現実を突きつける - Gizmodo,"Wed, 26 Aug 2026 07:00:00 GMT",https://news.google.com/rss/articles/CBMijgFBVV95cUxPaDBrUWYxWVJOSnpkWWFpSDlyUl9TQ2RSelJ3NzdJYjItMFdkcFZxTGhWSV9ybDREQ0JQZmQ1c0VEMW5Dbml4Z0tsM0ZUYkpfdlg2aGxlX25fTUpQYU1NdkdXZU5zcTNCZGVhcFlPbUZDRDhkcEE2U2xRUEhlSlRKY3dKcy1DY0tUMlVvb0NB?oc=5
2026-09-13,AIデータセンター,未特定,未特定,テーマ関連ニュース,⚪ 監視,0,企業未特定。ニュースの材料を監視,企業特定後に要再評価,未取得,未取得,未取得,未取得,未取得,未取得,未取得,未取得,未取得,未判定,未判定,未判定,未判定,未取得,未判定,「ネオクラウドは独走」「電力求めて宇宙へ」 データセンターの常識が変わる5大潮流：今後10年の変化を予測（1/2 ページ） - ITmedia,「ネオクラウドは独走」「電力求めて宇宙へ」 データセンターの常識が変わる5大潮流：今後10年の変化を予測（1/2 ページ） - ITmedia,"Mon, 17 Aug 2026 07:00:00 GMT",https://news.google.com/rss/articles/CBMickFVX3lxTE4zMFJOY3dNZWlHNE4tVW9VNWFIQU9pQmtEMkliR2RQMDZ2b3RYUXk1VXZXOVMxOExyeXpQMG1hRjAzOEFyMWhDVW5OQWZtbGxDMFZ6Q21UV3dDYVZES0lEaFBTM19VLXR1eDVQM3BQTFppUQ?oc=5
2026-09-13,宇宙,"California Grapes International, Inc.",CAGR,テーマ関連ニュース,⚪ 監視,0,成長テーマとの関連 / 企業を特定,ROE悪化 / バリュートラップ警戒,未取得,-0.0033333332,未取得,未取得,未取得,未取得,-67.985,未取得,未取得,未判定,警戒,未判定,要IR確認,未取得,未判定,"光地上局・レーザー通信端末市場、2035年に80億3,310万米ドルへ―宇宙通信の「光化」が加速、CAGR 32.0％で急成長 - Excite エキサイト","光地上局・レーザー通信端末市場、2035年に80億3,310万米ドルへ―宇宙通信の「光化」が加速、CAGR 32.0％で急成長 - Excite エキサイト","Mon, 07 Sep 2026 05:00:00 GMT",https://news.google.com/rss/articles/CBMiakFVX3lxTE9pZld3RnZjSmFoWHlPM2J3b0E5LXlPZGF4ZTNER0UxU1VyM0t6RGtkd05LTGJ0ZjBXMFlwMTNZLWJpTkF0THZxcGVITDU5SnJFaVhrTHdHUTMybEN1Q3p2N1VrNE9yazdrYVE?oc=5
2026-09-13,光通信,未特定,未特定,テーマ関連ニュース,⚪ 監視,0,企業未特定。ニュースの材料を監視,企業特定後に要再評価,未取得,未取得,未取得,未取得,未取得,未取得,未取得,未取得,未取得,未判定,未判定,未判定,未判定,未取得,未判定,ワープスペース、宇宙光通信インフラ構築に向けシンガポール、カナダの宇宙企業とMoU締結 - spacemedia.jp,ワープスペース、宇宙光通信インフラ構築に向けシンガポール、カナダの宇宙企業とMoU締結 - spacemedia.jp,"Wed, 15 Jul 2026 07:00:00 GMT",https://news.google.com/rss/articles/CBMiR0FVX3lxTE5oRzZ0RUw5emllb0RkOE5FMzFjSThxUHhPOGctYzhqOHZ6N3EzTzhFbDZqTmtTdndoZE5OMVJQVTUzN0RDZ2Nr?oc=5
2026-09-13,光通信,未特定,未特定,テーマ関連ニュース,⚪ 監視,0,企業未特定。ニュースの材料を監視,企業特定後に要再評価,未取得,未取得,未取得,未取得,未取得,未取得,未取得,未取得,未取得,未判定,未判定,未判定,未判定,未取得,未判定,スカパーJSAT、雲の動きをシステムで予測 衛星光通信の運用しやすく - 日本経済新聞,スカパーJSAT、雲の動きをシステムで予測 衛星光通信の運用しやすく - 日本経済新聞,"Wed, 03 Jun 2026 07:00:00 GMT",https://news.google.com/rss/articles/CBMibEFVX3lxTFAxUExkbnBveXh2NVZPMVpFcEI5MGhIQklkaWplYU5WMG9ldTVQMVdVbEFUMG5ldFh2OW55XzhLcURLakFPZGhXMHZWc2daYlJaY2Z3cG8xUVE0WVN4RE9VYWNfV3NqbzR1ZkRvZA?oc=5
2026-09-13,光通信,未特定,未特定,テーマ関連ニュース,⚪ 監視,0,企業未特定。ニュースの材料を監視,企業特定後に要再評価,未取得,未取得,未取得,未取得,未取得,未取得,未取得,未取得,未取得,未判定,未判定,未判定,未判定,未取得,未判定,4/28宇宙ニュース・Space Compass、エアバスと光通信・地球観測ソリューションで協力検討 ほか3件 - spacemedia.jp,4/28宇宙ニュース・Space Compass、エアバスと光通信・地球観測ソリューションで協力検討 ほか3件 - spacemedia.jp,"Tue, 28 Apr 2026 07:00:00 GMT",https://news.google.com/rss/articles/CBMiR0FVX3lxTE5iXzF2SE9nLTZ0VFJtRDIxMVhEY0dHR3NkdThZcFItTzN6TmppcGxkZ0M1U3I0ZjZHYUhuOGZjbU91VnFpNmFj?oc=5
2026-09-13,宇宙,未特定,未特定,テーマ関連ニュース,⚪ 監視,0,企業未特定。ニュースの材料を監視,企業特定後に要再評価,未取得,未取得,未取得,未取得,未取得,未取得,未取得,未取得,未取得,未判定,未判定,未判定,未判定,未取得,未判定,スカパーJSAT、衛星100機で観測や通信 宇宙ソリューション提供へ（2ページ目） - 日経クロステック,スカパーJSAT、衛星100機で観測や通信 宇宙ソリューション提供へ（2ページ目） - 日経クロステック,"Fri, 03 Apr 2026 07:00:00 GMT",https://news.google.com/rss/articles/CBMibEFVX3lxTFBuWllnRkVVbFBzRG1fYWNtamtFdWxVd3k2SU9Qb2FVWXVIX2FFVUw2RjU0OTBMU01pdzdfQmFxUFBnQ2VjdEN2d0xWelRGenVCQmRNY3V5SG9Ld2VvVmFqSXFZbjFmZDlNMW5GNg?oc=5
2026-09-13,AIデータセンター,未特定,未特定,テーマ関連ニュース,⚪ 監視,0,企業未特定。ニュースの材料を監視,企業特定後に要再評価,未取得,未取得,未取得,未取得,未取得,未取得,未取得,未取得,未取得,未判定,未判定,未判定,未判定,未取得,未判定,The “Physics Wall”: Orbiting Data Centers Face a Massive Cooling Challenge - satnews.com,The “Physics Wall”: Orbiting Data Centers Face a Massive Cooling Challenge - satnews.com,"Tue, 17 Mar 2026 07:00:00 GMT",https://news.google.com/rss/articles/CBMipgFBVV95cUxNV2FjZHhsTkpsUmhhUUNxWUFsVXdZeTlSSmhMWl9TX2pXVGpidjdxQlRqMTBzQ0RaRkpvSVlrV0VLVmptaHZXRGxiTW1Tb25qTjhQRVlDQWd1N2lSYkJUbWdSN2hyY0swOEhscHVlblJMczVGQ2R3ZkhwbjZiSno1M2xjYTdRLUlsazF1cjZwVmNUQnpVeGkxUEwya2F4a1VlQzdZMXN3?oc=5
2026-09-13,その他,未特定,未特定,テーマ関連ニュース,⚪ 監視,0,企業未特定。ニュースの材料を監視,企業特定後に要再評価,未取得,未取得,未取得,未取得,未取得,未取得,未取得,未取得,未取得,未判定,未判定,未判定,未判定,未取得,未判定,SpaceX Has the Best Radiative Cooling Solution and It is Working - NextBigFuture.com,SpaceX Has the Best Radiative Cooling Solution and It is Working - NextBigFuture.com,"Tue, 24 Feb 2026 08:00:00 GMT",https://news.google.com/rss/articles/CBMiqwFBVV95cUxNU3E3bkRTdUd2T0tXRFRfWFA3enotSUd2TUZBVFluYVQxNm4zMEg5b2xLR1dYY1lHMHZWRGoyeVRvNVVfdmZoMmZCbGxHYVJBNFpmV1BXVHdHRWRQRFVTTnN0R0Y2emh5YzZGcW14M2doLVA5Q2dQaGFGeXdYZVA2SDBlNnpXWjFyRFFnYk1ia1AyeDRKUFZSN0R1YUJLRkt6TUU0SXpyb1BFems?oc=5
2026-09-13,宇宙熱管理,未特定,未特定,テーマ関連ニュース,⚪ 監視,0,企業未特定。ニュースの材料を監視,企業特定後に要再評価,未取得,未取得,未取得,未取得,未取得,未取得,未取得,未取得,未取得,未判定,未判定,未判定,未判定,未取得,未判定,VO2-based switchable radiator for spacecraft thermal control - Scientific Reports - nature.com,VO2-based switchable radiator for spacecraft thermal control - Scientific Reports - nature.com,"Mon, 05 Aug 2019 07:00:00 GMT",https://news.google.com/rss/articles/CBMiX0FVX3lxTE9lWlkteWd5YWVQNDVBZXhLMi16allmSXhncHFvZTdyT2tpLW5TZzdGcXFMckZTejBNOXl6cXF1SV9iRXJvZEFpUEx0Z25rTm9xeG5MWF9xTmFHa21faUQw?oc=5
2026-09-13,その他,未特定,未特定,テーマ関連ニュース,⚪ 監視,0,企業未特定。ニュースの材料を監視,企業特定後に要再評価,未取得,未取得,未取得,未取得,未取得,未取得,未取得,未取得,未取得,未判定,未判定,未判定,未判定,未取得,未判定,Advanced Cooling Technologies Acquires Canyon Composites to Improve Thermal Control Offering - satellitetoday.com,Advanced Cooling Technologies Acquires Canyon Composites to Improve Thermal Control Offering - satellitetoday.com,"Wed, 01 Oct 2025 07:00:00 GMT",https://news.google.com/rss/articles/CBMi-gFBVV95cUxNYnJ4VlNXYWs2c0ZEeExHcV9xZW80cVBzS296RHZBdGdsYTZVZXpwTDlnanl4d2xKcUo4aXpKU0UyWTB1aGEzQjhGN1JUZWNpWVlDM2lRT3hJZUZDR2ZwYzRoTHNUcE1qNUwxWXBLNnFySTVUT1I0MkZsdjItVzRObXhvbzQxMnh2Wll5RjlBaXpsVWkxUW9NN2RJRmthN2NKa3c1SzNvVm8zSEpLRXVtQkZrNEp0S3JCOExDNnNPYWlzR3ZTSFB1RlBoRTYtMVJxd1pzWEd3ZV9wY0gwNHNVbjNvelVxUWNwQk1ZZTdBNGRfNV93NjI2ZXdB?oc=5
2026-09-13,AIデータセンター,未特定,未特定,テーマ関連ニュース,⚪ 監視,0,企業未特定。ニュースの材料を監視,企業特定後に要再評価,未取得,未取得,未取得,未取得,未取得,未取得,未取得,未取得,未取得,未判定,未判定,未判定,未判定,未取得,未判定,Why Don't We Put AI Data Centers In Space? Nvidia's CEO Has 3 Reasons - bgr.com,Why Don't We Put AI Data Centers In Space? Nvidia's CEO Has 3 Reasons - bgr.com,"Fri, 13 Mar 2026 07:00:00 GMT",https://news.google.com/rss/articles/CBMikwFBVV95cUxPU1BNNlVmdjc3NXRDcEZDa191Sk5XN2NuQ0JyamFIek1PNzVraWNkYkNiVkhmYWczYmZ6cUZyemlLb0tweW1venVnVDIzYVRwdHVoWDBNMUR1WlJneFlacFFrOTBZQTh3QlJRRjdicnRYaFlmdV84ako5ZWZqaFdkc1Zpb0s4NXFMMkZINXpOeTA5QkU?oc=5
2026-09-13,宇宙熱管理,未特定,未特定,テーマ関連ニュース,⚪ 監視,0,企業未特定。ニュースの材料を監視,企業特定後に要再評価,未取得,未取得,未取得,未取得,未取得,未取得,未取得,未取得,未取得,未判定,未判定,未判定,未判定,未取得,未判定,Review of the VO2 smart material applications with emphasis on its use for spacecraft thermal control - frontiersin.org,Review of the VO2 smart material applications with emphasis on its use for spacecraft thermal control - frontiersin.org,"Thu, 15 Dec 2022 08:00:00 GMT",https://news.google.com/rss/articles/CBMikAFBVV95cUxPNUJma05Mc1pzbTJDV042djFNeWstQUotN2NFYjZGT1FPajJzQ2VHNGZpUHRlS0FPZXpOcWF0Q0swc0FFQmhYQ1dtMnFsMVZqNF9WQks2OEQ2dTJaaEl0Skt5RFpKX0tnV1FZankyWFlVQVd4eXQyajE0WWdwRHlKSFFBNldYNVRBamgxLWcxOFM?oc=5
2026-09-13,冷却・熱管理,未特定,未特定,テーマ関連ニュース,⚪ 監視,0,企業未特定。ニュースの材料を監視,企業特定後に要再評価,未取得,未取得,未取得,未取得,未取得,未取得,未取得,未取得,未取得,未判定,未判定,未判定,未判定,未取得,未判定,Carbon-Based High-Thermal-Conductivity Materials for Thermal Management in Space Optical Sensors - Science Partner Journals,Carbon-Based High-Thermal-Conductivity Materials for Thermal Management in Space Optical Sensors - Science Partner Journals,"Sun, 29 Mar 2026 13:11:49 GMT",https://news.google.com/rss/articles/CBMiW0FVX3lxTE85dEVyUlJLb0RJWVhzdEwxblpiWGxyRGNQSXpXNEZ5Rng5RktWbUZhU1BlejZkWWhHaXlKcWhWV29VNUM5NGF3QU9fSnByTXppb1I0N2VzTE4wY1k?oc=5
2026-09-13,その他,未特定,未特定,テーマ関連ニュース,⚪ 監視,0,企業未特定。ニュースの材料を監視,企業特定後に要再評価,未取得,未取得,未取得,未取得,未取得,未取得,未取得,未取得,未取得,未判定,未判定,未判定,未判定,未取得,未判定,Space race heats up: advanced electronics cooling systems for spacecraft - EurekAlert!,Space race heats up: advanced electronics cooling systems for spacecraft - EurekAlert!,"Tue, 04 Jun 2024 07:00:00 GMT",https://news.google.com/rss/articles/CBMiXEFVX3lxTE9VaXI2TXBzOTUwUWpMOUxjV3VZVW9obkI1N0d6UUtjREU0WGdnSHVaM3NTU2Npa21YRWEweWtEcEg2RzlfbTRybEdlRVdHS1plLU1kRS11dEVTMXlt?oc=5
2026-09-13,その他,未特定,未特定,テーマ関連ニュース,⚪ 監視,0,企業未特定。ニュースの材料を監視,企業特定後に要再評価,未取得,未取得,未取得,未取得,未取得,未取得,未取得,未取得,未取得,未判定,未判定,未判定,未判定,未取得,未判定,Device provides active thermal control of spacecraft surfaces - edwards.af.mil,Device provides active thermal control of spacecraft surfaces - edwards.af.mil,"Tue, 03 Jun 2008 07:00:00 GMT",https://news.google.com/rss/articles/CBMiuwFBVV95cUxOWDVtU1I1dGhYV01yNHlaVDZSWGFucHJsYjRVRmZEeUd2QjQ2Tk82ZjVYdXNTVUdMQk14UzRBc1ZDckUwSXA4RDM4OTdGdG1XTDRYQ29BYU9CR1M2aEwzbTh3dHd6SDZOWi1TOGNmOU5abFZ6ZDlnOWw1d2Nodi11blFtdUdSUjZLTW4yZW03WGd6aFF1S3VJVzBCbnIya1R3MDVCX0pqY3I2T2lQeG1fMXlBWE9NRlJFU0Rv?oc=5
2026-09-13,その他,未特定,未特定,テーマ関連ニュース,⚪ 監視,0,企業未特定。ニュースの材料を監視,企業特定後に要再評価,未取得,未取得,未取得,未取得,未取得,未取得,未取得,未取得,未取得,未判定,未判定,未判定,未判定,未取得,未判定,Single-Fluid-Pumped Radiators with Increased Turn-Down Ratio and Control in the Stagnation Regime - Tech Briefs,Single-Fluid-Pumped Radiators with Increased Turn-Down Ratio and Control in the Stagnation Regime - Tech Briefs,"Wed, 01 Mar 2017 08:00:00 GMT",https://news.google.com/rss/articles/CBMiekFVX3lxTE9xdGRVbWRDYUl0UkFCeC11SlVXcm5xQ3c4QUdMM1hNYTBMNWd5TzJQeHlaamZNbVk3YUEwenI5a2F5b3FVRWpqbmNFRnMwa2JfZ1JJR2g1ZzRQOVJwWlNrTHpEa2h2cnV6NmxENkw4NlN3RGtMcTAzVmdR?oc=5
2026-09-13,その他,未特定,未特定,テーマ関連ニュース,⚪ 監視,0,企業未特定。ニュースの材料を監視,企業特定後に要再評価,未取得,未取得,未取得,未取得,未取得,未取得,未取得,未取得,未取得,未判定,未判定,未判定,未判定,未取得,未判定,Sandwich Core Heat-Pipe Radiator for Power and Propulsion Systems - Tech Briefs,Sandwich Core Heat-Pipe Radiator for Power and Propulsion Systems - Tech Briefs,"Sat, 12 Oct 2013 07:00:00 GMT",https://news.google.com/rss/articles/CBMiekFVX3lxTE9lQUdDY3FBU0Z1V2xVdUxVUzdQWHllRWVZdm1US2VtMzRreWZlZUVJMzN4SWNELWR4aXJMNzBmcWJGRlUtZHRtTHUwNXZHXzNZNWJ5cUNKTzhMWHZqUVJiX1dVenZWc21yb2pGWTVtZDJrTjNRNlBmNndB?oc=5
2026-09-13,冷却・熱管理,未特定,未特定,テーマ関連ニュース,⚪ 監視,0,企業未特定。ニュースの材料を監視,企業特定後に要再評価,未取得,未取得,未取得,未取得,未取得,未取得,未取得,未取得,未取得,未判定,未判定,未判定,未判定,未取得,未判定,Advanced Cooling Technologies selected as key thermal management supplier Roman Space Telescope - Space Daily,Advanced Cooling Technologies selected as key thermal management supplier Roman Space Telescope - Space Daily,"Thu, 25 Feb 2021 08:00:00 GMT",https://news.google.com/rss/articles/CBMiwAFBVV95cUxPNGxtNU0yeF9aVFZUaG0ybFI3dDhzZHBMakJqU0pycU0yS3hSSWMxT01pUDlGTVpLeXlCOVNjU2NyYnJhQ2NQb3hUaUlETXJxWWpOaVFuZHlKRy1LaTJ1LWdraFY3N3lueWFJS3BWYjBDaE0yZXQyZUFNd0R5U2hvSHpRMzNVOXg2NFdnX2Vsb2t5TVdmYWI3Y0h5eEdnXzVBT3RqWHVCODBjbDRscE9sdGZxZWRNZG9BaUtZSVVsanU?oc=5
2026-09-13,その他,未特定,未特定,テーマ関連ニュース,⚪ 監視,0,企業未特定。ニュースの材料を監視,企業特定後に要再評価,未取得,未取得,未取得,未取得,未取得,未取得,未取得,未取得,未取得,未判定,未判定,未判定,未判定,未取得,未判定,Design and manufacture of CubeSat-type nanosatellite thermal subsystem - nature.com,Design and manufacture of CubeSat-type nanosatellite thermal subsystem - nature.com,"Wed, 29 Jan 2025 08:00:00 GMT",https://news.google.com/rss/articles/CBMiX0FVX3lxTFBLemVhLVJnRFE0VVNPbTRsaG9rYnR3NDNKbTNEdFZSX2cycmRjVlZIY3lRaXlrQWd4S1dmUVFEaHR6Yll4b3JrMjg1dWM5emJHOThnOWtMQ09OSmF0Nkow?oc=5
2026-09-13,その他,未特定,未特定,テーマ関連ニュース,⚪ 監視,0,企業未特定。ニュースの材料を監視,企業特定後に要再評価,未取得,未取得,未取得,未取得,未取得,未取得,未取得,未取得,未取得,未判定,未判定,未判定,未判定,未取得,未判定,Another milestone on the journey to the Moon - Airbus,Another milestone on the journey to the Moon - Airbus,"Mon, 17 Sep 2018 07:00:00 GMT",https://news.google.com/rss/articles/CBMilwFBVV95cUxQRUxEUU05YS1VaTZlN3lpWjU5RGZRTVZ3V0l3QXB6SGdQaVZzZG5YdlVoNlhDQTVhWl95VGxDZ0pFUVVtWndyS1g4ekdvTEw3WWRBcEVLMktCQW5UZ1ZRMldYak8td2FIdnA2VXdfOEpNMmRNblYxVDc3WGU2WFIyWU5XQ1FFU3ZsVEd5U2hORm1fTVJXYXdR?oc=5
2026-09-13,半導体,未特定,未特定,テーマ関連ニュース,⚪ 監視,0,企業未特定。ニュースの材料を監視,企業特定後に要再評価,未取得,未取得,未取得,未取得,未取得,未取得,未取得,未取得,未取得,未判定,未判定,未判定,未判定,未取得,未判定,Cool Power - Johns Hopkins University Applied Physics Laboratory,Cool Power - Johns Hopkins University Applied Physics Laboratory,"Wed, 21 Jun 2017 07:00:00 GMT",https://news.google.com/rss/articles/CBMia0FVX3lxTE52QVlqajVPRmxuTjlaS0JRcEFqYzFuTlhvVnkyRC1Za0gtSHZDcUZ4RklXWWFGSlUtRzlvemhMcjRwZk9OMDQwcEVyb2Nxc2RqYmliRDBrUG8wX0tTcjR0YmVZNkxNSEkxWEIw?oc=5
2026-09-13,その他,未特定,未特定,テーマ関連ニュース,⚪ 監視,0,企業未特定。ニュースの材料を監視,企業特定後に要再評価,未取得,未取得,未取得,未取得,未取得,未取得,未取得,未取得,未取得,未判定,未判定,未判定,未判定,未取得,未判定,Cornell leads subteams on $35M nuclear-powered spacecraft project - Cornell Chronicle,Cornell leads subteams on $35M nuclear-powered spacecraft project - Cornell Chronicle,"Wed, 16 Oct 2024 07:00:00 GMT",https://news.google.com/rss/articles/CBMipAFBVV95cUxOVzdWbXlxblplai1SbTFxNzFMdVB5MHZ3WkVhVEFmUndYYl9uSmtiVjZrZkxtam0yMkJwV2UtOXFESkhRUUhqUmhMTmRZY2tZX2xWTXBGdW9GZXhmVDYtU01GVGJ6T1B1a005cm5wampncGs5cW1tQkM3M1I0WHBPS3hzaDFyVDM0U2gxS0tFVENHN1RKSTVwQU1iQUkwNmdFYjE2cQ?oc=5
2026-09-13,AIデータセンター,未特定,未特定,テーマ関連ニュース,⚪ 監視,0,企業未特定。ニュースの材料を監視,企業特定後に要再評価,未取得,未取得,未取得,未取得,未取得,未取得,未取得,未取得,未取得,未判定,未判定,未判定,未判定,未取得,未判定,SpaceXの宇宙AIデータセンター構想、高難度ばかりの技術チャレンジ（2ページ目） - 日経クロステック,SpaceXの宇宙AIデータセンター構想、高難度ばかりの技術チャレンジ（2ページ目） - 日経クロステック,"Wed, 02 Sep 2026 07:00:00 GMT",https://news.google.com/rss/articles/CBMickFVX3lxTE5lUG1KczNVYzBsS3gzWEo3R0tBT3FIT1p3cVl4NG45bnlzQ19rZVpFM0hZbUtzS19zbDlreElrWndEMUtOTnZycTZRUjRDWGZxa1RreUlGdmNZRHEzc3hjNUtCQ1d6OHIydldmU0E0eVViQQ?oc=5
2026-09-13,AIデータセンター,未特定,未特定,テーマ関連ニュース,⚪ 監視,0,企業未特定。ニュースの材料を監視,企業特定後に要再評価,未取得,未取得,未取得,未取得,未取得,未取得,未取得,未取得,未取得,未判定,未判定,未判定,未判定,未取得,未判定,マスク氏、軌道上AIデータセンター構想を擁護——冷却に懐疑的な声を「無知」と一蹴 - BigGo ファイナンス,マスク氏、軌道上AIデータセンター構想を擁護——冷却に懐疑的な声を「無知」と一蹴 - BigGo ファイナンス,"Tue, 01 Sep 2026 07:00:00 GMT",https://news.google.com/rss/articles/CBMidEFVX3lxTFBJXzlfT0NfWDgxRXNVZjRjMTFpU3p6c05zY3hvekNpTjFvbk1UMDhrQVg4WGZPU2FSZkJLRzViY1ZCQ01xUDlwNjhEUWpGVXFTUjlKNVdVSjltRXpacmhpLXpfbUNaWUZWaGJlUm1YclRMODZI?oc=5
2026-09-13,AIデータセンター,ZW Data Action Technologies Inc.,CNET,テーマ関連ニュース,⚪ 監視,0,成長テーマとの関連 / 企業を特定 / 下値支持候補,売上成長悪化 / 営業利益成長悪化 / EPS成長悪化 / ROE悪化 / 営業CFマイナス,未取得,1.0942068,-52.93804839138527,-70.11464473087635,-48.01703486824594,-92.9万,-21.361999,未取得,450.4万,要確認,低バリュートラップ条件なし,中,要IR確認,1～1円 / 2～2円 / 2～2円,下値支持候補,SpaceX、宇宙データセンター「AI1」概要公開--懸念の冷却「実はカンタン」とマスク氏 (CNET Japan) - newspicks.com,SpaceX、宇宙データセンター「AI1」概要公開--懸念の冷却「実はカンタン」とマスク氏 (CNET Japan) - newspicks.com,"Thu, 11 Jun 2026 07:00:00 GMT",https://news.google.com/rss/articles/CBMiWEFVX3lxTE1fc1lIbHp5UjVHSnhMeng5T0NmRTEwczI1cUZWM0ppbVNxcmFhU200UFEzN0lxQzhvUjVXNUlVRGJFbkhsUUxGclQyMzZScWxhSFhRTU1memw?oc=5
2026-09-13,AIデータセンター,未特定,未特定,テーマ関連ニュース,⚪ 監視,0,企業未特定。ニュースの材料を監視,企業特定後に要再評価,未取得,未取得,未取得,未取得,未取得,未取得,未取得,未取得,未取得,未判定,未判定,未判定,未判定,未取得,未判定,スペースXがぶち上げた 宇宙データセンター構想、 実現に4つのハードル - technologyreview.jp,スペースXがぶち上げた 宇宙データセンター構想、 実現に4つのハードル - technologyreview.jp,"Tue, 07 Apr 2026 07:00:00 GMT",https://news.google.com/rss/articles/CBMilgFBVV95cUxOSU92aFo4TXN5X2pibFpHbE9SVDdCQWJZSXJRSUxQYVQ1N2hhZEU1TUl3cEM4dThEX3V0M09hUlh4aDJIaTdrTHFWWVY3VExyMUNtZjh4c2lHSnZSd1pLLURQYm8zb3FmT3JoVFVsSkJvNmEzNjlmeFZmMEI5SzJiY2U1dXdXRzktWnQ1OTV0ZUhtSWdicXc?oc=5
2026-09-13,その他,未特定,未特定,テーマ関連ニュース,⚪ 監視,0,企業未特定。ニュースの材料を監視,企業特定後に要再評価,未取得,未取得,未取得,未取得,未取得,未取得,未取得,未取得,未取得,未判定,未判定,未判定,未判定,未取得,未判定,熱を制御し、挑戦的なミッションを駆動したい - isas.jaxa.jp,熱を制御し、挑戦的なミッションを駆動したい - isas.jaxa.jp,"Wed, 27 Sep 2023 01:09:37 GMT",https://news.google.com/rss/articles/CBMiYEFVX3lxTFBzNXQzWkthbDY2OGd1MGY3b25vZUktb1U0VGNNVnFSNmtQZ2w0VUVadHFLaFV5SDN1eW9FbkFBc3haWFhqUFF6NzRDVDBUU3YyUFJ4Tlk4M0Q0dVRaUkNVZg?oc=5
2026-09-13,宇宙,未特定,未特定,テーマ関連ニュース,⚪ 監視,0,企業未特定。ニュースの材料を監視,企業特定後に要再評価,未取得,未取得,未取得,未取得,未取得,未取得,未取得,未取得,未取得,未判定,未判定,未判定,未判定,未取得,未判定,スペースXの軌道上AI設計図の内部：100ワット級衛星は真空・放射線、そして1.77兆ドルのIPOを克服できるか - BigGo ファイナンス,スペースXの軌道上AI設計図の内部：100ワット級衛星は真空・放射線、そして1.77兆ドルのIPOを克服できるか - BigGo ファイナンス,"Tue, 09 Jun 2026 07:00:00 GMT",https://news.google.com/rss/articles/CBMiX0FVX3lxTFBFX2ROai1DTXJWMGFQMDlsU0J5Z1VYODhuTFB5N0xBeDhIdTRHZjBVQ01CekVfNHRiRERDaHY1RU9hUkhWR2RIamNhTk9HNWRBTDYxcjNQQXF6WjcyWW9Z?oc=5
2026-09-13,その他,未特定,未特定,テーマ関連ニュース,⚪ 監視,0,企業未特定。ニュースの材料を監視,企業特定後に要再評価,未取得,未取得,未取得,未取得,未取得,未取得,未取得,未取得,未取得,未判定,未判定,未判定,未判定,未取得,未判定,スペースX、軌道上AI構想の資金調達で社債発行により250億ドルを調達、北京の博覧会はAIの次なる最前線を紹介 - BigGo ファイナンス,スペースX、軌道上AI構想の資金調達で社債発行により250億ドルを調達、北京の博覧会はAIの次なる最前線を紹介 - BigGo ファイナンス,"Wed, 24 Jun 2026 07:00:00 GMT",https://news.google.com/rss/articles/CBMidEFVX3lxTE12MXRyaUQ0ZmRXSVFyRmo2cDh4MDQ5VWJiNWxaVDA5YTVzckdlSk9qRWw5emJ0WHFYY0pGeWJ3SmJSX25XMGdQbTRxOThIZWVsbmFWQmFiNXlnNHFXNjB2RXVDUFVzS0tJV0VFUjhELUVMeGww?oc=5
2026-09-13,その他,未特定,未特定,テーマ関連ニュース,⚪ 監視,0,企業未特定。ニュースの材料を監視,企業特定後に要再評価,未取得,未取得,未取得,未取得,未取得,未取得,未取得,未取得,未取得,未判定,未判定,未判定,未判定,未取得,未判定,The race for space solar - pv magazine Global,The race for space solar - pv magazine Global,"Sat, 12 Sep 2026 09:01:23 GMT",https://news.google.com/rss/articles/CBMickFVX3lxTE9hQ24wOFhRWWV3Mzl2b3g3U1BnVU9uVzQzR3pZUjZqd0xsVXZuQ3NxZng0Z3dfZXVHdzNCN3JQM0gtWFRyQTVoNkRvazMyVkFlYlprb0VadEYwTXpHWjh4cFRCTmh1SnNBc0U4T18tV0Fwdw?oc=5
2026-09-13,その他,未特定,未特定,テーマ関連ニュース,⚪ 監視,0,企業未特定。ニュースの材料を監視,企業特定後に要再評価,未取得,未取得,未取得,未取得,未取得,未取得,未取得,未取得,未取得,未判定,未判定,未判定,未判定,未取得,未判定,Rocket Lab’s new space solar cell delivers 31.5% efficiency with 40% less mass - Interesting Engineering,Rocket Lab’s new space solar cell delivers 31.5% efficiency with 40% less mass - Interesting Engineering,"Thu, 10 Sep 2026 12:54:00 GMT",https://news.google.com/rss/articles/CBMifkFVX3lxTE1wVExTWkpVbzBNOVZQRTZNdmY3TVhGVWxLSjJqTnQ0OGY0NUNQYllFTldqOFFXY0djbTVhOVdwMzhMZHg5bU9oVDNYUlZVUTVSZkhzLWlnSVdnQUhxT2dDdlotZjhMZW5Vckl1S1F4QmZFYS1zN0h0bFpaWFRfdw?oc=5
2026-09-13,その他,Liberty All-Star Equity Fund,USA,テーマ関連ニュース,⚪ 監視,0,企業を特定,売上成長悪化 / EPS成長悪化 / バリュートラップ警戒,26.727274,0.86002636,-34.243848089713566,-33.56222291172772,未取得,未取得,3.6089999999999995,未取得,18.1億,未判定,警戒,中,要IR確認,6～6円 / 6～6円 / 6～6円,主要価格帯付近,Rocket Lab launches lightweight space solar cell built without critical minerals - pv magazine USA,Rocket Lab launches lightweight space solar cell built without critical minerals - pv magazine USA,"Thu, 10 Sep 2026 14:56:11 GMT",https://news.google.com/rss/articles/CBMivAFBVV95cUxOVjZRb2ZhMk9Zb2ZCV202a0xoVXZJUFZSYmhNRHRSeUZkUXF2X2drSFBnMlJLZHVqMWEyeVFsVTRiRnl0dEhnRlQzY1RMVnVRRUVzY3lucXZILVpfTDlYZ3NDSlJhYkZUdFE1UmlLcEhCbXpMNUl5emFMT1F4Ym5xT1c4dy1pSUxOZjJnc29YMlR4YlpNYmtQM29XNF9LcnZkcDRVcGtOOGtpWVdsNUd0QVhRMUlIdEktRWZCbg?oc=5
2026-09-13,AIデータセンター,未特定,未特定,テーマ関連ニュース,⚪ 監視,0,企業未特定。ニュースの材料を監視,企業特定後に要再評価,未取得,未取得,未取得,未取得,未取得,未取得,未取得,未取得,未取得,未判定,未判定,未判定,未判定,未取得,未判定,Overview Energy to provide space-based solar power for Meta data centers - SpaceNews,Overview Energy to provide space-based solar power for Meta data centers - SpaceNews,"Mon, 27 Apr 2026 07:00:00 GMT",https://news.google.com/rss/articles/CBMimwFBVV95cUxQNG1TWWNxdGJfZEJ2WTNraDJMYTZGeE5zcEE3clB5LUxPZG1DeTNxZDRoMUk0MTljSnUwUkpwZTFYN2lMeXR2NXFDNXJEN0dGQWJ0N1ZjTHh2c2lXVWlZdFp5VVJaSmVlS3gtYmhBSXBwcWdRSUVSejV3WFFGQ3k1a05TczNJVGhzV2NNUHVRMGdzbGZqbTNST2tSUQ?oc=5
2026-09-13,電力・蓄電,未特定,未特定,テーマ関連ニュース,⚪ 監視,0,企業未特定。ニュースの材料を監視,企業特定後に要再評価,未取得,未取得,未取得,未取得,未取得,未取得,未取得,未取得,未取得,未判定,未判定,未判定,未判定,未取得,未判定,"Powering AI, Strengthening the Grid: Innovation in Space Solar Energy and Long-Duration Storage - meta.com","Powering AI, Strengthening the Grid: Innovation in Space Solar Energy and Long-Duration Storage - meta.com","Mon, 27 Apr 2026 07:00:00 GMT",https://news.google.com/rss/articles/CBMitAFBVV95cUxOWjZBYmRkOEJESnpnQ2RjSGd4TmxuUkRMWk1NRWZTZkVhbnZjOEgyNmJqQTVraXNVWlhiWnlWT1Jmd2FFVWVyWHI4R1J2OFJfVTdjRXZicFo0QjJxNlVBTFRZYUxLcHJCQm9hZmZId0w5ZU90eHdvVXNkcjc2VzBraHZtT29iNU9kU2VabmI1bHlSTUQ1b0JkVTBocmdMZHZQWTgxTXROQWlmUW1pcW1IQ0RLd0LSAboBQVVfeXFMT29fNG5EYjFiMTZkTk5LTWJ0TXRRMUM1YjlyRC0ySzB3TUJENU1zZXF6dFhQVy1ySVJSbVFUV2kxZW5BakNfbWw4SXcwZ2N3NlZkQlNoamwzeUpjODMtWm5HOHdXV3pYc2c1a1BtbEJ6YWQyQ25KUWhTcVVYMmlUTWtjQjlYMEphdVhtZ0xXOGNzTEZGOW5DNk81a1J1dENTOGJ0LVVjWkI1ZWZPMDVqejdVSVJKelR0ejZR?oc=5
2026-09-13,宇宙太陽光・発電,未特定,未特定,テーマ関連ニュース,⚪ 監視,0,企業未特定。ニュースの材料を監視,企業特定後に要再評価,未取得,未取得,未取得,未取得,未取得,未取得,未取得,未取得,未取得,未判定,未判定,未判定,未判定,未取得,未判定,China Progress Report: Space Solar Power Station - Inside Outer Space,China Progress Report: Space Solar Power Station - Inside Outer Space,"Wed, 10 Jun 2026 07:00:00 GMT",https://news.google.com/rss/articles/CBMigwFBVV95cUxQcFJWWDB4cTROOURPc1JvRTZMbGs2Vlh1SWN0RU1aYVRTUE5BeTByaFNwbTlqSHd6MWRxREVycTdoTUZjclZSNW9mVmw5eWllZTgwR21TcnNFM2g1eGdmazMwQTNaVDRNWmF4cTNaZmlHeTBLTWJWN0ZLTVlsbEJnMWRZUQ?oc=5
2026-09-13,その他,未特定,未特定,テーマ関連ニュース,⚪ 監視,0,企業未特定。ニュースの材料を監視,企業特定後に要再評価,未取得,未取得,未取得,未取得,未取得,未取得,未取得,未取得,未取得,未判定,未判定,未判定,未判定,未取得,未判定,Space-Based Power: Why It’s Gonna Happen - The National Interest,Space-Based Power: Why It’s Gonna Happen - The National Interest,"Tue, 18 Aug 2026 11:02:01 GMT",https://news.google.com/rss/articles/CBMijgFBVV95cUxPMmFldmk0cUwyVnRuSFN5SUJ5d2NJQi1QNTV1c21XSUxzOXozV1BzVnJVRmc0M2RkUURselE2cHhuU0VHY212TjhGc0pVQzdJTEp2SHFTS2xpNERoVi1fOXgyNzhfU2ZhVThuTHVYQmlQcTRZMUVmazRjZTdkbks4UktKbVZESC1OV282dWdB?oc=5
2026-09-13,宇宙太陽光・発電,未特定,未特定,テーマ関連ニュース,⚪ 監視,0,企業未特定。ニュースの材料を監視,企業特定後に要再評価,未取得,未取得,未取得,未取得,未取得,未取得,未取得,未取得,未取得,未判定,未判定,未判定,未判定,未取得,未判定,Meta Secures Overview Energy Space Solar Power Capacity - Payload Space,Meta Secures Overview Energy Space Solar Power Capacity - Payload Space,"Mon, 27 Apr 2026 11:29:46 GMT",https://news.google.com/rss/articles/CBMiiAFBVV95cUxOQkk1X3dGeGRNYm5qRE9PU2owVHNLaG0yRkpMMUhyMHg2QzlxWTkyQzktejJSUzloUUR1X0Y1U24wTHNnYURwQnpUTzVOaW9uWFRwX2pOZ0tRUGFDcHB2T0hGRWVnTWZqX3dtcmRkMkRDRzJIYkpacWFYVmhSOUZoMU5pZTdieDlV?oc=5
2026-09-13,その他,未特定,未特定,テーマ関連ニュース,⚪ 監視,0,企業未特定。ニュースの材料を監視,企業特定後に要再評価,未取得,未取得,未取得,未取得,未取得,未取得,未取得,未取得,未取得,未判定,未判定,未判定,未判定,未取得,未判定,"Why DoD, Silicon Valley now are betting on solar power beaming sats - Breaking Defense","Why DoD, Silicon Valley now are betting on solar power beaming sats - Breaking Defense","Thu, 09 Jul 2026 07:00:00 GMT",https://news.google.com/rss/articles/CBMipgFBVV95cUxQcVJFLUlTbHlpdnZxT05qNWlVaTRZVC1MQ2lmQ3M3b1RyMU14M0F1ejk5WFRUbWVOVnZQMDZzT1ZnTkk3ZmQxMGoteGNKTS1pUEQzRkVhdFljUEdiT3RfZG56MWJsVGRWQzZFU3pMam5TT2VuSGJFS3VxN2tDbkVZVkhJdmFNY25HQUkzQ3R0QTNlaUhtWERpNk42U0ZpdFgyM0dsY3p3?oc=5
2026-09-13,その他,未特定,未特定,テーマ関連ニュース,⚪ 監視,0,企業未特定。ニュースの材料を監視,企業特定後に要再評価,未取得,未取得,未取得,未取得,未取得,未取得,未取得,未取得,未取得,未判定,未判定,未判定,未判定,未取得,未判定,The Chinese scientists hoping to use a space solar plant to power the world - South China Morning Post,The Chinese scientists hoping to use a space solar plant to power the world - South China Morning Post,"Fri, 19 Jun 2026 07:00:00 GMT",https://news.google.com/rss/articles/CBMitgFBVV95cUxPd3d3MlBtaGVYaTBLWUpOMUZXYlVpUlVKN3J6MVM3c00zM2VDVnlrMXk3TklqSjc5T0l6RjJ3aVZhVEd5aklXbXpiUFlUbk5FZVZFOEZpSG1BVWo3eEdwc2taN191dmVkSjllTmR5bnZ3d0VyRW1HcU9mekFRUGVPQkkxaElxeXhSUUVOZ0R6RVBsMEhRdnVVZndQeVkwQzVuUzJ2ZkFSdjNJOU9aZGJxSWQ0VE1ZQdIBtgFBVV95cUxQUzFSeVJ0VkJSNklPUHN4U3pEZlR5RWVrczctX3hWa1UyUkpXMEVNNDBtRGRhRFNXZzJyV09XMll0X2FZOEFFNlQ2alAzdVRwbERUNnY3RUF4YTExN1VteUliRVJyemNfZHBtbnZmVnp2S1NFcjVlTVE4RHN0eW5ZUVVPVk9BZ2RpWFZ2dElnOWxGNzByYlNfejZiMWJqQkZka183d1NraUpPcFJKOXRrUTZLYjZPdw?oc=5
2026-09-13,その他,未特定,未特定,テーマ関連ニュース,⚪ 監視,0,企業未特定。ニュースの材料を監視,企業特定後に要再評価,未取得,未取得,未取得,未取得,未取得,未取得,未取得,未取得,未取得,未判定,未判定,未判定,未判定,未取得,未判定,Meta makes a bid for space-based solar - Latitude Media,Meta makes a bid for space-based solar - Latitude Media,"Mon, 27 Apr 2026 07:00:00 GMT",https://news.google.com/rss/articles/CBMif0FVX3lxTE1OT0hETUdXenB0dXk5bmlSRzBzZDEyeWNFT2JoMlFtOGdNQzdUQ3pFZG5PMEFvUDlGY3BYcy10aVIxUmVqOWwyMDBSWk1hVFI2TEF0MFNUQWYtTXZ5M1drWlpFVXRqZjEzamlGZXdHSm9GbTl2a3phTzhuQTJVTms?oc=5
2026-09-13,その他,未特定,未特定,テーマ関連ニュース,⚪ 監視,0,企業未特定。ニュースの材料を監視,企業特定後に要再評価,未取得,未取得,未取得,未取得,未取得,未取得,未取得,未取得,未取得,未判定,未判定,未判定,未判定,未取得,未判定,Rocket Lab releases germanium-free solar cell for space applications - Renewables Now,Rocket Lab releases germanium-free solar cell for space applications - Renewables Now,"Wed, 09 Sep 2026 10:09:43 GMT",https://news.google.com/rss/articles/CBMirAFBVV95cUxNNXZzT2d6N3BuNUsyaHhhUEgyTkNGTUZuRjRvczVQSmt2NzBDWjRxQjdRU3o1YnJ4amE0VDFYX3lPVHJxdF9zbWdCUC10RjFlcnBTd0hOU0kwWks4bkgzdnBqYU9ieXRRbkFxbW1fM1BhelJtX3NTSGRjZHRab1ZUdUhMVE01OWRySnpmbFlVVVo2R05RZmFWbXRLZUczRXgzV0dFY1BGVkJGckgx?oc=5
2026-09-13,その他,未特定,未特定,テーマ関連ニュース,⚪ 監視,0,企業未特定。ニュースの材料を監視,企業特定後に要再評価,未取得,未取得,未取得,未取得,未取得,未取得,未取得,未取得,未取得,未判定,未判定,未判定,未判定,未取得,未判定,Have scientists found the secret to eternal power? - Prospect Magazine,Have scientists found the secret to eternal power? - Prospect Magazine,"Sat, 22 Aug 2026 07:00:00 GMT",https://news.google.com/rss/articles/CBMiuwFBVV95cUxQbXctTWdKLXY5TGpIZFBBMzZJNnNVMUgzMFpsUzNKaC1scElKUHBtd0JRQXZYM2RoWlQxUnFfbzYwel9jN1dWbXhhTlg4UXoxTmF4Q0lhNUk3MC05RXdYZVZXbjgtLS13M0FWT2h6Z3pIc3NiZXRxVDhYN1JsZ1hoWmZIQk5ZTDY0MHFKc2JSSThtOTY3a0tzT0FfMWw0cnVYTlFZOTlSdmNzVTYtRDloS0g3SmFDNU4wenVB?oc=5
2026-09-13,その他,未特定,未特定,テーマ関連ニュース,⚪ 監視,0,企業未特定。ニュースの材料を監視,企業特定後に要再評価,未取得,未取得,未取得,未取得,未取得,未取得,未取得,未取得,未取得,未判定,未判定,未判定,未判定,未取得,未判定,Rocket Lab launches 31.5%-efficient inverted metamorphic space solar cell - pv magazine Global,Rocket Lab launches 31.5%-efficient inverted metamorphic space solar cell - pv magazine Global,"Fri, 11 Sep 2026 05:40:57 GMT",https://news.google.com/rss/articles/CBMivAFBVV95cUxOOG5mLVdQN1VsVFEzMWF1SDFvMFNSNUFFWVlOcmtaa1dtNnUwN2N6c1d6YkhrSk84bWJQZDlKN0kxYXZ4dzUwem5WSURtUmREQWZUcjY5QXBSSjgxLUlWcElETzRBR0RrZmh1ZHVFR3FuSUhBTHBXY05EU3QyUC1VNmJCZ0d3M294RWNuMFhQY2xmUnJCd0xoY2hfdGEwNnExd01pdDNwN0xrLUVEQWZpOHh1clZnVnRHSGJhOA?oc=5
2026-09-13,その他,未特定,未特定,テーマ関連ニュース,⚪ 監視,0,企業未特定。ニュースの材料を監視,企業特定後に要再評価,未取得,未取得,未取得,未取得,未取得,未取得,未取得,未取得,未取得,未判定,未判定,未判定,未判定,未取得,未判定,Solar Power From Space: How Close Is It to Reality? - Impakter,Solar Power From Space: How Close Is It to Reality? - Impakter,"Wed, 11 Mar 2026 07:00:00 GMT",https://news.google.com/rss/articles/CBMie0FVX3lxTFBlLXdGcG5VX0VReE1tWVZwYWdoczNBVXFNM1o3eDFZUjJZMGpCRmgxRkpmRmRsR2ZtbkU2MUQzbkc2dHFmVk1DbHJKTVJZb1lzb2NqV1lJYWVidWRsSGs1MnNHbGhHb2ZCU24xeHVrSjJRVzc4dnFwdkNITQ?oc=5
2026-09-13,AIデータセンター,未特定,未特定,テーマ関連ニュース,⚪ 監視,0,企業未特定。ニュースの材料を監視,企業特定後に要再評価,未取得,未取得,未取得,未取得,未取得,未取得,未取得,未取得,未取得,未判定,未判定,未判定,未判定,未取得,未判定,Rocket Lab Introduces Advanced Silicon Solar Arrays To Power Space-Based Data Centers - Rocket Lab,Rocket Lab Introduces Advanced Silicon Solar Arrays To Power Space-Based Data Centers - Rocket Lab,"Thu, 26 Feb 2026 22:58:54 GMT",https://news.google.com/rss/articles/CBMivAFBVV95cUxQMm1Edlh2ODJJbGt1bmhWa2tIcnJYRllySlZYOW50UUxNRE9wdWFENTJnRmdzdU4zTTVMVHhwNEd0bTZ3alFvZ0tZLTJGVHBkQVRQZEFNNXJTQnNoYUJLRThyaG0tUTFsbnhrVmpKNi16SWRxOHdXOVdGdEFKVHhUb0FfRTVSYS16RTZGTzM1WEpBOFlDaFlKLUU0T21BZjhRRUpjZDNrdEYzZXAyN05HZHZKVmVjYUlDUnV5cw?oc=5
2026-09-13,宇宙太陽光・発電,未特定,未特定,テーマ関連ニュース,⚪ 監視,0,企業未特定。ニュースの材料を監視,企業特定後に要再評価,未取得,未取得,未取得,未取得,未取得,未取得,未取得,未取得,未取得,未判定,未判定,未判定,未判定,未取得,未判定,Overview Energy demonstrates technologies for space solar power - SpaceNews,Overview Energy demonstrates technologies for space solar power - SpaceNews,"Wed, 10 Dec 2025 08:00:00 GMT",https://news.google.com/rss/articles/CBMijwFBVV95cUxNc1RDZXJCdTgwRWdZLTlwT29zT2NPMzdyY21UZDdEWG1VckxxWnlNcEx0elVtWFhWUjhRMDZwX0VWOG9jVVlSM3Mwc0JfUlhaVHhxQ1llVlBCVWQ5OFdGVEx3SEU3cHZIRFRRSGhxeEYtWXhmZmxWREpBMkNUZGphNUNXTUhtdlhaS00xQTZ1cw?oc=5
2026-09-13,宇宙,未特定,未特定,テーマ関連ニュース,⚪ 監視,0,企業未特定。ニュースの材料を監視,企業特定後に要再評価,未取得,未取得,未取得,未取得,未取得,未取得,未取得,未取得,未取得,未判定,未判定,未判定,未判定,未取得,未判定,『ガンダムX』サテライトキャノンと宇宙太陽光発電、30周年に読み解く共通構造 - 財経新聞,『ガンダムX』サテライトキャノンと宇宙太陽光発電、30周年に読み解く共通構造 - 財経新聞,"Wed, 09 Sep 2026 07:10:12 GMT",https://news.google.com/rss/articles/CBMiY0FVX3lxTE14eFU2X0I0U2wzVWNMQW15R3BxOHc3UktKeWc0dXN2V1g0ZDZwVUV5d3pmTDZnRzBkLXlWMkxEUDVwOHoyYmxadTBMSkdVX2tmN2FmT3p0LWVMNXN4YWxSd2J0b9IBaEFVX3lxTE5veXJPM2lIdEJUc0tuamZ5dlBndi1hWE9jcDNUYTFzNFBHRGdjbHV4dER2QVpicnlJQTR2LXc2RzNNc2xhVFlHSXIwdFhtLVhESVpJUmloUEVFdzV4NVc2WWhkZ3VnVlhM?oc=5
2026-09-13,電力・蓄電,未特定,未特定,テーマ関連ニュース,⚪ 監視,0,企業未特定。ニュースの材料を監視,企業特定後に要再評価,未取得,未取得,未取得,未取得,未取得,未取得,未取得,未取得,未取得,未判定,未判定,未判定,未判定,未取得,未判定,宇宙太陽光発電の電気を「選ぶ」未来へ。UPDATER、「宇宙太陽光発電×電力カラーリング」の未来構想を発表｜ニュース - 株式会社UPDATER,宇宙太陽光発電の電気を「選ぶ」未来へ。UPDATER、「宇宙太陽光発電×電力カラーリング」の未来構想を発表｜ニュース - 株式会社UPDATER,"Wed, 01 Apr 2026 07:00:00 GMT",https://news.google.com/rss/articles/CBMiY0FVX3lxTE1qRDR6ODRORzUzQ1haY0FJYWZvTWF6c3VnNUFES050MWVCR1BOdkdkM0Rkem1FVllIMnFEQUpKaEdPU0o0ZzdoTktwZGlINTZSVHZvdlRNUTdndU5mMTVSeVllbw?oc=5
2026-09-13,宇宙,未特定,未特定,テーマ関連ニュース,⚪ 監視,0,企業未特定。ニュースの材料を監視,企業特定後に要再評価,未取得,未取得,未取得,未取得,未取得,未取得,未取得,未取得,未取得,未判定,未判定,未判定,未判定,未取得,未判定,世界初「宇宙太陽光発電」で地上に電気供給 経産省、マイクロ波で - 日本経済新聞,世界初「宇宙太陽光発電」で地上に電気供給 経産省、マイクロ波で - 日本経済新聞,"Tue, 28 Apr 2026 07:00:00 GMT",https://news.google.com/rss/articles/CBMibEFVX3lxTFBiQi11QmJELXZ1OHBWbDRUbUZRN2U0NlptRWpCZ0pQSDJ4NGZYMzlVQ1FQdDMyOWNDMEFaLWs3dzZXWVpGQzRhSHJ3OW5pRmVpWTF0dWR6d3BDQWF2a3VjODBSVWFEdDZWYm90ag?oc=5
2026-09-13,AIデータセンター,未特定,未特定,テーマ関連ニュース,⚪ 監視,0,企業未特定。ニュースの材料を監視,企業特定後に要再評価,未取得,未取得,未取得,未取得,未取得,未取得,未取得,未取得,未取得,未判定,未判定,未判定,未判定,未取得,未判定,NASA長官、データセンターの軌道上への移設を提唱 宇宙太陽光発電でAIのエネルギー消費問題の打開狙う - BigGo ファイナンス,NASA長官、データセンターの軌道上への移設を提唱 宇宙太陽光発電でAIのエネルギー消費問題の打開狙う - BigGo ファイナンス,"Thu, 27 Aug 2026 10:06:00 GMT",https://news.google.com/rss/articles/CBMidEFVX3lxTFBHVE5TT0NTTkVnNFJLbmJ0SjliSjJNbTYtd25NTWM0UERiam5scGQwS0d4aDdmeC00d1otQy1WNlNleVJtNU5JUzloN0pRWW1iZ3ZlX0hydDk1Y3JhRWZyYTRCbGdCMVhsNmNrZnU1UzNlN2xM?oc=5
2026-09-13,宇宙,未特定,未特定,テーマ関連ニュース,⚪ 監視,0,企業未特定。ニュースの材料を監視,企業特定後に要再評価,未取得,未取得,未取得,未取得,未取得,未取得,未取得,未取得,未取得,未判定,未判定,未判定,未判定,未取得,未判定,宇宙空間で巨大太陽光発電！世界のエネルギー革命に挑む｜ブレイクスルー - テレ東BIZ,宇宙空間で巨大太陽光発電！世界のエネルギー革命に挑む｜ブレイクスルー - テレ東BIZ,"Sat, 18 Jul 2026 07:00:00 GMT",https://news.google.com/rss/articles/CBMiaEFVX3lxTE1aSjBKTVZUNkZNUDhRVTFiTkxvZTNzTFJQNFNBem9saHZlZy1EaFRPVzF6SjVRc1JwMWlmR3p5Z29XVmpsZHlxUnhEUUMwdEFEdF9peUMtS2xHbmtMN1d3bHU0Y2JabjA5?oc=5
2026-09-13,宇宙,未特定,未特定,テーマ関連ニュース,⚪ 監視,0,企業未特定。ニュースの材料を監視,企業特定後に要再評価,未取得,未取得,未取得,未取得,未取得,未取得,未取得,未取得,未取得,未判定,未判定,未判定,未判定,未取得,未判定,宇宙太陽光発電が1位、テクノロジー未来投資指数 脱炭素・新素材も高期待 - 日経クロステック,宇宙太陽光発電が1位、テクノロジー未来投資指数 脱炭素・新素材も高期待 - 日経クロステック,"Tue, 28 Apr 2026 07:00:00 GMT",https://news.google.com/rss/articles/CBMibEFVX3lxTE9jUGFhZVZCS1lSeEUySXFLdlB5QjcyanlEM1N4NlprNV9JbC0yTjVSZENqMmlUTDRCd3prOFJQaXF5UURCZkxpOXdwdzZ6a0dsTElLYW5UYUFXdWk4YkNtSGxwQ25XdHVkclcyYg?oc=5
2026-09-13,宇宙,未特定,未特定,テーマ関連ニュース,⚪ 監視,0,企業未特定。ニュースの材料を監視,企業特定後に要再評価,未取得,未取得,未取得,未取得,未取得,未取得,未取得,未取得,未取得,未判定,未判定,未判定,未判定,未取得,未判定,宇宙空間に“巨大発電所”！？無限のエネルギーを地球へ - tv-tokyo.co.jp,宇宙空間に“巨大発電所”！？無限のエネルギーを地球へ - tv-tokyo.co.jp,"Thu, 30 Jul 2026 07:00:00 GMT",https://news.google.com/rss/articles/CBMickFVX3lxTE1BbktHTXRVckxRQ3hVNGZ6ZVlEcnJWbFJXWl9XTFRkNTRoUUcwNXVpRDBwbXJubzJFbGRLNllsLV9jdDM1NW1nb2Fwcy1yUEkwTWRsY3g4OHNzU25lLUF0azA2czdxQklkMnNXU1ZfVnJZQQ?oc=5
2026-09-13,電力・蓄電,未特定,未特定,テーマ関連ニュース,⚪ 監視,0,企業未特定。ニュースの材料を監視,企業特定後に要再評価,未取得,未取得,未取得,未取得,未取得,未取得,未取得,未取得,未取得,未判定,未判定,未判定,未判定,未取得,未判定,「宇宙太陽光発電」へ、ＯＨＩＳＡＭＡの挑戦 ２６年度打ち上げ予定、地上で電力取り出し目指す - 朝日新聞,「宇宙太陽光発電」へ、ＯＨＩＳＡＭＡの挑戦 ２６年度打ち上げ予定、地上で電力取り出し目指す - 朝日新聞,"Thu, 05 Feb 2026 08:00:00 GMT",https://news.google.com/rss/articles/CBMiXEFVX3lxTE1UOFlxU1MyNl93VmdEWjdhNXNzSkJUQXdmNkxMVHFLTGN2X1Q4ZVNzMDRUTlBvbG9pd1B4d2Vhb3ZBTlNxU2ZiWVU3VExkRjBueUwwRHFlMnV0RGZR?oc=5
2026-09-13,AIデータセンター,未特定,未特定,テーマ関連ニュース,⚪ 監視,0,企業未特定。ニュースの材料を監視,企業特定後に要再評価,未取得,未取得,未取得,未取得,未取得,未取得,未取得,未取得,未取得,未判定,未判定,未判定,未判定,未取得,未判定,人類の課題「宇宙データセンター」…太陽光で先陣争い（中央日報日本語版） - Yahoo!ニュース,人類の課題「宇宙データセンター」…太陽光で先陣争い（中央日報日本語版） - Yahoo!ニュース,"Wed, 10 Jun 2026 07:00:00 GMT",https://news.google.com/rss/articles/CBMif0FVX3lxTE1LQ0xiOGFwb19WaGo2OGttNDBNVVlKLTJGMWJpQTgyVm82RmhHc1hVVkZDdHEyM2dDTXdqaFF1dnlfVUIyc2hoQW1BeHFhQjZQZmtTMHlySkNqbUtZcHVNRnJ0ZUI4YXozdGFnbnhadmxmeGpUMzRDaE9qd2VrSWs?oc=5
2026-09-13,宇宙,未特定,未特定,テーマ関連ニュース,⚪ 監視,0,企業未特定。ニュースの材料を監視,企業特定後に要再評価,未取得,未取得,未取得,未取得,未取得,未取得,未取得,未取得,未取得,未判定,未判定,未判定,未判定,未取得,未判定,[写真]『ガンダムX』サテライトキャノンと宇宙太陽光発電、30周年に読み解く共通構造 - 財経新聞,[写真]『ガンダムX』サテライトキャノンと宇宙太陽光発電、30周年に読み解く共通構造 - 財経新聞,"Wed, 09 Sep 2026 07:10:00 GMT",https://news.google.com/rss/articles/CBMiVEFVX3lxTE1OcWE1WVJ1Rmg2Q2QzVGljT1F5OUR1WlpoLVVqYXlHQWpaX2V1aDRMSVZ2X2JWaWNMWERoWnBPTUZCQi1NVTZvcDFSeTBmVWZ4bmdnUQ?oc=5
2026-09-13,宇宙,未特定,未特定,テーマ関連ニュース,⚪ 監視,0,企業未特定。ニュースの材料を監視,企業特定後に要再評価,未取得,未取得,未取得,未取得,未取得,未取得,未取得,未取得,未取得,未判定,未判定,未判定,未判定,未取得,未判定,きょうの5本 世界初「宇宙太陽光発電」で地上に電気供給 - 日本経済新聞,きょうの5本 世界初「宇宙太陽光発電」で地上に電気供給 - 日本経済新聞,"Tue, 28 Apr 2026 07:00:00 GMT",https://news.google.com/rss/articles/CBMibEFVX3lxTFBSUVk5WkJoaHpLYWk2MldMamdWWVJCRFMyY1phQWFrMm9kazZPb1hwSmpmMUxZbDBHRjhZZUl2UmdxcDRXMVFDSlc3NTFlRlZvWDhWNDhrVHJYQVE5QVBLU2FUTGdCajZESUtmbQ?oc=5
2026-09-13,電力・蓄電,未特定,未特定,テーマ関連ニュース,⚪ 監視,0,企業未特定。ニュースの材料を監視,企業特定後に要再評価,未取得,未取得,未取得,未取得,未取得,未取得,未取得,未取得,未取得,未判定,未判定,未判定,未判定,未取得,未判定,日本、宇宙太陽光パネルから地球への送電を計画 - アラブニュース,日本、宇宙太陽光パネルから地球への送電を計画 - アラブニュース,"Thu, 30 Apr 2026 07:00:00 GMT",https://news.google.com/rss/articles/CBMiygJBVV95cUxPcm5CUVpDN1p3T01PbkpDc2J4SENyRmVqRkFkWG43eVdqOUVCMUwxMUxTdTFBQkpvVHUyV3RaZ2w2dkQ3T3pHY0ZrUFRqQm1ZaFROY01aOHJFa1UtWTVDRkk0SkEwZERXUzNSM0pUbEpUY0pZMHcxeHFYOW5TMlZTZ09Kc0pzQm1QMmNKUk02RDM4S0Z1UjlHYl9GenVaaHphVGthSkhMU3ZWZzc4VzRzUjkxekpfTEt2V3ZxY2NCYXRJb1oxLTY2dURHNC1KYzdrTzlmTzVBZlFOanNtNFYwMmxrT0ZLX0wwTGtCNzRiYkJ0OGJWeXNkNHh1aGRETUNKWGIyWmJ3eWtOU1ZLdzNfWHB2cFZaalZwYXhpXzVwUkFnR09YVGk4amNqb0o1dDFCQkdrcW5SSWZIVktZdlh5ZlJYZVVmYmZTQ3c?oc=5
2026-09-13,宇宙,未特定,未特定,テーマ関連ニュース,⚪ 監視,0,企業未特定。ニュースの材料を監視,企業特定後に要再評価,未取得,未取得,未取得,未取得,未取得,未取得,未取得,未取得,未取得,未判定,未判定,未判定,未判定,未取得,未判定,JAXAの宇宙太陽光発電の話も聞ける！ 「環境ビジネスサミット」3月末開催 - kankyo-business.jp,JAXAの宇宙太陽光発電の話も聞ける！ 「環境ビジネスサミット」3月末開催 - kankyo-business.jp,"Wed, 18 Feb 2026 08:00:00 GMT",https://news.google.com/rss/articles/CBMifEFVX3lxTFBTU3V4NG41SW5ZR0Y2a0ZIcldub3g2ZTNWXzRnTE9XWFVoOF9acUZtYTlzWFJiYnFsTVdPX3BncWczMWNWaUE1MTRvVjZXWEVadWN5QU5RZ0t1ckpna2JHakt2aXJMbEowMHkwT2xHcV9ySGFEWkx0dU9Zc2E?oc=5
2026-09-13,宇宙,未特定,未特定,テーマ関連ニュース,⚪ 監視,0,企業未特定。ニュースの材料を監視,企業特定後に要再評価,未取得,未取得,未取得,未取得,未取得,未取得,未取得,未取得,未取得,未判定,未判定,未判定,未判定,未取得,未判定,SpaceX上場を控え、中国の中環新能源が宇宙太陽光発電に参入―ペロブスカイト・タンデム電池で1兆元市場を狙う - BigGo ファイナンス,SpaceX上場を控え、中国の中環新能源が宇宙太陽光発電に参入―ペロブスカイト・タンデム電池で1兆元市場を狙う - BigGo ファイナンス,"Wed, 20 May 2026 07:00:00 GMT",https://news.google.com/rss/articles/CBMiX0FVX3lxTE1IdzM0d3RCS3hyRjJVSC1ZRTdKR0hlNWZ2TlBiYVdoNHE0Uk14UkRZclpWNVRLVzRRVS05bGFrZ0ppcjRXdmhYV3RHc0V6b1hiWU1idnNGRi1GcmtQRDdR?oc=5
2026-09-13,電力・蓄電,未特定,未特定,テーマ関連ニュース,⚪ 監視,0,企業未特定。ニュースの材料を監視,企業特定後に要再評価,未取得,未取得,未取得,未取得,未取得,未取得,未取得,未取得,未取得,未判定,未判定,未判定,未判定,未取得,未判定,宇宙で太陽光発電して電力を地球へ。そんなことできるの？ - Gizmodo,宇宙で太陽光発電して電力を地球へ。そんなことできるの？ - Gizmodo,"Fri, 19 Jun 2026 07:00:00 GMT",https://news.google.com/rss/articles/CBMidEFVX3lxTE5fd29IX0VmeUFuaDRfOUFmRjVFVUlDaEw5bEdnMU5UelQ2MVRRdmJzZUxqTllBY1N5NVRNZDZvb1RSZld2bU9LQV91WTFnM2JidG1FeUxXNGRUYUlNNFYxVmsxLTBLVmhrbnRkb0Z4RGxZS25q?oc=5
2026-09-13,宇宙,未特定,未特定,テーマ関連ニュース,⚪ 監視,0,企業未特定。ニュースの材料を監視,企業特定後に要再評価,未取得,未取得,未取得,未取得,未取得,未取得,未取得,未取得,未取得,未判定,未判定,未判定,未判定,未取得,未判定,窓辺の陽光から宇宙の海へ：光翼新能源株式会社、AI搭載宇宙太陽光発電新製品を日本光伏展で発表 - 共同通信PRワイヤー,窓辺の陽光から宇宙の海へ：光翼新能源株式会社、AI搭載宇宙太陽光発電新製品を日本光伏展で発表 - 共同通信PRワイヤー,"Tue, 17 Mar 2026 07:00:00 GMT",https://news.google.com/rss/articles/CBMiW0FVX3lxTE8zUVF4WEo4YmNyLUVaOFNLRXh0RFh3V3o3STJiVnNtTEl2MzRQWUI5Z2JhOWVxLVVCeDR4c3Vwb05XVUJvREpGa3VkNkFTVXpKUFB1bERJczd0RkE?oc=5
