取得日,テーマ,企業,材料,重要度,スコア,タイトル,公開日時,URL
2026-09-12,光通信,Aehr Test Systems / Order from Lead Customer - Aehr Test Systems,大型受注 / 量産・生産開始,🔥 最重要,80,Aehr Test Systems Expands Silicon Photonics Production Momentum with Follow-On Production Order from Lead Customer - Aehr Test Systems,"Tue, 04 Aug 2026 07:00:00 GMT",https://news.google.com/rss/articles/CBMi3AFBVV95cUxNcVZldElLVlZJSkJ4NW1iQXNEWGFTbFBUVEtTcldtcHdqVDhjbTBMTWRZWHlRcy1vWkVxa0xZNjFPNWxXTGxCckpONF9RMnp6ODhoVURVZURKNVd1R1hPU201QlNYdzBJNE5tUVAzQUk4b3dFcmkydVNDXzI4Xy04aEJUdVFJaFNKdUQ4aFp6VE9EcW1hLWxCcFFac1hobXVZLVIyMU9MT3p1a0VTMUZ3elhOaER0VEV1QXZvM25LdWlxVFQ2MElNdGNVV0lNanJqTFByYkxKa3N6QUNi?oc=5
2026-09-12,AIデータセンター,Fully Automated Wafer-Level Burn-In Systems / Data Center Interconnects - Aehr Test Systems,大型受注,🟠 重要,55,Aehr Receives Follow-On Order for Fully Automated Wafer-Level Burn-In Systems Powering AI Optical I/O and Data Center Interconnects - Aehr Test Systems,"Tue, 03 Mar 2026 08:00:00 GMT",https://news.google.com/rss/articles/CBMi8wFBVV95cUxQZGxjcjBtNEJib3p1bE9NUENOeEY1bVV1U1dLYTR6b3RySE9LYVlvX3IwNlFGUHU4TTVCRnc2UTBQUWxyYXlScGNhU2lhelRoT1FMVURuVEw0X0RpRk9iWWFBYmVySmJlOG8yR25VLXFDaUlyYXdWVmFJU3c4cTAwYWk4R0RUMG9oNkpHUVFwd0Npdl95VC0waldBOVBLNmNaSGt4enNiUjROWk1RU2xVbTc3X19yUDMwVC1sYmJlbklTc0dFN2xmRmFBRkFmeEllWTFLMDZXTWY4cEdmeFlIS3BCU0RmaEgxTmRkbW9kS205eUk?oc=5
2026-09-12,半導体,Amkor Technology,戦略的投資,🟡 注目,47,Amkor Technology Expands Arizona Advanced Packaging Investment To $12 Billion - Pulse 2.0,"Wed, 09 Sep 2026 15:23:22 GMT",https://news.google.com/rss/articles/CBMinAFBVV95cUxNV01oMnBsVVFUdzRpVWhTUU5KTlhNeXJFS0d3NmRBeEdpRVI4bGtRR1VSRDAwb2Y3dnc5ei1oVXY3czM5ajRvN2tjRkVzM29fSzVtZUxTdmNFNjhlTldydmFjUnB2TTdMVnZKLUN2ZHl5Y05WR2p4TUVHT3FqZ0tMR2lyX3NMbTJVcTFlUUdxZW51ZXZXTVc0SVRubnDSAaIBQVVfeXFMT0lMenpWMjRDaHpjWmVmMFNKTlU2SUJxTmJfR0lsVUpJWWlrWHdMOVdhMjBETlhZUExzODA1bWg2OS1nM1hGYnZPeUdKNnVDUFRaanBvUUtFcFlyQUJ0YmUyZ2EyY1R5eDk2NlFTSEx3aERYbFBXOGhvaTNscVJTSXB1XzJobElRSnJSLVBiOEc1YnJQWmlYcWZwUy1Ya3dGZnJ3?oc=5
2026-09-12,半導体,,大型受注,🟡 注目,40,Disorder creates direction-dependent optics in compound semiconductors - Phys.org,"Mon, 29 Jun 2026 07:00:00 GMT",https://news.google.com/rss/articles/CBMif0FVX3lxTFBZX2VENGItZ0xHWExYRS1CeURJc2lOc0hDdERRLVlwZkhoZDlPeVhtMVlrSmREaVlIeUpqQVU4TjJfN0FwZnp6V0J3X3VlZ3hzLTlmQ1k5a2JFNDU5TklyVFJ5Tm1VQzlldkk1cER3Z01iQ1FqcTNRbUFSQWJFRVE?oc=5
2026-09-12,半導体,,大型受注,🟡 注目,40,SweGaN wins commercial orders worth €2.3m - Compound Semiconductor,"Mon, 27 Apr 2026 07:00:00 GMT",https://news.google.com/rss/articles/CBMingFBVV95cUxONVdsU1VaZ1dlR2VUa01FWWxfYzQyRXRuZEJfSjhQbmlxN0NfYlFIVko1bGdPdmRLTEVrbTRob3J4NnFod1JwcWVSdy04NS1aYUotLTViZTZrZTdRUmJ6RENFZmNwcmx2eV8ycUlnd2VlQ00wUkUyMDVYOXVfcUdJS2dvS29LdEVBTGk3SWVaM0ZsTkV0MDRPUkx4bUlxQQ?oc=5
2026-09-12,その他,Satellite Optical Communications Technologies,大企業との提携,🟡 注目,40,"France, Cyprus and Greece Partner to Develop Next-Generation Satellite Optical Communications Technologies - Thales","Thu, 26 Feb 2026 08:00:00 GMT",https://news.google.com/rss/articles/CBMiwgFBVV95cUxPRE9mM2JLMllIRnJNS0VTVU5nWVhxRkRIcWVndG03SEhnajBIbTh5Y2NhVTBvTHloU1V3aFlmUGNwNl9zTVVta3d4YXRRNVhtcVpfVU1PMTh2QTZ1aURValpZOXdzWHVqc1hWTmk1d1VRU1ZuY3l5TmkwcjRSdkttaXBJOUV3ME5ZdjNncUNaekRSUzhzdDQ3YjgzRG9SS19hVVNqcGVHTHl4Y000dFZad2sxMjhNZ0dYV1BuVzQwWmszUQ?oc=5
2026-09-12,AIデータセンター,,大型受注,🟡 注目,40,Starcloud Orders 50+ Starlink Laser Terminals for Orbital Data Center Constellation - MLQ.ai,"Wed, 03 Jun 2026 07:00:00 GMT",https://news.google.com/rss/articles/CBMipgFBVV95cUxQX1dZVGhjbFZORmZfZlRGaHJCNHU0NmJwQmNNb3N5aG9VbkM4OFkyYm14c1VTeHk1U1pMWVZ5MDhteE9QNlhtWUgtR1AzTVJvUlB6U2FrLXJiVC0zWUJsUGlBWnZkNHRLdkFKc2JLekRvMUxIT214dlljMzBjbV8tSlJsZE9zSWFaSC1YSG5iRHppaGJNOXFIdVhpUDNSRHB5SnY5bThn?oc=5
2026-09-12,その他,Enables Advanced Thermal Control Systems,量産・生産開始,🟡 注目,40,Additive Manufacturing Enables Advanced Thermal Control Systems for Next-Generation Space Missions - Tech Briefs,"Fri, 01 Aug 2025 07:00:00 GMT",https://news.google.com/rss/articles/CBMi7gFBVV95cUxNc3o2X3I2MTZxVmQ4WERlUTJrNldIYm1MTlUxaDlHRHIwdW1tNjBfUTNXNGgzMV9kVHpid0V4QWZQQkJic05jV0w2Ry1xcXBITlBvMzRYUC1lUDVKT05NLUpvRUNhWDVGWFk5QzlQOVR5T3lGMy0zNVlxWjlMZVkwaTJHZ0JGRU1RR05fUy03THBVMDE0X01LRWI0YURJTW43ZVRkQXNSaWtONUhvdHJpS2Y3aUo5SF8xajZJZVRVcVpsejBNbDF2d0dJcUR5dWRJRkNiM3QtV09DUW00Y1JWMU1WMXpDOHB3RnJUV3NR?oc=5
2026-09-12,AIデータセンター,Data Center HVAC Systems,研究開発,🟡 注目,37,"Data Center HVAC Systems Market Size Report, 2026-2033 - Grand View Research","Wed, 09 Sep 2026 06:10:01 GMT",https://news.google.com/rss/articles/CBMilAFBVV95cUxOaTRDd3h3R3BidDROSlZVZUZwMUlWQ2hxWGlHLWNrbFVZX3ZjVGt3UXpKUUpmSDVhN0RKZzB5dm5qeURHblZKTFJZdF9JVUpQVF9VWHA0WTQ3TGZXN2l4NDhYaWVPaVVNbGNFcGx5NmVpcTdFdWo0ZzBtVkNFYzdfdVc2SmttRWhldV9lc0JST0VXSk5F?oc=5
2026-09-12,その他,Amkor Technology / Cleanroom Technology,戦略的投資,🟡 注目,37,Amkor Technology increases Arizona semiconductor campus investment to $12bn - Cleanroom Technology,"Thu, 10 Sep 2026 10:07:39 GMT",https://news.google.com/rss/articles/CBMimAFBVV95cUxQaU5tY2ZPZVdlZHJUSGM2QTBRWE1mWGYxQ0hlY0ZPd1RnVmlSaUJEMjJpSl95MmpvNGxwZzNhVTFnejNhZ1ZFRGlzMzNfTnBJR0hvOURQQnRXaDliNWh4OUZfd2NzemZwX0VKQTR6VUpTOE9TQmpyN25XbnluajRMNkRISUNRb2hJX2tRSzlCVVJrMi0zcFNsOQ?oc=5
2026-09-12,AIデータセンター,,大企業との提携,🟡 注目,35,NVIDIA Expands AI Infrastructure Capacity in Partnership With Australia’s Data Center Ecosystem - NVIDIA Newsroom,"Thu, 10 Sep 2026 00:09:56 GMT",https://news.google.com/rss/articles/CBMiyAFBVV95cUxPd2dkbUp0Zi13THRQMU1kMXNIZVktQVN5NVR2cEszemg1RWM1cURfcDBCRGhLMGJfc3NTaW12anhJeGVDb1FfTC1SaHUzcnVUTzBnVmJseHBuUngteFBFLUZQT2FkMzBaTEEzclA0WFJGT0FmZ1htaFFSX1YwNnVTNk1yT0dnNVhzUm9Vbms0U0N0ck5UNVpyUlNZZ2JaQ3NDZ0hHUEw1VE5BMjZ0dGFIX2plWTRqRHRDeG5yQTFnY3pHZlFhcG9Ndw?oc=5
2026-09-12,光通信,,量産・生産開始,🟡 注目,35,EV Group Addresses Critical Manufacturing Challenges for Next-Generation Co-Packaged Optics - Yole Group,"Tue, 01 Sep 2026 07:00:00 GMT",https://news.google.com/rss/articles/CBMizAFBVV95cUxPSnoyQTNsd2JFNWFnTnlCTXRwbGR2Nmw4NUFsOG9UTDREVTViVXptZEpMRGZsX3B0cmRvUW9qbTUxWWxvV0hiZXdHaTR5WkgtT2dzTmt2SFRmVTdaV1l6dmk4TUR2bklCTnZmQTV5RS1zYW8yU2FiWHRXeEIyNE4yaUFiaUVSaVNQcHY4QWNKQ21JUmZhM2VHMDhnNWx1akRmRmE3R19rVU5zRUFxdjcyWWRJZG4tendLNEJTN1hLenB4SnJsV2s0Y1RKZFg?oc=5
2026-09-12,光通信,,量産・生産開始,🟡 注目,35,The CPO Debate Is Over: Silicon Photonics Enters the Manufacturing Race - semivision,"Sat, 12 Sep 2026 04:52:05 GMT",https://news.google.com/rss/articles/CBMiiAFBVV95cUxQWnlzOXhMaEFiOEZ3SXZhMEhtb1VVeC0wZnlKZzluYUF6VW9GcnczR1NoM1FXZ183M19NWlFYZ0d6LUV6R1c1UkVQM0ZkQkRhWnBGSzMzbERmLUt1UFBITVZuRk9qVHdvM0ZBcmt2SFRBM1AwaTRZWDZrTE51ODJ6VmVlTnE5eHJS?oc=5
2026-09-12,光通信,,大企業との提携,🟡 注目,35,Taiwan Forms Silicon Photonics Alliance with TSMC and 30 Other Companies - finance.biggo.com,"Wed, 09 Sep 2026 23:31:32 GMT",https://news.google.com/rss/articles/CBMidkFVX3lxTFAyRlBsdXRXSlo1NnktUkdqRmZYN1VNaEN2aXFaaGlHSGFtT0JGZ1pwaXhlNm5QdW5xOHJkdlFqYjJKUUpOYlc5dXN0d1hGWEpLcExUWnJLSHhIeHlBZ1ZtNmx4U1FSQnhCb2xQaWJwZWlTaGFHVGc?oc=5
2026-09-12,AIデータセンター,,量産・生産開始,🟡 注目,35,SWEP Expands Production Capacity to Serve Growing Global AI Data Center Demand - PR Newswire,"Wed, 13 May 2026 07:00:00 GMT",https://news.google.com/rss/articles/CBMizwFBVV95cUxOVUtrZkFsWV9KWlQ5WEE1U2tlZmRIbE11UVMzOURXQVRxVlhURWtKWk5vUGhNUWtBY1JwUTY3cFMyckZ6TEJvczlHUUlvc1hoekdSU3pIbTYtYlhuZXBKWGVuM3lkY2lXZGsyU21xM1hzeUdaZGM4TkZMeXZNelBIdEdSNkxVUmtmZXlnaTl2VGx1UzBrVWFPdF9jR3BkS3hzOWtZaExvbjZRR3gxWjh4Yk1rY2k1MTFwQjkwTnc4NzVjRk9zOVhVRUFmbjJ6T2M?oc=5
2026-09-12,半導体,,量産・生産開始,🟡 注目,35,"SK hynix Holds Groundbreaking Ceremony for HBM Production Base in Indiana, “Beginning a New Future for US-Korea AI” - SK hynix","Fri, 28 Aug 2026 07:00:00 GMT",https://news.google.com/rss/articles/CBMicEFVX3lxTFA0Umc5azhPbTVYTjFVckJGSkFrTlhOc2dqdXRrb0ljTG04MmFLTTJLc3Z1UDlnaml2N1BhelhJdWNIQ2R6TVRJUVF5aV9DU2pVVVd0a3RRQzFFbWVodjNOV1lXazF4WFlPYmRoMGZ6LXg?oc=5
2026-09-12,半導体,,量産・生産開始,🟡 注目,35,DB HiTek Nears Mass Production of 8-Inch SiC Foundry - thelec.net,"Wed, 09 Sep 2026 10:09:56 GMT",https://news.google.com/rss/articles/CBMiZ0FVX3lxTE9GN3ZraVlHc2Zzdk5ub0YtMy1XMVFMU1A1enpsVGRLM3I3eVVQbGcwYnRqTWxteGdhdzhwbkxNbzdXVFc0Wkh4U1M3UU9ySE5sWlFJeE42RFlwaGVVWldlZi1KNXpGbjQ?oc=5
2026-09-12,AIデータセンター,,大企業との提携,🟡 注目,35,Orbital partners with Reflex Aerospace for space data center constellation - datacenterdynamics.com,"Fri, 11 Sep 2026 12:46:20 GMT",https://news.google.com/rss/articles/CBMiugFBVV95cUxNQW96azZSWE5oUV9oM1hpYkE0SG5vd3Fxcm9jYzBxdW02ZjgyZC10ZVhiUFEzUXhJTkRMM0RpZlhsbEdTTTRsbnl2ZVg4Nzhnc182N05Falpuc0t0d2pIUHdGZW9aWmxDWG5qMlFqUURQRENxb0hkR3l0N1hGOWJLcGJFUFZFbUptbW0tVHNFMmRsNXYxamZLZU9kZDJOR3hnUHQwVzFiTW1kSC1tcnR3T2ZjbGZxNmNMcHc?oc=5
2026-09-12,AIデータセンター,,大企業との提携,🟡 注目,35,Orbital Selects Reflex Aerospace as Exclusive Satellite Platform Partner for Planned Space Data Center Constellation - asdnews.com,"Thu, 10 Sep 2026 16:00:38 GMT",https://news.google.com/rss/articles/CBMi8gFBVV95cUxOdm9LZ1l4WEhXYUhqLXhsVzBEWE9raUc4aTdUanFLZDQyZzJVdjVlcVFYWFVobkhPWEZKTHNiTlllb3VKNnFHMm1yLWlJb2o4QUxsYm5GT1ZzUVhHZ3FSWnlXMTZBalhYUzdDM3d1TllPcEpvZ2tuRlFiaHBDM08wb2VIdVA1dXFVa3pWeEdqSlJIU1NhQVo5b2pCcnFvUXI1VTRnLWU4RUUyYm9hSHBQdVZfLTZVUWEtNFFremZYZjhHbnB1eUxIVFdWX216UF90eUF5LUFRQWFRR0s3ZUlYZ1QwVUNLMXk3bEtKbEMtRFdJUQ?oc=5
2026-09-12,冷却・熱管理,,量産・生産開始,🟡 注目,35,"Additive Manufacturing for spacecraft thermal management: Heat pipes, radiators, and the role of Shape Memory Alloys - Metal Additive Manufacturing magazine","Wed, 15 Oct 2025 07:00:00 GMT",https://news.google.com/rss/articles/CBMifEFVX3lxTE13OVFNT2lIN0drVjhXZ1k4RVF4MWxmMmJFLVA0Z1RJRFZOVHRGZ1pvTHFnTnc5NWJRcTBiYlYwOGRydTZ3MUZSakROTy1adkxWZnVWOWJpY1laaGFWMndBLWNpSTV5RFVGeFhxdTdiOXZoTjNmb1dKOXhGYVg?oc=5
2026-09-12,AIデータセンター,,戦略的投資,🟡 注目,32,‘The Oil of the Next 50 Years’ — Trump Touts AI Data Centers Delivering Wealth and Investment to Communities - Yahoo Finance,"Sat, 12 Sep 2026 14:44:01 GMT",https://news.google.com/rss/articles/CBMikAFBVV95cUxNQlc2LXE4N3k1R2ZKeVdmU2x2T1VsZFFseTB4UFlrc2dOOVBMMHB3VVdROHlmVEZDRFlzRjBlUm9zWVFjUkFxUU5tajVfNDByaXEySC1OcHI4c1N6SUh0VEhkMGo4R3VnLWhvMENUc0RmTV9RZU9pWmJwUUlIUUtVVGppZWZzZXVQX2pLRExQUVQ?oc=5
2026-09-12,光通信,,戦略的投資,🟡 注目,32,Ayar Labs Raises 2026 Funding to $650 Million to Scale Co-Packaged Optics - citybiz,"Thu, 10 Sep 2026 13:38:31 GMT",https://news.google.com/rss/articles/CBMisAFBVV95cUxNMzc5c28yZjRFNXpjaFNEcWZQY3VlajNhcFpvZmtmeDFRTzkwMXlfRXpaSkVLd0lLd1ZmVjV6MkdjaE9YbEpqeHc4Vk0ycVNuaGIzOXdRZVVsZXJNUk1nQnlXdmpCRlhhQzNpVzZQSWZBcmhjRHNTSVl0eXppZnU5dFVER0tzT3IwOVA0Zk1zMENiZ3dvOXJmSlhRYlV4OFd2UkdORGpHcFpvQ25aQll2aw?oc=5
2026-09-12,光通信,,戦略的投資,🟡 注目,32,"Ayar Labs Raises Additional $150 Million, Bringing 2026 Funding To $650 Million, To Scale AI Co-Packaged Optics - Pulse 2.0","Fri, 11 Sep 2026 12:42:18 GMT",https://news.google.com/rss/articles/CBMixgFBVV95cUxPN0VJMGg1WW9tVzFrOHRlMGFkN25aSVo2V1VfOUNFMGhZZkswNFRBX0ZLMzJCdk1IZUNvM3hKWDRDVkRKclZPcjM2OW52S1FGakp5YV9saXRfcEt3eGdOWXkxUUh4dWJ2Ml9aMjFWMURxYVNOZU1WT2JWbHdPS05LYTRfVlFUMjJVMjJOQUdJeTVyOXB4ZWJTeTdYYkN6VUJLMUVWWDVvbkN2b0pJWDVEa04wZHV5TlZKdjlJVUt2RlRodVVTYkHSAcsBQVVfeXFMUFhQSHBjbUU0bzFKT0NSQk1jR2xwNFZVSjBnQ3o0RWNOV3hUazJScklsb3ozekFMak5DbDA5eU9XQVZhTi0yemxrMDBwdTRzQ05mZElrYl9EQzhqOFdYdGdkdndlTThnbnczR1RJa2dYeml3NGZmSzhmeS1PQWdXZ2VFZnVsUU5LaXN0V1BibEJFdXhjNnRjN01pekhIN3c1bHJvaTJuTTZHVUtJaDFFcWU4WmVlQUZEbHRveENVeHU0S1Q2aTFaNWtOVVk?oc=5
2026-09-12,光通信,,戦略的投資,🟡 注目,32,Optical interconnect startup Eliyan raises $145M in funding to solve the AI chip cluster connectivity crunch - SiliconANGLE,"Wed, 29 Jul 2026 07:00:00 GMT",https://news.google.com/rss/articles/CBMizwFBVV95cUxQNHZ3VnU2NURBYTItV3JieFJVNVVQdnBLRGd5bHdWb3BiZkJxSENQb1ViX2ZDQ1JnOWVTNTlDNWV4cjFySDFJWnhld0ZzYi04ODc2NUJhc29CdW5fOHhmQlhqUHkwT2RPb0lyU0lDSHdSOHhFX0VhT2NYQVpBUlhEVkVITnJvdGh4dW9NclEwdWhEVTZ5b0cxcXNwelNkTG03SzdYdXJzc2pnWi1iOE1fSFl6anNiYWVsWGVqTUJlUnZ5R1JVQ1FnTjNwSlZuUnc?oc=5
2026-09-12,冷却・熱管理,,戦略的投資,🟡 注目,32,LITEON invests $176 million in Poland’s DCX liquid cooling technology - Refindustry,"Wed, 09 Sep 2026 21:45:00 GMT",https://news.google.com/rss/articles/CBMingFBVV95cUxPVktTRElaTUxTUDI3aW85a0p4azJmZ0FqWnMtMUdVd3liWlRveGNLWndHRmVyNXZnc0UxRFFzd25HdjRMZ2xLUHI3ckZTZ19VT3dzbmEtRlVDNEhnbkdRZlRDQXpHS1ZMX3FCRUdLNFJhTnNSQUpIYW1pWHAxTjN5MExVNm9MNEcySG9iWV83LVNDekZOaUhqR191cGZTdw?oc=5
2026-09-12,AIデータセンター,,戦略的投資,🟡 注目,32,Molex Invests in CAEPlus to Advance Thermal Management with Active Liquid Cooling Solutions for AI Data Centers - PR Newswire,"Mon, 17 Aug 2026 07:00:00 GMT",https://news.google.com/rss/articles/CBMi-wFBVV95cUxORkJVT2otd2FCWFFLSG1fWV9mY2RzUFlUcjNpYXRpaVFadWtxcWtWUlA4T0piRUExb2IwUk1ERzNpekhiT3BfeVd6STJUa3JETFZYVUowRDN4aTE1Z1FUV1FIVDRNSWpQNHB1MFRQLXh6SC1KejY1V0QycEttdGRSV3pWMjFWeDFBZjNYTWJlcVZnU2k2ZzlZbW12NVB3QjhzaVp6by14VEh3Mm0tdkloTmRfbnBiM2kwQ2MxSXlXUnI5RlUyRGlaWEk0QlJEdFZyWUhiaEJSengwbktPVWNKRGFTVUdPOF9HT0ExcWVOZk03U25oMjF5MURWdw?oc=5
2026-09-12,半導体,,戦略的投資,🟡 注目,32,Amkor will expand investments in its advanced packaging facility in Arizona to $12 billion - KJZZ,"Thu, 10 Sep 2026 22:12:00 GMT",https://news.google.com/rss/articles/CBMiygFBVV95cUxPRnpRZGVxZ2RlR19CdTNTVU9NSjZST0tWZmVWd2k2ZVNPU1ZmWmc2VEM4RUEwQTdjTHJTa3lJc1FMMFdPXzc0blVZcTdaRHg2RTRsZGlTNkt2UkdScVd2Um5Ba2dEZHBFV1JTRjVhWk5OdjRVZ1RlNEVXZ250aDVQWm90R0RpZVVRSTlJSjVBbE9fRFJGSDdqazZ2c0xlWThzejdwSjctYThyQmVQZTFTdFVXaXpkZzJZQ05YT0dmVFdOT1hKRjljR2FR?oc=5
2026-09-12,AIデータセンター,,戦略的投資,🟡 注目,32,Orbital data center startup Starcloud valued at $2.3 billion in latest funding - Reuters,"Fri, 21 Aug 2026 07:00:00 GMT",https://news.google.com/rss/articles/CBMiyAFBVV95cUxOYXk3cjNRZ01mdE5sWmx2TXJZQUc4aF9RQ1FVMjh1eEVmQWhMajhuOFFfXzZGM0JOenJ3Vkxhc2pteEpzbWU3Znp2SzF2c1J5aUU3SlUzc2ZtbWhTcFZtWVFpZGpadGk5QVVNRGk5UXBueng2ZTkydF9vSUV0a2R4Q0lOQWdVYk4yNGE0N2ZJblpBUXp3MEdDSjNyREstci00c19TbGhUcFkwdXZiUTZZTEpwTEpKdWRDWnM3OGhxUGRsd3I4dGRuQg?oc=5
2026-09-12,AIデータセンター,,政府支援,🟡 注目,30,Federal Government Moves to Limit Public Input on Data Center Projects - Capital B News,"Thu, 10 Sep 2026 12:30:00 GMT",https://news.google.com/rss/articles/CBMiZkFVX3lxTE1DaVlhWUFVeFdZSHZrN2xJT0NQdGNLNWJWd1kzLWRwenlpa2hlWHV6U2E2elhqb1d0S3Q3QkEwWXd0MUJQMk1Lb3J2bmh0eThLeW0xUk1la3JDVWU5TG0tbjJkRmVlQQ?oc=5
2026-09-12,半導体,,政府支援,🟡 注目,30,Clas-SiC Wafer Fab gets £1.9m grant - Compound Semiconductor,"Tue, 18 Aug 2026 07:00:00 GMT",https://news.google.com/rss/articles/CBMikgFBVV95cUxOZi1LRHBXYlN1X21uOE9BNGhYRHgxakI2blBNRlhtblV5Z0pBRjRJS3B6aTNfbkZqUXpCajVPUEJiNWpoQzFKRElGNFlwcVRqNm5WMVR6TE93V29UV0tQbWFVQ1RUQkVzb0I1Y0ZGYmRLbGJZRjBjMUZ0LXlOTUttN3F2aWRRSXpuTHVUUnV1blBjZw?oc=5
2026-09-12,宇宙,,政府支援,🟡 注目,30,Government Unlikely To Allow Starlink's Inter-Satellite Laser Links Over Security Concerns: Report - NDTV Profit,"Tue, 16 Jun 2026 07:00:00 GMT",https://news.google.com/rss/articles/CBMizwFBVV95cUxNbXVtWUpKeUdjVVhzLW5JVzNMY1ZSa0RpTGRKUU51d1BlVjRFY2o3alBCRENaVDQ3ZzNkZHozQ1VnUjFaeWFCcl96VG5nenVKTGRWVDlkQXpURkk0LUMzOWU2RndoNnR3U0NqV0dTZXkyei1XNkJLTzV3ZF80UHlDQVlzUUhEc2paWkdXSWtkTGVaMnIzUjlrRnJzUmJvbTFJcGt4WG9ZeDhfcjlKSGZ0RWZVMXd6d2p0Smd2NzdVZmhQVmw2bWdRWmdEWUlmaDTSAdcBQVVfeXFMTjYxRWNYNVNKYlZQbW9Nck81U01jYVpWclZwRWhtRnJ3ZHhjSXFMMXlnVFRCYURONGZTLVRBUjVOX2hTX3BuRzY4cFQzbGhmUGUxZkRYSVZhZGhOSU5KMEZxaGlSNGtsQ1ZsT05ELVFWZWllWWJrc3BsOWxGVk1sYjZPMThFZUN1ZHpncFZDaE40WUJLcUpQRV8xMWcxNDhGTHdXX05ubHRDNzNBeFRDVm93aUk5VDB0WW9EN3RDMUJCUkRTaHhFNVFobWJrSzdYdXBJS2p4WFk?oc=5
2026-09-12,その他,National Institute of Standards and Technology,研究開発,⚪ 情報,27,Department of Commerce Announces Definitive Agreement with I-Pulse for a $250 Million CHIPS R&D Award to Develop Novel Silicon-Carbide Semiconductors - National Institute of Standards and Technology (.gov),"Thu, 25 Jun 2026 07:00:00 GMT",https://news.google.com/rss/articles/CBMitwFBVV95cUxPZWFiNzQ4X3o5S0poUTgwd2VJN3dxcl96dnoyTVR0cWNCMzVSNWQ5NHdhQ3hLUDNTOVhsUExVbGw5YjlMQTM3NVhISE1XR0JzblJIUENuMFlvT0tqSHIzb2E4VWhoZjRRb0FuN1dmaXdkQmlZWGI0Tk9PaDN4aGxxakZQQ2VZclZXU0xiUnRYNndPRVFvb242WWhJRjhoN3daLWRJc29ldVVGVTFzd3JhVXZIZ3p1MWc?oc=5
2026-09-12,その他,Space Photovoltaic Research and Technology,研究開発,⚪ 情報,27,SPRAT: Space Photovoltaic Research and Technology Conference - - NASA (.gov),"Wed, 09 Sep 2026 07:00:00 GMT",https://news.google.com/rss/articles/CBMiSEFVX3lxTE8yOEE2UmJBZEViMFlfOWlSY3Qta3lXeGQ4bHdqNHNCdWQ4bE5PaFZ6YWQwUVFjWHVRaVpoSWF5WUUyZzZ6ZnVQRw?oc=5
2026-09-12,光通信,Kyocera and Tohoku University Develop Technology,テーマ関連ニュース,⚪ 情報,25,Kyocera and Tohoku University Develop Technology to Integrate Optical Isolators Directly onto Silicon Photonics Chips - Business Wire,"Thu, 10 Sep 2026 15:03:00 GMT",https://news.google.com/rss/articles/CBMilwJBVV95cUxNWTh2QjN0TWE5bGNPSXR3RkpQZU03V1FLVDJvNUttdmN1SldQU09oV09ZY1MxRTJ5X1NMM05oNXJUdjRJMlRSU0VLTGZNbzlna2Z5eGJtQW9FakFnbHZ4NklOQmtLZDNqYVp1bHNBSEJYaTdJZ1huS3NTVmxqWG0yZ0twLVRyc0ZHbUp6X2V3V3YzUnhyV0VuRkM1OFFvNC1aOE5KVFcwR29Cc29jbjdXbWkwUmlnUzZVd083dlY4NjV6eERZWVkxdWFSTDItSDhDYVJPNGJnNjdXYnRyT3AzY1FVLWhhY0l3c2s2MXRWTGZKOGExYjhSSjJkWkJvUkp3UG5qRnhpQU1fTFctblVjMW50OWVMbzA?oc=5
2026-09-12,光通信,O Test & Measurement Systems / Keysight Technologies,テーマ関連ニュース,⚪ 情報,25,"Global Silicon Photonics and Optical I/O Test & Measurement Systems Market | USA, China, Taiwan Lead | Keysight Technologies, Advantest, FormFactor Drive Next-Gen AI Infrastructure Validation - Yahoo Finance","Wed, 29 Apr 2026 07:00:00 GMT",https://news.google.com/rss/articles/CBMipgFBVV95cUxQbkJxNVNBSWdMX3lSMGlxbEg0YnlHRHdSX3JtRzFuaVZUb1dpZ0dsYUZfc1NLTkptZjg2Rmg3dXF0bGFocHZoanRvaUM0Y1hoR2ZpMlh0Mm12Q1BuX0tzVFQyYVhtU1dLLWFRcVVVald3UFpYMVAybmtWZVV5MkxINW1vMWthcEJWLWhlSHAtSXFPbXFDY1hldmxTN193VWNVTzE0QW9B?oc=5
2026-09-12,光通信,O Test and Measurement Systems,テーマ関連ニュース,⚪ 情報,25,Silicon Photonics and Optical I/O Test and Measurement Systems Market - Future Market Insights,"Wed, 01 Apr 2026 07:00:00 GMT",https://news.google.com/rss/articles/CBMitAFBVV95cUxPZzNzUnRrSG5nQkNxeDI5Mm5mZS1JWGljWlpJNjh0bWl0R1VnbEFYY2FXZW9PWnpQSmdMbDBNSXVJYk9BRDRmUHdNNXVjNmRvZkFYNXQxNGdFQm0yUTJkVnVCVEtodklBV042bHpTZWtaR2RiTFV2RkJ3amdkcExESk8tUWsxbnoySVpkZ3d2WWlkdEhKZFJJWTJsQWZsdDROeHUtVzBDc3R6YTlXdDJveEg0V0M?oc=5
2026-09-12,光通信,,特許・技術,⚪ 情報,25,Surging Demand for Optical Interconnects in the AI Inference Era! Lumentum Takes the Lead with NPO and OCS Expansion to Seize Profitability Breakthrough - Moomoo,"Thu, 10 Sep 2026 14:20:00 GMT",https://news.google.com/rss/articles/CBMiqgFBVV95cUxNVUV0a0V6UDhMQ014bzg5TU9PV1g5WmdOSzQtTjg0aGVoaDZZMEF0WW1lemxYdDdYa1hjU2YtTUtuM3pyeUduN0thVXY5YTd5M1J4WHpBT0E2czR4OVFCbzEwbkpURDR4RGNMek5iZEIzS1pBZmJjYkJLS3o0MDl1cnZCdWhHVVdnbkdhaWVwUzVlTVBvTlVwWU1xaEp5ak82U2ZiZDdVSlY5UQ?oc=5
2026-09-12,光通信,,特許・技術,⚪ 情報,25,"C-TOUCH & DISPLAY SHENZHEN 2026 to Showcase Breakthroughs in Micro LED Optical Interconnects, AI+AR Smart Glasses and TGV Glass Substrates - Yahoo Finance","Tue, 08 Sep 2026 02:00:00 GMT",https://news.google.com/rss/articles/CBMilAFBVV95cUxQRlp2LTlUeC1ycTZZUFVneU4zWEVsZllPeXdKejl1d2FQMkl0R1hQTFgzRmFZV0pEeUFLdlJoOTBOWkNFU2tSVzBPV21hd0EzSzd1VVJXU3VHMjM1VGdybnQ4N05QRnNpb3Fzay1LeU8zRTJUeUdSWUpqWVVPNjJkZ0NjNC1FQkZHYVV4cVpKS0lDdkRC?oc=5
2026-09-12,AIデータセンター,Texas-Based SLB Acquires Thermal Tech Company,テーマ関連ニュース,⚪ 情報,25,Texas-Based SLB Acquires Thermal Tech Company Kelvion Amid Data Center Expansion - thetexan.news,"Tue, 01 Sep 2026 21:12:00 GMT",https://news.google.com/rss/articles/CBMi-gFBVV95cUxNT2dzWmZaQ1MySVVaRWl1amh2clp3MWpqYk1JUDhOSm1qQ3U5NlFpTVZmWGgyT2pYVno2OXBaekJhbHJxRU96bFlhM3F1MXR3bXA4YmUzZFAtWnU4M2JiSFdOTWdka2lsZ082N3hibU1Fbkl6SmkwMFJ1SEMxaW5xZWtCT0ppdDd0WGdHTXJCU0F5cFk5UklJZVZMLXNOdElyLVdfR0l6d2x1LXhrMDAtT2h2Wm02RUxhZzlSbEJ4U1JxZndQaHQzbUVzLUZOaU9vcjBkb3Etc3JnSWJrUXBYM1BCRmxzVXlhcDZMbnZYMXdzZ0pQMFVSRXJ3?oc=5
2026-09-12,AIデータセンター,AI Data Centers Become Energy Systems,テーマ関連ニュース,⚪ 情報,25,Power First: AI Data Centers Become Energy Systems - Data Center Frontier,"Wed, 09 Sep 2026 13:03:15 GMT",https://news.google.com/rss/articles/CBMirAFBVV95cUxPS0F5SXZzeTNiX2dhOXhOUWxaeGczbk5ZREp0QWhtNkFRRDU3aE1QVGdzV19WanZ1S1B5ck1rNE9tVm12YnlGVXNaQkp2MnVrLUMyNDlLa3Zqd2wzdkRiNGRHUzkzVDV5NHBJaC1udUpyZVpSM1FzREFWRHNSaWktS3RlTDFKNENvbnJhdFUyY0k5REhGVWpRNjZGRDc3dHpiVExfaHpXTGY5YXM5?oc=5
2026-09-12,AIデータセンター,Data Center Energy Storage Systems,テーマ関連ニュース,⚪ 情報,25,Data Center Energy Storage Systems Market - MarketsandMarkets,"Wed, 09 Sep 2026 07:13:47 GMT",https://news.google.com/rss/articles/CBMipwFBVV95cUxQdEV5cGd5MUtyaWlBS2RrRDNxZFUtU05zckVBUlpPUlBvVkM4b1JLRE02UklGYUVGV3FjeTlnZkxWRmpYQWNiOXNKQ2ttTlNCbGZZZ2FjcFh3MjhTVllfVW1ZTjU5V1hKRjVTTnFDVG5pTXY5cjJJSm9MUDd5TndTNFY4Wjdtb005blE2Z0x3dHR0ZG15TS1xYnRkZEt3R044WnczYjFCdw?oc=5
2026-09-12,AIデータセンター,Data Center Energy Storage Systems,テーマ関連ニュース,⚪ 情報,25,Data Center Energy Storage Systems Market Worth $10.48 Billion in 2032 - Exclusive Report by MarketsandMarkets - Moomoo,"Wed, 09 Sep 2026 10:59:00 GMT",https://news.google.com/rss/articles/CBMipgFBVV95cUxQM2xtLVV5Tm85QWNYUHBRdGRLeURhNndmZkctWjFQWHlod2N1WmlsaXFoRjNEaGZib0kzRmdwUWVKeDVOWnc3VTlnUE1zZnZlaml2MG83bDBtVDRGcDc4OG1FUWI5ZXRNZWd5Y05nSHVSWEp1bVpqSmJHODd5Nm42Q3NYa0Y4a0lVYzZxOEFMSTdhMkhJcml6ZnM3dUoybWFyOUdEaU9R?oc=5
2026-09-12,その他,,量産・生産開始,⚪ 情報,25,"BESS Industry Buzz: Beijing's manufacturing ban, 'responsible' data centre policy, LDES economics and more - Energy-Storage.News","Fri, 11 Sep 2026 13:07:15 GMT",https://news.google.com/rss/articles/CBMizgFBVV95cUxQVzhrb1BEQkZMX0pkd0dVa21DZWg3N0pSTUxQR3o2SjNjblJhZmN5eV92alpSblo2VVhEa25qamJab2VmaVpIdTM4LWhTbUFGaHY0SGdFWVRpbjdRLWo5UlE0X1V5anFCVXFYSGtPVnZwRUlpWTN4WTVaaVRwWEJFakFYcHEzbHZ2cnllejVLdnpoLUxHaENfYkRoTEdGSHlZMnNhXzd5SDRwTHdza08xcmJWZ2ttVFRzUXYtVk80UWI4SHNSU19RNER5dkFodw?oc=5
2026-09-12,電力・蓄電,Mobile Motorized Storage Rack Systems,テーマ関連ニュース,⚪ 情報,25,"Mobile Motorized Storage Rack Systems Market Forecast to 2035, Driven by Warehouse Densification and Energy Storage Integration - IndexBox","Sat, 12 Sep 2026 18:51:21 GMT",https://news.google.com/rss/articles/CBMi7AFBVV95cUxQb0ZWNldFRFFydG9KbHg5cDJfQWIxX0VMRnI0NjE1MndkblpsbnNMUWx4cVU2ZkYxVWJrLXpVeHVLV3d0dHhyVEtZajAyLVJkcm5Qb3NxT0VkYU82OW5QS09pS0dXYUJrRXNESEFhNTV3V2ktOTVXZ1ZnekdkS0lGNU4zRS1NQUJZeTA0T25qM1M4d1hUYk5qNkdIRllMV3dvTGVqX3FkaVhFWlVzMk0xSC1TRVBuZG1rTnZpUlNSM2ZITEdFeU9kMURuY0VxaUNrWUE2cmNIQlRJVnRLeVdZQVlsWGJGZjAyVVlHRA?oc=5
2026-09-12,AIデータセンター,Data Center Energy Storage Systems,テーマ関連ニュース,⚪ 情報,25,Data Center Energy Storage Systems Market worth $10.48 billion by 2032 - MarketsandMarkets,"Tue, 08 Sep 2026 12:04:59 GMT",https://news.google.com/rss/articles/CBMijwFBVV95cUxPSkxPOHNCX0M0MldqZjRjRUxlY0xnZWxYS1Z3d1hFdlFvYmpHU1pSdzljUlEtMWhtUVBhT0JLS0VXZ19WMkpVM2tocDBxSG12WkVtRXpRX1lER0l4cW1iSTJrT3lLeFZwcTZpQWFISW1MODhRT2ZkQzMwN0ZQdHJZNEZVY3JEd25XbHhoa0NpYw?oc=5
2026-09-12,半導体,Chiplet Summit 2026 - Marvell - Marvell Technology,テーマ関連ニュース,⚪ 情報,25,Company - Events - EE Times Chiplet Summit 2026 - Marvell - Marvell Technology,"Fri, 19 Jun 2026 21:47:31 GMT",https://news.google.com/rss/articles/CBMifEFVX3lxTE9yOC1YN3kwRTMtVzJGckxKMEdoLTlmQ00xRGV1Sjg2dzFYMjZJeWRaZUMwZFhsbko1RVlENHFXdC1May1UcHprek5HVUhiRVJUYU9QSDMzdHhSU1dFcE5yUTdDaWlhNTU3RHI1UUxlQy1keXhZVDBqNUtwMUc?oc=5
2026-09-12,半導体,Chiplet-Based FPGAs for Mission-Critical Systems,テーマ関連ニュース,⚪ 情報,25,"Processors and Chiplet-Based FPGAs for Mission-Critical Systems, Scalable Physical AI Solutions: Embedded Week Insights - embedded.com","Fri, 11 Sep 2026 20:33:22 GMT",https://news.google.com/rss/articles/CBMi4gJBVV95cUxOdDBXWGh1Vko4dnQwMEt3Z3cySGxqRHU3OERDY0JzMzlXVUgtUDZ3aFJ4YkZHYnJ3TXlGOFdoSVhzaHNRUVQwdWNaSE96RGVRMWNuWWFsbnVpN0RENTZ5QnlEc045TThpckVkUmR6N3cwY3VhM1ZVMFZIcEpxa19URWM3R2JoN1dUNzVTYjhBQUVYU05XdTVOQmJaZmFuMkNjcUF0aHg2QjRKQ254bXBRSlFJSzRHRlFJemczVjdNV254WWk3bC02ZWxSa2FxZTM4RE9KVVVocl9XMEFTYm1KVHlzUEdSeDZ4ZGotbjkzc2prWnNUZ0FRZ1RBczJxb2t3RVd3anRuTzJPVzFBRmdmd0RES1pDSFQ1bVhGUzRNSVF1R0dIMk45V2lCMzh4QmFxYk9OczZuYUVYYUxkcGxyUmFnWlRUMDBrQVlmbGpDbVNOQlc3S3gxQmZrNHF6QW9uX3c?oc=5
2026-09-12,その他,,大企業との提携,⚪ 情報,25,"Purdue, GCCS partner to scale the future of silicon carbide - Purdue University","Thu, 28 May 2026 07:00:00 GMT",https://news.google.com/rss/articles/CBMinwFBVV95cUxQbXNBOVU5ZjRVQlVaSkczR01mV21BWFNaaHB4SmpnY2YwYldzcy1VbGgyS2R4LU1Hdkh4RllyWVRlZzRvREs2ejE1M0NJblkzUDBMcnJfTG5lSlRuSlFUazBHeXpCcmtSY3kyNDBqZTIwV0lQZWVsNnFoM3k3Slk3LUliaTVfWjRYV0NkNjhjR3ZJWmFVc2lOc2Faemxwdk0?oc=5
2026-09-12,半導体,,特許・技術,⚪ 情報,25,RF GaN patenting activity slowing as technology matures - Semiconductor Today,"Mon, 07 Sep 2026 07:38:45 GMT",https://news.google.com/rss/articles/CBMigwFBVV95cUxQTm5wdGI2eTNFNThMVzRRcTd3QUtxODJCWnlqQ29IcnpqWmV6M3d3cWpzVVVEanJQcGo5QlZ5eEFpOGtzM3dIN2JZNHE0SXIxZFRWakFmWHd2VUNUZFl1bDRJSXNfYlRyVzBxOE1WUFRkcng2Wk9tR0JaakNjdlp6YmxoVQ?oc=5
2026-09-12,その他,,大企業との提携,⚪ 情報,25,manufactured in the U.S. through GlobalFoundries partnership to accelerate AI infrastructure - GlobalFoundries,"Tue, 01 Sep 2026 07:00:00 GMT",https://news.google.com/rss/articles/CBMi-gFBVV95cUxNQTdFLUtKVG1sc1dpR1ZuSjg2cFEyMDhVOEJfcFlzOEwwQl9Bd2QzcjRmY1ZaQ3NRMjZFY3M1U1RmcjJ0STFOMGtsT2VESVZVOVltcVFDQUtINml1NUp4MEczZnRqRmlLSXdRZURRbkdwSHp5dElhN1gwQUNoaDlwNmtSRWk4RGJLZmJhYnFvSVlOV2JuMC1RWnRRLWJkYVZVNEdBX0JDQ1lNaGJoTkRNeElZYnlPNWQ2WU9FZlRBUkM4MDBhM1dmeDlfdXBVSUFvZV9hVV9oUjFUekozbEtiUENGWE9xelY4VVQ3U0tMbDlGSklaTnREODVR?oc=5
2026-09-12,半導体,GaN Semiconductor Device Technology,テーマ関連ニュース,⚪ 情報,25,"GaN Semiconductor Device Technology Innovation: Key Trends, Growth Drivers and Opportunities - MarketsandMarkets","Thu, 16 Jul 2026 07:00:00 GMT",https://news.google.com/rss/articles/CBMikgFBVV95cUxQel9Wc25nZmx0UlJaeEhsNHBRSWNnRVZBckNzWkQyTUIyZnQ1VWNmVmZqSG9XcktmRWlpN2EtLUtObEUtaGtZekpWRjdKWnhZVnRSSGZEeEl4Y1pSY0cxbGtkM0l3MUtYc2lMZU5KWUlUSFF2QmhmWXk1VUlEYUxkVnZMUzlSNHRXY3VpVl9RU29Ldw?oc=5
2026-09-12,AIデータセンター,Beyond the Grid - Bain & Company,テーマ関連ニュース,⚪ 情報,25,Orbital Data Centers: Beyond the Grid - Bain & Company,"Fri, 17 Jul 2026 07:00:00 GMT",https://news.google.com/rss/articles/CBMidkFVX3lxTE8yV2RkTEJmWjU1X01RWjdKZkFod0wxXzZ6WnFadzRiTDNIQU9SQnRYV1RlaDJBNW1ZVmw1UEFjT0RBM0hLUnAxWk1ma3pCUkVUc2E3STcyaVlMNjBobGFIbHhFc0RLSkthV3dLVmJRRmRhdi1la0E?oc=5
2026-09-12,宇宙,Adaptive Free-Space Optical Communication Systems,テーマ関連ニュース,⚪ 情報,25,AI Weather Classification Powers Adaptive Free-Space Optical Communication Systems - Bioengineer.org,"Mon, 07 Sep 2026 01:52:07 GMT",https://news.google.com/rss/articles/CBMiqwFBVV95cUxQZkhkekc4VEpLVGJsTGJvbWQ3QmUyeFR5MnJlQ0dmbzlxVERKVEIwZ1dsRVJ6OTRRS3Y5UjlzX1Vib29vQWJkR3BPLWNjUnpqM3VnUDRfMllzdnJEakd2T0Z5RndPRmJ2OTBFSlhnLXZjSTdWdm5PdzhOMVlyVmVvS0htN3AwVV9tNFJsT21FZzhWTHctUjR5NEtuYlJ6YUMxdWdoQzN0blY4X2c?oc=5
2026-09-12,その他,,量産・生産開始,⚪ 情報,25,TakeMe2Space collaborates with QOSMIC to build indigenous laser-based satellite data relay network - ET Manufacturing,"Tue, 30 Jun 2026 07:00:00 GMT",https://news.google.com/rss/articles/CBMijwJBVV95cUxOYlZRRHliNEd5Z2lRZ2pzNWZBeGxha2RTTl9fRUVfbF9SN3pESXNpUGRHYUdjRHRURi1xTnlEVFpNYzNwdWtRMnFPdDZzVDNXeHctZmVsaXhkX1BHLXJQMVBwamVJQVd3bm15Vklva2hxVEE4UjAzbk05YWxDcml1S09kUUF0WEVXRERSOEp5Y21VT2pQT1VBVTNpaE4tNkNnX2xUY3dIbGxwbDU3aC15VHlhMFpkVnZYejR1YURtVGhqclRyRmNEaDloVy16eDI1N09ucXlfUGRXZmlFdGxuYjI3eWUtOXlGci1jbDhxTWRHamtOOF9xYlg1OG5ENFEwUU56MUUydzM2VDZzZWxF0gGUAkFVX3lxTE1EM0lzR0hIOU9NeHZEQzktX05WQlFLS3hUXzZ1RDBXSmhSWkQ4WEstU2FDVUFBakYzVnVMZTNJZkJKVURiM29DblFkazJhOG5Id08tUVJOTkVLVGxDV0tIUENwd0FpQXJpZTF2d1ZfbGxwUnh3LU1nOWNxeXcycUhHOVFyQ2F4ZGtxOVg2OHJGc21HaUQtVXp0X29YMGNXc3JhcWJJNkhJa3JfVnQ0V0c4U0VLTDQzSmFXdWZSbEhacnh4WjRGUkFhU3pPbmV3YlhtbUVCd2JicTR4dlJGcEZ0QTNKdHJrSFVqenA1WW5QbTRpZHltWG94cDdBdFFWNFc3OUx0X2NPcjZiYTl2X0dHLVVzdw?oc=5
2026-09-12,AIデータセンター,,特許・技術,⚪ 情報,25,AI plus IP: Sophia Space and Caltech secure a patent for orbital data centers that use passive cooling - GeekWire,"Wed, 29 Jul 2026 07:00:00 GMT",https://news.google.com/rss/articles/CBMiigFBVV95cUxQU3AxU0VBbmM0UVhyZ2VQdEdYdlhtX2FPcjYtNkNtamdMWWRld2NpX3pVWS1TZk1xdnBvZjhjWDBHbDhLYy1BVzlWVGxsVENmazAxaS1CekZLRmkxOXhzVHNkZjB1YjJvdHNURVVnbXdCZDVVTUZEUGtZdDlJVlZmSlprZDA2TDZqWUE?oc=5
2026-09-12,宇宙熱管理,I.S.T. Corporation,テーマ関連ニュース,⚪ 情報,25,"I.S.T. Corporation Introduces White TORMED®, a New Polyimide Film Platform for Spacecraft Thermal Control - PR Newswire","Wed, 26 Aug 2026 07:00:00 GMT",https://news.google.com/rss/articles/CBMi7AFBVV95cUxQYkxVYzNRYVdkVzNFTUlRbjVxSzJCUjltVGllNDRwUjNQZTd6TEJ3cDI0Z2hpcUhFT3Z2QWh0RFY3Nk5CcHFfbExRY2E0RmZxLXFUeHRBeHZLZ3liMkxobmYwMzRUa05kOFVpa3Z6d3Bmb09OSXNDRjlzREhkSXZwRl8ydklZOUt4RDd4RGxEMVRZTGNuTVotWFdqdWw2aUI3MmRycEI3SXVsQVJxWlhYdk1jdWstZWJHcUpTNHZ3eEJueXhsUG1ZUXJsNmZrS2dEYWJUN3VGekVtTVVOYV9pZkJoalNQNFlGNlJrUw?oc=5
2026-09-12,冷却・熱管理,Phantom Space Acquires Thermal Management Technologies,テーマ関連ニュース,⚪ 情報,25,Phantom Space Acquires Thermal Management Technologies - Payload Space,"Thu, 02 Apr 2026 13:02:31 GMT",https://news.google.com/rss/articles/CBMihwFBVV95cUxNSmJRbTRuUzcxRkdXdEctaWxEMTdmWnpETGh0TGJBTG5WeDZWb09lN29CcWg1cVhUcHBka0VDWVJ3cUxlaEE1RlNpTzlUUEhiNktHek5YM05aeXlrRHNQQkVuQXBOa1ZxVURqdVR6ZG9HYjVBYkFmaVpfN3Y2b1Y3MXc5cUsxM1k?oc=5
2026-09-12,その他,,量産・生産開始,⚪ 情報,25,"U.S. DOE seeks ‘mass, radiation tolerance, and durability’ in space solar cell manufacturing - pv magazine Global","Sat, 12 Sep 2026 08:31:23 GMT",https://news.google.com/rss/articles/CBMiwAFBVV95cUxPeHNTUXFaRzZOb0U5bUlLakk1UmxLZ2E2SV91bDM1WVNuUWNWeDlLMEplblgzVk5rWEMxNDBHd0h6bEl4UEpPSzFYWmlGdTNZamR5aGpOTF9welpWS2ZJdlFJTmZVUGZIUmUwTENWc2NsSUYtN2M5Rnk4Nm52RTlydl9aeG1KUHhsTzVRWEJZeVkzSUpJMFRfUDdHMVl6VW1PczVWYmNLT2E0LWlTUmM3NHlyR2poUnpqVkdZSlViOHM?oc=5
2026-09-12,宇宙太陽光・発電,New-Generation Space Energy Systems,テーマ関連ニュース,⚪ 情報,25,Keynote Speech: Pioneer of China's Space Perovskite Photovoltaics & New-Generation Space Energy Systems | 36Kr 2026 Industrial Future Conference - 36 Kr,"Sat, 12 Sep 2026 03:33:30 GMT",https://news.google.com/rss/articles/CBMiU0FVX3lxTE9xdkxjaGxpVFgzaDQtQVdZeE0xWHcwcHZsVUZkZzJnQzBIblMxZFlVN25CQ2RIdlR6Y0tPMWRUb2lFX1JhR3FOYTdTY1VGVDdKR2Fz?oc=5
2026-09-12,AIデータセンター,,研究開発,⚪ 情報,22,"Data Center CDU Market Companies, Size & Trends 2026-2035 - Precedence Research","Wed, 09 Sep 2026 07:00:00 GMT",https://news.google.com/rss/articles/CBMiaEFVX3lxTE1vNWdOY282Z0haZXlUVW55RUFMamVhRGhNRnZGM2psQWtBMGVqRFc2dEo2WnA5MTltbEVMRnFEZVl4QnBfWnRNQWwtOWppaGZkc0locUpFZDFOblk5LWxENGpDYjR0Tklh?oc=5
2026-09-12,その他,,戦略的投資,⚪ 情報,22,Ayar Labs scales funding to $650M - Lightwave Online,"Thu, 10 Sep 2026 23:36:58 GMT",https://news.google.com/rss/articles/CBMiiwFBVV95cUxPNnBGWHBKSXk4Y2EyUzNVYW5FVGlKSmh5NVkxSU84S2VvZDhsdjBuM3k0V3VXbEQ4a1NTV0Rxbk1YQjhWMVhJeXVOM0k1WHpqLUtTREdXZXVaMlNhck5DeExuNkpfYUV4a01EbHltdXYzNU5GcTdMWlR6WEpJcXdxTENEQWM3dGVzN2Vz?oc=5
2026-09-12,その他,,戦略的投資,⚪ 情報,22,Ayar Labs Raises $150M in Additional Funding - FinSMEs,"Thu, 10 Sep 2026 14:49:54 GMT",https://news.google.com/rss/articles/CBMihwFBVV95cUxQcVpHNlJOeHZfMGZYdk9GX1g1dHU4LU9CdzU4cXhqeVZTV3FqbVcyQzM3TklDVDBabzhfY2dTM0tlZDMtVDh1UDg2SmV0cHJnalYwckk3ZnlhZk9Qci1TM0lhU08ycDFOelRJS2FGYlprVU9HZFBUTkNpbURsV3c2dGxDdDR4eEE?oc=5
2026-09-12,その他,,戦略的投資,⚪ 情報,22,Ayar Labs Boosts 2026 Funding to $650M | Business | Sep 2026 - Photonics Spectra,"Fri, 11 Sep 2026 11:02:34 GMT",https://news.google.com/rss/articles/CBMiigFBVV95cUxPQmNXVHd5Q0RNaC1JLTcyMVBWazdaTHFHaWRrVlkwRmozS2EycWdWZTZua2dpdm1Kb09YTWxIMnJXTHVQeVdlSElmNWRPTkJwdmpHM253OW42bnNMVFhZeFRRZEdlNXlqT3lJQTFBclZJamVZWU54OGxDaC1COXJRLWkyOUQ0ZHh6cEE?oc=5
2026-09-12,光通信,,研究開発,⚪ 情報,22,"China GPU developer Biren expands AI chip R&D into optical interconnects, advanced cooling - digitimes","Wed, 09 Sep 2026 00:25:01 GMT",https://news.google.com/rss/articles/CBMijAFBVV95cUxNUVY3MHV3bVFTU3hIRTVxS0hGeGRVR1hjeXB2LU0xenBSNlZIX245OUpHakZXVlhmU3VUcGhYWUg3OE5pcm94NzF5dWNYalVFempJUDkyN0hrbWp0UG1zQXhPaEJsNFc1UzZmWnVOYzNxNjhfQ3dZSzBTOXpqd2MyYmZIclY5Y0p5RENybg?oc=5
2026-09-12,AIデータセンター,,研究開発,⚪ 情報,22,"Data Center Chillers Market Size & Share Report, 2026-2033 - Grand View Research","Wed, 09 Sep 2026 07:35:06 GMT",https://news.google.com/rss/articles/CBMijwFBVV95cUxPVk5wVDI5MlBLY3NmS2JiV09XWG5kWEY5dGt3M280R0psTXlsSlgtZXpsVTYxNDVTN1dqTkNaYlV6Q1htaTVhTTFmRURRUUNtMk1NdUdfTEJlNW9mdDJ2cWppSHl5aWk2T0kxeE9TdE9TRjZSSHR1Z3QyMi00YjlVd3FyT3RQMWtYSHpOT1ZrTQ?oc=5
2026-09-12,AIデータセンター,,研究開発,⚪ 情報,22,Aurora Report Maps the Role of Battery Storage in Solving America’s AI Data Center Power Challenge - Aurora Energy Research,"Thu, 10 Sep 2026 15:29:16 GMT",https://news.google.com/rss/articles/CBMi0wFBVV95cUxPekYxWHRBeFhHOXNZVW9mT0NDV1lfSXhuWkllLUxkb1BJN1NiMVRxTzhhMEduUzlPT2pPd1FTOER3LTdDV2xCN3ZuWWR6WGRpRkpkNzNldFhMTTV2VDlSS2JRaVhpQ1p2TEFWdVp0dVNWMkt3d0hxLWF3WXJVWlVBZjd2UlZocWtBQXBibkh1WWtqN0RmUURJRG5NbDZkY2FMaGJuSENYMjQ4NTZibHlld2lWX2Z5bFRTblVjZU5vWmY3Um1FY2EtMklKbFR6UVRsOF9V?oc=5
2026-09-12,電力・蓄電,,研究開発,⚪ 情報,22,"Solid Oxide Fuel Cell Market Size Report, 2026-2033 - Grand View Research","Thu, 10 Sep 2026 12:51:09 GMT",https://news.google.com/rss/articles/CBMikAFBVV95cUxQNVJBMERvd09rNkdLMnAyT3dFY0Y4M0FKTlVlMUJnQWhaUU9sQ3Z4VkJ6Tmt6eWtnRjdPNU1HeGFGdkg4LXIwX0luNGFMa0ZVUmxmLUltaVlyaXNvTVVHMFBvZWpVV2I0dGVZS0pUYlJ1XzVSc3NpTXdIMDM0elpGUXl5QXNEYmJYMldra0x5VVM?oc=5
2026-09-12,その他,,戦略的投資,⚪ 情報,22,How S&P 500 Inclusion At Bloom Energy Stock Has Changed Its Investment Story - simplywall.st,"Thu, 10 Sep 2026 09:33:23 GMT",https://news.google.com/rss/articles/CBMizAFBVV95cUxNZXF2ZnBfR25ubi1JNXJuWEdVUmo3Z3FIUmM3ZHhteUt4R1R4YW1kRFowdGNCeWlBNG5SVGtac0p5ZkF6Q3VBQ2lPYVRsMWlPaV9IMTNZTlJDWFdrR3RZaVdHUXh6eEFmSXZadzNmOUtOVEl6S2dIN3NPX21QU1pMX09CWXhrWi13UF84RGdwWGxlaVJ2ZGVOdWFPTFFMc19zdHZhRVVuWkdzcDhaQ1VQV2NzWTAzVmU1c19CM2xHdVZaTHJ1VUJkNlpRZ0jSAdIBQVVfeXFMTldBSnF0SlpZQnhGcWttVG8zeWdmUnB6cWVvWElBc1JsbElGb2Ztd25KLWtCS0kxZzAySWF1V2lJSnE2OGItcW5aX1YyRkpzZklfY1NUQkhkT21QQ3c2X1NGRG9xSVVZT3p5RUNLTU5TeElwbDRMQkY1QzNCTzh4TktaZXhHV0VqdGw1Yi1kN2FWNDR1ZUEwWlEyT1ZVZExyamUtemxxSlRVbWFqcmJRbjhtNVV2dFVxN0g4eXVvVnlHZnVFNTdWalVRc3FldWF0b1V3?oc=5
2026-09-12,半導体,,研究開発,⚪ 情報,22,"Synopsys, A*STAR IME Target Simulation-led Advanced Packaging Development - EE Times Asia","Thu, 10 Sep 2026 02:00:36 GMT",https://news.google.com/rss/articles/CBMinAFBVV95cUxNaHl4SHBqWmV0bVlMa2Yxb1BLM2RBRnd2UTZNdkxRWnNOZFNjeEpicVh2Q296eUF5M0xwRElCbjRTNHJSSlhTSUJnUV9wbFo2bFE2YXV5UWxVekZ3YTktUi0ycVk3NWdELWRxenBoeUxTUzdpS1Q3UERHVk5MY1M5VU9PX2tQVjl4ZzBhOFVubE5SOWJpbEpwWld2Tkk?oc=5
2026-09-12,半導体,,研究開発,⚪ 情報,22,Global DRAM and HBM Market Share: Quarterly - counterpointresearch.com,"Tue, 01 Sep 2026 07:00:00 GMT",https://news.google.com/rss/articles/CBMigwFBVV95cUxNYlIzVHpBVzJfYjhXUWxYSUg3VmFvTDF5Q3k3OWVzeXVpRHZVdU14OHFOZGVkRDNTTXhvMGN0OVllR3FNd19rVlRTTXp1U0NHSFd5RVFmc29UZk1vR2VmT2pINWZLcGxNTU8yYnBMWHZYUFZlTFI3R3o3T3RjMzQzN3FWNA?oc=5
2026-09-12,半導体,,研究開発,⚪ 情報,22,Belgian-Chinese semiconductor researcher arrested over alleged GaN trade-secret theft — prosecutors suspect BelGaN insiders transferred chip IP to China before the company collapsed - Tom's Hardware,"Tue, 08 Sep 2026 09:50:00 GMT",https://news.google.com/rss/articles/CBMi2AJBVV95cUxNZnpGa3dmcjJneFZFeTdadlVvc3JOVkw0WUtpbWYyVE1DQUxxWlZpOWg0dVJadTFZczA3T3Qtbzhva3BfUFBYN2ZRRVlnVTdPSHFvRUJ1bU9qUVhlNnM0LTBLYnRVWFRtQVZxbjZDNVoxaU5PZnZNQ1U2Nk5xbW41OHpkaEhaVXZ1bmxvbERBdHJ1dVBIT3VnSzVzbTU2SFc2UlpYam50dmNMSkNFRS1DdWw1VUsteWlPYV85eG9la3UwVlA1V25vNHpEeWo3aHN0a2QtaWtYM3Jyb3NUazVoeWRJVV9aOU9IZnRENU4ySGhtc19TVlhWaFdFaVhSTE04VDJwVkt1RUpuby1TUU9YWHRNcC01dEdnU1ZxQUJfV0JJQ0hnZjF6dWJSclFyelR5MGNwZzRCTjg0T2lyU2RHczZMZ25XOGRxbHJKWlZNNklCV2tZRl85bw?oc=5
2026-09-12,半導体,,研究開発,⚪ 情報,22,Belgium holds researcher over GaN espionage case - Compound Semiconductor,"Tue, 08 Sep 2026 11:12:28 GMT",https://news.google.com/rss/articles/CBMingFBVV95cUxQZ3JBc1FpQXV2a2xoRjdWWm94ZEFVYXM4RzRzVzlhT3hhN3ZiVi1kN0cwLVNpdEdnakhpeTFqRzQ1X1hKdmZPazl0TjFZcTY0WG5rTjMtNWF0YWJ6N0N3WnlNdW9IUGx2NTRDWTdETUZPbUdfbmprUkppMXRLX0ticFoxT3VRT0l0Ul9xczJJRXUyZC1KNGMydHlSdFcxQQ?oc=5
2026-09-12,半導体,,研究開発,⚪ 情報,22,Suporting the Electric Vehicle Revolution: Next-Generation SiC Semiconductor Chip Development - denso.com,"Tue, 31 Mar 2026 07:00:00 GMT",https://news.google.com/rss/articles/CBMihwFBVV95cUxQa0stQ0lvbXZ4YWhnenlfVXp6dGlpcHNuM3lybWswS3ZxeVljR2ZWQUt0TFlBcUx4T1hPUFZXZk5DRnhUSnlHck9HbEZuVnFoM0JjSkZEZklzMjdPdzdIajV4VThWLXJJVE5pMjVJSzhuMk5rM3VSTUx5OFNXN0ZtSGw3MlBaQmM?oc=5
2026-09-12,宇宙,,研究開発,⚪ 情報,22,Research on thermal control technology for ultra-high-speed inter-satellite laser communication terminal - Nature,"Tue, 28 Apr 2026 07:00:00 GMT",https://news.google.com/rss/articles/CBMiX0FVX3lxTE93b21OWlRMTFg2LU5UXzBONG55bEVOT1RtdEpsY0ltNEtnX2NfemVoamlSc3JBZmh5R1lfZ3V6aU91bDZ6TFJubnNaT2ZkcTZRZXl6QVBGVVF3OGtOamxv?oc=5
2026-09-12,その他,,戦略的投資,⚪ 情報,22,DOE & DOD New and Large Investments in Space-Based Solar Signal a New Energy Era - newswire.com,"Wed, 09 Sep 2026 10:00:00 GMT",https://news.google.com/rss/articles/CBMirAFBVV95cUxPRmRVajRxX3NydlFRWUtmVkZUbzlVaUR4YWFjSnB0M202c01YZHBtVXhqQzkyUzVINGZWTEMtS0JmdVM1MlJCSW9BSEk3dy1pTGFnR3lkNllJR19WTVdIMWVBcjI3TzlLbHhpd3NPZHJBbFV6c2RSNGQxQ01pVUNLSnFPMUpJYkxaazZvWEo3dzUwSjRIdnc0X05FTEZSWkZiTTRCbjVKV3o0OWZq?oc=5
2026-09-12,宇宙太陽光・発電,,研究開発,⚪ 情報,22,DOE Launches Next-Generation Space Solar Panel R&D Initiative - Aviation Week,"Tue, 01 Sep 2026 20:50:04 GMT",https://news.google.com/rss/articles/CBMipAFBVV95cUxQMWFxSWtJaThjbFdSUy1KTlhPdzZhYXhqTVdYd1dONXYtUVREOG91ZlFFcEQ1TS1ubndqTUl3NHFDQ01pRWZacW1QQjN1MG1RR0VzbFhCTEFkN1lGd040Q3BBZTFXREZwdFFVVmR1bHBSdXhUU0QxdUJRY0F1X29WdTlJb21Ba3NXdXR4cjJaT2x3Y2hFM0xzdHNrejF2eTJ1d1hiYg?oc=5
2026-09-12,その他,,政府支援,⚪ 情報,20,VisionSpace lands €300K grant to build its own satellite computer - Dealroom,"Thu, 03 Sep 2026 03:42:27 GMT",https://news.google.com/rss/articles/CBMinwFBVV95cUxPQjl4X0NiWWo5VnZyNDl5OTVVYVEtR0NCS28tZElLVktRUHJ3ZGpOOG5HS19fYnNGSEpOWWlwSS1rUEdvYWV2c25lWUNMQk51QTVBbEJwSFRIRXlrSjlPLUNMeDVRZlFlbVpFSTR6aXE0RDBYVTUtZmMtSnI1Mmg2ZG5DUVVyYWdxaU84cy13X1VtNHdTd0hXSkFta2FmbzQ?oc=5
2026-09-12,その他,,特許・技術,⚪ 情報,15,Hotter Than a Hot Tub: The 45°C Breakthrough to Cool AI’s Biggest Machines - NVIDIA Blog,"Sun, 21 Jun 2026 07:00:00 GMT",https://news.google.com/rss/articles/CBMiakFVX3lxTFBSN3d6OG5pZ2hJSkZ5cHhhWUxONkEyRzV0V3FwaGpNbERTSmpiU1ZkVzc4d0Vkc0Vic3J2Z3FMVkdza1M1aEE5TDJBb1NsekFGaWtVUjVEQ3VSSXFtbC1vRi1nVHdZb2pJN0E?oc=5
2026-09-12,その他,Bloom Energy Has Limited,テーマ関連ニュース,⚪ 情報,15,Prediction: Bloom Energy Has Limited Upside Despite 223% Year-to-Date Surge - 24/7 Wall St.,"Wed, 09 Sep 2026 17:00:00 GMT",https://news.google.com/rss/articles/CBMixgFBVV95cUxQRDVRd3dDWDJ6OFI0ZzVVNDRMYzF5NlRwVU1vMENVeUdWX0R2by14U1dWN0JLY3NoeVBSemU2ZG5wWmhtRHQ1Y1JPUkFfdDJTVkNnbWEtbEdHb1lnWm15VzNTT2VUZW1laDRWeWZYcE9ic2lZNktDcjBvYmF6cDYtbUVtM3VBbVVoby1hVVZ1ckZXTjJNUHVpU195Z09zekNwdTZRTXIyc1l1X2xXVm1ubEp3MDhpdVpydlU3Q3FUaFYzVkNHa0E?oc=5
2026-09-12,その他,Intel and Lens Technology,テーマ関連ニュース,⚪ 情報,15,Intel and Lens Technology Collaborate to Enable Advanced Semiconductor Packaging for the AI Era - Intel,"Mon, 31 Aug 2026 15:42:44 GMT",https://news.google.com/rss/articles/CBMi9wFBVV95cUxPS2Z6OWNQQzB2cEROR3ozc1V1YWhBTGI4N2FMZHNmNFd5ODdpUGJMcVg0QlNDOVpUYWF5dFMyS202c3hVNTFqdVV1anBweXp2Sld0c21JOUVqcGFUQWlZQTFkMlRZeEpoV2kzSnZJVGdXMFZKVTRNc3Frb291V1BnTC1MdkE1ZHlPUTQ0NV9CWFo4cEJNQTBBSkFLYTFma25naHVHeG5KUjk2amRBQmxsTjBQWjZtcGc5QlRCcFh2LXdKZWNKal95Y2VfaU55REFSalNhUTluMXhHckFFVnU2Y1QwVVRHLUg1UVdDTS1sVVZTSmo5RTNF?oc=5
2026-09-12,その他,Porsche introduces Gallium Nitride Technology,テーマ関連ニュース,⚪ 情報,15,From lab to listening experience: Porsche introduces Gallium Nitride Technology for high-end audio - Porsche Newsroom,"Fri, 21 Aug 2026 07:00:00 GMT",https://news.google.com/rss/articles/CBMiqwFBVV95cUxOQk1qcTkzU1lGYU1ZYThDQTRHdlFfeFFsckkxUjg1RkdvSVNYQjA1OXZwMUN6RnRwY0cxZ2RzdEdYcE5rQWt4UWc1YWxWNWVwemhuWkZKajFrRUoxVkU4d3NWN2l4T25tR3pqU2RKZ2d6bTZOdHRQckRwVGpfTmNTNkNERExFM01TcF9GODZSSm1HNlBaU3Y0Y2lnTVlVR21OQk1DX2lEdjExN28?oc=5
2026-09-12,その他,,特許・技術,⚪ 情報,15,China demonstrates AI computing power in outer space with satellite network breakthrough - China Daily,"Sat, 14 Feb 2026 08:00:00 GMT",https://news.google.com/rss/articles/CBMifkFVX3lxTE9lSDlpaW14ejVmc1VaZWhRWG9jOE5iUHRSbFZxR0RwN2xXMWhTNnZEYlBIdEJsZTZqQVVQSFh5Y1NRc2JUc1ZkRFA4cDkycVZKUFNsTDMtN1REZF8yQUVRaTItY2lzMlV3eERNd3dvT01GVHJvYjJ2WXRxcGVOZw?oc=5
2026-09-12,その他,,特許・技術,⚪ 情報,15,"MBRYONICS, ANNOUNCES OPTICAL COMMUNICATIONS BREAKTHROUGH FOR SPACE - PR Newswire","Tue, 09 Jun 2026 07:00:00 GMT",https://news.google.com/rss/articles/CBMivgFBVV95cUxNYmxPdlh1V0lxbjBPVVNxLUU0Z1V0R2F1NE9BS3c0SmVJVE5SWGk1NEVlb3dkdXp2Z1JzYmE5cV9QVVptRWUtOFB3aFlYeHZSTWlkQ25SY3BkLWtpM3o3Rkp0V2FMX09CdXZqMVZvRW9waFUxeUh2QU81R2hzbm9YNVFRSXMzelliUjhhNkphV1VQaFFKUDcwVjhvRjU0cVd2TXhBWFNyRXFIMjBQQlFiMm5FVU52SDVlNEJ0TFNB?oc=5
2026-09-12,その他,Advanced Cooling Technologies,テーマ関連ニュース,⚪ 情報,15,Advanced Cooling Technologies Acquires Canyon Composites to Improve Thermal Control Offering - Via Satellite,"Wed, 01 Oct 2025 07:00:00 GMT",https://news.google.com/rss/articles/CBMi-gFBVV95cUxNYnJ4VlNXYWs2c0ZEeExHcV9xZW80cVBzS296RHZBdGdsYTZVZXpwTDlnanl4d2xKcUo4aXpKU0UyWTB1aGEzQjhGN1JUZWNpWVlDM2lRT3hJZUZDR2ZwYzRoTHNUcE1qNUwxWXBLNnFySTVUT1I0MkZsdjItVzRObXhvbzQxMnh2Wll5RjlBaXpsVWkxUW9NN2RJRmthN2NKa3c1SzNvVm8zSEpLRXVtQkZrNEp0S3JCOExDNnNPYWlzR3ZTSFB1RlBoRTYtMVJxd1pzWEd3ZV9wY0gwNHNVbjNvelVxUWNwQk1ZZTdBNGRfNV93NjI2ZXdB?oc=5
2026-09-12,その他,Materials in Space - Mobility Engineering Technology,テーマ関連ニュース,⚪ 情報,15,Characterizing the Performance of Variable Emissivity Materials in Space - Mobility Engineering Technology,"Wed, 04 Dec 2024 08:00:00 GMT",https://news.google.com/rss/articles/CBMi3AFBVV95cUxNazVRRERUZFViTzR1aEYzU2dabDJyVkpJQ1R0dmVQZXJmTHRuUTY1SWhUSzVGZGQyLXRpOWZ2Rnc5YWd2ZGZVTjQweDNwWk9tVkRHazM3eVJDclVrRjV2TTRwNWRBbzhGdHhuVFN1Vy1tZUVlNEhvQmNydzNDN1VnWUlCUXJCUWRkLWhvR0k2eTgwVVRKeE1qSk9HUTRDa1ZwMkVOQWpZbnRndVVSQ3JrTHlObnAtSjRCV3pjRmZWLUNGelpLUXBLcGZoMjcxMUo0TkpMWWV3S1gxSmxu?oc=5
2026-09-12,その他,Aerospace Heat Management Systems,テーマ関連ニュース,⚪ 情報,15,The Role of Nanomaterials in Aerospace Heat Management Systems - AZoNano,"Fri, 24 Jan 2025 08:00:00 GMT",https://news.google.com/rss/articles/CBMiYEFVX3lxTE1ZU3V5bzI4ZktMejV2ZEZVNUxTekFSX1RGUkI3TlNzU3dsbWJrQmc0RWdySllLM2pZSldxZllpRHJGbEZZYS1BcG5VNHg1WU4yQXJfX1lPR21WVU1QS1Q2Zg?oc=5
2026-09-12,その他,Orbit - Mobility Engineering Technology,テーマ関連ニュース,⚪ 情報,15,Edge Computing Advances Enable Smarter Spacecraft and Satellites in Orbit - Mobility Engineering Technology,"Mon, 08 Jun 2026 07:00:00 GMT",https://news.google.com/rss/articles/CBMi3gFBVV95cUxPaHBkOTVFaVlZcWdVUWxDbEZ3WHlEeVVrU3hPMWtvdHpiUlMzZnUtcFhvU2NPQno2VDBJRXZJeWdwRUFpWjFuWVpzRE9XcWxpVFkyczFUUTdoNU84WnpzMDN3Tk92UHh4WWhsLU5XUkhlVTV4b1JIMzRLenRUc2lhQWh5aU1WOW5pcmtDMkZQTHpCV3NRWFotaXdCakhkODFxZkNnV2xFZFV2YkJEQ2wxbVRaZHZsXzFTOTV3NDgwRm05X1gzYThkd3Z4ZnoweGNpMVFkUWRxcEFFZ2xLdlE?oc=5
2026-09-12,その他,Perovskite solar panel startup Verde Technologies,テーマ関連ニュース,⚪ 情報,15,Perovskite solar panel startup Verde Technologies shifts focus to space - SpaceNews,"Thu, 02 Jul 2026 07:00:00 GMT",https://news.google.com/rss/articles/CBMimgFBVV95cUxOdThzNUpXNTdrZk5xbkYtSDMwVG5BMDZHLWFVdkMxdm1mX0NJUFJqNUtJYXo2d2dTcnJ6NzdRV1poZmREZ2t4ZlQyc3dpYVh4WFVwLTJsbUVET0ZKWGQ2d0tVRTdDS0J5LXozNGpOcTBkdmJHVXkxRmF4NEtOV0hkblhoNnJYd0hWUVFrRENxTGVONDJGNjFDbDZR?oc=5
2026-09-12,その他,,研究開発,⚪ 情報,12,TXST researchers help solve a persistent problem in next-generation semiconductors : Newsroom - Texas State University,"Fri, 10 Jul 2026 07:00:00 GMT",https://news.google.com/rss/articles/CBMijwFBVV95cUxQRncxLW9vXzUzaFQ4eGIyUHJIZWFMRnVITnFpRmpYZ1lySjZieTJHLXF4QmRyNF9pbXVkckxTb1h4eUc2dl9UV25PMGw5NnhOckhtR2tkc19nM0lSQnkyRWRtN1duZEszenEydW1HY3VlOWtBWDZ4SlI2MlZOaHJqTWVGUmFnNnE3RjJ6RnNsZw?oc=5
2026-09-12,その他,,研究開発,⚪ 情報,12,Belgium holds researcher over suspected transfer of chip technology to China - EU Today,"Tue, 08 Sep 2026 09:39:46 GMT",https://news.google.com/rss/articles/CBMiZ0FVX3lxTE5KQmcxekR4cE0yUHJESVJtVE9oRDdmamZZTEVTMzNkb29ZVVhhZU9abmVHSGk5TFM2WTRNTlNTVUtoQ2dfcWp2ZHItNWgweFZpX3Y4Q2lMajZwQjRnWmpsX044UWhwZmc?oc=5
2026-09-12,その他,,研究開発,⚪ 情報,12,"Exploring a space-based, scalable AI infrastructure system design - Google Research","Tue, 04 Nov 2025 08:00:00 GMT",https://news.google.com/rss/articles/CBMimgFBVV95cUxNME1JUnFDODB3UktzYm1MMHpwb193anRMdUpfTFlTdFRyMEtaZ0hoUWNHWldlbzdDQ3V1aEJLbkdCZkRsOTFSQi1XalltV3VFdkZRZ29uV20xWWNEcGdVRlg0ZnhRQU45dktEZ3o2bXh1RnBpU2FwV1pLTmo1VXA0R21XLWwwUWxXcDZFT216TF9kQmplNWRRTDdB?oc=5
2026-09-12,その他,,研究開発,⚪ 情報,12,EDGX launches first in-orbit demonstration of its AI computing system on SpaceX Transporter-16 - Satellite Evolution,"Thu, 09 Apr 2026 07:00:00 GMT",https://news.google.com/rss/articles/CBMizwFBVV95cUxNU2FpRnItTkJkUWV0YTJnNXI2c2QyampQQTN6QjZTTzhfcGJIWnd4N3FQdkdITG0yWUNlNExuSi1BWHVvQVIyMVZObkJqTHZhMmxiSWpIWXdGUXZLUHIwb00xZ2w2Z1pqTFBHUFFtWHFtLUNHWlZZTUo4b2k4ZmdRZXZJZmxlU0F6WVlNeFRsOWVmSlpDWFVDYkNSNVZFbWNCUjNPSmUzQktfeXQwWU1vdDVQTlRabzJ6OGhrNHhxd0R1RlVJY2VkWmtDbEhBbXM?oc=5
2026-09-12,その他,,研究開発,⚪ 情報,12,"36Kr Exclusive: Ruilai Thermal Control – 3 Years In Orbit, Full-Stack Independent R&D Aerospace-Grade Thermal Control Solution Provider Secures Tens of Millions Yuan in Series A+ Financing - 36 Kr","Mon, 24 Aug 2026 11:14:23 GMT",https://news.google.com/rss/articles/CBMiU0FVX3lxTE80MW9TNkc4bjh0UzNFc2FXQnJkcmZpQ1lFVG4xTFRSeHNuUmJVdnFIRXA5ZmFnU2tjTlZlN3BsYzBYM0NaRHBxZVQ3eFAtdzNpajFV?oc=5
2026-09-12,その他,,研究開発,⚪ 情報,12,"The most powerful electric thruster currently operating on a NASA spacecraft draws about 4.5 kilowatts as it pushes Psyche toward a metal-rich asteroid. In February 2026, JPL fired a different lithium-fed prototype at 120 kilowatts—more than 25 times the input - Space Daily","Sat, 29 Aug 2026 07:00:00 GMT",https://news.google.com/rss/articles/CBMieEFVX3lxTE1FUk0zUk9zbExXZUYxb1BlMFVJTkhXTjQ1cHBxMnZzWHRRMWVBSXJuSTZHWnJCSzhvX2VoekZpQ2pmZzd6WVFWeDM1ODRTdEhFSjVGQ2ExaVBTR2J2WnpMVUpzenNYYldlVnQ0RlV5dkFfcHpPYUdyaQ?oc=5
2026-09-12,AIデータセンター,,テーマ関連ニュース,⚪ 情報,10,Microsoft Plans Data Center Push to Triple Its Computing Power - Bloomberg.com,"Fri, 11 Sep 2026 03:03:00 GMT",https://news.google.com/rss/articles/CBMiuwFBVV95cUxPRXJMZWdoQWFkTHJITkVsNjYwWkFGZWk4OVlpdS1tTDNyMnNQd0Zicmx0UktIZDFxS0xwOFBlSkxOakxPZ2RjRy13UzduVWdhcUN3WVNXWWpjVEJXRFNpOFlVLUFHMEtxV0I3cWMwZWY1REVYTkhFNGZJZDJmTzRDSU9hQ3hmbGtNNzc3dFlPSzRwVjFlYnh3RDFLbW9UNUxMYWMwb2RTbldvZ3dWZHladi1TYkpnY0hZN1lN?oc=5
2026-09-12,AIデータセンター,,テーマ関連ニュース,⚪ 情報,10,"EXCLUSIVE: UAE revises AI data center plan after Iranian attacks, sources say - Reuters","Fri, 11 Sep 2026 09:49:16 GMT",https://news.google.com/rss/articles/CBMiuwFBVV95cUxOaXdNOTVXY3kwZHluN2wtdk16OHYyYjR6aWxCZ3RFaDNveWtIMTZ3dzFwZExPZmpOX1YxbTJMdmdEeVZabF9NTjV3ei1KSWJXR2NKR2lnbWZjczZyQlBEU0x6c0dnWFplWFVteEJoQ0JTMGpFdnZqd2hXR2JpSF9ILU9WM2tGUTAtQWxuQnl4LXhZQWRnZXNEdFZlUFBDbXhxLTJVUVoyRkwtQm1KS3R5M05uaktvT0dWVzhV?oc=5
2026-09-12,AIデータセンター,,テーマ関連ニュース,⚪ 情報,10,"A.I. Data Center Pollution Poses Health Threat, Former E.P.A. Officials Warn - The New York Times","Thu, 10 Sep 2026 15:33:29 GMT",https://news.google.com/rss/articles/CBMijAFBVV95cUxNTTVMcG51ZUp1bGJtYnRJRGJKQVNBcVJxYzVfeUJRU1k1Zko0b2ZoTE5RQjZKVTR0Tm9KUDF0bG5BNU1TbHhWUEJyYVc5SnBmNjhTUllBbGIxdVVBbkNZUTRVYmxqMHpZZXBiM0NVLTRmQ0NIc3h1dVhEd1RNaG5YN25JT3N2akx5UUlReQ?oc=5
2026-09-12,AIデータセンター,,テーマ関連ニュース,⚪ 情報,10,"Jim Cramer calls an AI data center stock a buy, offers a level to buy a household name - CNBC","Fri, 11 Sep 2026 16:10:34 GMT",https://news.google.com/rss/articles/CBMivwFBVV95cUxPMDlYNUlZeHRVZm02dVZrRTh3V2NuZHgzMlh3Y1N1aWRKLUk4WXZkOHVyWGVQWkZUT2k1bTNJUmE4ZTE2cGhzdE8yVzQ5SW9PanR5STc2WUxTMDBtNV81dW50NV85R3JaZ0dvbzl4dFpWaHBvRlhTRjhQWkpmWndpWlRxeXVCd3hIc3pXdDRmWWNUaDRaWG5VWGdGTjJKUFBDSWtYbFVJNmw2QUdKd2h4Rm5yTVdYeWYwd0NjbzctSQ?oc=5
2026-09-12,AIデータセンター,,テーマ関連ニュース,⚪ 情報,10,New Jersey's largest planned AI data center accused of running 45 unpermitted generators - yahoo.com,"Sat, 12 Sep 2026 01:49:00 GMT",https://news.google.com/rss/articles/CBMijgFBVV95cUxPWERCWS1HQS1mQ3NTWk9LMEVnTXpxQ3Q2Vi1aSVdydXA4d3R4OTNWNnhUZ0pTMWRweVE3VXVJRjBIcjdUVVNzejZJNWphb1liYUdKVjFFd2JPYWlYVXZDRC1OZWt0Y3o0LTRTY2NTX3R1bWVvUTlEb29jNFplSnc0MXBjVTNIaWsxdjZYeXFR?oc=5
2026-09-12,AIデータセンター,,テーマ関連ニュース,⚪ 情報,10,Trump is giving data centers a pass to pollute - theverge.com,"Sat, 12 Sep 2026 14:41:27 GMT",https://news.google.com/rss/articles/CBMimgFBVV95cUxNQXBnbHp6WUk1eU1HaXAzR21QZDk5amhvN3p1bXVpY291dm9PSC1QQTJuTk9pNEpMUGlLX2xhRFU2UFF5dy1HcVFDSEZwV3J6ZGlDcVI4blRFenQ2RVMwdVg5MzJzNkoyWUQ4UmpNbGpNeWhTVS1OWTFManRGMDdzNmRRcS1UalFfVjBfcklaWWpkbThJLWVUSlNn?oc=5
2026-09-12,AIデータセンター,,テーマ関連ニュース,⚪ 情報,10,Texas’ AI Data Center Boom Is Becoming a Fight Over Water - HackerNoon,"Sat, 12 Sep 2026 19:06:29 GMT",https://news.google.com/rss/articles/CBMihgFBVV95cUxPTldPR0dzSWg0dDZLOVNxdWJxTmt1ZGl5cHpONzBadFVraG5ycmt6VDEzcm1BeWxyRFRZNWpfdUMxb0tzaHFNaUtKN29wTW9BOUlmLUZDOGVybklKblk1clB5bm1Db1dyUGs3ZFBFMTNXZDVSQmo1X19nY1loRUNDck9mcVRVZw?oc=5
2026-09-12,AIデータセンター,,テーマ関連ニュース,⚪ 情報,10,Republican Leaders Largely Toe the Line With Trump On AI Data Centers - newsweek.com,"Fri, 11 Sep 2026 09:00:00 GMT",https://news.google.com/rss/articles/CBMipgFBVV95cUxQd2VRdE51QnFpTWdGaEtCRGUteWo3SFJhTXV2TGtZeGdsdk1BdzQ4bW1UT243NHVQSVYydFJMcTFtYnB5eG52VzZ0NUVnMUhLQWVFVzhnRmdUTFEwSGkwYnBJOF83b3o4ZjI5UFExeF9fV3FhUjlEMkR2b2VkRDNGRjhHLUd6RHJ1VFkwWnJMNmp4eXFTaGo1OUpENHY0OGczVXR3Rzln?oc=5
2026-09-12,AIデータセンター,,テーマ関連ニュース,⚪ 情報,10,"Qualcomm inks deal with Amazon, set to build next-gen AI data center infrastructure - Interesting Engineering","Fri, 11 Sep 2026 22:40:00 GMT",https://news.google.com/rss/articles/CBMiigFBVV95cUxOVWZYcVplQUo2Wk15VkdCbTZNSlpDX0V1NjliWE9ibUUtNld5Nng3enVybWlpLW8wVmU3a3hsZVk1NEJDZi1ZUHVzUDZoTHNrVE1MWm1PRWthbjlaN1Jnclcxa0hEZVlHZ3BfTldCWF9BNEQxY2xiandXMV9VbGFqbjNpdnVGRVIzaUE?oc=5
2026-09-12,AIデータセンター,,テーマ関連ニュース,⚪ 情報,10,"AI data centers spark fears over environment, power and control: Commentary - Seacoastonline.com","Sat, 12 Sep 2026 09:02:00 GMT",https://news.google.com/rss/articles/CBMi5AFBVV95cUxNZU5hYnZBWjd1WjJiOEYtckwtTGpPRmZmcElFMHRWZldwTDJ1TUpsZlIwTFRqS2FOS3hWeVdOY01JRF9oTzJFMF9RYXlUTVY2YWxuVG5QZU1XeFlpSGx1a0ZyYjd2cnFlcGRCWk9mTm8yc1pSTDZRdVM5TW1heWlnNlU1NWszSjJEV2V0VmE5dWR0dWZKVzlkamFMU0JkcUpzNDgzdkVKU3YtYy1vT0VHLXM3bDlCYkd3N25UYUpLTzVtNG1PblVrZnRwZXZjQ2QweXpzRWZKLW1UTk1TeXhUOHowWmw?oc=5
2026-09-12,AIデータセンター,,テーマ関連ニュース,⚪ 情報,10,Weld County officials approve construction of what could be the largest data center in the state - Colorado Public Radio,"Thu, 10 Sep 2026 15:55:12 GMT",https://news.google.com/rss/articles/CBMifkFVX3lxTE9sa0x5R0FpMFFiX2tISW8tOTk3b3k4YW1IUDJRZkdhT09OZVR6ZVE2d3p5RW04bVdRMDZDb2VLNlA0eVRFTlpsQVJQRThMTDRTZWRMb2h3dGRBeGZMZWR3MHA0b1FFYUswcVotRGdZUFNrcUQ5dDNMRE40QmtPdw?oc=5
2026-09-12,AIデータセンター,,テーマ関連ニュース,⚪ 情報,10,Rhode Island AI Plans Face Data Center Cost Test - Uprise RI,"Sat, 12 Sep 2026 19:47:04 GMT",https://news.google.com/rss/articles/CBMid0FVX3lxTE1kX3FKZmVXSHRObml1S09mcnJxSkFiaDBVZzNsZWJjTXpHcGhuRW1kTlJXS2UxbE94dnh0VmFNY29ZR0EyN2diOUg5bEhUVVFOMmQ3VWVzYkoxS3p2V1dJdmtSXzJQMUxmcGVMSHYyckNialF3dW1R?oc=5
2026-09-12,AIデータセンター,,テーマ関連ニュース,⚪ 情報,10,Data center backlash is everywhere. The biggest pro-AI group is getting ready to fight back. - NBC News,"Wed, 09 Sep 2026 09:00:40 GMT",https://news.google.com/rss/articles/CBMixAFBVV95cUxOTkxtV08yRVJJR3V2NzZUWHFvOFd6bExjXzVNOVVxYjZwZFZrTjM0TEFxb2VEZWlnekFtc0ZPanpTNnlnbkpJcHNSTG4wMDlOR2x6cUMyNnlfMTVDQWM3LWQzelFGenptNXFoeTJxM19OYUpZWW9yVkM4eW9iRFF1VTJnUnRFd05jMnc5SGEyRU5NRXBGSTBmX3FOcUh0RHlFZ1NEemdEcGlJRUlyZ2NueVk3RFdlMWhlT0xEWVBrbk1PUlZZ?oc=5
2026-09-12,AIデータセンター,,テーマ関連ニュース,⚪ 情報,10,AI Data Centers Are on Track to Fuel ‘Explosive’ Growth in Captive Insurance - Bloomberg.com,"Sat, 12 Sep 2026 11:30:00 GMT",https://news.google.com/rss/articles/CBMisgFBVV95cUxPUEx1dXpPM2N5TFRpOE4xSTkyV1JEdFJTU3piNnNHOHB6aDlFbFFEYTlpc256WXc1M09ZbWUyWUl5MGN5NzNOOXpzeEE2akt4azhkcTdzWEFqak9kNjVMN2pHdEROMUlGM1gxTWVja0Z5Qmhsb3Jqd0RpUVA1bkt1Uk83MFJzY2JiNE93MldaTkljT2R5MTY3YW9zSzFOVjk0RHdPNlJCRVktVkNudmNnYVln?oc=5
2026-09-12,AIデータセンター,,テーマ関連ニュース,⚪ 情報,10,Alamosa County Commissioners approve AI data center - Alamosa Citizen,"Wed, 09 Sep 2026 18:48:46 GMT",https://news.google.com/rss/articles/CBMiiwFBVV95cUxNNV8tNVoweWdya1lkMVhKRmdFYzZnVHQ0QXZ6LXI2Wld2aDQ0Q2F3VVk0N3U2WElOX1VxRkNaSGNXandWN1lpVG1jZHNJd0xPR2xaNmVEVWtZUGpiN3lqWHRSQXM1UzE5d2FwTmRPOHhWY1VvWVhpTFdLNUF1YnhSRGV4MXl1V1dyWnVj?oc=5
2026-09-12,AIデータセンター,,テーマ関連ニュース,⚪ 情報,10,"AI data centers won't create as many UK jobs as the tech sector projects, think tank warns - CNBC","Wed, 09 Sep 2026 12:26:40 GMT",https://news.google.com/rss/articles/CBMie0FVX3lxTE1VTTZSeEh0NU5UNXE5RElRbUlyZ3pMTW44Z3JuUmxzajM0dzNYMDNSQW5aWEE3UFBjTVg0Z2JFZDlLOG16VmVWRi1ocTUxbEdYYWdXU2FGSVBkOXlPblVYTlJlUVdrUl9zU1c3a0ZZeS14aENGUG9ZbU13c9IBgAFBVV95cUxOSTJWLVdCcjlFdHBzNGdwcF9lNXFFM3RSMFZCa0hCbFc0WTFXeHJORkttTUJndWxVSFgyZnh0QzN1b3BCcFR6VzQtNHhqaUdiRWpZYVJmUk13dTdiU2hnQkNXUXkwV250Ni11OTR1ZExJQU9vM2tqT3FjMEFyeFF0TQ?oc=5
2026-09-12,AIデータセンター,,テーマ関連ニュース,⚪ 情報,10,In Case You Missed It: A.I./Data Center Articles - NewClips From Last Week - September 14 - PA Environment Digest Blog,"Sat, 12 Sep 2026 15:19:38 GMT",https://news.google.com/rss/articles/CBMioAFBVV95cUxOVkhHOHlIWDNCNk03a0d5OUdCcmRuV1dxU0kwdnhZZm1SRFZORFR3dnV4UTMtQ0FDWFhleHVXaVo1R09sNlZZaDVGV3lTTm9WekhVWGdvaVItV3hLc1Q2ZGo2NFlONFpwU3JySkRSb1IyaWdWb0NXbjVMeWhqMHMtWUpCOTd6NDVDcVBsOFBlVlZhdElGdW11R2JBN2tjNG1t?oc=5
2026-09-12,AIデータセンター,,テーマ関連ニュース,⚪ 情報,10,Making data centers ready for AI workloads with rack-level cooling - datacenterdynamics.com,"Sat, 12 Sep 2026 16:08:46 GMT",https://news.google.com/rss/articles/CBMitAFBVV95cUxQV2NvMDBJZllFRldmZ3FIaEtLZENCZVd3RlpYSUxHQzZHV1F0ZnNFV21hMU5CV19RT1VJSHFiODMwR2xGblhNMGpiT3Jlb3VoVTZfNG9zVDZEekI3cGFCQmRQWWFRVmRNOTc4TGlMTVVrOS1ERk93RFprUGlTaE16cVM2RWpYVThqd2t1V0JRZDFnZ2UtSHNmODlaS1VucFUwdnJLazY1OHQtemdWR3NjaDh1UE8?oc=5
2026-09-12,AIデータセンター,,テーマ関連ニュース,⚪ 情報,10,House will vote on legislation shielding consumers from data center energy costs - Live Updates - Politico,"Thu, 10 Sep 2026 22:26:32 GMT",https://news.google.com/rss/articles/CBMikwFBVV95cUxOd19DZGpVcmg2dmI1WjMtemlaeXRuQWNmRkJSbXpHNlhYU3FIOWZmTGNXX1paTk5LTnNIWHpEaXlJMHRXQVNJZWwxRms4UExqQ3prTlE4Q2VPeEhYUndjNFRVcWFDUTBXc1U0SDZLQnhNbGhGU3JtT3pGUEMzVlVadkVxb25URHdjQ0l5aVdvWXYtSkE?oc=5
2026-09-12,AIデータセンター,,テーマ関連ニュース,⚪ 情報,10,“Bring Your Own Power” Schemes Won’t Fix Data Centers - foodandwaterwatch.org,"Fri, 11 Sep 2026 14:10:37 GMT",https://news.google.com/rss/articles/CBMinAFBVV95cUxQUjFYUmhQSTNjRlcwUS1uWXJjVVRpN0FnRG1XMmN4c0NaU0VCX25BRVFJc29yeVRZbHhJTFBnQ0hudWh0S1FqNkZPYXJUei1UOFpXNmVDWlNlWDNVMS02OU45NUVCUnk4VmlUUm96UmpEWDVXYWd2VlFKTkY3Z2w0VTVXWHFCRk1Xb1hKN29CUHNPQVFSUmpzZXFXQWo?oc=5
2026-09-12,AIデータセンター,,テーマ関連ニュース,⚪ 情報,10,Cummins Sells the Power Solutions That Keep Data Centers Running. Does That Make the Stock a Buy? - The Motley Fool,"Thu, 10 Sep 2026 16:00:00 GMT",https://news.google.com/rss/articles/CBMilgFBVV95cUxOYXpYZU1xQk5BLWRaSTRUVXpfbmdoOVpvcFhreTdtX29WT1hHVVZrUzE2OEZaZV9IYjJhcE5BUllMX3pURDluQU03ZzdLZ0FwQXpVd0FIUFlUbVF3VjhmNUZZMXd1Sjc3U09LSWJHX1NrUjItNXZoTGJTM3Zad21JUHZlSnZ3RDllMDRkZnFiUk40bjJWeFE?oc=5
2026-09-12,AIデータセンター,,テーマ関連ニュース,⚪ 情報,10,Massachusetts hits data centers with new clean power rules - TechCrunch,"Wed, 09 Sep 2026 21:43:34 GMT",https://news.google.com/rss/articles/CBMimAFBVV95cUxPRFVqSF9UMzZ2akpONjZtWXU3SG9zdHRoQl9CSVU2WUkxaVNiVWhmQzdSTHREZmVCVFIyZTUyRzZ5aHJRZ3VHZUhOcnhFNkhyMmVYMlkyRUo4TDNhN1U2aVFlbzNvaEd0bXVpLTBuR0dhQTNES2tyeVFTQ21nUnJuaThjYTZwVnNfamR1cmJBZEE1bVF2U2dyNA?oc=5
2026-09-12,AIデータセンター,,テーマ関連ニュース,⚪ 情報,10,US Power-Demand Forecast Cut After Texas Pause on Data Centers - Bloomberg.com,"Wed, 09 Sep 2026 17:35:46 GMT",https://news.google.com/rss/articles/CBMiswFBVV95cUxOYmRvR0FsY3FWb2hDVXFUR0dZYUk3UGZQMGVQMGdYX0tMclJ3ckVqNUVxWUU5MXpzRjRzX09OelcwWEg4bFhFbXBfVXNPM1pWcWs1TkpacVdUWjNWRnVLWGFjU1pMWklua3pjRWJWMnktMDJxbm4xZDFRQVQ5cmhBQnJLNnhac0ZNb0ZRX09vaklRd1lkeFV0MlRnT3gycXVGbEdhcHJVYk0xb0F0NEo5VFUtUQ?oc=5
2026-09-12,AIデータセンター,,テーマ関連ニュース,⚪ 情報,10,Americans Oppose AI Data Centers in Their Area - Gallup News,"Wed, 13 May 2026 07:00:00 GMT",https://news.google.com/rss/articles/CBMigAFBVV95cUxQYlh0ZlJWVy1sRFlGRE5aMEVsbF9Oa045T1VUWk9NZDJLcjFwT2tfMFJxaXZkTWFBdUJtWEYtcVE1aElzQldvTkFFaTNOSTd1QWJuSGRMSVhXVGpzVmNWWEI4RENPY0xFYTBvY3REcE9oTko0X1lQNklweGRZcUZ3WQ?oc=5
2026-09-12,AIデータセンター,,テーマ関連ニュース,⚪ 情報,10,Hidden China risks are emerging in America’s multibillion-dollar AI data center boom - CNBC,"Thu, 03 Sep 2026 07:00:00 GMT",https://news.google.com/rss/articles/CBMif0FVX3lxTE90aUdnWGFYbGV4dEV0SlZYbWExY1p5Ym5BWDk5dzBZZk5ERUZ4aGhNNGJMNjBVY0tXS3VyblkyaEN0cFVSTHpwTjk5Q19vMHpjdVZPU0pkUGp5cWpVYzRPREU0LXpnWmRyY1JMNGNCaGY2TzFIMDlKclhKLVdNM0HSAYQBQVVfeXFMT3dDVWtUX3NBc1lJRXNOOGZGS0NxQ1UzYWlwWllHa3hFQWhIUEJyZWdoZ1paQ09oVUtQaG5VdGhCQ3ZMREZ2aWlkSTc4TGFJRUFBSVFtbDVsdTFPd1pHWF9rUDhfS2RsTkVFanU2aE8zTURkODhCUWtWaUlPWmxzdmZ6MWIz?oc=5
2026-09-12,AIデータセンター,,テーマ関連ニュース,⚪ 情報,10,Clean Energy Resources to Meet Data Center Electricity Demand - Department of Energy (.gov),"Thu, 10 Sep 2026 16:21:28 GMT",https://news.google.com/rss/articles/CBMijAFBVV95cUxNS3BpVTdBYWozS0QzbFdJakhBcUltUHd6T3RDQ0ZJZ3VYZjFNejEwWlR6MUlLdklGdlMycXpQbkhGcHBXRVFiVDhSQ3J1dWdJT0RxT3AzdXhnRFlWcEJUdzA1Vzdmb3cwbGQ0eWR6aWVUWTNuYlc3Y3BuUzRiRHVwOEdrN0dkUnIzQW9tYQ?oc=5
2026-09-12,AIデータセンター,,テーマ関連ニュース,⚪ 情報,10,"Bucknell experts offer insight about data centers, AI, power, and water - NorthcentralPA.com","Sat, 12 Sep 2026 20:00:00 GMT",https://news.google.com/rss/articles/CBMi6gFBVV95cUxPNE9Za01BUE1ScnQ2d1k2Tnk0RDFpY3pCRk5MeUpsQWdpYXJBNlRQdzBUUnVpa1VsWDVxSmIwNkJGVGNpNmFjbjFCU0FQMDNwTXBsOEMybmxxT3p6M2N5aXpKaHVQR1F4T1JSODdkQnQ5akdiX2ltSGViTy1fdHNGdldzWG03VTFLQlYyeHBjcFkzcFRVZENUQnNRMWNXZU9WN0FFWS1vRVcxRWZyS0xiYnRleDRWZTFTRVZQTEhIN21IMVg2eWd0RXNiRnl4OUQ2Vkl6QVZjRUlHeUFpNHNmTGpDdjZLSWlEeHc?oc=5
2026-09-12,AIデータセンター,,テーマ関連ニュース,⚪ 情報,10,Maryland Under Pressure as Local Moratoriums Supercharge Opposition to Data Centers - Inside Climate News,"Sat, 12 Sep 2026 08:55:00 GMT",https://news.google.com/rss/articles/CBMisgFBVV95cUxOamdnckJrSTZXWGtJNDdPdTNBZlJzMmlibENMNUtNcGotcW5wSDdKSXFFNHJDb2FtZUVrRE5SM1VyLWo4ZGk5ajQwSHZqREJYQmdMQlQ0OHl0eE83ajBzZ2RTOXQ4RlFxQ0l1WUI4ODdPdTg3N3hmZ2wzTTUwazNYU29GRDVNX2FkTnF2MkJIT2dkSlF0OVhwV041ekVGYXRNT2lwM2dsZlB2cEZaT1BSWVJ3?oc=5
2026-09-12,AIデータセンター,,テーマ関連ニュース,⚪ 情報,10,Who should pay for South Carolina’s data center growth? - South Carolina Policy Council,"Fri, 11 Sep 2026 18:16:53 GMT",https://news.google.com/rss/articles/CBMijwFBVV95cUxQUmRBWW9kVDNJOEZLcGxTRkNQMnhyQW51SWduWU13RDlNU1A3OERyQ0l3NjA3d1FpMDdnOEFWR3RiSXFzRXFTUzdOU01lTGFQQmJJWDJpd3lnVG1HbGFhRjVtaVVIano4UEdWR1E0UWxqa2RhY0M2dFhRV0tJV2FzS1FCUGxtb0Iyc0pLN09IZw?oc=5
2026-09-12,AIデータセンター,,テーマ関連ニュース,⚪ 情報,10,How Are Data Centers Impacting Health? - UConn Today,"Thu, 10 Sep 2026 11:56:28 GMT",https://news.google.com/rss/articles/CBMiekFVX3lxTFBJNUlBVmNtUktQeUR4eFJlYXdYakphMWt2bGNtT0hQMFU2MFl5NkpCS3Z3OTZ2VkJkcjQ4ZnhYbnpEOS1TbnNCSEYxT0N4WlZkLTk3MWh1LVo0RFFXYVNCbmhhWjFjeXptal9lYk80d05NTFdaNlpmdmdB?oc=5
2026-09-12,AIデータセンター,,テーマ関連ニュース,⚪ 情報,10,Questionable data center forecasts are driving up Ohio power bills - Canary Media,"Wed, 09 Sep 2026 07:30:00 GMT",https://news.google.com/rss/articles/CBMiowFBVV95cUxQWC1fdmJnSk9ZemJSS1Badkh2amczOXplak91RXVSTWFEbWIwWmtUTU9aeS1saTFXT1hYQ0ZLZ2F3U0FVZU9wUU5sMGRMU1FlSGs2c0FJLUdWLWhnU19OSXZRWWNUcW9Kd2xuRzJyZnFUMnozeDlsTW1oaGw4Zjl5eHlaYm9LM0hmU1Z5c3JrYlBaenpBQ2FfNldRUVNRcnRxLUVj?oc=5
2026-09-12,AIデータセンター,,テーマ関連ニュース,⚪ 情報,10,Energy company eyes adding data center west of Fargo - North Dakota Monitor,"Fri, 11 Sep 2026 16:19:38 GMT",https://news.google.com/rss/articles/CBMimwFBVV95cUxOQUpMVHYzMGJHR2JwR05LYTQya0w2VE1zSTNuVVZMY3k3V1F4cC02TkJ6ZFdXcmc3WnVWXy1zWC14QnRDWFh2bEZBOGJZcDY1cWZHelFzdl9yQWRMNlZOcEVyNXNsSmctZDRtQ1Y5aDVjdVg5dEI2R2J2bk10QzBGMWtXVU82LW5WYUNWQjVmNlV4SVJRMnNxeERRWQ?oc=5
2026-09-12,AIデータセンター,,テーマ関連ニュース,⚪ 情報,10,Munters expands data center cooling factory - Cooling Post,"Sat, 12 Sep 2026 11:38:48 GMT",https://news.google.com/rss/articles/CBMiiwFBVV95cUxQZF9OeU9WTHRpZ1RTODBmQkZDYUFIVlRwQjlDWTh2LUgwUHJYSTN0Unp4YXNtenU4WkREWlY2U0szMkRxTEdMQk54bDlGaVNMUTc0bkY2THB5Y2R2SHpfT2puYTBDUXU4VkJzQzhNdl9BRmh6QklndHo4d0RiNVVfWGNlUC12Y09oLXFr?oc=5
2026-09-12,AIデータセンター,,テーマ関連ニュース,⚪ 情報,10,Lessons from the field: What treating water at 200+ data centers taught us about cooling system readiness - Water Tech Online,"Fri, 11 Sep 2026 21:08:01 GMT",https://news.google.com/rss/articles/CBMi9wFBVV95cUxOZFg0V3h6OFF2QXdET21nZFEtSnpkb2hJUTc5dzMzQWhTZmpKNGZIQWJtbV93aElBUGw0MzlNVVJEYldFN3M1cFpybFVhUTNvdnRUd24xWFBtZ0NZY0lReWRnVDg4Wkk4VWF0R2ZNSzZIZ0wxU0owR2YyZ0dBMEN6d0ZpRnpuMjcxQVBzTzFSNUdzOTFJc3pSSHJWMTc2ekJ1Ml9zblpiVnJHTm5wXzNlQ0J3RzNDVXB4ODhyazllcm9oak5kelp2aWhBS3FWa1JZNG5HNkRXdkI5SkpwZlNQN2t0OGJCbUtuajg0UzdjMDRLT0Z6c2Iw?oc=5
2026-09-12,AIデータセンター,,テーマ関連ニュース,⚪ 情報,10,Here are the terms you need to follow the data center debate - The Morning Call,"Wed, 09 Sep 2026 11:01:56 GMT",https://news.google.com/rss/articles/CBMirgFBVV95cUxQMzVmX21oeUI4ZmNwNW03Rml5RDFCZ3Q0eG5CU3hqcnV1WEdZTl9aRThodjd2SWpZeTBJQWMxQUFnRmdkYlpVOUJJc05yX09yT3pnVzR0Y1l1cVpRMUZhc0pyWWQxUnhRSTc2bGxyT0d3ZUl3T0R6czQ3by1kSGdDc3Mtc3pCQVpPX0dJMUwxejZjNU1zU2t3eUl0b3ZOYnFRcnN3WWcwbVNGTXJtdFE?oc=5
2026-09-12,AIデータセンター,,テーマ関連ニュース,⚪ 情報,10,Next-Gen Data Center Cooling Could Be Powered By Its Own Heat - Here's How - bgr.com,"Wed, 09 Sep 2026 18:17:00 GMT",https://news.google.com/rss/articles/CBMiiAFBVV95cUxOQk9Cb2Q0akJWd0ZyM3plLVBXenRUY1pXUVBDR1gxVEkyandDYnlhWDM2YXdlbFhMSXVzVkdOVUZLbU1VdkJ2T0E0dDdwdzRyRWtwY09LN2REMk92X1FxVG93V0ZqUnFPRDkyR2wxcFpjMlRFdE9lWDFLWWc2YXVxS1VHd2VsRXl2?oc=5
2026-09-12,AIデータセンター,,テーマ関連ニュース,⚪ 情報,10,"As AI data centers expand, new cooling chemicals raise PFAS concerns - WRAL","Tue, 25 Aug 2026 07:00:00 GMT",https://news.google.com/rss/articles/CBMisgFBVV95cUxQVDJ4XzE4UUE5SFdnVDdyTGtyZk83aFNsVHlySS1uME9abVc4YkpDekhDenpHdk9WWXkyd1NkRFpYeDJqVXVud2NyWUQ5V1pJWjE4cDNLVkwyTjBlTXNLVDh1eEVKSTdCRDBhUDZ3SlZXMTVOZzdBVEROVzVUQkswSldIZ3lrQkVpOU1fMGNYdTI5N1ViWW9MempudEFsVklJRFdYY0FYXzg3Mm5wdkNOaUJR?oc=5
2026-09-12,AIデータセンター,,テーマ関連ニュース,⚪ 情報,10,The Rise of Flexible Hybrid Cooling for AI Data Centers - Data Center Knowledge,"Mon, 07 Sep 2026 10:26:05 GMT",https://news.google.com/rss/articles/CBMiqgFBVV95cUxQYUZHa196NExPTkI1VXJfOVNjdUtlM3laU0lZR1lYakVfV2MzUzVnN29wZU44bjFscmt5OFhXT2JuYWVjckItZ2lHMW9qVGdPNE1UQjNpMDJnN1lCcVNTOWRGQlZ0YVMwRDRubnE2cnRTc1lJb2NLbGQ1eGV3ejBOanZ5UkxJYnFPYldJbkNHbkRwYWt6NE94NHhNVWZjSkY3NlBTdlFGVWIzdw?oc=5
2026-09-12,AIデータセンター,,テーマ関連ニュース,⚪ 情報,10,"SpaceX Overhauls Data Center Build-Out, Potentially Slowing Expansion - The Information","Thu, 10 Sep 2026 13:21:00 GMT",https://news.google.com/rss/articles/CBMipwFBVV95cUxQZGx3NG5aQWxfS2lsaHZGVTlSdXlycUJjM2Jrc1VKZ1BHMGJPbEFxUktDR3RBWGdGSms2MXp2X3VaOGRRNjJrXzRCS0lmQmJSZFJZdUc2M0U2TEtGVFhmdmVXUTFESEpyZklnQTRhbmlTX0F3RjFjRWNKVXVULWVFWmRDeDBNNkVfaGxlc0Zyd3lScnFaeldLOTlqMGhNRUJyU2xmaV9YWQ?oc=5
2026-09-12,AIデータセンター,,テーマ関連ニュース,⚪ 情報,10,SLB to Buy Data Center Cooling Firm Kelvion for $4.1 Billion - WSJ,"Mon, 31 Aug 2026 07:00:00 GMT",https://news.google.com/rss/articles/CBMirAFBVV95cUxNZjNkLVlhWFJPVjVsX3VGb2VwSDQ2UmVmenhCQjU5cktza09NenIwYjdPYklvZU4tdkNDRkhNMnBIbjRSbnh2THdJQ3VNNkZlc3BtUzRxOG1fVDNjN18wMTJsT2pMMlVncHFxMldZRW4yQTBxal9NbHpJNWIzbGkyRDBwNGhKem1LMm1hekdjWVl5S3N4TDdkS0ROSV9SaUtwT3dQQW41TkVOaGxJ?oc=5
2026-09-12,AIデータセンター,,テーマ関連ニュース,⚪ 情報,10,Data Centers Get Ready for a Liquid-Cooled Future - Connect CRE,"Fri, 11 Sep 2026 19:39:50 GMT",https://news.google.com/rss/articles/CBMijgFBVV95cUxPT21kWDJVWlhEQXNLM2ZQTkgtXzBWS1h5MUJQbTdEWmRiWlZBME1HQWJZaXNEVTBtWVFuWnVUUm1hb2JUc29LWE9CSHFKX1dBRERpaElFYW1pOTNWaVZvSW5CUy1UYy00WVZkZzlaZDBOOUFsRHRUcmItZk9ONTRWWXJUaUFqSWdBM1BHZXZn?oc=5
2026-09-12,AIデータセンター,,テーマ関連ニュース,⚪ 情報,10,"Munters completes expansion of data center cooling campus in Daleville, Virginia - Cision News","Fri, 11 Sep 2026 08:00:00 GMT",https://news.google.com/rss/articles/CBMizAFBVV95cUxPX3Q2TTlQNk5ubFM0NXhmempUdjk2b3VfdnV3RDZJUmlSb3lkWGczdGVRNXp2cC05WURjb2lvNmFYcTVPR1NMUk80c3ZPMWJ1djM5aVJYeVNWQ1ktbkhIalRIaFJ1UGlPdTJERlRpMF9ZT0ZOM2lkMTNaYmpNMlF4dWFHcjg3MDIxckhBeWdqcDdFWWJmQ1FUc0lFUzlVbklsTy1lYThBTmJCNHFHWWQ3M2VKMXprNGlaWF9ZS3ZGZnp6VU1tUklYY2EyNjc?oc=5
2026-09-12,AIデータセンター,,テーマ関連ニュース,⚪ 情報,10,How AI Is Reshaping Data Center Cooling - facilitiesnet.com,"Mon, 07 Sep 2026 04:05:46 GMT",https://news.google.com/rss/articles/CBMinAFBVV95cUxOMjBLUE1Cb2tJeHctWl9Ya1d6S3JiZ0lxSzlGWjhiTlRTU2VMZFhYUTVVUE1GX3Z6endOVGttd291NDNmZ1Mybk8wM1otTUFkZlVUQW9PUFQzUlB6RXI4d1N4MDhkdUpWcDhMNndLek1Vd05WRXpMdk5ORDQ4c21JSEVOLU1QNmF3dzlITllzWDgxUzhUNWtZNkQ0WFM?oc=5
2026-09-12,AIデータセンター,,テーマ関連ニュース,⚪ 情報,10,Meta’s $1.2B Kuna data center is up and running. Here’s what to know - Idaho Statesman,"Sat, 12 Sep 2026 10:00:00 GMT",https://news.google.com/rss/articles/CBMidEFVX3lxTE11Mlc0RlB4eEp5VFBWTUNRWk1WU0VRN0lJcU9ZRUk4QkpWVW5LM1B2eFAyOVItaVNIbDRmNlVPM0xhVnhiVVZFbHFKcEF2anhzdFVmVHI4MFVxTEZqNUc0bGZxN2ZJdFdTTkZVdGpvdTRVR1B60gF0QVVfeXFMT1lUa053Z193RFA0WVFFOGI5ZkxGNUpwcFg3TmlKd2h6RXZIMGwzZU9FZlRrUWpUOWRkN3phTkhYLTNIVHo5WHJVVzdXWXZwQjhIb0tkWVQybEtuV2R3cUFLTkIwSkczdkdYaS1Ca2s3Y1NiRFk?oc=5
2026-09-12,AIデータセンター,,テーマ関連ニュース,⚪ 情報,10,Blackstone to Acquire Data Center Cooling Leader FCH - ESG News,"Fri, 11 Sep 2026 22:47:55 GMT",https://news.google.com/rss/articles/CBMifkFVX3lxTE5ZVnJaUkUyci1MYVJGSGpzYm1GdDNWeEFTYmFhQXZTSmpZVXhoRVQ5d1Zjc1hlM01LVVg2YWVnMG5HSWZudnFONWlsTkhVbWpIdWRhVzBfUUdlUHJSVDZmS3BzUWFHTV9HM2VKVmhhbTg3RTNzdFg4c0lDQ2pEdw?oc=5
2026-09-12,AIデータセンター,,テーマ関連ニュース,⚪ 情報,10,"Data Center Thermal Management Market by Solution, Component, Data Center Type, End-use Industry, Technology, Type of Cooling, and Region - Global Forecast to 2032 - Yahoo Finance UK","Tue, 08 Sep 2026 14:50:00 GMT",https://news.google.com/rss/articles/CBMijwFBVV95cUxQc0RDSTBJc3RXZkJiT0YzSmRGZkpQUEE1a2JpTXlWY3BuYW5yLUJiaTZHdTUxaVpXSHJjdjBYNlNVQWM1aHE4WVlROHJDek5KQ1Utb1JTUkRmUTRqSE1HSkNUalh3OWxoWFZ6MnRDSl9BNXc2b1dOUzhjdUNfaFhrYnlwX1BLMjN5SUtxWFBRYw?oc=5
2026-09-12,AIデータセンター,,テーマ関連ニュース,⚪ 情報,10,Water stewardship in the age of AI: Maximizing water reuse in data centers - Water Tech Online,"Thu, 10 Sep 2026 21:07:14 GMT",https://news.google.com/rss/articles/CBMizwFBVV95cUxNZVY0SmVLSkU2cFhtOWttWnVCVENfY0JrazZhRTVTalRqMDA1RzN2ZVYyV2YzVk8zUU5pZ0VBOC1wYXJFcFVvVnpNNTEyR2I4T3YxUURMdHNVeUFtM2dkUUFrakNxd1JxRVVlVDdyM3ZPOWs4V3k2Z0FkSlpJemREaEM0N3hPcHp6TEdDVlRoSy1ldGw5Tm94X3E2LWtLcHpGTjdVWWhISVlsa0Zvb18xRnhBaTd5NjlZcHc2Ty1MbDl1dy1wVFIydWdBVWpfb1U?oc=5
2026-09-12,AIデータセンター,,テーマ関連ニュース,⚪ 情報,10,Why data center cooling is now business-critical - datacenterdynamics.com,"Sun, 06 Sep 2026 14:04:53 GMT",https://news.google.com/rss/articles/CBMinAFBVV95cUxPT3ZfaWtwUmRQZjRvd25YZ1lOOEltUGhQZHEyYlZaUmFHdzBTLXJDOXpnLTlxMmJjOHdQeXZpRURtRV9EblpkZ01zX3ppMDBVTzBmamxLczMweGlwVUVYY2tRcTkzRnhSYV9xNm45UldHZkJZdV9jV1lhOFcxdjBEeGtHUUtLN09tWFFqVzYzbE15eERkVVF6ZnFBa1o?oc=5
2026-09-12,光通信,,テーマ関連ニュース,⚪ 情報,10,Co-packaged optics for high-performance computing and artificial intelligence - Nature,"Wed, 19 Aug 2026 07:00:00 GMT",https://news.google.com/rss/articles/CBMiX0FVX3lxTE44eG5iRFQ2RVc1Z203TEg4c0QteWIzRzFTMTBSTEs0MXB0VUppU01tbWlhTGd2amlZYUhtYzRxaEJpZzBORHlXNW1PbEhiSm12eXlfTjB1NjgxWC13Mml3?oc=5
2026-09-12,光通信,,テーマ関連ニュース,⚪ 情報,10,"SK hynix’s technology roadmap for co-packaged optics features in ‘Nature Electronics,’ as AI competition shifts from chips to systems - SK hynix","Thu, 20 Aug 2026 07:00:00 GMT",https://news.google.com/rss/articles/CBMiZEFVX3lxTE1JQkVPNFB5aVdSRWoxN0p2NHdNQklDUEIwYjhIejhESzdKdldtQ0RZeG52OWxzdjB0Njk5c0xXTXMyclFNTW40c1cwb3FoTUV0X0REN28yR0ZFWlJkcjN0ZTBlN3M?oc=5
2026-09-12,光通信,,テーマ関連ニュース,⚪ 情報,10,CPO Is Not the Endgame: Tower Bets on 3D Optical Engines and Optical I/O Chiplets - semivision,"Thu, 10 Sep 2026 12:53:13 GMT",https://news.google.com/rss/articles/CBMif0FVX3lxTE5GSHJzcG1hc1p4dmI0THpyQko5WUhDN0VoZFJ3cktsSjJwRVJEcDFRM2k4dVVlNjJEUmd1Z1AtUzh2RnNhMXJ0QVVYYzVwamFYMU5icFBpZ2V2cTI4M0NMcGZPdDNJcVpOVFQ2Rjk5WUtvQnhReHBadk5wX1lmYnM?oc=5
2026-09-12,光通信,,テーマ関連ニュース,⚪ 情報,10,Co-Packaged Optics Market Overview - Market Growth Reports,"Wed, 02 Sep 2026 07:00:00 GMT",https://news.google.com/rss/articles/CBMiiwFBVV95cUxPUXgyRnBZanN1NUQ1M2M3NFRPWEt2VVBBNWhmWDdzQW5vbFNSVmV3Q3FoTkw4RG1vQVgzc25NOHZFMC0xRjE0a0twaVlJbmExQ1dleWFUcDFoa0hjZTN0SHJXV2F1MXVqMkgyanltMWtJX3ZzTjM1UTc3SWkwdjJxdHlEaHFSS2V6eV84?oc=5
2026-09-12,光通信,,テーマ関連ニュース,⚪ 情報,10,"From Co-Packaged Optics to Nanolasers, Photonics Moves Inward - EE Times","Wed, 29 Jul 2026 07:00:00 GMT",https://news.google.com/rss/articles/CBMijgFBVV95cUxPdi03TklJZF9JNXhHZjc4MmdVZHpPVjM3YU5RNkQ4WnVuV1JsM3I0eEFCZ2VtMElkcUFhRjdVY1ROQ1Z5V0s1Vy16cWo0UVNtbUpzVnhZY3RMR1pmRlh5bzlRd1I0djY4V1h4UFpSM1FTSmZxVElOTUQ3NTVJQkdjU3dsSDZUNWFCTXVHQ0FR?oc=5
2026-09-12,光通信,,テーマ関連ニュース,⚪ 情報,10,Advancing Optical Interconnect to Meet the Demands of AI Computing with Near-Package Optics - The Fast Mode,"Wed, 09 Sep 2026 01:06:08 GMT",https://news.google.com/rss/articles/CBMi3wFBVV95cUxPeVFSc1Rid2tvNlNaNllKVjlPY01EU1QtcF9xd0NUVjR5bE8waG12UVBocE1oLTVWRFpickIxYlBBTGxOSmEzTnZXeU5BMzRGczhaWldzTWdpUjB3YjVMdTdwMzd5S3EwZWRCUUtSRXdMOXJNN2hEbjhsQ3lUeXlpTHZ6MXdkZ01Ya3cxcnZYZXR2Z1Mzc2x1SWplbDVIWjZVOV9tYWhObkxjRVUtMVF1dTJHR0N4SnUtVzNCS3pGUXpEVy1DZVNRTTVlVjVtZksyTkxmd3RhR01vUU5pd1lZ?oc=5
2026-09-12,光通信,,テーマ関連ニュース,⚪ 情報,10,Co-Packaged Optics: powering the next wave of AI infrastructures - Yole Group,"Tue, 07 Apr 2026 07:00:00 GMT",https://news.google.com/rss/articles/CBMipwFBVV95cUxOQVRFb2pCZzZoRk1rVndPb1Y3MUdSSmp3QmxqQzNuSTlOMFRsaXpOU0VVZ3ptQTZBODdPY1U0SHhaSU1oSzBoeFhzeV9CWVpvOWxJMnJteVJHUnZNWXpUdEhSWFdoSGNXY01laU9NQl9ZYWUzc2tocUc3azN1YzE2U0tmTFItbVVzb0M3UjdGUFFFWXJhV1lQeTFSTC0wUktVQ3NRQVhYTQ?oc=5
2026-09-12,光通信,,テーマ関連ニュース,⚪ 情報,10,Fiber Alignment Stages Market Growth to 2035 Driven by Co-Packaged Optics - News and Statistics - IndexBox,"Sun, 06 Sep 2026 18:51:19 GMT",https://news.google.com/rss/articles/CBMipAFBVV95cUxQT0JoU2loTF90RUhXSkwwVTdTSHh5TkFkYXE5MmZYU1I0SDUyZmN0akJXdGh6MXYzRS1IUUhSWEc1UkFQVDU4U3RobDdfdmpIalQwU05HbGdxZjBDTjVYdldpS1c5U2JIZG5zLXhtMm96dEVPZ0lzY1FCVndNWGdKcW5oWFQ0QXk2bUx2SEdYRFpick5OQzFJendiQk1kVXlZYm4tSw?oc=5
2026-09-12,光通信,,テーマ関連ニュース,⚪ 情報,10,Industry giants unite to define open co-packaged optics for next-gen AI infrastructure - SDxCentral,"Fri, 14 Aug 2026 07:00:00 GMT",https://news.google.com/rss/articles/CBMiuwFBVV95cUxQYVVMd0Y1MTRQc1ZuXzdpLW51azBCa0stcmlJQ2lRVHVVQXJ3UW10T1RqUk9pX2U1Rjg4bUp2QTNWd1hReDlWR0V1cmxzX0FiOVhBcVotcklSSThlTU1vNnZKQmlzdE1jU0lyVDZWSHV1X0tRNHNPTlM1N0lKTHlQNmplbXdfMlUzVkx5TGVKclk5eHBPaWpCZjRLT3QzaVZpVmdLZTdrTEJyLWRsd0lnY2h6TEhoa1VCdmRV?oc=5
2026-09-12,光通信,,テーマ関連ニュース,⚪ 情報,10,Laser annealing integrates optical isolators directly onto silicon photonics chips without overheating - Tech Xplore,"Fri, 11 Sep 2026 16:20:07 GMT",https://news.google.com/rss/articles/CBMiigFBVV95cUxOa2ZFQmh5NWF5UXJZS1RDMnR4TlFuSUZEenhEbHFIOWNCOUpMVl9WTnlyeGhGZzE3V0MtVURyM3BwdjR0UE5Pd2VrTjMyeE9vekdkZl9idGpwRURvOXUwZnJ1d0M3YzRfZVdfNVRRMnp0X0taemZ1SXg1ZUdzMkh1X1lRNVVpR3VBQXc?oc=5
2026-09-12,光通信,,テーマ関連ニュース,⚪ 情報,10,Taiwan eyes silicon photonics as next big tech leap - Taipei Times,"Sun, 06 Sep 2026 16:00:00 GMT",https://news.google.com/rss/articles/CBMieEFVX3lxTE55ektzSXlzV3pJakY4U2NMVl9oS002c2dqbGJoNG5FcVQ5RzkyZ0FHSy1vcFNpSnYxOE5McVJaalJQdW5KbFhZdEVHdUNkN3p0d1N5TGpsQXY1TERGUmk5X28zZG54SlpKcUJzYWNwRWtzWmVTcmpiSg?oc=5
2026-09-12,AIデータセンター,,テーマ関連ニュース,⚪ 情報,10,iPronics Raises US$125 Million to Expand Optical Switching for AI Data Centers - Optics & Photonics News,"Fri, 11 Sep 2026 09:28:38 GMT",https://news.google.com/rss/articles/CBMi0AFBVV95cUxNTHBXRjdtMC16dG5UUTlJY19DV1lJTUVLZ1VGUnpNUEI3aHpOVUtZdmZyc1JmenBBRnF4dnNaNlV6Uk51NmxJdTdTNG5RblFQZVh3c1Zubi1tY1ZKT21Xc1pEQm5xTWxpVHdHUS1rZVNSRFJURkhIUVVDQlJfdDZ5azh4Q0piSVNXZGJIY0hGQWV0QTJPNlMwY0x3UkdnTGFSbTEzaUZFVTJ4cWwtVTVDYlN5Ul9qZlVpR0VQVlQzS04wdDVVU0hpakJJMXJ5NjlB?oc=5
2026-09-12,光通信,,テーマ関連ニュース,⚪ 情報,10,World-first laser method cuts back-reflected light 95% on silicon photonics chips - Interesting Engineering,"Fri, 11 Sep 2026 18:46:00 GMT",https://news.google.com/rss/articles/CBMioAFBVV95cUxQclZKU2syX296LVRwMXlXY1BIc0ljTWdXTG9Zc21pdDB5UmJVcHZkU01pYWRER1lwTGk1QmJ0aDk4WTd2eGtqeW1Wa2wzSlNpcWw2cnJXRnQwU3lLaWpPNS1tLXc1MVNaUTlxZTV5MjRRWGJTTWNYckJZQ3RnblVqTmNPZ28wUWJKaGFOS0RGRFZ1MGI0VUhrcnJWa2xNZEI2?oc=5
2026-09-12,AIデータセンター,,テーマ関連ニュース,⚪ 情報,10,How Silicon Photonics is Reducing the Cost of AI Data Centers - azooptics.com,"Thu, 27 Aug 2026 20:54:00 GMT",https://news.google.com/rss/articles/CBMiY0FVX3lxTE5JWEZHWEhTUWpHdk5ocGMweU5iUFdMcGhLQjdQR2FmRDJjQXdGM3h0b3BuWkEtOVFkX3IwT3dma1BENXRSdURIV1pNRVk2QkdZYjZUXzViUnd3WTVBT1FTcXdwMA?oc=5
2026-09-12,光通信,,テーマ関連ニュース,⚪ 情報,10,Is Tower Semiconductor (TSEM) Undervalued Or Fully Valued Following Its Silicon Photonics Ramp? - simplywall.st,"Wed, 09 Sep 2026 04:48:15 GMT",https://news.google.com/rss/articles/CBMi3AFBVV95cUxNaml4ZGJQWldnX1B4LTgwVHJPMDFPOHVTSFBJcUM5UU1UVXU0ck4xeGIxQUFRRzkyeEVxbEZsNFMwbjlOTTJtV0QzTk51a0xuZWRGeExZaG9HNEw5MlN5MXV5NTBaMjZBNVBYUWxoblphRkFRMVNDOW52cG9sa2JTbU9nUkZvMkc4T1ZPa1U2N2pHMk5hU0d2cjdSSExuV2czY3l3ejRoWjZmYkROZUVBZnBVUEdrUW1yWWJEU2VFYzlibVEycVJQRWUzQTUxSUxrbjFQNXJKekd3VWx30gHiAUFVX3lxTE53VWNRRDRGR1k2WkdEUnUyVmRxejd4VWlWZzk4QmhOSWpFWm12S2d1ZS1QVXBPYzZ2NWRHWS10NmljR2s4TW92OU1HTVpBalpsbkxmR1pOdG0td28zZ01fWFJwYWptclhqa1pPb2tFUGYySUFUMmF5bXozd0hYX0thdXBLOGZTa1c1cUFWYWVObkpvOFpqZHFKWldpMmFIdGNYaTRtbUVUR212UFVWSzMyUGFoSmtkMDhUNU1VZHVza3AtaUp3dWxfUTg3Y0pheFd6VUMwT2ZDT2tqMWhfeWMwTEE?oc=5
2026-09-12,AIデータセンター,,テーマ関連ニュース,⚪ 情報,10,AI Data Centers Push Silicon Photonics Toward 300-mm Scale - EE Times,"Fri, 17 Jul 2026 07:00:00 GMT",https://news.google.com/rss/articles/CBMiiwFBVV95cUxPNzNldFBFUHo4N2loM3FudlNjZ0tpczJkYWk1YVdmelVNdzVpUTVJTXVRd0xuLUgwTGZrNUd5VnBLT3oyVllES290RWhLUGRQSDRnMHdpN2xBRGQ2WkVKdGFxSDc3SXJIYWNTMi0wZWdrcW4xbWJyaWw1T0lKUTBoX2M4MTBOYjVzR0I4?oc=5
2026-09-12,光通信,,テーマ関連ニュース,⚪ 情報,10,"China Silicon Photonics Market Size, Share,Trends, Growth Analysis Report, 2030 - MarketsandMarkets","Tue, 01 Sep 2026 21:26:21 GMT",https://news.google.com/rss/articles/CBMiigFBVV95cUxNMTRtWFNULW5nXzBUNkRHQ3ZhSnRtcFI0NGRpY0hwTVBpNHpRWkFlbVRIVXZrZUpTVEFwQ2U2bzI1SVg1WEo5LVlielBHLXprYU1Felh4Tkl2VHgwbkJzSWlVdnUwS0ZIdXdRT2MtS21PM3ZxekJITm5vZGZOOTdvdVZoNE1UMy1kcEE?oc=5
2026-09-12,光通信,,テーマ関連ニュース,⚪ 情報,10,"Semicon to put spotlight on CPO, silicon photonics - Taipei Times","Sun, 30 Aug 2026 16:00:00 GMT",https://news.google.com/rss/articles/CBMidkFVX3lxTE51Z3JlcVM1andPMlI2NVFZalhGN0Rlbk80RzY2Sl81NFBDZjNSQWxSR1QyNTdfTUlteWJqNHI3NkVNTi0tXzFKTkNHaUxUSUdPMnJQNUxhZTY0WXh0VmtKbzRFZjg0WFo5QjBIM1l0N1l0ajhSN0E?oc=5
2026-09-12,光通信,,テーマ関連ニュース,⚪ 情報,10,"Silicon photonics expected to dominate AI growth, TSMC vice president says - Taipei Times","Mon, 31 Aug 2026 16:00:00 GMT",https://news.google.com/rss/articles/CBMidkFVX3lxTFBoLXZObUlYVmFDTEtDaXdyalFCM2FBT0hteTRKbHozUTVoaDNTaGhEdTVDdkk2Y3FRRVNxQTFrTWhYM1pPX2kwZ0x2c2p1bVFFVUpNN21pSVNaVzNraHdtdHFvelVPV0dNdTFwNXJ5Y19TZkNZR3c?oc=5
2026-09-12,光通信,,テーマ関連ニュース,⚪ 情報,10,TSMC COUPE Is Evolving: From a Silicon Photonics Engine to an Active Photonics Integration Platform - semivision,"Mon, 07 Sep 2026 03:26:44 GMT",https://news.google.com/rss/articles/CBMihAFBVV95cUxQU1dXVTZQRmFvN0ZnXzVRMHlsV0VtN09lTm1qT1pIeVpGdVJXYjc5Ylg0Y2tjLU82NTFZRTZTdkdSYUUzUmJpNWdEUTd0SnRMcktNZ1NVNWliSHFsY3RVbzVSTzJtb1kwOE5rdVhyZmVhbGFpb1RwMk5zZzFUeHlJYTA0NVM?oc=5
2026-09-12,光通信,,テーマ関連ニュース,⚪ 情報,10,"Optical I/O for AI Chips Market Size, Forecasts Report 2026-2035 - Global Market Insights Inc.","Thu, 23 Jul 2026 13:41:39 GMT",https://news.google.com/rss/articles/CBMigAFBVV95cUxNNVd2X3JOV3J5dmVQZmxiekxMVmRhUGQ0WkRtMzI5OHhSOVdwVnNzckVWYUxiLVdBRHN2YWU1LS1KaUhrZjRmeDFPSFVHYzhBS0N2T0ZOQUhXVDFXZjNnM0hndUFtQm5fTWNBRUYwakRoZkpvelJqZ01KOXlCZDQ3cA?oc=5
2026-09-12,光通信,,テーマ関連ニュース,⚪ 情報,10,Understanding In-Package Optical I/O Versus Co-Packaged Optics | Features | Mar 2024 - Photonics Spectra,"Sat, 27 Sep 2025 02:58:45 GMT",https://news.google.com/rss/articles/CBMijgFBVV95cUxNSnd4UU1tcHZCY3hMb2lJcHhTQm5sNGZ3UWJoNU9OOEVXSHN0ZFdJdDBVbUxiNFNNc2FkUXlCOW9iUmc2Rjl2YmI0WDBfdElPTHpiQlg4ckNpaFg3eldLb2QzRWNWRWYyTm92bFNvdm51NWxxam1FdEpLYmdtYmxlS0dDMEZhZU1BeGhjaDNR?oc=5
2026-09-12,光通信,,テーマ関連ニュース,⚪ 情報,10,"NVIDIA, Lightmatter, Optical I/O... Why Is Nobody Talking About SilTerra? - Moomoo","Fri, 05 Jun 2026 07:00:00 GMT",https://news.google.com/rss/articles/CBMisgFBVV95cUxNMUE0eEFUVkJoSFZkaUpWczBoZFo5R2xlZ2VZdkVhOGw1eFB2OG1TSVI2bVZVTW43YnJsdkJUVWQ3eTYydEJGM1ExSzZQTTFGZ0gyaF8yOUdtUzJiNUZWOW1KUmNnYmM5RENBeUFtOW10amtvOTE5elRkR096X1d4QzIwUHFaby1JYzhaSjFoNEVkUFdvRjBPaUsxUDFEQkpVR001RS1VQV80ZUR0ajZ6ZEJR?oc=5
2026-09-12,AIデータセンター,,テーマ関連ニュース,⚪ 情報,10,Industry insight: photonics to scale AI data centers - Nature,"Fri, 30 Jan 2026 08:00:00 GMT",https://news.google.com/rss/articles/CBMiX0FVX3lxTE1aSEZwNk1tM0FhUUo2RnotRWo1YXltYk5EYkRmbTBpcFZkd20xN1NhUk1ScXFMNDh4UWNCSWdvZ001eWZwSExPeHlSZFZKMUY0bWw0c2EweW9YdmZZa0Zj?oc=5
2026-09-12,光通信,,テーマ関連ニュース,⚪ 情報,10,InPHRED Advances VCSEL and LED Solutions for Optical I/O - embedded.com,"Mon, 20 Apr 2026 07:00:00 GMT",https://news.google.com/rss/articles/CBMiigFBVV95cUxNMUEzSHpOVS1uUWU2Y0x1VWY2Z3V2RklXS2xmRVlzQk9TdG9CWmRJaUhwenZ4QzRNWXJwVUlYZ0htNmVPSkZBZE1YLUhzMlMxbWlmSU5VOXF2enU4R190TVExSU1lNm44aVhJWGpRcTM3Ujg1VC1PNzBIQWxIVk1fZWFDR0RhUUEzQUE?oc=5
2026-09-12,光通信,,テーマ関連ニュース,⚪ 情報,10,Mojo Vision: $17.5 Million Raised To Advance Optical I/O For AI Infrastructure - Pulse 2.0,"Wed, 25 Mar 2026 07:00:00 GMT",https://news.google.com/rss/articles/CBMinAFBVV95cUxNTEs1SlhPcElSdUd2cTdib1Q5TUp0VFRfOEpiVE9pb0ozM3J3bnRjNVEwS1lCM2c3WFJnVV8teVBhdTlqYlFlRGlvLUtubmpaZExUaXQ2MWxOVXRqSk5ocjR3NHE4dUFVMWhvUm5zWUxybHJqQzR6SnZ5TTRQTWpMRlZFekN4b19lRnVPUUN4cTJsR3ZtV3dpMW9xajPSAaIBQVVfeXFMT2VGZGxTMFV3LVY2Z3o5cURLakdKaF9zWDF5czZUbkFvZlVoRjRvNktfS0laT0xyc0ttX25LLUhGSkFsZzBDY3d4MGR3NDh4X294QXVpMmtRQmFNTFlubWNXT0lYUDdua0RmQjBuNkpDZkVBODItN0dsYUlqYllCVUNqMmJBVnd4SlZGNmlSZFFfRDAyRmJVeUsxcU9IUWJIVGJB?oc=5
2026-09-12,AIデータセンター,,テーマ関連ニュース,⚪ 情報,10,Silicon Photonics Lights The Way To More Efficient Data Centers - Semiconductor Engineering,"Thu, 16 Apr 2026 07:00:00 GMT",https://news.google.com/rss/articles/CBMilwFBVV95cUxObl9UNXhlMDVzTVhtZ254Uk1hemRKYzFYQ19iSUE3YlhfdmZ2QUs3ZWFwMzc3TG1mdTEtTk9oeFozRjF5MnhBYzhKT2psYWlTRUdwOEtkTk93MVJYRWwzSlRCUy0tZWdkLVg4eXVOY1RBSGpFcHJHRVlhR2kzMWFmTWg0aVh6aktJQzhxdm9GWFRYaFlTR0pN?oc=5
2026-09-12,光通信,,テーマ関連ニュース,⚪ 情報,10,Optical I/O for Next-Generation High-Performance and AI Computing - AIP Publishing LLC,"Mon, 03 Nov 2025 22:34:22 GMT",https://news.google.com/rss/articles/CBMizwFBVV95cUxPaXp2Sm9ueWV5YlRuQ2JRcVh4YnloNmZlVmRhV3JHTjNMWTNGY2dmWVpOVm5sWG9TSjdvM2Z4TVhYQlktQ2pseHRRSjFiZzBKd0tNOVRvV29Cbjl5TFVrMGNrWnRLVWVPY0VDVWpOTEJpOFpBYkVUMW96VjNPbGowWEloMkdoN3RUNDVxOS05b0NSc0tqd1JWNXI4LVRxMWdZb0Y2OE1fOG9kZlpfRWpIT1ZYRlpGXzBVQklsN0xUN2ZPYzN0N1R1TzZucmloUFU?oc=5
2026-09-12,光通信,,テーマ関連ニュース,⚪ 情報,10,Intel Demonstrates First Fully Integrated Optical I/O Chiplet - Intel,"Wed, 26 Jun 2024 07:00:00 GMT",https://news.google.com/rss/articles/CBMirAFBVV95cUxOU19zcm9uclpYNEdWY1VINEtYdWw3R3JKczBxOVhCa1AxeTNSNjNSX2Y0MTl3NUtOaHhWX0pjNXhsbVplRGtIWnlVR1RoclFDLTFFV3FHQXRXQnJPdEpXQm9Bc2NhOVhXMEliRXo4S0N0UkNNWEJsbUV4V1VVcFBmdEN0WC1RTDBWczBna0EwaXdIM2liSzR1b0xlZnJCb3lIMjA0NE9SNDZocnlK?oc=5
2026-09-12,半導体,,テーマ関連ニュース,⚪ 情報,10,"Beyond Moore’s Law: The Rise of AI System Scaling ：SEMICON Taiwan 2026 — From Advanced Packaging and CPO to Memory, Test, and Thermal Innovation - semivision","Tue, 08 Sep 2026 12:57:54 GMT",https://news.google.com/rss/articles/CBMifkFVX3lxTE9RVG91OEk5NDROTnhSd0hhS1BPaEEtTUJhQVl3enczN09mdEhXdzNLUXRvNE9lMkJiQU5wTU5XRHNXVVhvUGlidGlRa25SQzQ5ZmVMbEdwUU5GOURkTUltQkplTWtHdzY3eWdvbGwwc1h4OUQzZ3ZmYW5QamhqUQ?oc=5
2026-09-12,光通信,,テーマ関連ニュース,⚪ 情報,10,SemiVision Panel - From CoWoS to Optical I/O : Mapping the Future of AI Interconnects - semivision,"Thu, 12 Mar 2026 07:00:00 GMT",https://news.google.com/rss/articles/CBMihgFBVV95cUxNTmUxRmNRN0RxTm13YTFpWXpyR3dheTdnZ3FOd2pNVnJmMlhrVkNuTUhFTmNEZEVCSDNKMzNVazN1bVhoWVZCcXdXbWJpVERNOGpOamp1dVdzQmtSV2ZCTmJpNXR0aEl1dVgtTTg1UDhNRVRhclpMNC14SzRCNkxvM2ZBS1lhUQ?oc=5
2026-09-12,AIデータセンター,,テーマ関連ニュース,⚪ 情報,10,OFC 2026 Outlook: AI Data Center Optical Interconnect Trends from Pluggable Optics and LPO to CPO and MicroLED - semivision,"Tue, 10 Mar 2026 07:00:00 GMT",https://news.google.com/rss/articles/CBMihwFBVV95cUxPOUdOT3RLanhQcVFnQzJEal9hU1BvbWRNemppX0xkRHZmY1Q4bDFyZUk1MGdiQjhhSGgzVWYzb2lDQTNHbzlmMmRwelhKZVV6QlZNdXQ1QXZGYTJHN1o3UGl2V1JJejlZVVZCcTJvT3JDWnY5QmxNUWhPMWFXd2M0TmNLZEhla0k?oc=5
2026-09-12,光通信,,テーマ関連ニュース,⚪ 情報,10,CIOE 2026 Field Notes: The AI Optical Interconnect Race Is Entering Its Next Phase - semivision,"Sat, 12 Sep 2026 14:10:43 GMT",https://news.google.com/rss/articles/CBMigwFBVV95cUxNZjVuVzZyZFJHR1o3cW1WcTFhSGlyN2ZyZFRZV0Z2cngwTUc5bjBCTmRFdl81ZzVyeVRWMUNKV24zVkdvME94aFpnbVBlWTZxNXRvY1hlYWowS3oyUDZ4SnFPR2VuTkxkRzQ1RHF1VF9aRWFySFREU0JXTEEzRmJ5cm9lNA?oc=5
2026-09-12,AIデータセンター,,テーマ関連ニュース,⚪ 情報,10,Vuzix Ships High-Bandwidth Optical Interconnect Solution for AI Data Centers - PR Newswire,"Tue, 18 Aug 2026 07:00:00 GMT",https://news.google.com/rss/articles/CBMizAFBVV95cUxNSWNtZlQyZV90QW10dUtCeFBuNFdDcE9WVk5rdWg2Y3A4V2NBdkJadzRkWXkwZlZrWjREeDNsOHo4aGYtQ0hCWi11WmRjOWRuSkNBY0pHQVp6My1GU1F4N2hZdW1nNHBDWXNSN1NMT2tTQ0FidXdkckFnd3NQRUJsbFNtZDQ5cFV6cGJsN0Y4TTNjc051TmdBNTFOLUR1b1ZESXF3QUYyUTgwZHhMVlU4VFp6b2w0TkNIcVh6d1dDN3BIM2NialdjWGJVZ08?oc=5
2026-09-12,AIデータセンター,,テーマ関連ニュース,⚪ 情報,10,"AI data center optical interconnect market to hit $144 billion by 2030, an over ten-fold increase from 2024 figures, according to new projections — silicon photonics expected to account for nearly two-thirds of revenue, driven by co-packaged optics - Tom's Hardware","Mon, 17 Aug 2026 07:00:00 GMT",https://news.google.com/rss/articles/CBMiqgNBVV95cUxPVXphMGU4T09TU1NWZkR5RFlmN2U2Ylh3YjBzeW9HaXMyTDFTOFNSdFE3VU52VXZFVlNoZ3NMVVJzM0kyZjRQMk84cFAySU1uVk5vVVFCcDdkMVA5V2hHVGxXMEZVelI2bG1vYzFGRlBhd21iLVgzVG4ydFlvOUk3MHZmZzJqcnpjUnhLd0Q1TnFnLXlNbEJyaDFzNUhWazV5eFAxdUtQMXRxT3FWdWhPMkQzRjJSRGh1ZnlPNDJwREZIZGs0MnZRd1phQzRBUjJTMVBxU3Uybjk3RjdaM0ZJMS1pY1F6Skh3azdFUlZWM1dPQlBKX0kyTkRPeXM4TUdpQ1lZekphVGlIVDRsTmZfM2hJT3FaZW9yRU52TXlsZE5BZTZNc255V0tscERfYlN6RGh1X3Awb0pSVDZFekxDTTBPVGJZdXJna01RZEl2RVJMR1NlcUR1V2xIYzBuZURqbDZwMVVuN3Z1YVhsRGRIOUNfMDVTckVhcVZFY2VHbk9iRGVDWkZySHZic1ctUVYyT3hCUGUzVlZPanRxWC1LUl9STlNnOXBKZEE?oc=5
2026-09-12,AIデータセンター,,テーマ関連ニュース,⚪ 情報,10,Huachuang Xinguang sees MicroLED optical interconnects entering data centers in 3 to 5 years - digitimes,"Thu, 10 Sep 2026 08:20:03 GMT",https://news.google.com/rss/articles/CBMipgFBVV95cUxQcGpaZHdWWEtsQlN1WFdxREFLNFdRNGMzMGliNF80RHZfdkVyTkpjbmljWXVDdEpTRmhzYnBUTGExV29laXk0bkJMVGNteUZ3OTdFaWUtSEFrYm1uTkhnbVZ5ZkpnS1NQVTJxVnluRFdkRlZhNG5VdlE5THlBQWhDTnlWWkV4eGFrR2dkMzJfZXAzMDY0OE1xem5RZ3lmbzJLMXZwZ2xB?oc=5
2026-09-12,光通信,,テーマ関連ニュース,⚪ 情報,10,Citi: Optical Interconnects Are the 'Next HBM' — NPO Pulls Ahead with 2027 Market Entry - finance.biggo.com,"Wed, 09 Sep 2026 03:39:14 GMT",https://news.google.com/rss/articles/CBMidkFVX3lxTE1SV1FZS3RFQXdrOWVDeWNjdzZtd2FMOG5USjMyNC03UTF3VzlQWTFJSTAyQ2pBTXFhS3R3VndqVEwwenUwSF9iS05vT2ItVFBVSEZNRWlObXhRV3ltZk1MaXpBU1QzYVRyOGJuSjY5UnV0cUVNamc?oc=5
2026-09-12,光通信,,テーマ関連ニュース,⚪ 情報,10,Inside the Next Generation of Optical Interconnects - HPCwire,"Mon, 24 Aug 2026 07:00:00 GMT",https://news.google.com/rss/articles/CBMikAFBVV95cUxQRmkwdVVZeUIxM1EyaTdGdEhNUTBPTzZsRTd4MkVpQmJ2Q1paeUNaN1VRTHVrV00xZVJad3MwbExEOWt6OVNjZGV4SUp1RHE0d0lHWjdnNGNOVlB0cjlZZ3M0V1QyR3J1SC1odzJUWXpXYlpHdENibFE2cXV3T2VOckZuWGZFbGFQcUZmNG5XRXU?oc=5
2026-09-12,光通信,,テーマ関連ニュース,⚪ 情報,10,[News] InP Shortage Emerges as AI Optical Interconnect Bottleneck - trendforce.com,"Thu, 06 Aug 2026 07:00:00 GMT",https://news.google.com/rss/articles/CBMiqwFBVV95cUxNM1N5bU9ERTN5WkZSdUJpMm1oem1uMmREaGZYN2dSNzMzemNyc1NTbEg5SFlOSHpXODgtR1BnWnNPWXh2MUJYelJEMW1kY2xjNWM4UEdtQlhvWG5KNTFkeFVVZFNrNURRSlJwSmVDeUQxODRvZ0lJQ2FDeS1NUGhrZUVNWHdJakNHZVdyYWxnanRYN2NxajFWRHFUdVJDNFJBdlVxT2RKbnFlNGs?oc=5
2026-09-12,光通信,,テーマ関連ニュース,⚪ 情報,10,Transfer-printed yellow and red InGaN micro-LEDs on diamond for ultra-low-power high-speed optical interconnects - Nature,"Wed, 17 Jun 2026 07:00:00 GMT",https://news.google.com/rss/articles/CBMiX0FVX3lxTE9Xd1djRTJnU2QwVmtybGRPaWJ1bjRnZXRvRWZHRHVqaFVOajNqbjVfNER6VlN4U0ltU0tHaEp1LW54QlEzeXJudnA5X29YT1otUmJSeUZJN19yRXN3YmNF?oc=5
2026-09-12,AIデータセンター,,テーマ関連ニュース,⚪ 情報,10,"Data center water use in Texas: What's myth, what's reality - KVUE","Tue, 08 Sep 2026 23:45:00 GMT",https://news.google.com/rss/articles/CBMi1wFBVV95cUxNdVEwM0trd25mTUZGUmtZLXRpVHY0QnVjM25DRUlBRUpsTDRXNTdJbjQyaGVTUW1ScllxeF9OdTVWdjJmWlR2VjY4WURSQmlXWEFNOTIwOUZDUlE3QlRGUUtaSXRZdTFIWVVMWWdUeTBfc09ONmY2bmxqMkU4WEJlTXNnemtKSlh1akVpM09wRXBUOFp0SExIOGJ5SE03OU9vLWJhVHJuTUNSRGdrVWRERUxOZVVBM3NORVV3anY4eDVPZ1k1cFNnajBKa0tnRDdPcld2UEM5aw?oc=5
2026-09-12,AIデータセンター,,テーマ関連ニュース,⚪ 情報,10,Nidec Unveils Liquid Cooling Solutions for High-Density Data Centers - Refindustry,"Tue, 08 Sep 2026 21:50:00 GMT",https://news.google.com/rss/articles/CBMinwFBVV95cUxPa3RFYkxuckpSNFJSc214bm96VXZnOTBOSUNmbWRoeTQ5QUJROEJaejhoeDM3S290QnVNVXBOOTFCODltOUhBTk5Va3pNOXk3RTdLZFNzcUhUZEs2UWR1VUY0eHNCcW13Q0F2TTNQWUNHWUxkVGZqb003YWlUUW9EakZFaDNJVTJiMEJLeWJfdld6V01Yb3hNM3ExWVdCUDg?oc=5
2026-09-12,AIデータセンター,,テーマ関連ニュース,⚪ 情報,10,Tech Thirst: Data center water consumption could triple by 2030 without efficiency gains - Rystad Energy,"Tue, 08 Sep 2026 07:00:00 GMT",https://news.google.com/rss/articles/CBMijAFBVV95cUxPMGFlMTNFbUtXTlpiQTRmOFFYZ1V0RG5nQ3YtOU9US0F4ekhIX3BlN2k0R095WTJGbFIzcWFPTW9mbGt0R0VrbWQ3aHVOLVZPTnUyTW95dDJmcHZwYXNvdUtYWnVHUnVtMk9Pek5NNmFTVzVGVlBLU21SdDZ4cjhLalJ6SktTM0xadTBwMQ?oc=5
2026-09-12,AIデータセンター,,テーマ関連ニュース,⚪ 情報,10,"Exclusive: Blackstone to buy FCH from Audax, as demand grows for liquid cooling of data centers - pehub.com","Thu, 10 Sep 2026 08:00:24 GMT",https://news.google.com/rss/articles/CBMikAFBVV95cUxPME5VeHlRemZKRlRHSVdveVJOMkVYQWRnTUtjZ21FSVRmRUtnWHBMU2RyLTFCeU5pQnBMYzIxTlZSNndyN3U5NjNpeXBkR29KTzJMY3BldVU4bEg5M05DVmNVYmN0OUp2a2F4c01iTHgzWUFyMnNlWnZQMlpTX1Q0STFGS3N6NU5ob0s4aThtdl8?oc=5
2026-09-12,AIデータセンター,,テーマ関連ニュース,⚪ 情報,10,"Blackstone to Acquire Flow Control Holdings, a Leader in Highly Engineered Data Center Liquid Cooling Components - Business Wire","Thu, 10 Sep 2026 14:00:00 GMT",https://news.google.com/rss/articles/CBMi_AFBVV95cUxNcmFfQk4zTk5qTEl2YkFYcmptRklxY0JMU0ZiRk9HME1GekVUZGpudmxUX2VsMEhxLTdVMGdOZ0VDNER5YmJNRzNvRVpBNDVrTi0tMndQZlhBNVJGRkVGVXlJWHdDNUhfaXVDVms2WDlTT2NNZGxEUjNNUEdDM2h4Y1RxbzUxbHpkci1PTjNDTDJLZmNyRXZLMVN5S25fcUhQa3c3TGhrcmxzWUhqWm9GQ1FXQTZvVDlEa1FCbEdnc2c4cjlpMEhCZjRNYTNkRXJ2N0V2ZE9NOEZEeXpMMTV4M0NiTFdIMUxGUmV2WHFfeWxrTXdNTW5MakIxU1Q?oc=5
2026-09-12,AIデータセンター,,テーマ関連ニュース,⚪ 情報,10,"Liquid Cooling Options: RDHx, Direct-to-Chip, Immersion - Data Center Knowledge","Tue, 25 Aug 2026 07:00:00 GMT",https://news.google.com/rss/articles/CBMinAFBVV95cUxPdUdyRll0WWZXMDhjLVF6dVFTMmdCaU5ZN1VNejdwWDV4MXE4MTgydFhHZ0xwYWVET1ZrWDZEbnZDSnM5eHA0amI0b1lMZTJuX0hfUTNDRHJpNDVTWEdwVTc3SEdyMmZodVlTOUFjTzQ1cV9MQ3BMcnFuWllaRWFqUGNfZDdxNUVqX2g3Smc0d0t4WmlNU0k0OU03eTg?oc=5
2026-09-12,AIデータセンター,,テーマ関連ニュース,⚪ 情報,10,ChemTreat expands role in Ohio’s growing data center Infrastructure - Water Tech Online,"Tue, 08 Sep 2026 21:27:42 GMT",https://news.google.com/rss/articles/CBMiygFBVV95cUxOdk1qaGsxNUlGZ2pnOUt4VGZreTByMTlGNENRU2lQeU5ZRldIWWREbjZkeXEwQWQ1Tkh5cklEMTFEeHU4NVhsZXRLZ1FzRWxPQUVVOXFzSjhKeDdCMm5tNVUyRk1DaVRqVkxSOFVkYkJRLVdtcTVQaUgtclY1NWZkNnBLQ0pQT3ZXMXAyUXNmMTRDd2Q4ZmZEYXV4cEl3Sm1vT0RBeEVSV1pRYWNNMkgzOUJqUHd1Nk9IelAtal9oR1VBSlVXcElEdGhB?oc=5
2026-09-12,冷却・熱管理,,テーマ関連ニュース,⚪ 情報,10,Dielectric Coolant Concentrate Market To 2035: Immersion Cooling Demand Drives Growth - News and Statistics - IndexBox,"Thu, 10 Sep 2026 20:56:18 GMT",https://news.google.com/rss/articles/CBMixAFBVV95cUxQaDY4R0U4bEttQWsycXR2TVh2c3ZVWGFFY001VUFYQ1lTTnNLNjBhYmFIOXo2TWxFeExwVTFlZy1LMlVjZUVBU2ZwLVhCVmQzRXpCQzFIM09zdHE2UmhTY0JVdUpPRkE5bWRoOUFpTzl0NU0xMGx2ZjZ4MzRaMTlmbWVCbWxnUDdsOU1LdFFuWTk3S0NuUFh1SUc3Um9jN3lrQ2VhdkFYOGRVT0JjcHRDX0VRaVZnRm5mTW1xbUxEUDQxVTZf?oc=5
2026-09-12,冷却・熱管理,,テーマ関連ニュース,⚪ 情報,10,New marine battery uses immersion cooling to prevent fire spread - Interesting Engineering,"Wed, 02 Sep 2026 07:00:00 GMT",https://news.google.com/rss/articles/CBMimgFBVV95cUxPSlJtdm8wQVk0b0xYUE5MLXlqRmEyN2pSVFhsOVRERmFWZjdtckNaUUNwZk8tRkZ5d1RLVEUwYjB0UC1BNTlVa2xtS1JDbUI3dXEwa0xJR2pnZU13ZUZ5OEhIc1RtZUFkdkh2Y1p1a2h3cjl4d0lpOElqUlpteGU2NW53RUFzN0tUWUJJYjJvR3hqYzN4UEVZUFFR?oc=5
2026-09-12,AIデータセンター,,テーマ関連ニュース,⚪ 情報,10,Liquid cooling enters the mainstream in data centers - jll.com,"Tue, 01 Sep 2026 07:00:00 GMT",https://news.google.com/rss/articles/CBMikAFBVV95cUxNQ2hYbWUya0RLUTNSMVY4eGh5eFVDV2hFaTdKMkdseWppS1JXVlhOSkpxWFhHV2dud19PbXhlamVkU2NJQzFrNmtRQzZENTQ2SVRWS0ZfWnUxWWJEbmVWNXBoOTAyYWNnb0YxSVkzcEVlRFZ2Q3ptc1RzRkR3YzZpQXd2TEFrODc2X2NzNFdydnQ?oc=5
2026-09-12,冷却・熱管理,,テーマ関連ニュース,⚪ 情報,10,How immersive thermal management is unlocking next generation of heavy-duty electric machinery - International Mining,"Fri, 11 Sep 2026 11:27:24 GMT",https://news.google.com/rss/articles/CBMixwFBVV95cUxQanhJeFJjT1ppZjFDSkNNRURYcjlMYkV5UjFZemlXM3lncWY5R2FvNjB3OElDOWpwZzNCVTBVLUxXWWQ3eHg0anBrZl9kYnU0elNCWl8taDRqX2gwNEZOT09TZ0JvVzVET3FNSkVOM2dZdW81VWl6OThTMm1Ma3VwbjktZ3ZMYTROcTN1Z3luTm5fZW1ZdldQNFlOUmtiWW9ZQTkzTE1xajVvWlBiMk1vM2tRZ1ZPREVBX1QxZTRBQ1NyZUlISzgw?oc=5
2026-09-12,AIデータセンター,,テーマ関連ニュース,⚪ 情報,10,Malaysia to launch palm oil-based immersion cooling fluid for data centers - datacenterdynamics.com,"Fri, 14 Aug 2026 07:00:00 GMT",https://news.google.com/rss/articles/CBMiugFBVV95cUxNM3VzekJIMTB5X3F6cnVZcGp2VkVaRXlRMlV6Zm9tRmRZSmxRVUhIcWQ3UGxhcDNPZk1keC02V0NJQnU2V21zQkVZTmU3ZzluZUVINzBveXZKSDhpY0RDZC1zSmRmMnZRVndCTE1ZSEFEMzU2QmFQWWd1bXEydkxUR01RLVBwRkRCRGlLSEsxb3ZTZC1WZUx3TDkyV09vc0JYLXJ4RFZUMkZEaXJNMl9UcGZKRzhtdTFxaGc?oc=5
2026-09-12,冷却・熱管理,,テーマ関連ニュース,⚪ 情報,10,"Immersion Cooling Market Size, Share, Trends, Report, 2034 - Fortune Business Insights","Mon, 17 Aug 2026 07:00:00 GMT",https://news.google.com/rss/articles/CBMie0FVX3lxTE5LWjFQMG5rdVhyRi02dVNQek1lWjNPbW5qNkhtMWIxbzNPSHFyZ0p0N2s3RGlTS2RTWGJ4RE00OFgtRlJsR3hlMDdINmg3cTY1WTlhaUJBcGFRa0F4dHBhNmR3MTJPVGpaOXI3ZWE5Y2xUUkdZeDlQRzZBNA?oc=5
2026-09-12,AIデータセンター,,テーマ関連ニュース,⚪ 情報,10,What FMs need to know about data center immersion cooling fluid selection - Facilities Dive,"Mon, 06 Apr 2026 07:00:00 GMT",https://news.google.com/rss/articles/CBMiuAFBVV95cUxNVFVsT0dFTXZRYWRHT1VBOXgtc3lxQ0RpTXFCTmJuYkRHYy1VdnBvRkxCZ0VjMDNNMWJFS3ZLUUs1SnJUMDU5WDFJZ3N2N2ZtYTdLNlZUTnFUTGx6S1R4TlNpalllNWFwVWJ3RGp2ejhneTVyYzBSOVlZSmhDOHR4Rk9KY2Ywdm5QVWgyZWNDZ1JvWThibXV0eXJISXBaOW1FSGtlUlp1OG96Q1R1R0RfZkdmaEFqRHg0?oc=5
2026-09-12,冷却・熱管理,,テーマ関連ニュース,⚪ 情報,10,Beat the Heat Clips | Cold Water Immersion Cooling Technique - College of Medicine – Phoenix,"Thu, 30 Jul 2026 07:00:00 GMT",https://news.google.com/rss/articles/CBMipAFBVV95cUxQaVpSeEgxUFVfNzRuREs3eWZuT3hrRnM0bGJ0T191NjJfMXZaS293Z1NESURSNmRqVG9CVWV5cnJLRTRCYlRyNG5sdFRNek1xRFA3VV9UYjA2RS1jcm5haS00bDAtTHdtb0J3SG1kRHpoaUZWYnJGOTVSZ2FJcXNzYk5NdXhBQXhfRDlVcEdwTHZ6OHR3UjBwbnI4WHZuM1E0bjlWNg?oc=5
2026-09-12,冷却・熱管理,,テーマ関連ニュース,⚪ 情報,10,Enhancing battery safety under fast charging conditions through spray-based immersion cooling - EurekAlert!,"Tue, 14 Jul 2026 07:00:00 GMT",https://news.google.com/rss/articles/CBMiXEFVX3lxTFBBdVkzT1FsVGZPV2FzZkxNM2FrQmtfX2xuQlhVdkhxU3FRYmJ5Mm5HTXhsT0RNcHlrdDRaZGNjRml0VjUtbzhLVWNJa1FJVUlmb010Nll0b0ZhM1RH?oc=5
2026-09-12,冷却・熱管理,,テーマ関連ニュース,⚪ 情報,10,"Northeast Securities: The Era of High-Power Heat Dissipation Begins, Immersion Liquid Cooling Media Breeds New Opportunities - Moomoo","Mon, 07 Sep 2026 06:49:09 GMT",https://news.google.com/rss/articles/CBMirAFBVV95cUxPN3o5LV9uOU9RT1RDdHNhZ2UyYWJtdEFlODNpbV9FNGczWWpQY01wOFU1R05CaDBhd1BBMzNlRG1HRmN6OGxaNHg3VFlmY244b2R5cFVVYjUzTnVEN3g4aF9yMzV0R3NmTUdoWURsOHJHNUtHZzZKbF80WTVrNmp4MlBvLV9OblI3R2gzRUFTclZBcF9sYnhJOXBack8weEtNSVQwdFkwSjBvNDhw?oc=5
2026-09-12,AIデータセンター,,テーマ関連ニュース,⚪ 情報,10,"Immersion Cooling Market to Reach USD 4,917.0 Million by 2033 as AI Data Centers Adoption Accelerated - Yahoo Finance","Tue, 10 Mar 2026 07:00:00 GMT",https://news.google.com/rss/articles/CBMihwFBVV95cUxOMHZ0T1VzYWJfWVNwQzFHRlBqaVBuZElVTDZ2XzAzcHplSmNjM3dWVkpjdlhpanBVMm9SZFphbHR6Z2cwS2ZXV0loeDdQVUpNZ3JSbUhSWnFRU3RTMVAzWDdXRXJtZkRwa0JiY3BIRjVPQVpvcWQtQkdiUDhSZUdFWTJKeE1MY28?oc=5
2026-09-12,AIデータセンター,,テーマ関連ニュース,⚪ 情報,10,Transitioning to Immersion Cooling: Ensure Success with High Performance Infrastructure - Data Center Frontier,"Fri, 30 Jan 2026 08:00:00 GMT",https://news.google.com/rss/articles/CBMi4gFBVV95cUxPaUp6c2ZqR1pXazl0dVJOeDNmYVpYZHFUMDJOV0VNQlhNQzJydGk3cXU5ZlNDdC1rV1F2QlVrMUZLdHBISWpiblMza3VOUEh1dDJXbHl3TmotOXBHREl6X0M0UW1SSV9neHR6eHp2RXhpMXhKVXBRLW4xXzBvckc4bTF1NlEtbjhRdVNISnJXSFNNVmlFb0dKcHBrZWJhWW9MRlJ5QmdHa1RyNkZyTlBpQ2dEVDZSamRZbU1ET1hURU81ZkVRZTlvSjV1Z2UtekhjbG9ja0l4TV9TcncwTEo1ZEZ3?oc=5
2026-09-12,冷却・熱管理,,テーマ関連ニュース,⚪ 情報,10,EticaAG contends that immersion cooling is the next evolution of BESS cooling systems - Energy-Storage.News,"Mon, 27 Apr 2026 07:00:00 GMT",https://news.google.com/rss/articles/CBMiugFBVV95cUxOQW1Wd0p1WXRfd0g2N1hMZ1o3aDRDNTdkS0R4ejA4WlVWNXJBSWZXSnpHcDNOLU1VVzFqVGlTTmt3M2YxZzJ1QXBNTlQ5NEtnZlZXUmtpOFRIRVNOajBfX3VTXzVzaUFJRFoyMi1sVV9uQ29XaENXU29TeGxaaXUwU0NUSUk4WV9EZ1NxRGNseUVDMzU5czB2QXN1Z1hfOVdwekNJbm1mVWlIZ2dhSzZqTDZneENrR1EzNnc?oc=5
2026-09-12,冷却・熱管理,,テーマ関連ニュース,⚪ 情報,10,Immersion cooling vendor Ferveret is thinking inside the box - datacenterdynamics.com,"Thu, 03 Sep 2026 16:02:39 GMT",https://news.google.com/rss/articles/CBMiowFBVV95cUxQSEI1aXpCRVhLZk5pM0VibFlDM1ZCbU1Selh2MFBPSjFldUx6VGFzdHY3YldmR1RNSjNmUUdYVEI5REp1X1VTMU1SM21jdElqemVVMXNYcnE2YkV4MlZ6YXUzaVdEMmdwTi1wWkJIUm50MHpGUEdoS1I2TFFxTWJuQUxsLVFGV0gtU2wwUS1CYjNBWXVreVFiTVM0dzR0STI5Z3RF?oc=5
2026-09-12,AIデータセンター,,テーマ関連ニュース,⚪ 情報,10,"Immersion Cooling: Lagging Today, Leading Tomorrow - Data Center Knowledge","Wed, 19 Nov 2025 08:00:00 GMT",https://news.google.com/rss/articles/CBMilwFBVV95cUxNRnVLanV0TTZTT0E0QkFlN29uX3pwa2VyZm9HeWFYMUticlFsZHdQWUUtaTAzOF9EYy0tY0ZtYUkzR2cwODBpU1RjckdIY3BQMVBQM3IyTjJDeTVsdjRuYnBXLS1Pbm5iZDR2WHVPMUxVandLekR5bVdrOFhvbG9mQ1phV3VDZmE3N19DU3hfeWFSRTh5VGYw?oc=5
2026-09-12,冷却・熱管理,,テーマ関連ニュース,⚪ 情報,10,Castrol signs MoU to bring immersion cooling to Japan - datacenterdynamics.com,"Mon, 27 Jul 2026 07:00:00 GMT",https://news.google.com/rss/articles/CBMingFBVV95cUxOb1I5ZzQ3RW9GSWtKNkpDTEdJWWlCdjJnNjJsdDhaY244NVlNWGMxb1JKZm5UcURzYnRmR09CZEVLM0sxZl9OYTJ0UWY4akFhaXRLc1FmWUlVUmFIemhGVFZiVmRHeXdJWUl6X1NUOS10Y1h2WGp6YW42NHpJNTNLcXlwWUxxYUVZREVmRWlEN3hCRGxHT0FFOHlNVjkxdw?oc=5
2026-09-12,冷却・熱管理,,テーマ関連ニュース,⚪ 情報,10,Immersion cooling and IT reliability: What do the numbers say? - datacenterdynamics.com,"Tue, 13 Jan 2026 08:00:00 GMT",https://news.google.com/rss/articles/CBMirAFBVV95cUxQb0tLVTJnUmhIRFFySU1peTIzVEVCMGRHOWtUdlJkMzRwNncwU3MzUVNmbEJ3eHFuLW00NUlhZFVQTEtKM2VUUVlGWHk0bEtZaHBHNXk4WEM1RDNFQlhXQ0V4bTA1SkVtcHVHaG1mckZoVDdXQjV4WWJrNERiZ1lMRWNCS1MzUUFrRU9IUzVCQjJyQWZMS0xVeWZQYjQyT1JlMUpMa0dxTDh2emtM?oc=5
2026-09-12,AIデータセンター,,テーマ関連ニュース,⚪ 情報,10,"Data Center Thermal Management Market by Solution, Component, Data Center Type, End-use Industry, Technology, Type of Cooling, and Region - Global Forecast to 2032 - Yahoo Finance","Tue, 08 Sep 2026 14:50:00 GMT",https://news.google.com/rss/articles/CBMinwFBVV95cUxQUTMtSmt4MUNRU3FUcHBobmluNHV5bU5lQ2NKc21OTXpWZXlWUEFsQVI1Ykt5bFNyYVh2eDA4MFFFajNBYU83TnRua3g2OEo3dkpzbmVkRHlzbEtTMlROOWV4Qzh5ZjJFQXNlWDh6STFSTHBFQjF3M3B1bmJWaEZXcFFmcUFYUDVIUF9UdFA3cGEyRjBXNDlvQWM2dllSSVE?oc=5
2026-09-12,AIデータセンター,,テーマ関連ニュース,⚪ 情報,10,The data center thermal chain - datacenterdynamics.com,"Thu, 10 Sep 2026 09:29:53 GMT",https://news.google.com/rss/articles/CBMihwFBVV95cUxQLUF3bnNxOC11TEZqMDRMZVU3TzY3b3laUHhsdWZDWnRES25HX0Y0dVEtNVptY3QwN09zdU0zNHc0RXpoaHl2cUJYNHBidmR1bzhudkhwQXNnaG5JNEZZX0ZMTXR6WW1SQjlPVmFWN0JSMUpWaHNfRVA4YmJ5b0dVaFpCUkhEOWM?oc=5
2026-09-12,AIデータセンター,,テーマ関連ニュース,⚪ 情報,10,"Trane makes data center reference kits available in Autodesk Revit, Forma platforms - Facilities Dive","Tue, 08 Sep 2026 16:28:12 GMT",https://news.google.com/rss/articles/CBMiuwFBVV95cUxNRlVIRWRubjFqdVRxUXhrRThNeUVJOUxNenA3bW95UVd4YTQxU282S1VmQ1MtM2hESXUzdVE1OHNPa2tMWHRUM2JidWFQZmt2d3hQQlQ1ekVsN3pPem9LTzFDRVFJSFJ1MXpUWkt1WWRsSTVidlpZa1hWNnU0N3ZxWm5rb21od0NzY1FzemxTeE9idUpmNkYyTk4zdUlXU09idmR5dXd2RTdkcHlmdzRITXllTzNFNkF6SFFJ?oc=5
2026-09-12,AIデータセンター,,テーマ関連ニュース,⚪ 情報,10,Why cooling is now a strategic design function for AI data centers - Johnson Controls,"Fri, 28 Aug 2026 07:00:00 GMT",https://news.google.com/rss/articles/CBMi0AFBVV95cUxQdVFfcGc0T19GVFltaUUtMjFzQ2RENGxrSmVtSllsTmdRVXppZG8zT21mODkyMTdVN3FiSlg0RWpRR3NDWUtYaGNmR0tzTEd2UjVKRm9jdjM1QmswZ1YtX09UWHVCT2NuaHBCcHNmT1V3M2xVZzBpdlVBTzBXSVE1dDg2Q1Y3NnlHMnRVNzllX0FCSkN1cThFeUo1LTdzNWM4eVAzVVN5U05EZkgwdUhuNlFoUWZPSEYtRTRwYnNBcUtJLS1jOHN1S2ZuUFg2OFBP?oc=5
2026-09-12,冷却・熱管理,,テーマ関連ニュース,⚪ 情報,10,Cooling Down from High Power Demand with Thermal Management - IDTechEx,"Thu, 03 Sep 2026 17:46:46 GMT",https://news.google.com/rss/articles/CBMirwFBVV95cUxOWWdMQW1kOGtLaTFvNzVqTHFJWW85UUh6Vnh6aWhzMDRNeF9QWG5Dd3VzSEgyX3dlMk93aTl4N0huVEtZRHU3RVQ3VTdaTnp5dFFDLUcwVzY5dExDVFNOVTNNR251YlJaNXpjSmUzTl94VWdrRjAyMmFzWXY2SWdpZ1lycjVqVVhScnU1ZU53UGNPZlZfZXNBTnpaM0QxbG9lZGxWS3JCMHFIeUp4QVZn?oc=5
2026-09-12,AIデータセンター,,テーマ関連ニュース,⚪ 情報,10,Why data center cooling is now business-critical - BeBeez International,"Sun, 06 Sep 2026 14:27:54 GMT",https://news.google.com/rss/articles/CBMihAFBVV95cUxOMGtmd3FUbEd0VDE0NU1sY09tWWRtSndmR0J4bUZxYXRobnJDTFlDWVJTVnRRbXpvQUNJZEw3Z1lRdmRDWE00X0tKeDZ5cWhVLVBXejBkczRfZ1Z4T0VSNXAwNC0zdzBTZmJTTlZ1YTFQelBfeEVFVmlBYlBGd2FlTllDQ2k?oc=5
2026-09-12,AIデータセンター,,テーマ関連ニュース,⚪ 情報,10,SLB’s $4.1B Kelvion Deal Expands AI Data Center Push - Data Center Knowledge,"Mon, 31 Aug 2026 07:00:00 GMT",https://news.google.com/rss/articles/CBMiqwFBVV95cUxNSmx1NWExZ0xadkR5UFJIbzJhenJ2Q3FNc0FaZVRZclo1SkVaMXRoQlJtQ0liWTd3OUNyZVRlcjVIRHJWMnFDQVFXbG1wMkNVUzZqNDF4cVpJNWxqU2UwUnAxakJ2Zl9Kb09kSXNmWTdfWmdYLVIyS1dnRlM4enA4NnN4eUpLeG9tOFY3bS12bnhQTDZtOW5EOG9iMkc5UmJOVnpTUDFNNmhjZG8?oc=5
2026-09-12,AIデータセンター,,テーマ関連ニュース,⚪ 情報,10,SLB Expanding Its Role Across Data Center Infrastructure - Energy Industry Review,"Tue, 01 Sep 2026 10:19:18 GMT",https://news.google.com/rss/articles/CBMipAFBVV95cUxPYVVKcDRVVlZ2NjAtOXZ1THdPOVdIYXdJTndBMWxPWjJubkZ0SWhGVmxOaWlqT1c3Q1MzNXlmZDRoeUJ2am8tZ05vVFV5M0N6QXpvMW5KY2d0cHUwOU5WXy1aOGJMV1NxQ1ZEY0FvejdDU0tfREd4NDk4TEMwU01MZnZ0UnFyajgwUHgwdDF4a2laNEdhNjBaTzhZeEZzWkVMckdFaw?oc=5
2026-09-12,AIデータセンター,,テーマ関連ニュース,⚪ 情報,10,Stäubli Enables Next-Generation AI Data Centers With Integrated Power and Liquid Cooling Connectivity - Morningstar,"Thu, 03 Sep 2026 14:23:00 GMT",https://news.google.com/rss/articles/CBMi8wFBVV95cUxNdExVNHZvdGJLc3BSQmh0NUdSQndCWEZJNWc3bl9kQlZLazBhdnNwMDZCLXpnSUxITG5zc2J1YThHaHl6UElkZko2M29jbXk4R2JhMUh3VDdZSk5fQWV3M2ZrdnU5Ukw3WHktLXU4Rm5EZlJwU3R4RmR2VHN1azVkRzZYOERwd05SalRtSm1uV0UwcmVyYzJZRW1Ea2NEQ1ZVRndpRFl0VWlNRXVzSDFBWUNRVllqdFBnejYtOWJMRU5MMnhaQlJCX3lDdHRTRm9PdllxR05tR1Bfa3VESGF1LWxLVDJTRUVzU1dLcS1IUmJqV0U?oc=5
2026-09-12,AIデータセンター,,テーマ関連ニュース,⚪ 情報,10,"Data center boom reshapes US metals industry, changing demand, supply flows indefinitely - fastmarkets.com","Thu, 27 Aug 2026 07:00:00 GMT",https://news.google.com/rss/articles/CBMiwgFBVV95cUxNb2RqNmhRTU5ucGtSbkM2b2lfSEdXcnVpYUFEY1VablpmVWU1NGZ2Uk8xRC1LX3pKeDd4LXE4OGxIU3J6N285MW5MWG54ckVBTUs1eW1wNEk3aWdKamMtY2RkbVUzUUF0Z051VDBNeTVKOExaVUNYb0xoQkVQTzRMRGcyWDlzRzR4QWdIcmw1QUtYa2F1alk2SXpNN3ZGQmxOTkRFeGJqWVl6MnJVUm81bDQ3SmxwSkV0QXZwcEhocUN1Zw?oc=5
2026-09-12,AIデータセンター,,テーマ関連ニュース,⚪ 情報,10,Data Center Liquid Cooling Market Size to Achieve USD 40.25 Billion with 21.0% CAGR by 2035 - EIN News,"Fri, 04 Sep 2026 13:53:00 GMT",https://news.google.com/rss/articles/CBMizAFBVV95cUxOZXZLZFNYXzc5OVVmejNCOFZ4SUxHY29Jd0xHZElPNGMzOFZ6RW9BYmxndG40Tkk2M1JQOExITDBQNmpkV2hOb0dCa29kaHVkcGJ0VlpuejZIYUZLeHcwNjRZSlFMOVl5UDlYT2kxdWdpRThmemJuU1c5VFA2dWQwRFlkcXF1TUFUMzN4c1hCVTNVNWY0ckFSWWlfem5kbV9aMWxuN0pxTDJ1QkJtcTdDdVQ0VjExSkF0TWRyYW1LRkJQRVdQNUFuQnpzMmc?oc=5
2026-09-12,AIデータセンター,,テーマ関連ニュース,⚪ 情報,10,Data Center Thermal Management Market worth $32.38 billion by 2032 - Exclusive Report by MarketsandMarkets™ - PR Newswire,"Thu, 06 Aug 2026 07:00:00 GMT",https://news.google.com/rss/articles/CBMi8wFBVV95cUxPVDhMUUhXV2xBMTk5U0FGcmtmTHVsYzVTVUVwQzZ2eTBpMzNCV0E0cmJfSjZPdU95MEk5NjZwOUQzZF9lVldNQWwzOF9oSzJwMFBaZW9CRm45allXOGNaejhIT3JIN1ZwcnVSajBReGdhU21QazFsSjlfMXlGSlhxRFNEdWhRNXoteWFfdHYzMXRaV2Y3UExZLVBPMEd2NHZnTDhCWW51WExERTZkbUh0X2NqSU55MUJYM0dKYlk1VVIyYzVNeWZOY3M5Rm1CS2N4cXA5ckFzVlhiNmQxWUgtRmVxc1haZlRsWXhsaWJ0LWdobFU?oc=5
2026-09-12,AIデータセンター,,テーマ関連ニュース,⚪ 情報,10,Trane and Eaton tout integrated designs for AI data center power and cooling systems - datacenterdynamics.com,"Wed, 19 Aug 2026 07:00:00 GMT",https://news.google.com/rss/articles/CBMixwFBVV95cUxOS0pjVUFTQS1feXd0N3JVN0JTaDlqbXZ3Z0doaG1YRXZ6RlRvd3RUTXlWc3RaejJWaTlsM3BIUDBLZTdDbVNNWVNSVTlJdmlYUnY2UHo3YWtkWXJKVWtKV0RuWnk4Q1dSc01SOWcxYVZZMm91S05lNHduVTU2R2YzSmRybzYzOUt2ZElqaWR0c0h0UUNkNzRmTXBfd2RiLUpIaGZzLTRVeWlIcGI5dXpsTmkyYVl0QWw3V2xCSmd4QlRBZFcwU28w?oc=5
2026-09-12,AIデータセンター,,テーマ関連ニュース,⚪ 情報,10,SLB expands data center business with $4.1 billion Kelvion acquisition - World Oil,"Mon, 31 Aug 2026 16:44:44 GMT",https://news.google.com/rss/articles/CBMirwFBVV95cUxPalR6ZVN0Y2ZMV1RDOGE3WVJzc3B1Q04xWEp6dlllTE05bG1GOHlmdTNCOGFPVVh3VHk1SzhkZTR2S3dBajVjbFljRUY3dlpwMmphcW5zQ0tyOWVhdUwtdDB5UGZ2dWtoT2kxM1psYnBpaUdTSHkxOG1fWmlKUWdncDdpWDVMUmxrVVc3VVp3YWttcEE0QVIwTGJwMi1EYUU2aTNRdzQxY05hNWdwNjlB?oc=5
2026-09-12,AIデータセンター,,テーマ関連ニュース,⚪ 情報,10,Data Center Heat Exchangers Market Report 2026-2032 [300 Pages & 250 Tables] - MarketsandMarkets,"Fri, 26 Jun 2026 09:34:28 GMT",https://news.google.com/rss/articles/CBMinwFBVV95cUxPYXVGVnZVOVNPMXZpai1YM25fWUFCTUpBSk1DV0ZSd1g5TjNkUlR5Q0Mtb2FJSjN3OVl4ODN0RHZkMHB0N2REMWlHTmNKeHFFcHdON2VlcmNtTzd4WmQxaDU0TnVSMXBrQWN3ZWVSTkJhQVBmd0VnTmRVSnBRM0xyYmx4SUd1M2JXaTJhNklyUGw5Mms3RDhTTDNVeldpX28?oc=5
2026-09-12,AIデータセンター,,テーマ関連ニュース,⚪ 情報,10,"SLB to Acquire Kelvion, Expanding its Role Across Data Center Infrastructure - SLB","Mon, 31 Aug 2026 07:00:00 GMT",https://news.google.com/rss/articles/CBMibEFVX3lxTE5rVW9iUk4xd0pRWnc5RzhkZWV3VEQ2ell5S2JLajBmMzhfdERfVzRwR2lhTjIyajYyOW5iN1RvSzRSYkRKNF9fbnp4YXZJUHpfRkFZMUlNTDZkWDg3OWZuSU8yWU85cy1xR19BMw?oc=5
2026-09-12,AIデータセンター,,テーマ関連ニュース,⚪ 情報,10,Part 2: Driving Data Center Efficiency: How Alfa Laval Turns Heat Into Opportunity - Natural Refrigerants,"Tue, 04 Aug 2026 07:00:00 GMT",https://news.google.com/rss/articles/CBMiugFBVV95cUxNN2twNWQ0cTc1Y09vQ3pVT1NtU21LNGdlbW1XX2tZXzRqeDhxNFB3QUxaN0FVM1pabW1lREdLOVlJODJQczQ4Z0xtZC1mVDBUQzZXZ1p2MVVNTW50ZE00WFdUMUVOUllYN0p5bmR3QnpiZG43MU9kQjhlUDdXNGRkQVJ2c1BidmFPc0JqUUVzUG9QdmlreE1HdXNYaWZrYmI1MGZub18xNlNwSXl6Qld4ekFXRXQ2VmllT3c?oc=5
2026-09-12,AIデータセンター,,テーマ関連ニュース,⚪ 情報,10,"Data Center Heat Exchangers Market to Reach USD 14.40 Billion by 2032, Growing at a CAGR of 11.1% — MarketsandMarkets™ - Yahoo Finance","Fri, 14 Aug 2026 07:00:00 GMT",https://news.google.com/rss/articles/CBMimwFBVV95cUxQT19YVVA4SzB0ZnI3b1dtZDJkcUZ0NEkxY0h0MTR6Z1kzLXFJMTJKZDl6eGdVTHFibWpCVFV4TmFnVEE0aVJaTEtqOVgtclJMcXdvOEE4SllXR05wTVZtOFdhU1IyUnppQ0hOcmtIREFRU2Y2Z1lHMndhMUszRGNmN3VCUk1IWTFCbVM5SFdTUU5zSTBMcDVDY3NQNA?oc=5
2026-09-12,AIデータセンター,,テーマ関連ニュース,⚪ 情報,10,"Tech Explainer: Data Center Cooling - Air, Evaporative, Liquid, and Hybrid Approaches - Data Center Frontier","Mon, 20 Jul 2026 07:00:00 GMT",https://news.google.com/rss/articles/CBMi1gFBVV95cUxOTFhIWFhxcWs2MXJ3WmlaeUh1Ry0zV3pQX2R5NkZRRzB3cS1paGZ1T2ZpVUhxcGlLcTNUb0Y4MDRIU2VVeXdFbUxJSmhKS19oVWdFaXk5U251Unk5dlJSTzBtVHFUSGRCREtESDYxeWRsT2hwcWlKdjZpQS02eGxYVEVsckthNDNOYlFqcU5BaGpDWXRzUW1HV0RzTkNXcFp5UG9JX0RxMDFiTExGUi1pbEJOSVQ0SFVOS1VUNlNENkNyWXNGaEhoTHplRnlEUVRha1luS1pB?oc=5
2026-09-12,AIデータセンター,,テーマ関連ニュース,⚪ 情報,10,Startup’s nuclear-inspired cooling system could make data centers more sustainable - news.mit.edu,"Wed, 10 Jun 2026 07:00:00 GMT",https://news.google.com/rss/articles/CBMisgFBVV95cUxPU1A4OU82OWZFREZqSFdqYnQ2cW5jd3ZJM1pydkctdEI2TV9PaU03bU42cEFXbzJ2MDYyelA3cmtQRkh5N0JidHlibjVBVkJOckxoQXEtQnFNYml6R25jSV9PeXJRMDFFZW44bnBYMkoxX2pYRFRXcURCWGVtci05VXY0alp2OVRfLWFiNUN2VFZiS1ZoU1A5NHFoR2hISHhLRjRRejZyMkZPdHRqY0RjTWlB?oc=5
2026-09-12,AIデータセンター,,テーマ関連ニュース,⚪ 情報,10,Data Center Heat Exchangers Market worth $14.40 billion by 2032 - Exclusive Report by MarketsandMarkets™ - PR Newswire,"Thu, 02 Jul 2026 07:00:00 GMT",https://news.google.com/rss/articles/CBMi7wFBVV95cUxQbkNuWXhqemhzOE1EZXd0TGRwekpFT3VVc1B2dVBwY24tcFdwQXo0R0FObXExYndiZk9LWlRjS0F2TVF3X2d3ZFpCdVN1R05SXzUzZzhVOEo2Y3hkUjRzck1zMzUwMHp4d0VHZlU3LTd4YnhWcjJGTlJVdW5jbHdiSzc5QVlNdWEydHdhYUg4TWJkUkNld0dWMGIzbnFIdzRUZHBsVlQzVVlEaVVuRWFCQUt4bENkMFJ3TVVUdFVtYjZ1WGktRmZ4MFlXbnU5SlYtMnUxYnRydzRGYWh1YmVwT0ljUVZ6aktsUkx1cnd1OA?oc=5
2026-09-12,AIデータセンター,,テーマ関連ニュース,⚪ 情報,10,SLB Acquires Data Center Cooling Solutions Provider Kelvion from Apollo for $4 Billion - ESG Today,"Mon, 31 Aug 2026 17:00:08 GMT",https://news.google.com/rss/articles/CBMisAFBVV95cUxQUnFGcE5fbGFscVh0c3B2QlJEWk5XYmVrSnp1VVZtZzVsSkZEdGpZMEdWdzZTMzQxUmQycWZYVUU1SDBMYVVWeDViUG4xdVBMTjEzbDZQcUMtUEgwZmVUaFF0bkNRcUJTLUpVaE9lTHIxV21GWE5JMTJFbmkwUUE0YlptNVcxaVAzTndEd3cxMDI2cXQ3WGFRQnJCNHprTjk0blBEZW5CUjhMdzhIV0JTQQ?oc=5
2026-09-12,AIデータセンター,,テーマ関連ニュース,⚪ 情報,10,Part 1: Driving Data Center Efficiency: How Alfa Laval Turns Heat Into Opportunity - Natural Refrigerants,"Wed, 22 Jul 2026 07:00:00 GMT",https://news.google.com/rss/articles/CBMiugFBVV95cUxNNW1KLVJtV1RBclg5S0RKeHNZZ0xhQWNBV1ZxdloyU2kwX3NEYV9IQ1RrNDMzVFFxUFYwY0x1a3BsWjJZbm0weklWOUtlZDQ2bkd5QUgyQm56MzJZVkoyRENHZWVuRGd3NXJYZ3g5S201dHBLLURqVWhxTWxUd1g5WkNkZEo5WGctUnQ0TEtwbVJhYWV5Rk95blRBLTJRX1VBQ1BTNHh3NHVIUTc0UElFSjNyR2pEODEtRUE?oc=5
2026-09-12,AIデータセンター,,テーマ関連ニュース,⚪ 情報,10,AWS in-row heat exchanger to reduce water use by 9% over evaporative air-cooled data centers - datacenterdynamics.com,"Thu, 02 Jul 2026 07:00:00 GMT",https://news.google.com/rss/articles/CBMi0AFBVV95cUxNRVhsbVFSX1pHc2M0RDRFNS15cUo2aDZUaU1JbWpiMURUenRpWE5aQ250SGllSDlKdDExdDVzejhMRlM3SjBwQVZ0dzF0LTcyLTlKVnVhWmExNkFMUVBvNm9JUE9qd1BxeGY1eHJHbno0RmxNTTlqVVcyT2habzhYanRVMlBtNzZUcHVoalRhWHJiaWFabFRrUU5TZzFYX3Focm8yNEV3UlhUbWNZQlBnZEw2dlhfZ2ZYMjJUX1ZfSTdKblphbnZXOU8tM3MxTzM3?oc=5
2026-09-12,AIデータセンター,,テーマ関連ニュース,⚪ 情報,10,Part 1: SWEP Brazed Plate Heat Exchangers Turn Data Center Waste Heat Into Energy - Natural Refrigerants,"Thu, 02 Apr 2026 07:00:00 GMT",https://news.google.com/rss/articles/CBMiugFBVV95cUxOb19ZRDQxNnV1OEVJVTNmZlFzeTEwcnVIbmNTeDM0QVd1ZGN5UG1LZ29iQnhIV1VVbGRrNWQ1eURrMGJSaElNS3FhaHR5Y2hiVEhfRFhaSXZabmZDMVlYQlhONTVaMWFHaTc3RFF6bDRCeWdjUkQydF94UE0yT2pRT0p3Zm1lWVNjeUNPR3JvdXJKSjVLb01CM3BqbktIYXl0QjZrZ1hQYkwzZ1QxRUZTOFBBWG5YdEN3dlE?oc=5
2026-09-12,AIデータセンター,,テーマ関連ニュース,⚪ 情報,10,Top ten reasons to consider rear door heat exchangers when refurbishing data centers - datacenterdynamics.com,"Tue, 24 Mar 2026 07:00:00 GMT",https://news.google.com/rss/articles/CBMizAFBVV95cUxNQnY3Tkc1aHBWeDk3cXNraUw4Ml9HRHlMTW8xSWpFRkkyMV9lOTU4eDFrOGEtZWNiQUVYZC1tNk1FTXNCNnhqVmx2b3VZdTZucURlem8xMXI3Q0lWVURxalZ2MERUbVN1UHE1bXVPeVNLZFUwTlN0TlgzRTItZXhuaHlGS2pESkMwX2kyVm5EbDJBWGM0WlVVelpSTV81cXI5dlAtVzQzYkt3d2FfQUxFT1JjaUJNeE94azRlLXBpTmlUYkpYOXItaUlXZ00?oc=5
2026-09-12,AIデータセンター,,テーマ関連ニュース,⚪ 情報,10,Around 5% of electricity in the United States is used for data centers — far more than the global average - ourworldindata.org,"Sat, 12 Sep 2026 00:08:09 GMT",https://news.google.com/rss/articles/CBMi2wFBVV95cUxQWG5hS0Y4ekFhWlNYZjd3RlZ0S0dTcENSQWlVckZlQ21rWGZSM1RJMlhHSmNiLURMQVBKcXFCOFVWbmEyTXV1c0FCS1FrZTlVUE1Kbmp4MWFPSUFKTTcwV1h6bnNqVkZ5aWxGOENCakJ2ZkdFNWdIOGE1NUl0d2lGenhvSW5oakpBWmo3MzAzQ1B1SHBjeFUwMTAtOUdqU1N3Y21CMXd1T1lfdlNQV3p0RVRGRUVra09Icl90S0I3WHJSS1BzR1FzVnNCUG5vNDFKMDdJZ1ViQ0dSeEE?oc=5
2026-09-12,AIデータセンター,,テーマ関連ニュース,⚪ 情報,10,Judge rules data center energy demand is not a 'trade secret' - Milwaukee Journal Sentinel,"Thu, 10 Sep 2026 13:03:00 GMT",https://news.google.com/rss/articles/CBMiygFBVV95cUxPcjhabXZHM3VJX1VhVUN0QVFIMGhFc2RZZGd0c2psS1IzWXFMZ1BYTU5oVjdxZ3JIUHVIa2k3dVlscGd1dGQxRks1amlMZkctd3hQR1FtVmJ3N3VqNTlDT3l0d196QzJkaUF2NkFvRFZNeVFSdHZONFRjMGE4UkZNekRyTXNsLUZRWng4SHBJbjZXT2NiYWtZOGswNV9icUJseUxCU1RJYjZCMkdzRkpNell0ZmJBLXo1eUlTVjNrdjM5RGoyWURzY1ZR?oc=5
2026-09-12,AIデータセンター,,テーマ関連ニュース,⚪ 情報,10,US House to take up bill aimed at curbing data center-driven electricity costs - Reuters,"Thu, 10 Sep 2026 22:58:00 GMT",https://news.google.com/rss/articles/CBMiuAFBVV95cUxPU2pmTWtENDhoRUV3bHdUVUdBZ3BHczN3QnlaQjN6T19WU0RycXRUUDVFU1Q1NFpVcWdIaG9kTnA1RU92aHNlb0x6cm5kbnVXd200RG5kQ2J1WVVQZm03d04xY1h3Q2ViQldyMEY2Q0ttN0lsZVNoNzg1c2ZsYTkyN09la1dLakpxOVBiY3dKYmRwZklzRk13aXJDU2NaQ3ZqWkU1V2NxM0hhX3ZVc1JLd2ZIVXkxYy1S?oc=5
2026-09-12,AIデータセンター,,テーマ関連ニュース,⚪ 情報,10,"Data centers are coming to Texas. What could it mean for your electric bill, water and neighborhood? - Click2Houston","Fri, 11 Sep 2026 16:53:37 GMT",https://news.google.com/rss/articles/CBMi5wFBVV95cUxQRTZXMWFyTWRSMnRwanJZbmJwc0VlOUFfQ2ZYXy03V1JwRTV5WDhiN1E0TTRHbXFuOXAyZURCVzFjTWYtdzlqT3lfODlBQ0w0cGgwU05IbFlLUVhjX2M4LWY2VkoyNnNkSFRISS1BaWkwMEJLUWxtTndiNzQta2cyMERQZHdUSFhkSjZkUUtOU2J4c1Uta2dLbFdNRWdvMm9WYW1vSXdrTWpVdDE4eDdGUkpNaC1zR3kyLU45UmdxOG1mNUhDbkhiUDBvMFVib2xoRTBxaWJ0aHd1SVJIZTFyNTQwZi14UEk?oc=5
2026-09-12,AIデータセンター,,テーマ関連ニュース,⚪ 情報,10,"TVA to launch new data center rates to protect homeowners’ electric bills, local city responds - waff.com","Wed, 09 Sep 2026 16:19:00 GMT",https://news.google.com/rss/articles/CBMiuwFBVV95cUxNOER1UE9pT3BrUVd6Y0RpTHRJanFGSDZqZmxGeGdaSTljMUVvcWJLbndCRVVDZ1haRzZKTnpWWXFQNFU0UWhYTUlnZ0ZSeTBnSWdtSGtqWkk3WEpnT3RfRy1zWTN4WGNTeWJpNUR3TUY0c0tNajN4NkFhbmlsRDBkNGhGVzF4N1pGd2toMzU3T2ZHQW01ZlFzOXBHbGpNX2NneVJJTTdPTktaVXBtLWlnWUFlZmFCZlFGMExR0gHPAUFVX3lxTFB2V1laZEJoTmY4RlRUZnVvZUw4WGE1U1FrTklxQlNiSEltVnJiSkV5a0tUX1ZJNm1kTTVyRTRXMEZSQWtDcGVreDdfN0lEOUtleHFSRWhod2liZDdlU0pYamI1YVk0bGI1RWUzNGNTeF9VTE5JLWFIZ0tsaTZBaVBMeVNaUEtjSV9IZFNPeVZSc2FSOG81WHZwVnpfSXA1NVdueXhFQ3N4c214OGw5dWR5XzFSMzhmZ3c2S0ZSdUVScDBPU0wtSjNKSlQ4MTZ1MA?oc=5
2026-09-12,AIデータセンター,,テーマ関連ニュース,⚪ 情報,10,"250,000 tons of waste could be annually turned into power for California’s data centers - Interesting Engineering","Fri, 11 Sep 2026 12:52:00 GMT",https://news.google.com/rss/articles/CBMifEFVX3lxTE9LcU44eGcxb3hJajhRWlBCUUZhWjJTNDBOeVdJVEtGdmZGaC1HQm5ELUl5ZDFWNlEyQWFlbGc0QkJwYlRhbDlXSnlkNDE3bWZkOTdzUTVQakxIdUJ6RE1ia3B3X1F4Uy1wbzN2cXdZWVgwRjNTNG93UUJlZXU?oc=5
2026-09-12,AIデータセンター,,テーマ関連ニュース,⚪ 情報,10,Data Center Boom Triggers Homeowner Fears Over Skyrocketing Electric Costs - Realtor.com,"Wed, 09 Sep 2026 14:00:00 GMT",https://news.google.com/rss/articles/CBMirwFBVV95cUxNYTZ6OS1JTWFwOG9QazJ2TnFxeEZnc2V6TXBQOEVCTHQwaW82UVA1eUdDM0hRaUVPZS12R2x1OXNSWEhLd1FkOUlMNEEwMllCOVprWTZ1YmM0UFc1TGJGZEh1aEhITUZYSlpuT0RTZlFOM1JXQ21NQXcxN3pSMzBIcEs3dXlmTzdBY2Jzb2Z1dzNldXYyQ05xdDVMUkxwSGpvekFXU0JURGRrRGx1X3Nr?oc=5
2026-09-12,AIデータセンター,,テーマ関連ニュース,⚪ 情報,10,Clean Energy group calls for more public scrutiny of data center energy costs - Iowa Capital Dispatch,"Fri, 11 Sep 2026 00:41:32 GMT",https://news.google.com/rss/articles/CBMivgFBVV95cUxQaUVsRXFUdDhobkVJTFEySGZxWk96U0FrMjZJUDRDTjNlVFNVNG9fNzJCX213elA3dTRnUGdDM2sxM1lnZ251OFZmR1o1S1A4NEdVSmJPRW5FZC1raUdGaEVQZHlqYmR4WDBjRkNFOWpSWjdEdi1uZXo0V19xdU5MazdQZDBhODlFTlFzWTRvajI2WjRuUHpMSXlXdFhNN09md1ZhVHhJajFnY2pySDA4WWVTMFpJaFpHSVZBU013?oc=5
2026-09-12,AIデータセンター,,テーマ関連ニュース,⚪ 情報,10,Do data centers really increase electricity prices? - Latitude Media,"Thu, 10 Sep 2026 13:31:51 GMT",https://news.google.com/rss/articles/CBMimwFBVV95cUxOTXdUb25wNU1WVzIyR3EtWS10R0JRSGs2QXZyS0hDalpYMW5NdklUUnFFWnlFTVpuNWpMTnpzd3Rva29oNjRPWlZmbUhnRkpJdl9UbzFOLUVmemRNMlJwUjd2LWtSVHlOTWo2OUJRX3ljM0Fud01KZFB0c1BRMFR2cUUtYy1ZbngxcDJoQlFWWDhlQlFIWkc1d0JTSQ?oc=5
2026-09-12,AIデータセンター,,テーマ関連ニュース,⚪ 情報,10,ERCOT to survey more than 400 data centers as part of Gov. Abbott’s audit - houstonpublicmedia.org,"Fri, 11 Sep 2026 21:11:57 GMT",https://news.google.com/rss/articles/CBMi5wFBVV95cUxNXzA2TGlsYkJiaTkzeFRlUnVlb2Z4NlVNam5TOHlpS1p1cktNbDFBVWQ3dmZLQVh3b3N1aGFlckp5OFJtM1RGdFRBTXpxMUtudFhQbVdIY2lZSFNGRV8tTGx2OEJKcE1ZVmlMbFhkRngwR3BLUi1SQ3lZSXNlaExCWFUxaC02c0R1V2V5NU8zTHNHVEJaWmloeEFrNzFMd3gtdDl0cXRlelFiYVNIaWlPeXNDRzdpdU16aUM2VDlJNmpkcV9iWTFadXNMb1hRVkJKTTU5b19Wd0RSS3JNWU9lRnhnbHdEdk3SAe8BQVVfeXFMUDM5X18wUlRablBVSG8zVmJDZzY2YkZfSWFCcVhzRko0a1luN2tFQ2RxWnhCdVVFQ3lLSmJHcExRSHVhVXRCazBfWlNiWGJ5TlBZckR3bUE5c3dBZ0luQjNSMmhNTHNXN2Y2dk4zRTZnS05JazNhMUNHdU1aUGh4RFpUZlREZjdGV3E3VG5QYnBxdUdRVUo4cUM2Z0tEQ2I2Y2VxLVBhamc3NDlsT3p2QWI4U19wNTFMSTl2cTFWUTBLRjA4NFpDZXVkTTNxUVBSWW1OU2hmWXhaQ2J1VkkwM0dGWmhlODhwN1hhUXBCMm8?oc=5
2026-09-12,AIデータセンター,,テーマ関連ニュース,⚪ 情報,10,National security expert warns of power grid vulnerability due to strain from data centers - NBC4 Washington,"Tue, 01 Sep 2026 07:00:00 GMT",https://news.google.com/rss/articles/CBMi7wFBVV95cUxPSGZBTUdIc2k2cGZ2enBvUHQxRlM2OUxRWnpGNzZ3VUNGcGZ2cnlPb0VOaUptV3FGTXBqMTVjOW91eWRpanJSeEJpODd4cElWQ3AwaVF4dmFuaVVQWHpzTWNJZWRjLWZiblRUa1NENHN2VDBQVWtydHZrb09wVjFEbmdnUmZPRzlaNFR2Qlp5Tm1mSDYxX3BFWnE3YlE2U3h0MDU0aWM3anNnb19TYVRsRGJiYzdBbFI4VkdqbzB5TktoUm9aS254V0t2YkdPV3FqN294OW1SaVN6SUxObGdoUUVURDhsMkxMcXAyVkFYQdIB9wFBVV95cUxOVFlCUHFySFRFT1FMMVRqeDVXNWNEUE4tbmVKanpSQ1lJTWlrUWVQSDBpY1BqbkNKS0l6UGZtU3V5VWFkYVZoZVFrWWNOa1ZHeC05Y0Nrak9nbXBQdUl4WlM4MTNMb3BwYnpVZm1leGJRR0xIYU5FZXRqOVE0dGtDRUJGdFVJVnRxQWNqS1RTNzREUTJJeWtNX0hNOWZhcVpwVGx6QzYzRGJQdFFxRE85UC1YUTFOR2d0NU9KQzVVZVhIX3h2RDVHbHpaaktON0JsTGlFUWJVbWdmMVY4R1ZfelVBUHdNWWZxREFoLUtRWUZ5REFGdl9r?oc=5
2026-09-12,AIデータセンター,,テーマ関連ニュース,⚪ 情報,10,South Africa's citizens rescued their grid with solar and now data centers want to move to the front of the line while rooftop owners face punitive tariffs that could unravel the country's hard-won energy recovery - Energies Media,"Sat, 12 Sep 2026 15:40:52 GMT",https://news.google.com/rss/articles/CBMicEFVX3lxTFBRbWFmVm0wbUpzN2JtQ2ZJaGZUOGV1b2cyWmkyVG5TUlBPRjctS3N5NjhZYUJUS2RBc0w4czE3RkZaTkM2TmxUWnBiYi01LXBIVzhzX2xkVUJ3cGViZWp3R2lBMG9QZTlhTFNZT1N2SFk?oc=5
2026-09-12,AIデータセンター,,テーマ関連ニュース,⚪ 情報,10,"Massachusetts ties data center permits to clean energy, grid costs - techtarget.com","Fri, 11 Sep 2026 16:05:12 GMT",https://news.google.com/rss/articles/CBMiwgFBVV95cUxQSDFaOW40ZV9CRWVsVzhCYXc3UGVKNE5nWFpJS3pTMkhoMlhRRzNiZjNaMU4ybk9YMGc4R1BXRFhxckE4Y2ZHTEdfdE5NaVpxRGVuU1FSTUhYVzhyVjVMUlZrTFZEX1E1YldtNnY5SDlhX0lyUXNvREJsUUoyODdjeU1pRG5RUmtBdjNfazhCMS1xbFljWkFPZk9rS2VXamkwMV9RMU8zTnFzYmxPNVVCVXY3cEh0TkxzeDh5aTBLV1k1QQ?oc=5
2026-09-12,AIデータセンター,,テーマ関連ニュース,⚪ 情報,10,All the latest updates on AI data centers - theverge.com,"Wed, 09 Sep 2026 15:58:46 GMT",https://news.google.com/rss/articles/CBMiqAFBVV95cUxOb0UxRGMyQ3VLZ1hCY2U3dVVzZnYyX1FZSGJ6OElGOFZ3amc1NnY2Z3Fhb2NIcUp4UFNQNTBQZ3RPa2RiaGEtYWROcHpadFpCV244Nng2VDZuOTBMZDNwdHR3ajl4RXhSSEFjSUZQMVlFd25GSXNZWHZxaVpJYXN0VFJSYUtwcWpOc1huZENJSTRjTlJtTUN3RXh4WFgxRkhOZnBLNVFwSHc?oc=5
2026-09-12,AIデータセンター,,テーマ関連ニュース,⚪ 情報,10,Trump Suggests China Is Stirring US Data Center Backlash: What We Know - newsweek.com,"Sat, 12 Sep 2026 15:33:00 GMT",https://news.google.com/rss/articles/CBMipgFBVV95cUxQblVFY095QS1WaEZuc0I3UFZPbUVqTVpsSXN0dlRfZm50eHpDTDBMQ0J3MFh5blBSTk03a1lGeDRXTXVtdFNuVVl6NlE5MHd6QWt5M0RsVXkyYUY4RGdqdVlsWGJUZFpURUFHZFBQNDBTUGZFVmFVZTlqTUx1S25hT1RKS2ZRblo3WXRvei05cUFjWnNZaDdKSHpFTnUxeHFKcmVWMVZ3?oc=5
2026-09-12,AIデータセンター,,テーマ関連ニュース,⚪ 情報,10,Mexico is preparing its power grid for data centers - MEXICONOW,"Fri, 11 Sep 2026 18:50:57 GMT",https://news.google.com/rss/articles/CBMigAFBVV95cUxQaS0xRV9oR2xNU053dDVSdlNJN2doMjM3ckU4OER3YzhuMnJ2azdJeDEtRXNFSlIzdUdMTWJzTndLbU5rclNucVpjN3dXT1dZdjNIUW4zM2JSaXgwX3I1VWJRMW9xbExTV1NVQ1dIa2lpa1BONVZYVzQxUExSRC0waA?oc=5
2026-09-12,AIデータセンター,,テーマ関連ニュース,⚪ 情報,10,The UK Power Grid Has a Phantom Data Center Problem - WIRED,"Thu, 27 Aug 2026 07:00:00 GMT",https://news.google.com/rss/articles/CBMieEFVX3lxTFB2TXpLZnVkWWtwY2NJSkIyWEdJYVNBVmpoTHEzTHBlbGdUeVZ1OFVnV01iaDdVN19VSHRqT3ZKVllOa0RpTnJNdURIenQxTVcxb29XazhELU91YlZIX1V1dmlIZ21YVTI5QUt6NUtFaF83cVdyUHBjVQ?oc=5
2026-09-12,AIデータセンター,,テーマ関連ニュース,⚪ 情報,10,House to vote on bill targeting data center power costs - The American Bazaar,"Fri, 11 Sep 2026 20:46:24 GMT",https://news.google.com/rss/articles/CBMilwFBVV95cUxQbVFoWFoxRlZpX3EzaEFSMGNiSUZqU3N5UFpXTXpDMEt5NkQxenQtTUVsNFB4YV9ydnNISVhldEpKb1B6SVVOSVNpQlE1RGNyZXNMT2J1VW5sSzE1TGhmWEQzMnduMXRHcWs3cmdPQVRrTkdscWtBOWNuRXdRWm02SmpNMW12dzY0TXUzVHhCYmpSOUV6LW44?oc=5
2026-09-12,AIデータセンター,,テーマ関連ニュース,⚪ 情報,10,Huge AI data center project blindsides water-stressed town in Brazil - news - Mongabay,"Thu, 10 Sep 2026 12:06:49 GMT",https://news.google.com/rss/articles/CBMipgFBVV95cUxPVU9zQTFIaGhtamZTVkpERTlndTVKZ2hEaER4eXFvUDFNMGRxNWtUb09LQkVFSFlSSWtaWmlKSzBqODRWa1VsZFNfOFN5ZnNMQU9QejJLQzNDNXZlRUtsYkFmdWRaZDkxcWFGMGl6VmhBZnNsUlowLWRRQ0Rud2hmRF9zSy1SZkhjYmU1ZUNWdTFRSTRNRTRkakZkZWVoZUxyWlFyQlV30gGrAUFVX3lxTE9lZ1NSZEZrQjVmcHhkUDVSeUdQRENHMHpGNnE2Sm41ck13WkZNRXpEc3h3LVNoVmc5MXVqNW52SF9PaE9ycy03OEpLYzBoaV9FLW51VTJDeVJBYnFwcDEyMWZBYWVPYk80YzEwNi0zd2hGcXlOVXJLSExpT0dDOXFSejR5X0c5dWd6TlRGaEE1ZWl1YkY5eTNzdzJBSWhiME5DSlVVMWJ3LTI2VQ?oc=5
2026-09-12,AIデータセンター,,テーマ関連ニュース,⚪ 情報,10,‘Ghost Demand’ Prompts Texas to Halt New Data Center Grid Connections - HPCwire,"Wed, 09 Sep 2026 19:45:12 GMT",https://news.google.com/rss/articles/CBMirwFBVV95cUxOM2k0eGxuTlhXa3dtZ2xERWFDUUpmLUlUSWQzVEJMaWV2U1p3MnRfSFVBVkxzNkJ4SUpGMFVObHhzN3ROZExFSDVNY2p0ZlRqVWtvTjRyMF91LUthUS1hOUU4MUc2ZUV3X0F4Um9yWk5jLTdkSUFoblU0bTlUSzlYRkZsNzAwY1ZfNEJJbTd6d2VXdWxPdDBuNkpvdVdoSmRrX2QxTUljcE82clQxVGgw?oc=5
2026-09-12,AIデータセンター,,テーマ関連ニュース,⚪ 情報,10,Behind the meter: Private power fuels AI data center growth - Fierce Network,"Thu, 10 Sep 2026 15:26:48 GMT",https://news.google.com/rss/articles/CBMilgFBVV95cUxPaXRYUHBnb3BRVHgwMC1ocDN1dEVoVDllbUR3MXpmaHlEQzZCd3BickM4aXdkZDJLWGhTVVRrVFVKSWVwdFZuQ0dCUHBZbFk1Tjh0VGhoaC1TSkRwR3VLazVMWkVBRkVGb0RwTnJkbnZ2ZGl6dF90enJtcl9TR0p4bmVTaHVoVGFpNDQ5OUlrZ0k2SWpVMGc?oc=5
2026-09-12,AIデータセンター,,テーマ関連ニュース,⚪ 情報,10,"Power grid auction falls short of meeting 2028-29 energy needs, organizing group cites data centers - The Richmonder","Sun, 06 Sep 2026 17:22:48 GMT",https://news.google.com/rss/articles/CBMixAFBVV95cUxPRTdjcjVFSWc1SUZxTUxkT2pkTnlrcWUtR2MyVlRPNElWcTdaWHpRMDlOY3ZaRlZrQXNubnFtRC1QT2ZMUUh2WjhYSDZ3R2J6TXBqN2s0TEpqQmkxYU11N1VTWFdIeGlyVTZCWXplOWUxWU1wSXlOSDRCUTBMXzJJV3RTa2FWeTNGTHVZc1JwZHV2R3dSTmVfd1hGZHJkLVM3ajhxRWJpOG1lVDJXbnBYY3RUYjJKZnJKRU44bVNCT0N4RG0y?oc=5
2026-09-12,AIデータセンター,,テーマ関連ニュース,⚪ 情報,10,"How competitive is BESS for data centers, really? - pv magazine Global","Sat, 12 Sep 2026 09:01:23 GMT",https://news.google.com/rss/articles/CBMikAFBVV95cUxQOHBscTcxTTktdEsxZ19hZFVxZFhsWEdBLU1GRkZxbkl5a18tRHphaXd0ak0tQUFsdS1hWUhZN3NUUnY3N1NsOGtpTmJ4WjNXRzh2MkhqOXkxRGRNUTNOMlBMdW5lSHpBOEhtWE9qNDRUWXJUOVh1WnFsaUdHR0l0Z0hmbWc3eGEyaWx1Mm1yazY?oc=5
2026-09-12,AIデータセンター,,テーマ関連ニュース,⚪ 情報,10,Automakers target data center energy storage market - New Orleans CityBusiness,"Tue, 08 Sep 2026 20:51:50 GMT",https://news.google.com/rss/articles/CBMikwFBVV95cUxPdnk1UTlldXdiUG00XzdfWGVxSElJT2xMU3ZpZ255SllNUmRWWWR5dERfMHFyQkZuT1dWVXo3eDVxRVJHS0UyV1lodjl5Y2dKT1I4Uk9kdVB4WEJfXzY4SWlPblBUbjFKUld1dm5QQURJQ3pMWDU5eDZEUERIU0Y0LWFnZVpJcC1XY1hPcVFWaFpWSDg?oc=5
2026-09-12,AIデータセンター,,テーマ関連ニュース,⚪ 情報,10,xAI has quietly built a massive battery at its Memphis data center hub - Canary Media,"Fri, 11 Sep 2026 22:00:00 GMT",https://news.google.com/rss/articles/CBMijwFBVV95cUxNZ3k1RHBYcEFFdmhIX3JSRXJ2R2pRWnNrVGxaanMyWmVyOVh2UnJtYzdYTHRpODY2eWdLdkVBWDVQSmZsektCN0p0d3hFQ1RGRlhXQ3JORl91a0djNkxlbE9KVmQwOWNzdWFtWmF0eW1IMElSRUdHd0VoX0RTSGZRMjRQd1Z4QWxLa3gtaGo0Yw?oc=5
2026-09-12,AIデータセンター,,テーマ関連ニュース,⚪ 情報,10,AI data centers are fast-growing market for automotive energy storage batteries - Crain's Detroit,"Thu, 10 Sep 2026 12:00:00 GMT",https://news.google.com/rss/articles/CBMimgFBVV95cUxOQlRZYnlpZ1FxcjN0WGFWT1pFek5aaFhkN25TSGlhQjdUS3BmWHN4QUhsLV8yOHlPZS1kTnJhdDBVWW1Ud2xkQ2xBTjhvcHlCQVpOd05nWklleXI4Rml3WDl4WUphYVZXd0VrLVh2YjluLTZOSV9yeWJWWnpPLUNDRUdBbEJCa1NmMXl4SmNodkRxaURSQXkzUEh3?oc=5
2026-09-12,AIデータセンター,,テーマ関連ニュース,⚪ 情報,10,Texas Data Centers: Leading With Energy Storage - bisnow.com,"Fri, 11 Sep 2026 15:00:02 GMT",https://news.google.com/rss/articles/CBMizAFBVV95cUxONkZIdkl5RlQ3REtvNGVnM0xIUjEtb0R0alNDMjJ0ZS1vbWdGODlJNUNlWFlxaTFkNGw1SmgtWWhDWENvUXVja0htNkFaMXNvVUc3YTBHb2hCQmtfXzNkZGptSHMtWkl4Vk5IU1lTQm1YRUN6RllEQnhhNXQwakdhODdCTHdleHI5UXVQSVlQTjNkOWZUbTNaclVlVzhkWkhmRGhLb0owWE0zZTBfd2ZPUlJ5Y28xalFTTThGbnJQUld6NVFiRWZfd2JBZTI?oc=5
2026-09-12,AIデータセンター,,テーマ関連ニュース,⚪ 情報,10,"Sterling council puts 180-day application moratorium on data centers, battery energy storage systems - Shaw Local","Wed, 09 Sep 2026 23:00:00 GMT",https://news.google.com/rss/articles/CBMi4wFBVV95cUxOdk9DM3E1RXF1aHlCUG81NzAwb0xaVFJfRHIyY052WFpMQlFIdU9uMktUQmRtNHQ1cUs3M3pNNmdMakpqOWRQclZZb2NNLWtXcC13azljd2QwQjFXLWdNcEZIckU3NVdGTGV6R0tOQVVEdXZNREx5dmdRaG1xdlJQaktZUU1aWGlSaUNiTFJOcDh4cXp0RG5GYml6TURpb2xIMnZvbFE1c3FWYURJWGF1YXZEamhWNU5QUk80M0U2T2ZGVGNsd0JfY1ZCWGNxXzcxVnFMRGNqc2tnd3JYQUJKRWh6Zw?oc=5
2026-09-12,AIデータセンター,,テーマ関連ニュース,⚪ 情報,10,Sterling City Council approves temporary ban on data center applications - WQAD,"Wed, 09 Sep 2026 01:08:00 GMT",https://news.google.com/rss/articles/CBMi_AFBVV95cUxPbkl2RURHVlhqbGNpOC1rTEZ3YnAxRnNYUVZJNi1ZMTJyOHJmTjlmOW5tSmlGU09zeFlzVE9YWndjODZrTzV3VTd1NVcxLVR5NnFuZTlpQkRFcmF4aDlFdW5OR2ROZF93MWZYOTR6UEpId0xDMUt2OXFjeDdLQllfS2cxSFpsMmhBY1hYVlh5aS1SdHFTazRzM2hsckxpaFF2aXdRaXJqejhVVDRPX0ZOb05MMDRvUEJQMGdoZVNvRkdBR3V6eHljY0l5X3oxQk9zWVFPS3M5QzFJN0JWQUVkdkdkQzJUM2Z5OTBBRDFxY0M3RTBjSnNyX1FHZTE?oc=5
2026-09-12,AIデータセンター,,テーマ関連ニュース,⚪ 情報,10,The evolution of data center energy: storage and orchestration - Latitude Media,"Wed, 02 Sep 2026 03:27:38 GMT",https://news.google.com/rss/articles/CBMioAFBVV95cUxNRGVHeU5IQ01GaFowaWEzY09kY3BPU1dDMjIzZmpleXNxVk96ZEdPNlc3cmRuQjNxVW9GOEQxNHlvQTVuM3NranctUF9qbDBfVkt6Ulp1a1Fvc3ZxdkVTZDVyUEhOQXVQNmtacWZkNFhvUDhDemV6eHNvTkY5RnpYZzJQQUVSY2l3V3hRWWI1YU5hcWZZTGxVOV9rNjlBYXI4?oc=5
2026-09-12,AIデータセンター,,テーマ関連ニュース,⚪ 情報,10,10C lithium titanium oxide battery aims to keep data center grid fluctuations below 1% - Interesting Engineering,"Fri, 11 Sep 2026 21:08:00 GMT",https://news.google.com/rss/articles/CBMijAFBVV95cUxPRDExaFBVM01XZXJFU0Y0WXloejg2NjMtSC02Sm9YVmdaTFl0U1J3X1JQZ1Q1eWRPUFI5YkNIRUhuNFhUN3M2NEthM2Q0cTFRdlc3cExzN19HRzB3dDVweDNoQlk4SDctLXplaTBxdUdLN0lPQTZ5MVExbG94bkU3bGVyM0F3YmlKcmZoTg?oc=5
2026-09-12,AIデータセンター,,テーマ関連ニュース,⚪ 情報,10,Americase International Regulatory Expert Contributes to OCP Guidance on Data Center Energy Storage Safety - Morningstar,"Tue, 08 Sep 2026 18:04:00 GMT",https://news.google.com/rss/articles/CBMi-wFBVV95cUxOTmpoWXNEcmpnTkU5Yi1pQ1Y4UmJMbUY4YkhFV2pEWnJQajNTcGdyRV9LTUVmUS1RdDdLaTBRU0hxMnk0OTBXcFd3VkdyMVU0U3NVUlR3azBuNm95UHg5d2xCLURSQzNIN2ZTMkMwa0lpLXhDYWVzVHloY1ZuaGpYdC15MHdacC1WWk9rQkRKWWltU04xUmt3U2NDdVF5eTlTYnNMVFl2b3JXQ21MM2YxbFNjWVFRbGdvT2k1bmFha19faTlzSEJvVHRNQTJ2S1ZFSE15N09kaF92M2lpMXp1blVVbTJkUEtpeDlja2ZZaXAyekFMUnF2c2l0VQ?oc=5
2026-09-12,AIデータセンター,,テーマ関連ニュース,⚪ 情報,10,DIMAAG and Toshiba Collaborate on SCiB™ - Based Energy Storage for the ZettaWatt™ Power Platform for AI Data Centers - PR Newswire,"Wed, 09 Sep 2026 16:00:00 GMT",https://news.google.com/rss/articles/CBMi_wFBVV95cUxON0JiSDNyVFNvUWMtcWR5QlV3WjMyZ3RTQ1BhcWlPcmFyMmQ4SV92eXFnQ2hqTlVpOUFDa2MxWlJyNVg5dkIwV192eHhQZEFlMEtFNnJNQ1VUSFExMlNQYkpmLXFTeEgxOThQX21vYXY3UUhZUkZXakdmOFpDc2hNOVBTbFBRQ281b0FvdjAxdXNHaWN3akk3X1NJWEpLWVFBYjltUk1Wb3FGakxmTmVLdVRLQzNLamRFeVhsMXV2OUEtX3RVMV9yVVRiTUxMZVVfSHBSS3Z6azlndmZ2b2RyOGFMaWFKZDVPdlgwRjZaWVJ3OHlVQUVVTmUyM2hkYzg?oc=5
2026-09-12,AIデータセンター,,テーマ関連ニュース,⚪ 情報,10,Startup Teragen Energy bets on fuel cells for data centers - UC Berkeley Haas News,"Wed, 09 Sep 2026 17:29:32 GMT",https://news.google.com/rss/articles/CBMimgFBVV95cUxNN01HeTRQU1lNM2J3cDkzbkZzbV81a1R3UHlmUXBSMVJWeHh2dzlDZlVwZUNqS3Z3R2oyc0gzX3lxRGVBTUNyQzJEN0ZPcGxHU2trVzc5TGVWdmhBWDNBTUFiUVRqeXZYLWI2a3N1ampRWXNxOGM5clI5Wl9WR0ZLSEhVVVdRLUZmTG40MXBVbmZNOXJNT0NfbzZn?oc=5
2026-09-12,AIデータセンター,,テーマ関連ニュース,⚪ 情報,10,Bloom Energy vs. FuelCell Energy: Which Data Center Fuel Cell Maker Is the Better Buy Right Now? - Yahoo Finance,"Thu, 10 Sep 2026 22:25:00 GMT",https://news.google.com/rss/articles/CBMinAFBVV95cUxQTy03b3k2ZU5PcGo1bFljVklXNHpHcmR3U3laU3FOYm91M0RSZzV0Z3R4Z3lYcFlzc1hjMmlNeUx4Z19JTVpHWnJCa19YZHVCUHdNUHE1aXU0QnFIUzIxenpLUGx2OWhWX1dCa25vVVNlRHNLLW9NZENwdmF4ckhrZzdoRTBNa3M3TktxQ2V5YUlUU3RlSHdTbzQ3bDc?oc=5
2026-09-12,電力・蓄電,,テーマ関連ニュース,⚪ 情報,10,Teflonized Carbon Cloth Market To 2035: PEM Fuel Cell Demand Drives 5–8% CAGR - News and Statistics - IndexBox,"Sat, 12 Sep 2026 18:16:17 GMT",https://news.google.com/rss/articles/CBMitAFBVV95cUxPSDZjTkxwdUt4Y3Ixenl3dlZhYnlZQTJHNGdKYmpPSXF2a2hfZlJTcDNIaVFBbkoyOE1EZTFudENhUGNwdHZQSXpwaUIxTlhxSExCTzA2ejRZU3BNNVJkNHozTXRVZWY5MkRHcW8wZGJBMUJSMW02N09ySnp3c2g2Z2s3cV91NFVUanRibzBtaUwxQ3h3M3JZcUZKU2pmc0twaUFodkxtb01pU0s0ajdtUmEyakM?oc=5
2026-09-12,AIデータセンター,,テーマ関連ニュース,⚪ 情報,10,Oracle tries to appease Stargate data center opponents with renewables push - Ars Technica,"Fri, 11 Sep 2026 18:22:22 GMT",https://news.google.com/rss/articles/CBMitgFBVV95cUxNaE1fQThma0dDUWY5RGpOYnpvN2hkUGM1ZDFLN21haGh2Y29ZODI1a1paVkdxUmMyQ0FOaFBvN3duNFFyWXVZcnpYaXdqY05BbkpGR05UMVllZmNISjRDZVUyQWljbGhHVkZoc2FCTVo2RGZ2dVRVMVVWRU54Q2l4bGtMbnl0ZVhaQXhieGhJdkVKRzF0V0JxRTM4YWVCUTd6cXVnUnJGcFlEUzdtdUJJX0RES1p6dw?oc=5
2026-09-12,AIデータセンター,,テーマ関連ニュース,⚪ 情報,10,Bloom Energy Delivered Power to an Oracle Data Center in 55 Days. Here's Why That Number Matters More Than the Revenue Beat. - The Motley Fool,"Wed, 09 Sep 2026 10:45:00 GMT",https://news.google.com/rss/articles/CBMimAFBVV95cUxQUk42WUNIZG1GUTdIWHhNcUtGVUl4M2Y2dkdrX1paYUxHdlJxME4zX2FYOFV1ZjFTckVNU290OTdKNFRDSFViNEE4U3RNRlRBdndaUEhpeUpWMms1NjV4Z2M4dDhXbDlMMjR0a3ZVa3RycHJSa19JNW0zQm5pT0pBekZlUjBKcUczRnJSOC1qMXpncmJQQ01sRw?oc=5
2026-09-12,電力・蓄電,,テーマ関連ニュース,⚪ 情報,10,"Bloom Energy Climbs 7% as Fuel Cell Bid Spreads Beyond Its S&P 500 Add, FuelCell Energy Rises 4%, Plug Power Inches Higher - 24/7 Wall St.","Fri, 11 Sep 2026 15:49:00 GMT",https://news.google.com/rss/articles/CBMi8wFBVV95cUxQRmV1QnVlNTFpamxfRHh6QnJKUHUtQWoxWWYySXZsMjFQdVV5QUNDZW9OT3cxcThWQ3NDb05veFFiV09xZGdybjBoYkpybXpGNHN1WGJOV1RkNmZqYVJOV1VfMHk2Z0lLYk0xS1hwNGFKRXNBMFhnWVdyZFBTMUhESmRfNXJZQzV3UHh6RGQ2aDZ4S2ozcTltbzktZFU0YVpCTDBHUmJSbWd6cUlMNjNwNTRSVWFXM0xDQ0lpaHZhZnQ1dGtPVTZ0dHphZGtTUjlXdGtBUG53bnR1cVRvODFmODc2V01ud1VVS3ZQMFRVOFRhUUk?oc=5
2026-09-12,AIデータセンター,,テーマ関連ニュース,⚪ 情報,10,"How competitive is BESS for data centers, really? - pv magazine USA","Fri, 11 Sep 2026 11:13:17 GMT",https://news.google.com/rss/articles/CBMikAFBVV95cUxQbHRzbDJoSFowa05ZeHBxS1FSR2Q0QWk0czdweFVpYUlWS2xEX2F2YUREVF96UTdjSlJCU0lHT0RzS3F1N3BGZU44cHBMVFpNNXRmdEhVS19KdlV0Wm5LYTJ4dG0yUHFaR1pRbGRqY2p4b2IweDV5Q2dxT29ZTU91OWRiT0x6TDdjSjRic2h1VFQ?oc=5
2026-09-12,AIデータセンター,,テーマ関連ニュース,⚪ 情報,10,Bloom Energy Delivered Power to an Oracle Data Center in 55 Days. Here's Why That Number Matters More Than the Revenue Beat. - The Globe and Mail,"Wed, 09 Sep 2026 10:05:00 GMT",https://news.google.com/rss/articles/CBMiqAJBVV95cUxPbVFPUnpOZjJhenBGZVdpdDFTTW4xY1Vhc0JuRjZMTlQzM1ljWVg1dS14MXF3by1CT0NoekdSeTlaT0FRSEpIdUhVWTBoY1NPcFpjMzhVMk5jUnRiSVRsVm1xbjJEbVNQX3FCSW9EYUVUUUNmNmRyMlVROWtFR0M3ck9nZEpMX1hQMDlBQ2l2R1pXckgwWGJvU1NVM2pLYV91R3BNSklTSThNZUxHZkJWRFhyRU5yOWlYbVQwN3ZiRFVaNXhJNld1ZTVhX0h5OFFBSmxJRmNWYUs4OHdVa011R3h6cEFNeVBtdjBuSFBvWjVIdDZBR19XZHJncmdZOWlyeU5yNVNoYmc5ZGowNDdFZDllcE5KcG53SU0zdVhJU0d4aGdyR2JtYQ?oc=5
2026-09-12,電力・蓄電,,テーマ関連ニュース,⚪ 情報,10,Bloom Energy Added to S&P 500 Index on September 21 - Fuel Cells Works,"Tue, 08 Sep 2026 15:47:00 GMT",https://news.google.com/rss/articles/CBMiiAFBVV95cUxNWWZZRmNhM2xjbmRnZEgwU2xwVzI2T2xXbzlSQ1NQSk5KeWpyZ0dHbkRfeEJDNUFXRmpsUVM1TGE4TElIUVlITnU3dGtOTm1DbGxNQTVjX05IQmhuOHFBWWFaVXVZbVo2ZzhvWUJ4cXFja1NSdGNzUmJBaHZkZUNoSEo0Qjk1ZUVK?oc=5
2026-09-12,AIデータセンター,,テーマ関連ニュース,⚪ 情報,10,FuelCell Energy reinstated with Buy rating at Craig-Hallum on emerging data center opportunity - Seeking Alpha,"Wed, 09 Sep 2026 19:34:14 GMT",https://news.google.com/rss/articles/CBMivAFBVV95cUxQcXlaUkFUMzBZWkRFaGVaVTZWWkhjUHMtRFkzM01yMk5PU1M4LUVHZWJSUkczdEpiUG9ndmxRSTJMWmhYeUVKdEpjbGxqWGNQTHdMSlI3Sm84WVFkeDBHWlhkUnNSQWplRDYzdlRydjV4aC1WU20zTG5mUlRXeFhXUjZnVzFIMlp0dTJuZXlFeGY0VFhzMDJzcUxVVlZUS1pMQTU2ajFMZWJyUTNFYkM1LTN1cUVMeVZGcGMxeA?oc=5
2026-09-12,AIデータセンター,,テーマ関連ニュース,⚪ 情報,10,Why data center companies Equinix and Oracle are buying fuel cells - Trellis Group,"Tue, 04 Aug 2026 07:00:00 GMT",https://news.google.com/rss/articles/CBMikAFBVV95cUxQRUxjOXp0ZDc3LWNfY21Bb1I5RWtrR2luYUJJRWZfRzNkcFRpQmlBTHFfYWQ3eW9NamFtQTBxbEVCY3oybTctVGktQm9BZU04T0ttdzhNWHRvdklaUXpuN21OeFBQQTZvQkFlSFVYSmtDMzZINlZfbDJYVGtZYVBjR0tVVVo4Ym0xYV9penowNno?oc=5
2026-09-12,AIデータセンター,,テーマ関連ニュース,⚪ 情報,10,Doosan Fuel Cell Enters U.S. AI Data Center Market - Fuel Cells Works,"Sat, 05 Sep 2026 07:00:00 GMT",https://news.google.com/rss/articles/CBMiugFBVV95cUxPcnJnQWNnbzVCS0xYY2tZeEZTYjZUcm9xRjVmdVBZRFo3a2dDQUlTRlFwVXdiVDNKXzlDT1E5dk4yU0ROU3Z3emQ3c0JOSFRfaFRwWS1uTmplMHVkV3luQnd2dGh4MHJ0a3NBREdGNnI2UGFPVE1KMkhkLXVmMVQtblBHVzNvdklfUzNCTV9Fc2FvLWpJV2o0cUNnbndLbnhIdGoyb3lXUmp0UTVqcFAxM3UxUzB1Wm5Ia3c?oc=5
2026-09-12,半導体,,テーマ関連ニュース,⚪ 情報,10,Intel's U.S. Advanced Packaging Enables Next-Generation AI Semiconductors - Intel,"Mon, 31 Aug 2026 15:41:04 GMT",https://news.google.com/rss/articles/CBMi2wFBVV95cUxOY1EtWVoyZnI4RVJaN1VvUEw1Q0x5eXZoREVlVjFSVlNQRWhlOUtOZTBkYWg4N1dISG9neEdPMWN3Y1IxaEpQRDhkMHYwQTBteVJRTlY1VzhEelAxM01lZmtyNWdCX082LUpGOGVIT2x2TGZrZWNNN1lkc0lBU2hEdTJNMVV3dkhtMGdBeXQ3cXZvbGpuNWQweWZfYnp4NUhwRWgwcjBTNUF6M3N4LUQ0VVQ3X2hZMjhSWlJmTWZ0czc5TjI0UGp2eFluZWRLYmFMN0VLSmFvemhlNEk?oc=5
2026-09-12,半導体,,テーマ関連ニュース,⚪ 情報,10,"Top Advanced Packaging Companies, 8.6% CAGR to 2034 - Fortune Business Insights","Tue, 08 Sep 2026 03:05:50 GMT",https://news.google.com/rss/articles/CBMiiwFBVV95cUxNMU1tSEdDeHZiZWNXaW1zdUlFaHpNXzJma1lGWjlNdDhVc2N4cHRvajFmcnRBMjdpcHJNWGlSMjlwNldZNFA1Yk0yMG1lVHZkLWNaZ2duVkw1Y3lac2l1TzlibjFEVFJRRVdfdVhETUFLUnk2RExwaUFRUXJIR3NZYzZWdEFSem1mTlkw?oc=5
2026-09-12,半導体,,テーマ関連ニュース,⚪ 情報,10,"Modeling Predicts Cure And Thermal Endurance Of Advanced Packaging Underfill (NIST, UCSD et al.) - Semiconductor Engineering","Fri, 11 Sep 2026 21:02:09 GMT",https://news.google.com/rss/articles/CBMivgFBVV95cUxNaFJlUG9YaEpPTl9SQ2Jvci1mMFhCTUlyNWk1bVZ1VFhuVXdjbkZFSmloUHZLaWZTLVBBNGdaOHJRS3dnYzk0T2Vpb25LUm9MRW9qcTVJUUVNYzM4aFRfT3RkVmtVV0RjT2FRM0t6NGk0LTk0SGZsaVktWVB1Qkxvb1ptX2NtUFA1WDZWS3NFbkVESWtfSUt4Rk5yTktpU2JXdEVfdDltLTcyemtEWHNsaUF0TG4wbW1ZS0JGRVZB?oc=5
2026-09-12,半導体,,テーマ関連ニュース,⚪ 情報,10,Tab Surface Preparation Abrasives Market Forecast to 2035: Advanced Packaging and Semiconductor Capacity Drive Growth - News and Statistics - IndexBox,"Fri, 11 Sep 2026 12:26:21 GMT",https://news.google.com/rss/articles/CBMi2AFBVV95cUxPM0IzU2FhMUZlR1lUSG1BY3VVdVZSaTVfVUxFeTJrV1VGazdzYURVUXZvN0VnTEdVYXEtbnRybGZkZ2FBUGotSHg2ejJfVDRQSld2Z3B1YU1mNjhxR0E2Mlg3eXdyT3ZCSjJSYXllN1lRSjByMXBKTVdHVlZ1WFBVZGhDZGVwM1ZpU3psc0dMTnZ4aUVnRVZDblFqOEMxUk9WVVFHVUlZN0lkSWF0X2JoSU5FWnRHeVNYTkJtMVVQZHBKMzNXTEQtZEJJZ09uQlpmcTNLdUdDdjY?oc=5
2026-09-12,半導体,,テーマ関連ニュース,⚪ 情報,10,Amkor Expands Advanced Packaging: Can Its $12B Arizona Bet Pay Off? - Yahoo Finance,"Wed, 09 Sep 2026 16:32:00 GMT",https://news.google.com/rss/articles/CBMingFBVV95cUxQcDBsazJHTFJ0TkNyS2Z2RUpxNjlxUE9PVTFvdmpIVDZERDB5NlJSYkdzOFNHSE9qanI4TW82bzZ2dkRva3c0U1Mtc3d6WmhNTFdmOTh3aTFaMWkzcElqc1R1RU9Ib3FmMk01c1ctX2lJVG4xZVk1SUtqRTVKRy1nWF9Fd2QyXy1JMm4xLXo5R25oMVZINkdrZkZLdTZLdw?oc=5
2026-09-12,半導体,,テーマ関連ニュース,⚪ 情報,10,Taiyo Holdings Achieves 700-nm RDL Formation for Advanced Packaging - chemanalyst.com,"Fri, 11 Sep 2026 12:03:59 GMT",https://news.google.com/rss/articles/CBMipgFBVV95cUxPT01wcHFPaTlabURlaXQxR1FMM1FZZkNQWFFhUXJhNDh0VFRCTkNEZlpsa1FOUE9OYklWb0o0X3hLaHptekRFNTRtZWJtMkh5VnhvaE1QdFI1eFdlc0tKUlM1ZG5NN2J5bUtoa3JOaWIzdE5obmZRUlJwWGRsYnBsT2Mwd0traGdyNzg2R1Z2ZnFzdjJPc0s2ZElRaEM5SXZJUjU2dEdn?oc=5
2026-09-12,半導体,,テーマ関連ニュース,⚪ 情報,10,TSMC expands Kaohsiung operations with new advanced packaging verification facility - New Electronics,"Mon, 07 Sep 2026 08:09:18 GMT",https://news.google.com/rss/articles/CBMiyAFBVV95cUxOdjdKSDY4N1MwbWVhRXJpLXJKZHBWem5kMWp6dnNvZmRGNjdYN3dFR1c3RVBSRzlkYVVXanY4aDFSSmluRjNFOUtEZTlUT05wemhrLXMzTlBXcHJrUXF5a3haMXZVek5zV2EyeHV5RktrcXJWVm01clItZ3huTmstWUMwbVJDd0p2WEh0WVhFYXJqVGhnVUx2NG1RaUppSVhGSFI1YjItRU5BTUh6czhBNlhPRmNMNm1yZllyQ1VmV0VNSEJxem1lMQ?oc=5
2026-09-12,半導体,,テーマ関連ニュース,⚪ 情報,10,Samsung Electronics Opens Advanced Packaging Hub in Yokohama - 조선일보,"Tue, 08 Sep 2026 08:53:12 GMT",https://news.google.com/rss/articles/CBMiiAFBVV95cUxQVFkzTWthWnhOd3EwS1NjVFdHRm9uNGxOSy1FdkJQalJwSzZWNFpGTU5VUkMwVjU5SXJvY09uM2dQVHhPSk9pbWR2c1drTXRjMTZGRWk5WXhqV2hLVGxwU2Jmc29jdFduSU5NV21ncDM5RU9ZRWIxNERERkpzT29mSzlvNm0waXlE?oc=5
2026-09-12,半導体,,テーマ関連ニュース,⚪ 情報,10,Samsung Electronics Launches Advanced Packaging Lab in Yokohama - 조선일보,"Tue, 08 Sep 2026 15:38:22 GMT",https://news.google.com/rss/articles/CBMiiAFBVV95cUxNUW40LUxTWEpCaGk1bkVSSURDRXNiVE9neWFvRFpnZnhaa1QtR0dCcUVNWjVaWWppcW50dXFWMVdEWlE0NEdPWHNTRHRaT29HVC1peFpMV25KYzJlZUZnOVVNV0gwWWFuY0ZsOWtWdnVKdnFzUFdodlRTQWk0SHVqMU9IcFg3MGg5?oc=5
2026-09-12,半導体,,テーマ関連ニュース,⚪ 情報,10,Modeling Predicts Cure and Thermal Endurance of Advanced Packaging Underfill - IndexBox,"Fri, 11 Sep 2026 21:21:04 GMT",https://news.google.com/rss/articles/CBMiqgFBVV95cUxQcmNMMklzUUJHTHgxZzJZV1BvVkU2OEhtbWl6aTFYT2pBdFVKTlVRV0RNdEduaDVzS3B6NHp4MUtsMnU2QmxoQ0oyNFRiSjZyVXFURFhFZ0ZwUWh6OGo3Um1lcXljOGNJOVNEOC1odkpVMW9hRFAxMF9yOVg5dmhfWm1FazdEeE1XNXZBNndNNXFETmU5NE9aTE9QVDgybmVuV043OExFc0RRQQ?oc=5
2026-09-12,半導体,,テーマ関連ニュース,⚪ 情報,10,Photonics Forces A Chiplet Rethink - Semiconductor Engineering,"Mon, 31 Aug 2026 07:00:00 GMT",https://news.google.com/rss/articles/CBMicEFVX3lxTE5UV3BXVFB1X2VIS0NFZXZEMU9wQ250dU1zdFljdGFBaFNQbzdvRkNnbzBEOTJCTnlVNUpFLTQ3eG5vQ2JDNkp3YTV3LXJjNXktRGJMYTlReUdKdWhfWWRhektCQW80Z2h4ajRRdHVNcjk?oc=5
2026-09-12,半導体,,テーマ関連ニュース,⚪ 情報,10,Chiplet-Based FPGAs Optimize Performance for Space Applications - embedded.com,"Thu, 10 Sep 2026 16:18:45 GMT",https://news.google.com/rss/articles/CBMikwFBVV95cUxNNlRMRkJVM1ZwUm04OEwyTHBfbkdIcWJ0M09IMGVrV25rNU5yejh3dGtXTXJRU2lyNnU5WmNBWEU5TUtkelBuQTJXWndEUEc5eG5lbGZHUzJkeDYwaUlHSHRBdlpYcDJZTmdKN3QtZjFpb1NaTk42WG5LdFpHMFFCUm10dktOUDl6ZDdwSjdZZnRkQ00?oc=5
2026-09-12,半導体,,テーマ関連ニュース,⚪ 情報,10,"Nordics Chiplet Market Size, Share,Trends, Growth Analysis Report, 2030 - MarketsandMarkets","Wed, 09 Sep 2026 06:41:45 GMT",https://news.google.com/rss/articles/CBMiiAFBVV95cUxNYTFXOHVaVVpvaGNFbkw3TUtqM3ZzWnlFMWs0OU1KTW43UTRGZkNuN0gxeTZBVlpiUERoWjVHZ3dMbThITGhpMEluS1kxX1FjNkYyakgyZTlBX3o3Uk43V0duOHoxU0lXOHRqRzVFeTg0Z3Y4eVZrNUZvUi1Ba3QzZmNFMDZYLVZp?oc=5
2026-09-12,半導体,,テーマ関連ニュース,⚪ 情報,10,"FORM: Advanced packaging and chiplet adoption are fueling growth, with margin gains and capacity expansion underway - TradingView","Wed, 09 Sep 2026 20:31:49 GMT",https://news.google.com/rss/articles/CBMipwJBVV95cUxQMkVzN0RhRWphdVA4VUJxbDlMX29qRkRsRDJDdFJOUFZFb0p2WHJwTTY1d2pPNWoxeDNfcFMyaXVCTnRTZ3FDSFhkZXpzYWc3Y3RKbHNHY1RaczU4R19xWGxwS2VHc0VxWkdQbXUxSWdZdnJOdEZqRUhCTENXX21ZS3RzQVRqc2Y1RWNwWFR2X2JRbE5YSUhPZF96OVR3ZFhqMERyOGFBNUVGQnVTZVVUTWI3aDJadWtkanNlMDNhVmJaM3YwTWZaNEFrdXI2VTZKSGlROU9DYmd3UDl1WXAxeEUzWUY0eDZSSmt5eFlrY01taTduNW5FQXAySGNyYWg4QU41TVFaLWlsUWphZTQ5N3dnaG4xRGZMREJhVUw0dTZMNm0wdVNr?oc=5
2026-09-12,半導体,,テーマ関連ニュース,⚪ 情報,10,AMD to Bring UCIe Chiplet Connectivity to Versal RF Adaptive SoCs - All About Circuits,"Thu, 03 Sep 2026 07:00:00 GMT",https://news.google.com/rss/articles/CBMipwFBVV95cUxPZ2FlU0w4WGhCZFlUZWRPM251WWMxWnowM1lFcXU2Qk1nZmxRamhDSDI5SjNBUGZlQVZMTy1ZaE5CbU9WNVo3ZVBad29hWnplcEZaTHRaV0FDQXBhR2VPVUJDXzM4OU1abW50WU9uOFBlSWZIYUFIcVJFajA0c0RXUmhXdHQ1ZFA2TDV1QVBPQWFhRkRpZEJhaDFyT0V6OGg0T0V3UWw2bw?oc=5
2026-09-12,半導体,,テーマ関連ニュース,⚪ 情報,10,Advanced Semiconductor Packaging & Chiplet Show - Korea.net,"Wed, 09 Sep 2026 07:42:33 GMT",https://news.google.com/rss/articles/CBMieEFVX3lxTE9KaUduTGFQNjB2VUo0Y1hDcHNSX0VtY1FRZ3lWdTdYUXpwUEdjMV9vVS1fZHRHOVp6RU9paWFwTWdMUUtMTGhOY0JtbERWeVFPQVBLaHFheVFyVUpsZGN5WGVTZUNLaEkzNVJZSHlPTkhYbXZDN21rSw?oc=5
2026-09-12,半導体,,テーマ関連ニュース,⚪ 情報,10,AI-Driven Data Feed Forward: Scaling Advanced Test Methodologies For Chiplet-Based Packages - Semiconductor Engineering,"Thu, 10 Sep 2026 08:39:18 GMT",https://news.google.com/rss/articles/CBMiuwFBVV95cUxPY2FsUjZkMmp3MHVDOW9YWXlZSEVITS1sMDgyQkRoT0pBMjRpQlYzZlg5U1NRQzRlWVF0dDlFZlJjdGVPTVA3RXJlaHpNcmdQRkMxZUdObVlRSDNFT044ZGZURHdCeVVVbm14emx6MHhOOFVkUjVLaHpMVndaYXdBRDQtOV9qeHVXTG4yaGI3WkFZV1U2X3kxR2k4V2w2bnFuMlZvMFZ5aFRFWWlUME5iRTAzMWN0WHE3QnVJ?oc=5
2026-09-12,半導体,,テーマ関連ニュース,⚪ 情報,10,TYLsemi Raises $43 Million to Launch First Full-Stack Chiplet Platform for Custom AI Silicon - PR Newswire,"Tue, 14 Jul 2026 07:00:00 GMT",https://news.google.com/rss/articles/CBMi4AFBVV95cUxPaEkwcDJQLUNGTkN0aXhvV1FaU0Zlb2JFcjZKRmVuUVZLTjNzR3RZNlVsWWtHTDZjMmZHSkh2bVRPbUVYNTVIZS1helI3QzM0eDdfUjZ5QUhSY0YyNE1CWml0elJqLUNMQ04ycDM4N2xvM3NPUU53QjItdmhhT2xVdnptbGs4cktIMTktSFNDVXJMUnZMOWJvM0REWTdLQWJKUjFfekN0c2ZfUEtXeWdkVFp6dmU3UC1EaUlqQ2E5S0VkeFRDUkFwMmFaaWN3eHdCN2pTTl9felFWZG5DZUtEMA?oc=5
2026-09-12,半導体,,テーマ関連ニュース,⚪ 情報,10,Samsung Foundry and Cadence: Accelerating Chiplet Solutions for Physical AI - Samsung Semiconductor,"Tue, 14 Apr 2026 20:44:01 GMT",https://news.google.com/rss/articles/CBMiywFBVV95cUxPeHdJM2dlRVdqdEc0TlRMeGRRSEtiSEFXTjAzZEdLNzhGTktTaEdrQ1J6STBxbVcxZnJ3SmpDS2lSaU9yN2pBc0ZqOUZOT0IwMnpSOTdxbkwzU25pV1VxSjFqeU5OYWIzVzA2bng0VTVwbU1FSWtmalJZOVhSRExpN0lTSlBDTnJRYTgxMi16OGNNVDNVTjA3SUhHT2cxZE9HSGNBUUpwWGhrTXFRS2VXN0hsb05BYlhKWTN2RmdZOW5sS1RHdFF1R2VpSQ?oc=5
2026-09-12,半導体,,テーマ関連ニュース,⚪ 情報,10,How Intel's Pentium D Exposed A Chiplet Challenge That's Still Relevant Today - HotHardware,"Thu, 20 Aug 2026 16:00:00 GMT",https://news.google.com/rss/articles/CBMib0FVX3lxTE12NFl5c1J4cUVBOExkSmQtWFNWeG9OZVN0NnNPNFlraWpFVlI0SzFEV0tmSzZadUhtQno5SWxmMkFLeW9QY0UyclBUVTdwaTNydWM4NWVxVnlSQTFPTkRscHZmcnlpcndLUjlGdjE2bw?oc=5
2026-09-12,半導体,,テーマ関連ニュース,⚪ 情報,10,TYLsemi De-Risks Chiplets With New Business Model - EE Times,"Wed, 15 Jul 2026 07:00:00 GMT",https://news.google.com/rss/articles/CBMigAFBVV95cUxQWHhpUDBwdkFqazJMdWFZYnBnS1phRnJpbmwwMkdmWTF0OXUxTWR1LWdhSi1lT3BMa2F6bmtuY0IyWlFnUkY5LTc2X002TFVwOWlDMml3YUV3X3JJUHFwMjBJLXNPZnFORG1jUDRUdFNTUEpPY00ySU1QRGxCQUdKcA?oc=5
2026-09-12,半導体,,テーマ関連ニュース,⚪ 情報,10,Chiplet Fundamentals For Engineers: eBook - Semiconductor Engineering,"Mon, 02 Feb 2026 08:00:00 GMT",https://news.google.com/rss/articles/CBMieEFVX3lxTFBveUZHU283X2hsREFqYjRxcllyTUliRzgybVVycXlsTUI1a0EyWDN6cm04eGVHUnd6d1gzTmJwd0Z4LWphNU1INi02VnI0LWVrbGhnVS1naDd6MWFWd0s4Vm94cFlXWmNXS00tT1BOQTg0NTF5QkNNUQ?oc=5
2026-09-12,半導体,,テーマ関連ニュース,⚪ 情報,10,Heterogeneous Memory Chiplets Accelerate Multi-Request LLM Inference (NUS) - Semiconductor Engineering,"Fri, 11 Sep 2026 22:02:20 GMT",https://news.google.com/rss/articles/CBMiowFBVV95cUxPd3lTaDhHeWRodTQ1bUxySGhqTndWUXVCcFlSQUZXLUR4SUJwN3NDOXhGNHJwZk1uYy1RU1RVb3RmSnN3SnlVQkp1ekc1OVVzODFONHdTVVk5eUxScVBGVEl4UXhjV3Q4eEJuY3JhTkp6NXpUVWkyaUhnSVpyT3RxRnEtMzBZSnV5RUI3ejlfdi05UThrcFVIQ2JXRkxDTDVmRUkw?oc=5
2026-09-12,半導体,,テーマ関連ニュース,⚪ 情報,10,Chiplets 2026: Where Are We Today? - Semiconductor Engineering,"Tue, 24 Feb 2026 08:00:00 GMT",https://news.google.com/rss/articles/CBMibkFVX3lxTE9HTjZOMEluYktnRmlkc2R2bEREZmJIS3lnT0M1MEROQmtZQ0x5X093eUZQYjQzVWJDMUY0bXRIeUFYTUExY0V0clRmb092ZkRjbHBsZmExX3Z6d1hzNU1PUFRKamNrZzlCSU1GU2ZR?oc=5
2026-09-12,半導体,,テーマ関連ニュース,⚪ 情報,10,Swapping Out Chiplets: I/Os Vs. Compute - Semiconductor Engineering,"Thu, 28 May 2026 07:00:00 GMT",https://news.google.com/rss/articles/CBMidEFVX3lxTE9nUWFxQ09FM1BuNW5Jd3NSbHE4VDRQSkxhcG5tSXlNeTZ1bmZsejV0bFBGTVlhRlM3SEc1TUNDNGVhMk84ZVQ2VnZwTm1nRUR5bXRIOXVjWFNoYVU4MmFRd0c1cWRqdVJfeVZsRmYxZ0dkQV9T?oc=5
2026-09-12,半導体,,テーマ関連ニュース,⚪ 情報,10,Chiplet Interconnect and UCIe Ecosystem Market Size [2034] - Fortune Business Insights,"Mon, 24 Aug 2026 07:00:00 GMT",https://news.google.com/rss/articles/CBMimAFBVV95cUxQM2hBVVNFOEhVdXBjMmJOQ0ZrSTh3cDIwUFdQYlR1anE3ekZkVFVISTd5S3NLbWpwNUx2cDNYX3g4X1JQc3hjUkJkVUxyOUs1Vk9sQ09lNmJINEVmVkVCM0NnRkpFVy1id1ctaXA0TGM2ZTJyQ1ZGNHZfNWtDQU1jT1dzM21nazBCZzF1bVV5YXhOWVlFbmt3Sw?oc=5
2026-09-12,半導体,,テーマ関連ニュース,⚪ 情報,10,China Develops Its First 3.5D “Infinity Chiplet” & 3D DRAM Tech As It Tackles External HBM Constraints Through Domestic AI Supply Chain - Wccftech,"Wed, 15 Jul 2026 07:00:00 GMT",https://news.google.com/rss/articles/CBMisgFBVV95cUxPTEc0MEpQbGtkc1d0M3BKczlWcFoyZ21TaVlsZ1ZybHRwZV9uaFNScWtoYmw2dXNzYml2M245OE9QRlpBeGZmMWoxdHV2VG9ZbHpPUUJ3VDd1OG9ULUdLd2RoWHZ5bzBvUHNuRG5kS2RNeHVSYmx2UzBGOW9DaWFMc2MxME1jMkhCS0owQnVQbXp6Z0dNMHdLV256WkJKUV9oZkd6VVhnNjdnWW0tRThoQ0JB0gG3AUFVX3lxTE80MWJfeFVzMTN4TF8tanBZRG9SckV4bTRLSGlyejg3aGFlc0RzWEw3RlV5NjIxWXQzS2RTQzExZXkwczd2eWVXdktjc2YzT0NkbEZFcUJITGk3SzJTZ2lMUUwzTUpnY3lxZ1cyZXQ5blNfcnVTMWw5bDZJX3dvcmdBQVdYUkNkenI2YV9xTTlILWl4YzV3b0kyQVhaZG1GaFVvcnpnVkZCZ0dxVzFqQVZGSE1DODFsaw?oc=5
2026-09-12,半導体,,テーマ関連ニュース,⚪ 情報,10,AI’s HBM Shortage Strengthens Micron’s Hand—and Pressures Nvidia’s GPU Economics - Yahoo Finance,"Fri, 11 Sep 2026 23:01:33 GMT",https://news.google.com/rss/articles/CBMinwFBVV95cUxQRE1OOG1aM2U5aVdfeVdTUjF5eEVOX0hBRTVic2p3SjFQVW1ZcjBYU0h2TmtsczRENFo2UF9PSFpxRG9BS3lwZHJNQWFtZEsxemZFVEdtS1JVZ1kzMlRvcVBIYnlRcDdkcVZEcFIwSzVEbG5JTElCbUtqWVlFU0o1N2RyU01uWGhWcE1WYkxHNDNmRU1jLXc1dkNXQnA0XzA?oc=5
2026-09-12,半導体,,テーマ関連ニュース,⚪ 情報,10,"Reducing HBM ECC Controller Overhead For AI Inference (RPI, IBM) - Semiconductor Engineering","Fri, 11 Sep 2026 22:02:19 GMT",https://news.google.com/rss/articles/CBMilAFBVV95cUxPc1d0TVpsRl9XSnFVUFI0Zm1aTVBqX3lrbjBJUlZfc0RzcXhqNTA1UUl4eWNkVGRLMk5FZHpndUpRcWRjWHFhNDlvUmxJUjZvS1hHbXNEaXpDdTI2QWEyc1FMclBMRkZjd0h5M2hyWk1td3RTN2dtVjAyRnJPZ0xOYWFsQjNuQ2REV3ZoQ21qSHktOWZG?oc=5
2026-09-12,半導体,,テーマ関連ニュース,⚪ 情報,10,Kepler Computing Emerges to Build HBM Alternative Using FeRAM - TechPowerUp,"Fri, 11 Sep 2026 03:25:57 GMT",https://news.google.com/rss/articles/CBMinAFBVV95cUxQeEFMUmVFenh2dzlnVHFITjlaX1E4ZGFiR3ZIRUlZa0NiTTRYcWlCeDViNXc0Mm5GaWUtZmh1Ry1keVMzcGVOUWlmblNLUU13RC15TU9oZ0tkWkRFOGExMGgyWWtYVVpNMGVZSEkzR2FmTWowUmxhUXhEdWN6eWlsaVNrbUlwSlVvTnJ6ZU1qbEJpSkhfM2JVMFZfMVrSAaIBQVVfeXFMT1JoYzNsekZFUHo2OEt1MTNmMjM2WlQ2UVd1cHZpSlAwSE9Hc0l3NFhud1hMS0g5NDkyY1Q0N3RENDFQdFJFbk9kZ1hVbmRwdXl2RExlT0JnUWlobjV4QW1jT0Z3d3Q1T1M5ZnlJdWhLVDlxYmNYT1gyWk04M0NyMDRNYWZtMXd1b1doWlRJTE1Na1ZTNDF0QTk0MThreU1LMVZ3?oc=5
2026-09-12,半導体,,テーマ関連ニュース,⚪ 情報,10,An Intel-Backed Startup Says It Can Beat HBM. Is Micron’s AI Memory Boom Vulnerable? - Yahoo Finance,"Fri, 11 Sep 2026 23:23:38 GMT",https://news.google.com/rss/articles/CBMilgFBVV95cUxQbVZBUjZoR3I3aFJKbEloVElLSjlwUlQ1aXFRTUVyYUJmLU16NHcwVFRBbU4zMlhQV3dab0xzLU0xVUNWZU5PWHM4QWtoOE9fUURrQ250ekhtQkt2Q3hEcHZHeEdubUJCRXlra2QydGFERVZqQ2lSU3RJUzBTemY2NlE3OXROSmF2S3U2UmVrdkNPNy1HMEE?oc=5
2026-09-12,半導体,,テーマ関連ニュース,⚪ 情報,10,"CXMT Reportedly Struggles With HBM3E, Yields Are Only 25% - TechPowerUp","Wed, 09 Sep 2026 14:59:31 GMT",https://news.google.com/rss/articles/CBMilAFBVV95cUxNV0JzbUNRRHN6LTd2MkEybXUzaUhCVUR5UnBTOGxOa0VHMm50RldGM21TVVdFZVNROElhbEV4T3FLendWWlRwRVZQd1pYelJMZFA2ZHZPTy0weVVIVThXa3BOMU50NVpYQnBJNk1WRXNZUVJhcDI2Sm8tSE5lWGg0ejF5LVJYTFdrYzFPa2s5Nk81eDR30gGaAUFVX3lxTE85SjNqNWlQd0tKeEtOUzRUM1Q0LWNzR0lvUnFPdFktWnItMVZDSTJKYS1VZVZ1VlFCRDVGNWJjd29aTm1UMWs4ZHc4dEVQMWZjMHdHUnotSjVtZmNTV2c4dkFZejFGSFNaTnloWDR2UGdaU0g3Qm84XzVlOVBCd2VVbTEyWjdXZk5ZQ2QyVkRzb2FyUUx0Y2NPWXc?oc=5
2026-09-12,半導体,,テーマ関連ニュース,⚪ 情報,10,Hot Chips 2026: Samsung reveals a three-phase HBM roadmap that puts logic and compute inside memory — zHBM ultimately stacks DRAM directly on top of the processor - Tom's Hardware,"Tue, 01 Sep 2026 07:00:00 GMT",https://news.google.com/rss/articles/CBMivgJBVV95cUxOMEVZWHRkVm45Q19lY0x0S2ZLRzhqTkdaOExrUmRvSTRvNTNhV3NveFBScTktYW42RnUyQjI1RFdDY25hQUVCZWxjNDZrSThKTzV0WWdKTEtzaEM0dGRTcHM2enh0cTlRN09RXzBTOWdqOVYxVkZaRE53UTNfOG5yQkJUSU8zSzN0a3JxNV9xLVZ4Y3o2WUszMzlOOExpbm9nMl9HckRia05UQl9WNzBQQWJBVV94RW12UE9EbzNlQnhwVUQ5TVlZRHRrWF9rVXpIV2J6eWpvSmhsWVUySVFmVzZmMEdIR3E0V1RiZnRFUmxaT1BmWkpEd0NldkJhczVmVmx0WWhlY0w2T3YxbnZ5NzdnZ0VuV21UWjZtSFd2VVRGcFBxdEZuUWdzTG9ieTkxdXRDTU5HaUR4a1RvdFE?oc=5
2026-09-12,半導体,,テーマ関連ニュース,⚪ 情報,10,"CXMT Faces HBM Memory Chip Shock As Yields Sink To 25% With Close To 80 Out Of 100 HBM3 Chips Failing Final Tests, Says Report - Wccftech","Wed, 09 Sep 2026 06:21:19 GMT",https://news.google.com/rss/articles/CBMi3wFBVV95cUxNODh2eEQ3Nm5FXzNJa005VU0tMzZRZ09ocnM4TTF5dlh4czhCVm80N1d2NkNLbE5YaUswVGNMaTEtdDRSODIyWkRzc0owdHNLcC1obDdmU1pRUjFvQ3ZxTGNmbnhBZlllY1FOZkc4dExWLVFycF92TVlaV1BOcFBfVTJkZTNJWU1XRVl0WGNKUTQ3dk1OaE52TVJFSFhHUDBQNmhmRzJqT3FNN1Bzemk5Rnk2eEFid0lQUTdtUXByVXZpRmVLZDh3T0RZa3JFa1B0WDhzdGxhZFUzN05sNXJn0gHkAUFVX3lxTFBTZEdsdTFITkU2YmRxZkNxZXRCdDBzOTNHQ21ZVUlNWGdEaVZPVTJac0xDTkEtSU1wYXlmRGRlZlp3WUFNYmF2MHg5TFZjZE5KeVlIV2swb1h0QzZQX1MzcGpIT2M0MmVpaW9oUXVWc2hMaUY0NlZXTjV1TGhXaDMtbDRSQ3M3UWRuQ0tWalNJOXh4cTNKWktOWXhYb0tvVzhUd0FfSmlOUHhKUGM5NjlyZXRQODBtalJRam5reXlndXpFZGxLUVl1SkFTWmxMTndlakJvc0RGb1Y2ZWJwWlJsOFZmTw?oc=5
2026-09-12,半導体,,テーマ関連ニュース,⚪ 情報,10,(HBM) Technical Pivots with Risk Controls (HBM:CA) - news.stocktradersdaily.com,"Sat, 12 Sep 2026 08:14:21 GMT",https://news.google.com/rss/articles/CBMingFBVV95cUxQY1hSN1k1SE5yQXNuVUJzOTFrTEtEUXplSmRHcEZaYnZyUzVwWTZGdzIzUjFfVVp6ME9RYVNfMkRQelFMd0dKMVJTNEotMnpRNmJoQlludFlCWWhLZmNQMDhNVk5xdldaUDFaZ3R2dDc2M2xGaGJfd0lQZm9Kb3czQzdXZmNjZUY5RkFYeFpoTDJ6dUIwN3JtVHlUVVZ4UQ?oc=5
2026-09-12,半導体,,テーマ関連ニュース,⚪ 情報,10,Will HBM Demand Change FormFactor Stock Narrative - simplywall.st,"Sat, 12 Sep 2026 02:29:21 GMT",https://news.google.com/rss/articles/CBMixwFBVV95cUxQVzVudXNHbFdPNW56QUVzOTFFYmlUeGhKMG9KTi1iNGRUWDU4eWkxODZtTnRaUmVVOGFmMXZrWWQweEdVeC0xRmoySEdrdTgzTW9qQWc2bUVLb3h5YkFmT3AxOGhxWUptYmJNY2Fsb1RIeHZ5cl9scDc1ajNRZkQ2M2VmQk9NWFBYVU4tNDhwOTNRazBTYkM1eXMwV1lPNnRNUVBxNDRnaUlSMzFIOXUzNUZvUXp1VHJIS05EZmhOREtOeHZTREJF0gHHAUFVX3lxTFBXNW51c0dsV081bnpBRXM5MUViaVR4aEowb0pOLWI0ZFRYNTh5aTE4Nm1OdFpSZVU4YWYxdmtZZDB4R1V4LTFGajJIR2t1ODNNb2pBZzZtRUtveHliQWZPcDE4aHFZSm1iYk1jYWxvVEh4dnlyX2xwNzVqM1FmRDYzZWZCT01YUFhVTi00OHA5M1FrMFNiQzV5czBXWU82dE1RUHE0NGdpSVIzMUg5dTM1Rm9RenVUckhLTkRmaE5ES054dlNEQkU?oc=5
2026-09-12,半導体,,テーマ関連ニュース,⚪ 情報,10,DeepSeek Cut HBM Cache Needs 75% and SSD 87.5%. What Does It Mean for Memory? - Moomoo,"Fri, 11 Sep 2026 09:09:20 GMT",https://news.google.com/rss/articles/CBMinwFBVV95cUxQSHVPdEZpbXFWVDNxYVNnRjh3NDlTWXVMd2lBRVRQZ1UzZHhzNHFLUG51V1RxX2V5UnczYnl3QUg3Qm53TDdxQXhRY2h5Mm5BdXRXWWxQWkpmdFNSTzdkZ1ZQY1lORnh3Wm1fRVFZRjdYMmUwOWNHS1lKc2hVVVhUQkJrV0pCMGhfTVJfd3Vib0xoUTBJb1E2eEUzX3k5SVU?oc=5
2026-09-12,半導体,,テーマ関連ニュース,⚪ 情報,10,Hudbay Minerals Inc. (HBM:CA) Presents at UBS Global Materials Conference 2026 - Slideshow - Seeking Alpha,"Fri, 11 Sep 2026 23:17:44 GMT",https://news.google.com/rss/articles/CBMixAFBVV95cUxPSFFvVXVSWDUtNmtPT21GMkFJb3FVdlBRWTBocFg0YmdDd01KOEFDb01LZWFOVE9JUGJWcDBURGJjSG5JLWVFRUdzMXVZb1JhSTNfeGtKemVCQlY3N2hjV2VTSS1wUk00Q1gtY3lGckxoTFJzTnlUTk9uNkhjclVPSFFYaWtpakF6TXNiNGQzM1dFLVZwTWlseUpRQmhQbTJrUm90ZDlIU3FPWHhBM2VoaWt3LTEzRWFUSWo3Q05iYVBoRDJI?oc=5
2026-09-12,半導体,,テーマ関連ニュース,⚪ 情報,10,China’s AI Chipmakers Raise Prices as HBM Shortage Squeezes Supply - Modern Diplomacy,"Thu, 10 Sep 2026 13:18:18 GMT",https://news.google.com/rss/articles/CBMifkFVX3lxTE55bjc3UVB5cE51c0dqLU5lNHRYUTJmeVB4dUNLamphZGxwYk9abERzdlpIdU82cXJUMExRTHJQWnhtSzhzSlA5LU95WG02eVh1Sm93TUNCNDBMY1VLWlRYS2JFSGVTZG1FaTFhY1d3TG5mNFVqMVNUVTNIbHR1QQ?oc=5
2026-09-12,半導体,,テーマ関連ニュース,⚪ 情報,10,"Intel, Softbank Announce Z-Angle Memory to Compete with HBM - TechInsights","Wed, 09 Sep 2026 14:37:27 GMT",https://news.google.com/rss/articles/CBMijAFBVV95cUxNZjIzUVVqN010RW1pb0ZPaUkwMFd5YTBfMV9UM1AzQ0NTN0dZZmpDbkNwTkhGVFpUWk5Mb0ZyRXhMbjNNc2Y1Vkxaa1lyUGFMeWRMVHU4NFVMMmNycVRNdWJOUFk4MFl0akw1ckFYd2ZjREVkaGdCS1hXYmp5N1BuRW9iUG91OXlQSzFFOA?oc=5
2026-09-12,半導体,,テーマ関連ニュース,⚪ 情報,10,DeepSeek’s HBM claim rattles Samsung Electronics and SK Hynix - | NeoTeo,"Sat, 12 Sep 2026 04:39:25 GMT",https://news.google.com/rss/articles/CBMijwFBVV95cUxNbTZ3U3dOZmNMWlNNOUhBOFM4dHhycGRubGE1eDUxSUtycl9vWWdieFpoaW9KOXgzS01DYlhWUmNWYXhyODNuTl9WTUFmRlRoQ3Bxajk1Q1RtQ0t5cEtWeGY4ekhuMjhmWTNsR3hfc2l4c3FmX0xaaGxQdGM5N3pxeV9vbnZZU1g3NU44T1ZMdw?oc=5
2026-09-12,半導体,,テーマ関連ニュース,⚪ 情報,10,Huawei Ascend 950DT: HBM shortage drives the price of the AI accelerator significantly higher - igor´sLAB,"Sat, 12 Sep 2026 04:00:00 GMT",https://news.google.com/rss/articles/CBMimwFBVV95cUxOc1pHQ0hGejBlSE5vdmtzeFo5ZFpXOHFCREhZSGFYNmNqc2pWN2JfVi1jNEJiRmp3eUk4MUZnakdXYnJ0U3FuWE1MeWhxT2h4aTJtLVRBS2s0aENfRjRKQVFYN3QwblZCTndzMnMtOE9mS0ZSQjJVelVmTzYwbHVjdWw3ZzZublRFUDlva1F4bXZ3eXYya25nX1Ytbw?oc=5
2026-09-12,半導体,,テーマ関連ニュース,⚪ 情報,10,Fabships Aim to Exploit ‘Free’ Space Vacuum for Compound Semiconductor Substrates - EE Times,"Fri, 11 Sep 2026 21:00:42 GMT",https://news.google.com/rss/articles/CBMipwFBVV95cUxOcjdYZnhDUk9WZU1XUEdQN0JlZlJib2xGQWdoMmpUdEp3Rm15TWIycWRlMnBWdW41YWNQWkU1QXdjWUN5NWJuV0tPdWY0Z3dwS1g4ZDJyeVZCRVc0a1NyNTZXRkk0RVBJWll1ZzNHTzluWk9DVnE5RmZJVFZYSURJc3k4RURVTzRhYTRXemlNMWZlYXVjaV9KV0xQcXA1WTRPWENGcldpOA?oc=5
2026-09-12,半導体,,テーマ関連ニュース,⚪ 情報,10,Infineon and Skeleton to collaborate on AI power - Compound Semiconductor,"Wed, 02 Sep 2026 10:39:44 GMT",https://news.google.com/rss/articles/CBMingFBVV95cUxQYWNmdHV4ZWg2eE1vQmVod2NPR2JQSWxvcFYtSUVMekxUVjNGcTlwZnlDWHJUb1VyQW90cWc5ZGZtUzJLbElhbDBVN3BnZ0JSdmtfb29vWlFsZzNjaDhHOVN4TzlSSzRoOHlCNUVma0ZzdnNudEdvSlhDRm9hc0gzd2FlQnVOMkZQbkNZNEJNN2VOQ3JrM2dwcjNaRlBhZw?oc=5
2026-09-12,半導体,,テーマ関連ニュース,⚪ 情報,10,Compound semiconductors enter a new growth phrase powered by AI & electrification - Yole Group,"Mon, 23 Feb 2026 08:00:00 GMT",https://news.google.com/rss/articles/CBMivAFBVV95cUxNVTBxd3NnaGNDYUhfWDc2SVdWd19mWEFNTmNVXzJJa3NybzBoRG9pN2tQbDZPbzBpMzBWcU95X0otSy1YYlBBcGgwWTRUY1ZOY2RyNGtGTlNMZGNZVGJmU3BfdVBfRUE2WlBvRXBoYUY1bUdqTEFGOGlMcTFoaS1mdHNaTkVETnlnS2hBbnpzTEkwdkc1OW4tbnlzQkkwTDBlR3UwYlVSMHJjbjBCX1U2WmRjMjJvVTNkLVEtaw?oc=5
2026-09-12,AIデータセンター,,テーマ関連ニュース,⚪ 情報,10,"Visual Photonics Epitaxy: Compound semiconductor leader with robust growth, targeting 5G, AI, and data center markets - TradingView","Wed, 02 Sep 2026 07:39:01 GMT",https://news.google.com/rss/articles/CBMiogJBVV95cUxPWW5YaWFMQTJ3dUhpRFVhbUFaYWZ1VnotQ0U3Q1hQOGRGWjBKcUtHNjlNTEszVFF5VE9lbWRDN0xfY1FiQkl5MVpHV0M0YlBlVmcwQVk4RXNlRUxKSFlFWGlHeUtzNHNJbldTWlZGQ01oNXhHR3JaZ0tma0tLV2ppQUVQUldTN0pWaGQyQWZQTDFmcG9jX2htUDdEOHBmaEhpeC1CX2xaWk1KeTY5VDRjWkdNU055WURsYjY1bEttZTA3YURydW5JVXF4QlZza25weEdtLWxRRXBncUNBTjVBc2JXVk5Nc3RTa2pTWFRWcnpMcXl6d2F2aEt1bEJHcTZCMXlsazJXR0pPMGNfbVZ5dEplaVNiWUw4RzJ0aWI5bWhNQQ?oc=5
2026-09-12,半導体,,テーマ関連ニュース,⚪ 情報,10,Infinitesima enters next growth phase - Compound Semiconductor,"Thu, 20 Aug 2026 07:00:00 GMT",https://news.google.com/rss/articles/CBMijwFBVV95cUxQOXc1LWd4ZVppTmJ0VnF3cmQtN09pM3VGcGpSbU5jNENReENUQ0F3eDA1dWZwVlJHN2xLOERpb3pVOERuVUNNNVVXbTVSMjlHMUZhc3pRYWlRMi1XVDZEd0VUY2l0d3I0OEFsS3RoU2VLQXpSTnAzb2k4ZkZvcndCbUx3OWZDQzJFOTZnM2ZBNA?oc=5
2026-09-12,半導体,,テーマ関連ニュース,⚪ 情報,10,Semiconductors: 'The oil of our generation' - Compound Semiconductor,"Mon, 10 Aug 2026 07:00:00 GMT",https://news.google.com/rss/articles/CBMinAFBVV95cUxPU0NRdVdXclhsdmhTOU9iLUNXcHc2Nko1Z0wwcUxpVnFBQ3lSS0M5LVlFaFhfQTBRaDQzM095UFdaRHdOT0hrR0VTMUtWZHgtRWVzVk1jZHdnLVlyREFSY1k2aklYN18xU1h3OGw2a0lKMENGU1dkLTZhOEFrRkdod0FkZTFXZ3NaXzNkejNkSWgyUlFreGNnYlhVcFk?oc=5
2026-09-12,半導体,,テーマ関連ニュース,⚪ 情報,10,Semiconducting polymers with a twist - Compound Semiconductor,"Tue, 25 Aug 2026 07:00:00 GMT",https://news.google.com/rss/articles/CBMijgFBVV95cUxOWDdoeGxXdjVvUm5ZLUhzV1lrVENSNWdmaVdiTHRDY01ZQU9FcnBNSXZVSUFuR2NZTWhnZFFWNlFwZGVGSkJhNlZiYnNyQTJZMXFnY2diVklsNHRHSzJLTVh5d3VvNGN0R0ZwTzZCNG1SejlPb09laFpMSWczV1dMYkxIMHVpQTZGSF9jZU1B?oc=5
2026-09-12,半導体,,テーマ関連ニュース,⚪ 情報,10,From charging to AI: power GaN’s next chapter - Compound Semiconductor,"Thu, 20 Aug 2026 14:28:13 GMT",https://news.google.com/rss/articles/CBMiowFBVV95cUxOQ3BKN1YwTE5FVWk2ZmFlNjlCV2I2SXUwQ0RuSU50dnBhQll0ZkpYcXViQnktWllLREhkOFpIX3VtalZRZXpId2haUGZNNWpTamFrRXF3cktOV1FOc0xvdXlDQkZzOWVhUmstUU14MnVLSUxMQWpfZk92ZEJWaXVDYmtYOUV4NER2THE2MmhJdjB5OXVpa2hCYXlMRUJCVnN3bDlj?oc=5
2026-09-12,半導体,,テーマ関連ニュース,⚪ 情報,10,The quiet war beneath our electronic chips - Compound Semiconductor,"Wed, 12 Aug 2026 16:03:27 GMT",https://news.google.com/rss/articles/CBMilgFBVV95cUxPU1pTTGNHV19uTnBNYkNVQWpiTng3anpxZW1ZSVc4TFV1T18zdzR4NUFSSFJqVHZfc3U3NThTT2tHamlzYW1WXzlKTFFTT1FzbFdmdy1XbHhvSjAtWE1CSVk3MGtDb2RVaWh3QTh1LWJON1pqWHQ3UlRtVFFhWkdLdVEySlFpUmJCd0piSE9RMG1sakhnMnc?oc=5
2026-09-12,半導体,,テーマ関連ニュース,⚪ 情報,10,Strengthening the world’s first CS cluster - Compound Semiconductor,"Fri, 22 May 2026 07:00:00 GMT",https://news.google.com/rss/articles/CBMioAFBVV95cUxQdzd4UGxQSnBaN3JrUl9UdjlkQThkd1gzcE9WVEFuQ2Q2dEdHWFF6cEhHbW5fOGloQkdKZWh1ZV9la2Vsam83bXpBbjBMSzFWN1JWOExkZlBjM0Z6V1Y1anJtTnFNOXNsZWRVTW04Ym9zX1pPaFY0NndKU1Y1bm5YYmlnUmZmOWJNU2xnZERMbWpNYzkwNjZKNXN5ODd4VzZ5?oc=5
2026-09-12,半導体,,テーマ関連ニュース,⚪ 情報,10,UK CS Catapult to become 'Semiconductor' Catapult - Compound Semiconductor,"Mon, 08 Jun 2026 07:00:00 GMT",https://news.google.com/rss/articles/CBMif0FVX3lxTFBGTzRxYkFEcUZUMlF0TVNFV0M3ZUVZOGk2QjN5dzVDN3QxOHlFMGNLd3dXNldIRV9CTGF2QlRRLUFfZlpXUkZjQWpHVDBDcndVTDdFREdqNWxuR0V0QVhEU1NlZFlCNjF3VWZMMHE5QWtZWUk1TmFPU1dXY1VDckk?oc=5
2026-09-12,半導体,,テーマ関連ニュース,⚪ 情報,10,Get ready for CS International: 20 - 22 April 2026 - Compound Semiconductor,"Mon, 23 Mar 2026 07:00:00 GMT",https://news.google.com/rss/articles/CBMinwFBVV95cUxQZ3F2ZWZvRkdIN2pfOEhVU2ZPUjY5VlpUcjVXS25hQW92bFRRbm9JdklDV2VBNjN3Rk9XSUFnVzJVLTRZV0FHUHl3ZEtGTzRtZ1VfejktekN1S1B6M1RCbUQ5ZEx2R3ZKanVQZEZjYzdPWnJKVTBuOVhJT1ZLUzcyNmdEMWNOU1lubkwxWlpYQ3VRRlJRY1AyTWh1VGNtMzA?oc=5
2026-09-12,半導体,,テーマ関連ニュース,⚪ 情報,10,UltraRAM: A viable solution for post-silicon memory? - Compound Semiconductor,"Wed, 11 Mar 2026 07:00:00 GMT",https://news.google.com/rss/articles/CBMioAFBVV95cUxPNW9rR1RtRkE2WDhvOWVsWTNCS0JXZThLdm03aUw1SFBjbi1XQ3JmT2poSWJPMTdOS3RIbFcxeFBCd2p1YmluNG91LWx3UG1zOGJSeVFmWTR1QmxhdjV6YjFqWUFJVUhnMEY2dnZoMl9IeVpEb0ZfSS1rNlBGN3RkSUNxTlZnc1QtVkthTFZtcjZwSXp0dzBUaWVtRzJ6Sm9u?oc=5
2026-09-12,半導体,,テーマ関連ニュース,⚪ 情報,10,Compound semis enter new growth phase - Compound Semiconductor,"Mon, 23 Feb 2026 08:00:00 GMT",https://news.google.com/rss/articles/CBMikAFBVV95cUxOMVJ2TUVTTFdFRmxkU0xzT1VsbU8xQjZ4b0prb245OGM1Y3lEbVU4Wm81d0FLekFBa0dCcXdmZjRPVWgyeElYQmMxNDYwSTN5dFA3NWJxc2ZLVGlrRnNkSHlGS0JndElONktvb2RBN21pWExLS3NVdGlFSzM3emF1LUREa2xldUtaQW1mOEF4OXU?oc=5
2026-09-12,半導体,,テーマ関連ニュース,⚪ 情報,10,Cyient launches India’s first GaN power IC family - Compound Semiconductor,"Mon, 11 May 2026 07:00:00 GMT",https://news.google.com/rss/articles/CBMiqgFBVV95cUxOYzJ0eC1ES2RtdmxZVXFhdk8tVWFtTDdLSm9qS0tGZ1pVT000YnlON0dnVjJmYUVwbTlYQ21fR1RkY3JrdG1nUkNRRm5YTXk2V0dleHQwZjY5TUVHWlhJbFNaWjV5TEZRT0Zyazk3N1I5X0YwUVBXVUVxTWQwMV9JbVl0ZTBteEp4SXJfLTBXSGxTOXRMSlZ5dUFoTWVCLXVBRWs4Q1NzdzBsQQ?oc=5
2026-09-12,半導体,,テーマ関連ニュース,⚪ 情報,10,V-GaN Tech Hub Opens New Test and Characterization Facility to Accelerate Microelectronics from Lab to Fab - University of Vermont,"Fri, 24 Jul 2026 07:00:00 GMT",https://news.google.com/rss/articles/CBMiuAFBVV95cUxOSXlLSnU5MTNuX1hOdEVTd3hmRVBQTXV3clV2eERSSGh3Ry1WcUFScVJjZmd2eEsxY1lrMzltUDA5TzZmc3JjeU5rRkk4SXpYUkRCbjczQ2NLRmlWVkRIM3FzTnJYTzE1N0V2UXROM2xxZE9oQldxd0pKT3ktclpmbENTZDU2VjdwMjJUYmpBUXpFS1BuZHVsREIyRHlfYjlxZlFtODBCdjU0WnozWUNmcXpOQWI0OTVW?oc=5
2026-09-12,半導体,,テーマ関連ニュース,⚪ 情報,10,The U.S. Should Fix Its GaN Problem - by Aqib Zakaria - ChinaTalk | Jordan Schneider,"Mon, 20 Apr 2026 07:00:00 GMT",https://news.google.com/rss/articles/CBMiYkFVX3lxTE9XYTNHYlY0NEg4clBKdXVNSUVlNEs5SU1JdVZSU2t2X2J6M2hEbUtzN3JYUmdmUTQ1cWJ2M1duQ2Q4d05kMkhaRUhWUGg0TXlzQXdpOHIzWGFRd1A1V0w2bGVR?oc=5
2026-09-12,半導体,,テーマ関連ニュース,⚪ 情報,10,GaN foundries aligning efforts around system-level solutions - Electronics360,"Fri, 04 Sep 2026 12:14:02 GMT",https://news.google.com/rss/articles/CBMisgFBVV95cUxPLVlGRWdJdlkzbmpaMUx2QkpzYzdlSm9UUk9RajhFV0pkOERrUEdpcUR6OW5EU3NzUkFpTFZ1OFB3M2trSE9mMlNySFBGMFVxZXRodTlwS3M4bVh4eXY5LUI1QmQ1dklKMmFwRm1EZWJ0UnR6UHZNYlBYY045V3R2Z1hRS0w1R184V2ktRmN5bk1QNG41UjE4RVRzbEJteWhDVVhsZzBGdHBQbG9WZHI2X1Jn?oc=5
2026-09-12,半導体,,テーマ関連ニュース,⚪ 情報,10,Towards full-color GaN micro-cavity LEDs - Semiconductor Today,"Fri, 04 Sep 2026 01:01:48 GMT",https://news.google.com/rss/articles/CBMiggFBVV95cUxQUXM4dDVOVWtuS2lUUjM1NWVEaWgzdnJlc01VTE9Pcjh0S1lHMmRKMnh3UzI0SWhYV3pGVTVQb3BEY3RtZFQyZW5naV9rRnZyY2NzQmJkWE9KOHc2cGV5ZHlaNGgwV0RZa2VnbTRfQnVZR2xJMkJIa2RsTExpZV9RMnZn?oc=5
2026-09-12,半導体,,テーマ関連ニュース,⚪ 情報,10,EPFL group redesigns GaN - Compound Semiconductor,"Wed, 02 Sep 2026 07:00:00 GMT",https://news.google.com/rss/articles/CBMifkFVX3lxTE1oTG81Rm9CR2ZCa3F2U2dGWE1PbE5OcHdnZHBaN2xzRDRxMEtkTl9BTmE2cFRBM1VUY1VwZjlFQ2xxOGVRV0NKcmd3cHpKTkRNUVU3OXN1cDRta0toZTNDUTQ3WXFVV2M0OU1nOWRkQmFla1Y5dnF6OVJYM2c1QQ?oc=5
2026-09-12,半導体,,テーマ関連ニュース,⚪ 情報,10,Low-resistance contacts pave way for better GaN chips - Compound Semiconductor,"Mon, 24 Aug 2026 07:00:00 GMT",https://news.google.com/rss/articles/CBMipAFBVV95cUxONDNoaGJGQUVscDIxVF9Bc0huOUIwSG9wU0pkLVpWZUFYRmVLcVFoRUZPOWFFNTIzNnhQaG9pT1p6Wkl5N3ZESFFCUFdUdkN5cWlDeWVIaERiOTIyV0NkMlp3NWlCNFhHWHlZU3lJTVVuamt0aHdidW5GTm8tWFF5Vi1CVDVpMWF0MEw2SmpqdnhwWmliWVJUb0xseXR3RHljOV94ag?oc=5
2026-09-12,AIデータセンター,,テーマ関連ニュース,⚪ 情報,10,800VDC power architecture emerging as key solution for AI data centers - Global Sources,"Thu, 10 Sep 2026 08:21:49 GMT",https://news.google.com/rss/articles/CBMiswFBVV95cUxQdHJhNG45SUNQZmE2MnhkSFhKckpaY0cwLVk0VUI3dk9XeGNQVHVxNldWcGtfbFBpS0xfNm5rNUNCV0Eyd0dMQ19Hem4zWTNSU0lSWXhMRUlQa2JkLUx5TTdtZHpabjhocFVIcGFCT3hBQkh3RkJ4VWtZLVJiSEVOckh1MGYzZFMwNnFpbWJibFJBN0VVOTAzanR6MFV1anhla1Etd09rX1lTa1JpeHhvdEh4TQ?oc=5
2026-09-12,半導体,,テーマ関連ニュース,⚪ 情報,10,DB HiTek qualifies 200mm 1.2kV SiC MOSFET process - Compound Semiconductor,"Wed, 09 Sep 2026 14:47:16 GMT",https://news.google.com/rss/articles/CBMingFBVV95cUxNdXViMkgzWkhOeXY1aFNqT1FkemxaOXlVc3BzTUVkVWxkbERWX01TbkVmbXNGa2lqcDRqcVJlVExjM1NsUmlZSW9ubjk4RU9meWRhcTl0a1h3anU5eDNzOHdlUVE2YUZIaEdkWFNSZGpnYVlTRVFrUTQ5ZXJ6ZEJUMHJVaEJteWN3NHNFNXp6YXByQjV2QnFJa1R4WGNKZw?oc=5
2026-09-12,半導体,,テーマ関連ニュース,⚪ 情報,10,"Silicon Carbide (SiC) Devices Market Size, Share | Trends [2034] - Fortune Business Insights","Mon, 24 Aug 2026 07:00:00 GMT",https://news.google.com/rss/articles/CBMiiAFBVV95cUxNMkN2ektsV04xck9hR0hzaG9ZWmhzZFFWUmZwTWozNGNSZy1sejFwRWh0ZS1NdVlZLU1pR2ducWRIanFuZjV3Z184dUU1TE1IOEd2RmxJaWhqSHQzSTQySS16NEhDeU5vZEhzT29fNGVJWEVvZHFpSTZmZXhBUkQ5WktENmpWTENT?oc=5
2026-09-12,半導体,,テーマ関連ニュース,⚪ 情報,10,Nexperia and Aurobay to explore GaN and SiC power devices for electrified powertrains - Charged EVs,"Fri, 11 Sep 2026 15:55:13 GMT",https://news.google.com/rss/articles/CBMiugFBVV95cUxPZFhZbUxwTW5iMjBydDZDazFmMnFwdC04dG4wcFd6UGhVRF9JMHBweDdXNGV6UDRzS2ppOW4teUg5amU2SmVOdy12cldkTmVhUVZxSXZCY0tGT0tlTHg5TmM1OHpRMjN3SlhOa2IzNVVWTGhaWFlnU3dPWTJFZ3U1N2NaZWFWMEdMNWZnQktWdS1iVXlCOEkxOWtXbUFGdWtqSk1TV1pEODFlcTNKSXgwS2pCdEZQeU9NOVE?oc=5
2026-09-12,半導体,,テーマ関連ニュース,⚪ 情報,10,"DB HiTek Completes Reliability Qualification for 8-Inch 1,200 V SiC MOSFET Process - PR Newswire","Wed, 09 Sep 2026 08:00:00 GMT",https://news.google.com/rss/articles/CBMi1AFBVV95cUxQWThCX3FycENsVGpoVW5UWFBEbDhxYW9HeHB2azFNSFZqM2JnT1EzMldEOElPNVRUT1NMMXJmUTNINmF5dzhnalN6SjVxaFJLeVdaZUJWLXd3bFpCaEhMOEtDcEtvdmlfcllQMW5LT1dPbjlPYnFLNllmNzdOYzhUNUx5bExEaVRoZUZLamc1eGc4MTAyMEE0TEx1dU0xd0hMY1paN1JHS2p4OEJzRXk4LWxmNXV0U1pqdC1CNllXYWhyeGowOVZHVVctUVFIMlFIajYxZA?oc=5
2026-09-12,半導体,,テーマ関連ニュース,⚪ 情報,10,Power SiC enters the AI age - Yole Group,"Mon, 15 Jun 2026 07:00:00 GMT",https://news.google.com/rss/articles/CBMid0FVX3lxTE5lR25KZzd6QjF5NE1tY0xOT2t1MnVCdFdTbVhxaVB3Q09kNHYzOHVrX2FkLVVmNFZHbzBxRkFHSUlfbVJXYzR0eEl6dUdZS2tfcjUxODNqdnI5X3BhRUtQTEVuSlRWSDRMSnJndmJnUFBRMWlnYWlJ?oc=5
2026-09-12,半導体,,テーマ関連ニュース,⚪ 情報,10,South Korea's IL Acquires 80% of SiC Equipment Maker Lead Engineering for ₩12.8 Billion (approximately $9.5 Million) - finance.biggo.com,"Thu, 10 Sep 2026 08:05:00 GMT",https://news.google.com/rss/articles/CBMidkFVX3lxTE5JZ0pjNjRkRmJyZDNLbngtQXBBcXdnVDhZRHM5VXplUlFGUkU1T2tCZVU3SjdJSy1DRWI1MnR6bnZnY2lCOUc0QXFOajlSNXJqQkNjZk5keEI2RWtyVXBlSVBpaWhVSjFuelNfa2R2Y3lvamEyWlE?oc=5
2026-09-12,半導体,,テーマ関連ニュース,⚪ 情報,10,Fuji Keizai sees China SiC semiconductor market at 970.2 billion yen - International Business Times,"Tue, 04 Aug 2026 07:00:00 GMT",https://news.google.com/rss/articles/CBMimgFBVV95cUxOZ09YNFFKNHRtZ3RXMEhlVGpEV1RyYjVRV0drcGlWblVjMFFiMUh0Z3VYdjNydEh6bGpKSHlRY01mS2pXVUdMM2ExWkJBZUZvNURWd0l6UG9UaFprMDdsWWpHYmdHam1QMDRrSU1FaWNJcnVFZkwtS1RJMnN4RnFOMHgzanQtc1NNTE1Ic2RaaWstTEc5eU1PQnRB?oc=5
2026-09-12,半導体,,テーマ関連ニュース,⚪ 情報,10,"CVD SiC Market Size, Share, Forecast, 2035 - Market Growth Reports","Wed, 26 Aug 2026 07:00:00 GMT",https://news.google.com/rss/articles/CBMifEFVX3lxTFBsWklVdE9KaEhpOFdiU09wNG42OHkxbEZ5a3oxTHQ4RzJTc0NNUnN3U3AzdGZ1eVdjV0pyRXVUVjFCaE1fMTkzODE1MmtkRlhuQ0hFYWp5MzZid1RxVWw2QzVBVXJqRjd3SThsWXBHZW5fem1LdlBVZ3dTWWo?oc=5
2026-09-12,半導体,,テーマ関連ニュース,⚪ 情報,10,DB HiTek builds world's first 8-inch SiC foundry process line - 헤럴드경제,"Wed, 09 Sep 2026 01:01:09 GMT",https://news.google.com/rss/articles/CBMiV0FVX3lxTE5LQVRGTXJzS0ZmTjhyaWdGSHZaVmJSSTRNeUNqZXVqUDBDdjd6aGU4Z3c2UjVLaHZjLXBrZF81VHBycDZaQ2I5NHVoNUNwdklFU3o1VEZMSQ?oc=5
2026-09-12,半導体,,テーマ関連ニュース,⚪ 情報,10,"China Silicon Carbide (SiC) Market Size, Share,Trends, Growth Analysis Report, 2030 - MarketsandMarkets","Tue, 21 Jul 2026 14:10:12 GMT",https://news.google.com/rss/articles/CBMioAFBVV95cUxPN21Ba2dERG1aZ2VfN1M5bDY3ak5yOFJMcGk3RWhzajdXcnF3M2g1OWQyN1lnZHBqUGROZy02Yy1vZDFpS3RQSEpMeTZhZWI3Q0p1eFRndXA4Y1FBZEVxc3NBTThLR3ZNcG1LNXNJRFhzdmg3VEdyRU9EYjRReEtLUDFoaDNTbENMV1dmUEIwTjdIdFl6NXgxQ0g2OXNnSW8y?oc=5
2026-09-12,半導体,,テーマ関連ニュース,⚪ 情報,10,EYEQ Lab reveals 200mm SiC wafer - Compound Semiconductor,"Tue, 28 Jul 2026 07:00:00 GMT",https://news.google.com/rss/articles/CBMiiAFBVV95cUxNbVAxUWp3N3BJQ2JXS3VhWlRvSlhVRl80QnU1Y0pHVjlkbU5uWGRHU3VxVlNaaEdBOV9HUDZ3b0pwWDRKNVdVX014ZU5hRTNtSzg2RXE1a3lUSEE4UWx0SmRjX2tJTHU0U1RTd3IzcTJKMXBiZlJPWFZZS0ZmT3QxNHhkVnN5WV94?oc=5
2026-09-12,半導体,,テーマ関連ニュース,⚪ 情報,10,Bosch boosts SiC capacity - Compound Semiconductor,"Mon, 24 Aug 2026 07:00:00 GMT",https://news.google.com/rss/articles/CBMif0FVX3lxTE1VUHg4U0hxbW1vU0hKRWc1NWdaWXMxUHcybG9sbklFQkV1cmFTaXFKMzVzdzZzX21ETTNUWjRidUhsN0Jyck50OEhMemZUbnBZLXVnV1hmMjZmZmZRSm5ERG1YNDRFbDJITDBLbEFPT1dKQ2YtTG1Ubm1DQnMzSGc?oc=5
2026-09-12,AIデータセンター,,テーマ関連ニュース,⚪ 情報,10,SpaceX just revealed an important timeline for launching data centers in space - Yahoo Finance,"Fri, 11 Sep 2026 17:03:46 GMT",https://news.google.com/rss/articles/CBMi2gFBVV95cUxOV1M4YzBGZ0hjdHNZLUwxNUE2cmZkQkpkVV90U2VEZUtYYlhRU0NhZ2xTN2RmN2puWldfSTZKS2FaN2xkbXNhbHBKckoxbjZaMGpuZHF1YTFMRkJsZHVSZ3hVeWVYOHhFSUVySmFPUktTZHVaUVhWN3dhd2ZETDczeWdLTHJoVGVTMnhGUXYzZ19TYnBIT1Z2WUZHX0xHQmRfTzkzYk5mMEVXbG5GOHpXMndOd25MQ3pBVUl4SWhsS3lxdXZuTGxKVGUza2w2cXZFT2ZNM3gxeEhoQQ?oc=5
2026-09-12,AIデータセンター,,テーマ関連ニュース,⚪ 情報,10,Altman-Musk Feud Escalates Over SpaceX's Space-Data Center Claims - Stocktwits,"Sat, 12 Sep 2026 00:57:38 GMT",https://news.google.com/rss/articles/CBMirAFBVV95cUxQSkMwRmtqQTJnZlZyRzlSRGNQNFAyWlFGWUVKczB2VFEwa1VSaURrekwxaHJJVW5QclQ0c2FtX0RFcXpqY20tNllyN1RDdXE2WVhpcFNTMzltVlZVeGNvZUNONzlQMWNWU1Y0Rk9RRF8yYmxtT2NIdTJod1RIUi12ZnIzNUpRYy15ODNWbDhVRUV4bGhsMmd5SlNCWUFkT0hqbTZoZWJfNDZnb1Fl?oc=5
2026-09-12,AIデータセンター,,テーマ関連ニュース,⚪ 情報,10,Data centers in space: Four big obstacles and Elon Musk's ambitious timeline - CNBC,"Sun, 06 Sep 2026 23:55:41 GMT",https://news.google.com/rss/articles/CBMigAFBVV95cUxNaFhwWV9xV2lpYnZiUjhLQzVEZnJDLVlxZnVNYllzLThmbVRzVFBSVjFtU0NZQ04yelJmTXpzTllXajZrVHpfS0dkOHRyWTZkeUM4ZzJOdU8yanVZRzQySmxZd2R4ZkRsMnpXTkdmbjdKR1BGWUlGb05FMWp0NVNsbdIBhgFBVV95cUxNaWx0SVdkeTFxanhBOXpXeGsxQjNPdi03Z0ZvT0JweHpUVFpmQW5vVWtPQWtDM25fSW5fSkJvY3M2VUlDLXFvLVhFbUt6T3B6LUF4TDV0cUFQdzhiYmt5WmxEQk1XZVQ1Y1ZGZWtlM1FJUHhTcE4xbDl2MkFhV1EzaF9KNTFWQQ?oc=5
2026-09-12,AIデータセンター,,テーマ関連ニュース,⚪ 情報,10,Elon Musk wants to put data centers in space. Should we let him? - vox.com,"Thu, 03 Sep 2026 07:00:00 GMT",https://news.google.com/rss/articles/CBMid0FVX3lxTE55U1ozMnhrMWhiX09IR1FSaDNzb0hQVGxMMW0yaExUQ1JObDJRbTVRQ2RCMnl3d0EyQTVkYmxMQlcyNE9sX2oybXFtSXFDMEVESjRieHEzNHhTVXJzaE9kUnNuZG0zRHUtY2I5OFItMno4TkVaRzMw?oc=5
2026-09-12,AIデータセンター,,テーマ関連ニュース,⚪ 情報,10,Cowboy Space leases a huge facility in the Seattle area to produce hardware for orbital data centers - GeekWire,"Sat, 05 Sep 2026 20:37:19 GMT",https://news.google.com/rss/articles/CBMieEFVX3lxTFBxcE9wNnFZZFU4dlhYX0V0Uy0wbWZiQXpjZHBPX1pmRmdtVHpLSTF6ZFM5dzdtaXltcUxOMUF3Vld6TEZyMGtEX3hDZTBFaklaZ3lpRFNVUzhNUTF5VTBBZlYzY3UzdU1aVnlMRWtQYmw1Mm5Ua0dqcw?oc=5
2026-09-12,AIデータセンター,,テーマ関連ニュース,⚪ 情報,10,"Portland data center planned inside five stories of high-rise, records show - OregonLive.com","Fri, 11 Sep 2026 00:19:00 GMT",https://news.google.com/rss/articles/CBMiyAFBVV95cUxPb0s4NmQ5WDJUZDhWNmdpU2lYUVNKYjdfQ0xyaW1Ka3pFZVlDVFdTSHFiNmFzTzdGNnhaQ1BNeXFtTnloOWQxUk9KdmdENzFEU3NXNUxobU9iaVJYNG45WTlTOWhDRk5qX1F1dy1CblkyR1BveXhRdU5pNUxodGwtRDNHeU1oUUs4VnJGdDJnVTBuM3dBYXNqZXgxVjQ4R3licXVuLVZZenJXaWYtSk9NVE5QdjFZSFl5aW5ncTFsaTk2ZXFpQlh5NA?oc=5
2026-09-12,AIデータセンター,,テーマ関連ニュース,⚪ 情報,10,The Space-based Data Center Hype Machine Is Already in Orbit - IEEE Spectrum,"Wed, 01 Jul 2026 07:00:00 GMT",https://news.google.com/rss/articles/CBMiX0FVX3lxTE8zdHR5cGpadzFtZzNRSi1FeWRBc21UcTVYYmJhcTVYZW9TenA3b1pmcmpGN050UzlJQTQ3bzlZZ3ptVWZpUC01Q0lQbi1WWVFocC1aS3pSbHpfeDdIZmI4?oc=5
2026-09-12,AIデータセンター,,テーマ関連ニュース,⚪ 情報,10,Data centers in space - jll.com,"Tue, 09 Jun 2026 07:00:00 GMT",https://news.google.com/rss/articles/CBMiZ0FVX3lxTE15RVYzNW8zQTRINzFsSlo3ZFBpQ2pobV9Yb1FESDN5ampzUjZGRVlfTkZkckpKU2RFZERobFBTdlBIZ28wUElkRnk4WGUtZGVXRUdzbmxYTjJnNWNsM3VDRGlpWW1PYlk?oc=5
2026-09-12,AIデータセンター,,テーマ関連ニュース,⚪ 情報,10,"Orbital files plans for 100,000 orbital data centers - SpaceNews","Tue, 30 Jun 2026 07:00:00 GMT",https://news.google.com/rss/articles/CBMif0FVX3lxTE02RHlZWUU3U0JWV3lmRVNJMURxaTFVT0p1RUhNblowZEZGVm45d3YtRG5XeG1sYU80MlgwaURpSXRIVV9TcEhTV0tUZzFFbl80MXJZanJ5RDlxd1JTUGZGajZHdFQ3bmp1Z3lnUnRNYldsa2FqbVhkNTgzWEU4LWc?oc=5
2026-09-12,AIデータセンター,,テーマ関連ニュース,⚪ 情報,10,"How hard is it to build orbital data centers, actually? - Ars Technica","Wed, 15 Jul 2026 07:00:00 GMT",https://news.google.com/rss/articles/CBMilwFBVV95cUxNazdPRFRsYkVHbnN4M2J6Z3ZTWWt6WGhacnBnOWtDWGgxck40T2dkYlBzcWE3UDBHQW1PT1p2SWtKc1c5b3otSWplSmxNbDktLW80TUh1bjVDZjhJQW9vc3NwRTFraDJUcFpDMExHNktuMXlFUm5oRnJ6MlNYdEFzT0s5LUVseHFDOU1Rai0zS3Y1OWlYOE40?oc=5
2026-09-12,AIデータセンター,,テーマ関連ニュース,⚪ 情報,10,Big tech's next move is to put data centers in space. Can it work? - npr.org,"Fri, 03 Apr 2026 07:00:00 GMT",https://news.google.com/rss/articles/CBMijwFBVV95cUxNbWtzR2pqTmxiUEsyMmRKeTZncWxmSzBoYzFTRWs0eU42ZWpORUcwWlJGSWlkX0NNa0VvVnQ0Wko0Q0FZakR6S0dUekpBajQ0UTVFN2ZMTVItbWU2RTJ2WjFDQXBxYmY5Y3FyNXNiRjNGVzhiazB6V1FwWHFoSVVEVzVrd3JCVklCM2d2c2Fxaw?oc=5
2026-09-12,AIデータセンター,,テーマ関連ニュース,⚪ 情報,10,"Data Centers In Space? Coming Soon, But With Down-To-Earth Hurdles - Forbes","Mon, 15 Jun 2026 07:00:00 GMT",https://news.google.com/rss/articles/CBMiuwFBVV95cUxNTUtNcWloNWJoaG5ldkpmRlZvOUE3dVBuYlkySjBvZVNzRkJBU3I3aUcwUnZLWm5oaF82a3pPaFFNS25IdXJ6QVJoOWptaDRYTFIxYjY0c0pxVFJ5LUxlSkZ5b0MwaTJPZ2FWTU5sc0hwSVB5V3dDQ2E1Ull6aEt1VEVlYWdhcEZBOFM3aE0teEFFYnlYdlhWVVlOc1pwRnJYWW1hMG12eGpVZnFDYUVZbm5SNUhaM1p4MVFr?oc=5
2026-09-12,AIデータセンター,,テーマ関連ニュース,⚪ 情報,10,Elon Musk’s Space Data Center Bet Faces a Reality Check — Experts Says It Could Be a ‘Next-Decade Event’ - Yahoo Finance,"Tue, 08 Sep 2026 23:30:23 GMT",https://news.google.com/rss/articles/CBMilgFBVV95cUxNUV9nRDAyX1ppdkZfVW9hX2ZaVkNCN1dtZmpDUjNvMDJ4d2FOaDJ6MFVSV3FxWUk4OW9pVkplM09pclRnOG1nTlU5MXVhdktDeGsxaFpLdXdObGstVnVDbmlwQzBSYk9sdWpId1VHNDBianIwREdPcXBISjhFTVRScFZSVDhiTjd2WTJuMFZSWjFMR2E2Z3c?oc=5
2026-09-12,AIデータセンター,,テーマ関連ニュース,⚪ 情報,10,Data centers in space could be a new frontier for insurers — if they can price the risk - CNBC,"Fri, 14 Aug 2026 07:00:00 GMT",https://news.google.com/rss/articles/CBMimwFBVV95cUxPanlzbTkxbHVrT0dsb05kNnhrZVNzOFNNc0JKTm9xZ1BUWUpWQkEyWmRUcGhLdXNFbHM1X0U1NnoxbU91UGo1Xy1DQzdCR2ZmYVd4UXpaYkwtNTMtNWJmd2FYTUtNTW5mYWZJV0VlWlQwWnE1S3VzZEdIZFBFRDlmS3JjMkdYa3ZTRUdTd0kzWWRQTkxsbWJZa04zVdIBoAFBVV95cUxOX2ViSzFsb0JfakozR1hrcUlCNGV5bHdXWlFPSmJ5NHFHQXQtQmo1T3ZmTUpCN0YzLUcxMXoyR2doTnRNczg4VkFNSnc4aTdQN0djdDRhbC1MazBJYzc2dHo5ZzBKbFR3MXYzMUNVLURsY1IwRTNOM2F3UnFYZHZLUUR2a0lyX3draEVraHFGcXQ0WDBGWU81ZGxlOUJ0djRO?oc=5
2026-09-12,AIデータセンター,,テーマ関連ニュース,⚪ 情報,10,"Musk Moves Up SpaceX (SPCX)’s Orbital Data Center Timeline, Again - Yahoo Finance","Sun, 06 Sep 2026 20:41:03 GMT",https://news.google.com/rss/articles/CBMimgFBVV95cUxNS3V6WjZhMVdqTV9SVnNyOVpON0d2UC1RRzB6WENzYjFXVWhkenpscGtDdkx6UlU4ZVhmLVl6d2RWeVM2eVdxYW52R3RzWWlLSVlxTkdkd2pFTXBtazRnTGlOc25YMGYweXlCbUJsQ0NLd1ZCM3hZMDk2NWFMZ1dxNzktMHhocU1FY1hrSF9zb2VYLTJuTGJwaXpn?oc=5
2026-09-12,AIデータセンター,,テーマ関連ニュース,⚪ 情報,10,"Space-Based Data Centers: More Than Hype, but Not a Revolution - bcg.com","Thu, 27 Aug 2026 07:00:00 GMT",https://news.google.com/rss/articles/CBMigAFBVV95cUxQRGlIZU9laXhmTGNyTWxHRUdtT3V3VEhVTnNGRFh1cnBzaGdYMzdNcHJ3bExPVFdRLVNLOEhBS0ZHbDBDeDU3VUJOSVgwSEFXYUtkQzkwNVdYZHItNm9lRERxMkt1UVppVWRCQ19iQ1R4dEVDOGEwd0dHZlE3c0JHMA?oc=5
2026-09-12,AIデータセンター,,テーマ関連ニュース,⚪ 情報,10,Rocket Lab has no plans to enter orbital data center market - datacenterdynamics.com,"Thu, 10 Sep 2026 02:07:31 GMT",https://news.google.com/rss/articles/CBMipgFBVV95cUxPRG1XX2l4QWdlb0NrWHJLelJXcGppaEFuY21HNjVuamR0U1psM0JzbHpmSFYzSDMxUHFua2JibXo3OHZzUy01NTV4SDhNWUh1eGh1VENqVVFYeExqaWUtYjdFUzdHSnFraEhSdThaeS11UlRqNVNJT05obHJ6MnpvQ2NwdWJrVmFEdXo3ak42Q1ZBUlFqTklkNHdiMEtlN2g2aC05YkdB?oc=5
2026-09-12,AIデータセンター,,テーマ関連ニュース,⚪ 情報,10,"With Nvidia on board, SpaceX orbital data centers to hit 'significant scale' in 2028 - lightreading.com","Tue, 25 Aug 2026 07:00:00 GMT",https://news.google.com/rss/articles/CBMivAFBVV95cUxPV2E2NlVRdXNUczZLR1FEZ3Fid2NSa3hfeW1LaEtieDZNNV8yVENwQ3pJY1I5VzEtUWxScEpma1FXWEpjUEliYldEc0ktVVhoRUYtNTlSNzFMNlNNYkZCak5Sc3pvclhqWVhOZ2tsWUdkeXVDY0RZM1Q0OU01YlJJUTh1Zkh1SzFzZlR0YWxlX2J5MnR2RFJfZVBTVXJ1SmNzcFFDRW44bWtWVnVYRS16cV9zNnJ1SjNfMUxXRg?oc=5
2026-09-12,AIデータセンター,,テーマ関連ニュース,⚪ 情報,10,Orbital data centers could outshine the Milky Way - Scientific American,"Thu, 20 Aug 2026 07:00:00 GMT",https://news.google.com/rss/articles/CBMipAFBVV95cUxNSDZLdUV4UVNVakNZN0hTZEoycjM3VlV4YlhwbXVVUVZsMzQ0NU45eGtwNWZVZWhjQUd3VVBTcTE5SDZELW00dTRsVml4UTVjV2VIVUVRLW9nY1M3NnJIRjBjM3lDZEZpcldqMl9keFlWWlllVDFEWFktckVHZWtmdXhEY1dWMkFPSGROa25HRlZwSkI0S0NrdHB4Q0ZPTWxsM1N0Ng?oc=5
2026-09-12,AIデータセンター,,テーマ関連ニュース,⚪ 情報,10,News | Former Costco warehouse to make rockets to put data centers in orbit - CoStar,"Wed, 09 Sep 2026 01:43:50 GMT",https://news.google.com/rss/articles/CBMipAFBVV95cUxNMktZZTBGTVRZV2RkeGsyNHJ6VU5WZTJaNlZHMGZRV0JKQU1XRFhhWjJXWGExRW43dVV1NzJKZEl3YW42cjF6enR5RDdFTXpPNVNkalI2cldPVTdrcGRJZzYxaWU3aEw3dnpKRkxXaEpwWGhtQUk4LW5yekJ0NnE4ZkJ5Vm15aUpnWUJGSjhQRmtfZ0lrYURZVnlEaWdCT19icmV3cQ?oc=5
2026-09-12,AIデータセンター,,テーマ関連ニュース,⚪ 情報,10,Musk Sees SpaceX’s Orbital Data Center Launch Near End of 2027 - Bloomberg.com,"Mon, 24 Aug 2026 07:00:00 GMT",https://news.google.com/rss/articles/CBMiswFBVV95cUxNenFaRnNzODc0bFNvdzRhU0xrNko5Z0JQc01JYW11T2JId2pFclg0OUVwMmJQdXBqSHRIcUV2aTQxekI4TC1FV0VpVnB4a09oMzdRTUcxREJvdXNxZVNSSnliX29ndnhvbDFiMEIwUkt1M09vNnUzLXNlazhNb041RGR2ejFrLXIxWkZwY1BQdXNkRlpMbllWcXVMd09YSDZIWEc0WGFnaDFVZkV6UFNfZXJPSQ?oc=5
2026-09-12,AIデータセンター,,テーマ関連ニュース,⚪ 情報,10,Orbital data centers’ feasibility gap is a governance risk - brookings.edu,"Thu, 25 Jun 2026 07:00:00 GMT",https://news.google.com/rss/articles/CBMimAFBVV95cUxNQVNmaWY3LUVPR1JmRzc2Q3g1cnVONHVBMFF5THhRZGllYWtVbERwUV9ncTdxN0I3Z0l4RjZsemFqaEdZYXhrb1dpbmFCUnp6N2VqaTZpR3lNSmFRVmtWRFUzVlQ2Yjk2X3QtLWhEemhnazNYUUNoSlR0eFZDNVJsdGx3aUFLaWJSdUJCb2cyQ0xjeHpEdldTRA?oc=5
2026-09-12,AIデータセンター,,テーマ関連ニュース,⚪ 情報,10,Orbital Data Centers Could Put National Environmental Policy Act to the Test in Space - Morgan Lewis,"Tue, 25 Aug 2026 07:00:00 GMT",https://news.google.com/rss/articles/CBMixAFBVV95cUxOOHRRRlFwZ3NyVkUwaF9KNXRNR0lwYVRsTF9id19fajJidmEtbkdzQnk5bWdMb0M5YXROYkhTSk1lVFZIT0xvVVpoQVRBSkV3RXBvanNCLXpsMllNbHlhSVZPeEVtX0JuZkhKVTk1ejVnWFFxMzJwWnlISldtQjE2WUhSSDN4WW1ZdW45ZFpKNmZsWVpfMlpvN0VwdzJTNktDTnlBNFk4WG1oYmJ5c0FLUmJGUzdEeFJKdHJLX09ZVzNwQ0hI?oc=5
2026-09-12,AIデータセンター,,テーマ関連ニュース,⚪ 情報,10,"For Orbital Data Centers, NEPA Could Be the Next Frontier - Morgan Lewis","Mon, 31 Aug 2026 07:00:00 GMT",https://news.google.com/rss/articles/CBMitAFBVV95cUxNcjVYMGItQU9QUW95aW1SN1F4TFVvQks4bFNYb3R2cktVcHJyMEx3UTdaVnFBYmh4SWR0UDM3UGlUQlpHcVl6aFYtcHhfLUEzZEJpUEdDOTFndk5idk9ZcUlCVTVCUldWTGZWTW1PTS1ZS0FuTm9iczZwRWFwOEwya0daUXBnQ21KVzRVdDdhTlpHUkZELTBVQzU0OEJDWVVaVFFFbklwRjBoNEdldlFWZ2pKUG4?oc=5
2026-09-12,宇宙,,テーマ関連ニュース,⚪ 情報,10,"Blue Origin Plans 51,600-Satellite Computing Constellation - Aviation Week","Fri, 20 Mar 2026 07:00:00 GMT",https://news.google.com/rss/articles/CBMioAFBVV95cUxPSGVON2RkZGJJSnFGSlBvZ1pzTG40dUpvVzl6YW1va2dwVm9sZUMwcndhdksxSDU5N0hrRHRDWmwtX2J4aU52WXI2dFVjUE14RjRUVWtPOEZhM2J3b1NkaWFIRlU4Z0ZpaFU1dDFnR0VQRUp6amlDcUhINFJ4aERPT2JLUjZUS0lqd3lKM2NGbG1FUEI5UGhESV9NZnZLNU9X?oc=5
2026-09-12,AIデータセンター,,テーマ関連ニュース,⚪ 情報,10,"AI Computing Race Heats Up in Orbit: NAYUTA SPACE Unveils 10,000-Satellite Constellation as SpaceX Builds Gigafactory for Orbital Data Centers - finance.biggo.com","Tue, 07 Jul 2026 07:00:00 GMT",https://news.google.com/rss/articles/CBMidkFVX3lxTE9aWURvdFRSNXNUNERJeUxwenpZZnRNVVVkeE9vQnZaT2lYOF9DQXcwRFVIWDdpRER5bW04eFgyR1BabVFLd0pxaGZ1MGdRSVJ3NDZ0ZFpaZ2k0MVlnMlp6QmVvNElHZlpLZ2lHaElMSFU5SVJWckE?oc=5
2026-09-12,宇宙,,テーマ関連ニュース,⚪ 情報,10,New subsea standard provides protocol for free-space optical communications - engineerlive.com,"Mon, 07 Sep 2026 13:39:09 GMT",https://news.google.com/rss/articles/CBMiowFBVV95cUxPUUJ6aVN0WTloOEhyQWZmSmszYmE4VHkyZ0VXazVmUFpOZVhSS3J5TGhoMXY1Y2pBRzJwLWV3emxOazdLczVuME9aakJHSDdyNUkybnhaUmJmTHJ6M0p1b0pIYi1FODM4RUZuNGdDeW1aVmVFamtwZ2FEQ3lBQmhUVDJQX3hMeEY4RXlfeVp2UEQ0RGxhdi1qaTJRek1Wa2hYS25z?oc=5
2026-09-12,半導体,,テーマ関連ニュース,⚪ 情報,10,Free-space optical communications at 4 Gbit/s data rate with a terahertz laser | Communications Physics - Nature,"Wed, 04 Feb 2026 08:00:00 GMT",https://news.google.com/rss/articles/CBMiX0FVX3lxTFByTjBPZ0dZUkRjNENjUVhOOTQybFRtQnQ0WmpPdllOV29Zdm9Mc0p0SHQ2U3N1VzhzczZ3a19hMS1xelIwZVg5YWdQTUdHejJMbTF0QnM0NVlHMFlLQU5r?oc=5
2026-09-12,宇宙,,テーマ関連ニュース,⚪ 情報,10,PI’s Fast Steering Mirrors (FSMs) Enable Free-Space Optical Communication - AZoNano,"Wed, 15 Jul 2026 07:00:00 GMT",https://news.google.com/rss/articles/CBMiWkFVX3lxTE1mcFdpaXdGSzNvNDA0dXVaRXhFeEY0T2dkUFJQdXFRVUxoYnU5bTlnX0pWejRSa2hFbGVEQURQMWh6MzNjbW9KaWxaMEtDN1RBdTB5QjF5S1R2QQ?oc=5
2026-09-12,宇宙,,テーマ関連ニュース,⚪ 情報,10,Vector Photonics demos free-space optical communication using PCSEL outside of a lab - Semiconductor Today,"Thu, 09 Apr 2026 07:00:00 GMT",https://news.google.com/rss/articles/CBMijgFBVV95cUxQLUZYQVl3bFlsalJ2ZUZpaVhabEpUOHRvLVRCaEJrdDFnOU1JM2J3OGR0dEhDSGNqZ0FreklZYU92YjNLNzgybEh6cHJaRWJDNzhnZVBwUmEzOEt0OGFjczdxM2NRbTRKZmZPbUg0RHY4ZlQtRFdqWFBLbXhma19QdDRhazNTMjE2a1BnT0lR?oc=5
2026-09-12,宇宙,,テーマ関連ニュース,⚪ 情報,10,Why Is the Free Space Optical Communication Market Transforming Space Connectivity - MarketsandMarkets,"Mon, 09 Mar 2026 07:00:00 GMT",https://news.google.com/rss/articles/CBMijgFBVV95cUxNekNoSVY2RExudFlVT2I5U3RsMFRDb0FYOFJPdk5odERZVzA2NFo2NzJ0bmtJSnRQQzBCWE1VbjRtV1FrM19Wdm1hTTlBYWJLMVlad2RTZ3dGVUptYWE0N3BFNlFjTl8wTDZyVjRpR19tcUdfR2lybE1XS1hIcHRNNW9ZMnhYZzF6aGk0dVBR?oc=5
2026-09-12,宇宙,,テーマ関連ニュース,⚪ 情報,10,Free-Space Optical Communications (FSOC) for Defence Networks - azooptics.com,"Thu, 28 May 2026 07:00:00 GMT",https://news.google.com/rss/articles/CBMiY0FVX3lxTE9jVXdvM1RYZmpfN1ZnM0gxMzYxQlhFaGp3ZDBsOUZRaTZlcGg5cGdjR2JqRzRidnBVaC1GVGgta29UNHlySzhMcV9YZVZkb3JRYlktTFdNU1h5a25zVk1hS01kVQ?oc=5
2026-09-12,宇宙,,テーマ関連ニュース,⚪ 情報,10,Robust high-capacity free-space optical communication using OAM-based structured light and intelligent adaptive signal processing - Nature,"Thu, 26 Feb 2026 08:00:00 GMT",https://news.google.com/rss/articles/CBMiX0FVX3lxTE54V3A4b3FHMkp2Rjc3RXpYVUx4R2R5bEVnTVdDMmNUOUxiSDNHMGlWVEpieEJTZ2RtS0xLa0ZxOEhKRVJxT0hOaHpsQ0pjalRfdXU2UWlpQVF3a0dSVHdF?oc=5
2026-09-12,宇宙,,テーマ関連ニュース,⚪ 情報,10,Partial coherence and multi-channel vortices enhance high-security free-space optical communication - Nature,"Tue, 09 Dec 2025 08:00:00 GMT",https://news.google.com/rss/articles/CBMiX0FVX3lxTE1zYjNLdUpTMjBKekxGeHdxU1ktTzlXbGFzZEYxcUg4UTJ1RGRZUVRkX1U2djg5dElLVlRDVk9idWJ5dkd1MzFMd2hTa3Bxd19oNUVILTU0Sm9ySlVHQ1BV?oc=5
2026-09-12,AIデータセンター,,テーマ関連ニュース,⚪ 情報,10,Heat Is an Orbital Data Center’s Greatest Foe. These Tiles Dump It at the Source. - SingularityHub,"Tue, 04 Aug 2026 07:00:00 GMT",https://news.google.com/rss/articles/CBMiuAFBVV95cUxQOElMdHlxTUNFSzBkc0g0NF92TkNmUi1SY3p0eEo5Yk1ZOGU0YjlVbkN2c1ZibzRHV2V5NWVrOF9kMnVIck1ITlA0dS1leGZDaUhObURia2VMU2dCRVMzczdRaWNSWWtSMHRPWmNnaDlxMnNTSi04ZWYtRGlZRnhKbzZkMWFnRFlzZGtlY3NkVHpCRk5fSUpVUlRGd3BqNURBNHVRQWJRZW13WFZWcndUOW5zbmFLY3pT?oc=5
2026-09-12,AIデータセンター,,テーマ関連ニュース,⚪ 情報,10,The “Physics Wall”: Orbiting Data Centers Face a Massive Cooling Challenge - satnews.com,"Tue, 17 Mar 2026 07:00:00 GMT",https://news.google.com/rss/articles/CBMipgFBVV95cUxNV2FjZHhsTkpsUmhhUUNxWUFsVXdZeTlSSmhMWl9TX2pXVGpidjdxQlRqMTBzQ0RaRkpvSVlrV0VLVmptaHZXRGxiTW1Tb25qTjhQRVlDQWd1N2lSYkJUbWdSN2hyY0swOEhscHVlblJMczVGQ2R3ZkhwbjZiSno1M2xjYTdRLUlsazF1cjZwVmNUQnpVeGkxUEwya2F4a1VlQzdZMXN3?oc=5
2026-09-12,AIデータセンター,,テーマ関連ニュース,⚪ 情報,10,Are we really going to build data centers in space? - Spiceworks,"Wed, 24 Jun 2026 07:00:00 GMT",https://news.google.com/rss/articles/CBMiiAFBVV95cUxPQ3lxR2NvUVpkZE8ydkEyUXNZWkdpakh5cDJiOUN0VEg1aWx1QnM4NVNuV0ZpcXZFVHhYNC05THBDdGFfV1BQUXpPR1pXSDBTUFBObWg2OUxqLW00cl9lRFg0VDhSNnF0bGVTR0Y0dkR5R29mQlZYaWIwaTllRUxwb01hV2loaXZk?oc=5
2026-09-12,AIデータセンター,,テーマ関連ニュース,⚪ 情報,10,Heat Radiators for AI Data Centers in Space Will Be a Huge Advantage and Not a Huge Problem - NextBigFuture.com,"Wed, 01 Apr 2026 07:00:00 GMT",https://news.google.com/rss/articles/CBMizwFBVV95cUxQal9tNlR2dXVHWndNcWptbExaNDJGQXhKYmg4MHpobVlnNzQ2RGtNNFlVQ09pNE9fdGtpSmV1QzJKVEhhbUcyalR1Q2NtdUhBdVk5ZnJSUDU4aURpZW1xV1ZsaGZnWThOQ09GZ1JsVFdtZjN4VFVVWDByd0dEZ1JWOEhJUFU5NUp5S2cxVHRTRm1OcGtMVG1NaHI4MXd0R2UycEJ3ZlplNGtfWEdlQ2pySkliTVJLcUUwdTk2dTN3YzVJT2VxT0JSNS13VzJuX1k?oc=5
2026-09-12,AIデータセンター,,テーマ関連ニュース,⚪ 情報,10,How to Build a Data Center in Space - Bloomberg.com,"Thu, 14 May 2026 07:00:00 GMT",https://news.google.com/rss/articles/CBMia0FVX3lxTE85Yk1JYVQ0X3JZbkwzb0Zxd1BSX1hmak9kT0JuUXdzU3l0SWRGY0R4dTR1dG1YWF9yOFQ2SUwxZEpFcmVFQVlCbEVlbzR2dk13Q0EyeFhrQUZJejRuM1RnWEpfbmdlMHBTYmNj?oc=5
2026-09-12,冷却・熱管理,,テーマ関連ニュース,⚪ 情報,10,Carbon-Based High-Thermal-Conductivity Materials for Thermal Management in Space Optical Sensors - spj.science.org,"Sun, 29 Mar 2026 13:11:49 GMT",https://news.google.com/rss/articles/CBMiW0FVX3lxTE85dEVyUlJLb0RJWVhzdEwxblpiWGxyRGNQSXpXNEZ5Rng5RktWbUZhU1BlejZkWWhHaXlKcWhWV29VNUM5NGF3QU9fSnByTXppb1I0N2VzTE4wY1k?oc=5
2026-09-12,AIデータセンター,,テーマ関連ニュース,⚪ 情報,10,Phantom Space buys thermal specialist to support orbital data center push - SpaceNews,"Thu, 02 Apr 2026 07:00:00 GMT",https://news.google.com/rss/articles/CBMinAFBVV95cUxQZUhfNlpuOE5qa3VhMTRpbnM4WWZIMi0xUHhFdF9QS1JCaThRMWRzb1ZfeExFSzBjTGppMjFydmpma2NoOGRLRHUxazRVUjdnWTZ4R08wNmUwQTQ4QWpVVzJiWEV2RlJIdzRpeUpLaFpOZFBTQ0hnR1pDajRzTlBBUjc5TGJhZHpiTVpJMnpCUTNLQ1o0Z21DZ01pb0s?oc=5
2026-09-12,宇宙熱管理,,テーマ関連ニュース,⚪ 情報,10,Review of the VO2 smart material applications with emphasis on its use for spacecraft thermal control - Frontiers,"Thu, 15 Dec 2022 08:00:00 GMT",https://news.google.com/rss/articles/CBMikAFBVV95cUxPNUJma05Mc1pzbTJDV042djFNeWstQUotN2NFYjZGT1FPajJzQ2VHNGZpUHRlS0FPZXpOcWF0Q0swc0FFQmhYQ1dtMnFsMVZqNF9WQks2OEQ2dTJaaEl0Skt5RFpKX0tnV1FZankyWFlVQVd4eXQyajE0WWdwRHlKSFFBNldYNVRBamgxLWcxOFM?oc=5
2026-09-12,宇宙熱管理,,テーマ関連ニュース,⚪ 情報,10,VO2-based switchable radiator for spacecraft thermal control - Scientific Reports - Nature,"Mon, 05 Aug 2019 07:00:00 GMT",https://news.google.com/rss/articles/CBMiX0FVX3lxTE9lWlkteWd5YWVQNDVBZXhLMi16allmSXhncHFvZTdyT2tpLW5TZzdGcXFMckZTejBNOXl6cXF1SV9iRXJvZEFpUEx0Z25rTm9xeG5MWF9xTmFHa21faUQw?oc=5
2026-09-12,AIデータセンター,,テーマ関連ニュース,⚪ 情報,10,Top Strategies to Cool Down a Space Data Center - 36 Kr,"Wed, 04 Feb 2026 08:00:00 GMT",https://news.google.com/rss/articles/CBMiU0FVX3lxTE8yUWdNaGtPZzIwMEZpcWhNNkZLanRBQmxQZzBkd1JhVDJGdkMtc3g4MWJ4QjZXZlVmTzkwS1c5OGdrLUt2QkN3STA4bGNtMDVBVWtN?oc=5
2026-09-12,AIデータセンター,,テーマ関連ニュース,⚪ 情報,10,Overview Energy to provide space-based solar power for Meta data centers - SpaceNews,"Mon, 27 Apr 2026 07:00:00 GMT",https://news.google.com/rss/articles/CBMimwFBVV95cUxQNG1TWWNxdGJfZEJ2WTNraDJMYTZGeE5zcEE3clB5LUxPZG1DeTNxZDRoMUk0MTljSnUwUkpwZTFYN2lMeXR2NXFDNXJEN0dGQWJ0N1ZjTHh2c2lXVWlZdFp5VVJaSmVlS3gtYmhBSXBwcWdRSUVSejV3WFFGQ3k1a05TczNJVGhzV2NNUHVRMGdzbGZqbTNST2tSUQ?oc=5
2026-09-12,電力・蓄電,,テーマ関連ニュース,⚪ 情報,10,"Powering AI, Strengthening the Grid: Innovation in Space Solar Energy and Long-Duration Storage - meta.com","Mon, 27 Apr 2026 07:00:00 GMT",https://news.google.com/rss/articles/CBMitAFBVV95cUxOWjZBYmRkOEJESnpnQ2RjSGd4TmxuUkRMWk1NRWZTZkVhbnZjOEgyNmJqQTVraXNVWlhiWnlWT1Jmd2FFVWVyWHI4R1J2OFJfVTdjRXZicFo0QjJxNlVBTFRZYUxLcHJCQm9hZmZId0w5ZU90eHdvVXNkcjc2VzBraHZtT29iNU9kU2VabmI1bHlSTUQ1b0JkVTBocmdMZHZQWTgxTXROQWlmUW1pcW1IQ0RLd0LSAboBQVVfeXFMT29fNG5EYjFiMTZkTk5LTWJ0TXRRMUM1YjlyRC0ySzB3TUJENU1zZXF6dFhQVy1ySVJSbVFUV2kxZW5BakNfbWw4SXcwZ2N3NlZkQlNoamwzeUpjODMtWm5HOHdXV3pYc2c1a1BtbEJ6YWQyQ25KUWhTcVVYMmlUTWtjQjlYMEphdVhtZ0xXOGNzTEZGOW5DNk81a1J1dENTOGJ0LVVjWkI1ZWZPMDVqejdVSVJKelR0ejZR?oc=5
2026-09-12,宇宙太陽光・発電,,テーマ関連ニュース,⚪ 情報,10,China Progress Report: Space Solar Power Station - Inside Outer Space,"Wed, 10 Jun 2026 07:00:00 GMT",https://news.google.com/rss/articles/CBMigwFBVV95cUxQcFJWWDB4cTROOURPc1JvRTZMbGs2Vlh1SWN0RU1aYVRTUE5BeTByaFNwbTlqSHd6MWRxREVycTdoTUZjclZSNW9mVmw5eWllZTgwR21TcnNFM2g1eGdmazMwQTNaVDRNWmF4cTNaZmlHeTBLTWJWN0ZLTVlsbEJnMWRZUQ?oc=5
2026-09-12,宇宙太陽光・発電,,テーマ関連ニュース,⚪ 情報,10,Space Solar Power Is Coming Home to the Energy Industry - POWER Magazine,"Thu, 09 Jul 2026 07:00:00 GMT",https://news.google.com/rss/articles/CBMiiAFBVV95cUxQSXZTY3ZJTEJYZ28wS1kzM2Vhb2l3UEhIZjFNVXVmbEpFb0NLMlpiNGFJcXVOYXdrY250bnpkbENLWXZ2cG5pT3FYRmNEbTAxOXIyVHVBT0ptbXQ1OHBnRnRYWXNpRTg4NTU5cGpOc3VVTWdWZzBoSXZSOEk1NUNBWDBHdmFkZzJ4?oc=5
2026-09-12,宇宙太陽光・発電,,テーマ関連ニュース,⚪ 情報,10,Meta Secures Overview Energy Space Solar Power Capacity - Payload Space,"Mon, 27 Apr 2026 11:29:46 GMT",https://news.google.com/rss/articles/CBMiiAFBVV95cUxOQkk1X3dGeGRNYm5qRE9PU2owVHNLaG0yRkpMMUhyMHg2QzlxWTkyQzktejJSUzloUUR1X0Y1U24wTHNnYURwQnpUTzVOaW9uWFRwX2pOZ0tRUGFDcHB2T0hGRWVnTWZqX3dtcmRkMkRDRzJIYkpacWFYVmhSOUZoMU5pZTdieDlV?oc=5
2026-09-12,AIデータセンター,,テーマ関連ニュース,⚪ 情報,10,Rocket Lab Introduces Advanced Silicon Solar Arrays To Power Space-Based Data Centers - Rocket Lab,"Thu, 26 Feb 2026 22:58:54 GMT",https://news.google.com/rss/articles/CBMivAFBVV95cUxQMm1Edlh2ODJJbGt1bmhWa2tIcnJYRllySlZYOW50UUxNRE9wdWFENTJnRmdzdU4zTTVMVHhwNEd0bTZ3alFvZ0tZLTJGVHBkQVRQZEFNNXJTQnNoYUJLRThyaG0tUTFsbnhrVmpKNi16SWRxOHdXOVdGdEFKVHhUb0FfRTVSYS16RTZGTzM1WEpBOFlDaFlKLUU0T21BZjhRRUpjZDNrdEYzZXAyN05HZHZKVmVjYUlDUnV5cw?oc=5
2026-09-12,宇宙太陽光・発電,,テーマ関連ニュース,⚪ 情報,10,Exclusive: Starpath Unveils New Ultra-Thin Space Solar Panels - Payload Space,"Mon, 02 Mar 2026 13:56:51 GMT",https://news.google.com/rss/articles/CBMijwFBVV95cUxQRHF0UU5TQ194TE1YRkF1U0pGMlh2bXo4djl3aGRIQXNrWVVOa09ZaExQSGNyLU94R242UEpBQmxvWG1JaUl1akJJYm5JMlp1eXgyUXowQ21KcVpEWmpZNDFjOGstVkFrY0M0dUJSSE5JS3RIdklOM29GcDhQSWRjYnN2bmRUNVJYaHN4em0wbw?oc=5
2026-09-12,宇宙太陽光・発電,,テーマ関連ニュース,⚪ 情報,10,What’s the Best Way to Monetize Space Energy? - SpaceNews,"Mon, 15 Jun 2026 07:00:00 GMT",https://news.google.com/rss/articles/CBMidEFVX3lxTE5DVmNFRkNxME80QXFvNFl2UGt3UWhRd3dSQ2w3MUMwVVR6UUNCeW5pVm5Rbll4VVViWW0xS0ZZRWwzV3NReDZmTVdHYmFVOXJpWVMtSFpLbXFlQU1EWUZwMTcxTGZvaEQ3TmxkcHhQeU9yVmhn?oc=5
2026-09-12,宇宙太陽光・発電,,テーマ関連ニュース,⚪ 情報,10,CMEI to invest $12m in space energy generation - innovationnewsnetwork.com,"Tue, 01 Sep 2026 07:00:00 GMT",https://news.google.com/rss/articles/CBMilAFBVV95cUxPQ1JoLUdyVVJoZ2J2WXdQaHZNalNXZHhkZkxRZXRNenZCeWd0d2Nxc0o2SVQwQkJ0bnZjbEpmUWZ2TzZvckpDSjNXN2dsWlpoeGxwNW9BOEtkSHhIcEV6RkhuMWxlVkx3bUtCb2JlMDhpR0cyVS1XZ29PcDdQWkdKdThieU9HbkdjNXVEcGxEdC1PWURG?oc=5
2026-09-12,宇宙太陽光・発電,,テーマ関連ニュース,⚪ 情報,10,Latvian space energy company wins prestigious pitching contest / Article - Latvian public media,"Wed, 09 Sep 2026 05:29:26 GMT",https://news.google.com/rss/articles/CBMixAFBVV95cUxPY1h4a083QXVyZFlPUHZpaGJWWnR1eC1tN1lxejRvZG10Nmh5UkY0dFc4QUl6MEk3Zld6LU1ERGZHT3kzbDV1b2kwU1h4SEluM3B0Q2lhUUxWbG91MF9HY1VDV3NlcDdqalVCTXhEeTUzRXhUaWNiNWJ6N2dKTFJVT3RZNDBSQUZIZUJIZV9aeHU3aEw2WDR6RTZteUZxcWVCTl9JYVdiMktEd1BPTE1GS1ZiRUFGM3J4X2lWNTk4dmlTS1Fl?oc=5
2026-09-12,電力・蓄電,,テーマ関連ニュース,⚪ 情報,10,From Smart Textiles to Space Energy Storage: GRAPHERGIA at Graphene Week 2026 - graphene-flagship.eu,"Mon, 07 Sep 2026 13:27:03 GMT",https://news.google.com/rss/articles/CBMivgFBVV95cUxNV2dHNFFPYkgxQmZMVzNqZWlqS2xPWmp1d2FMXzg2bTNxR0hhVWV6N1VETmZsZlBFY3QwSWpPY0JFMndZU0NvYmR5bWhRc253WVowWWx0OXpVOUgtbGdWUG9aeFM2WGRCcHhCU3AzQ2gzdzZSWUlQRVdkdlRGN2EwV1lldU9pekw1NmJwdnB6RFQwTGpLLTdlUDNEb1JpNEVUSjNDMmZtY0tBTUIxaTBacWwzRVpONUVxNFRkc1Nn?oc=5
2026-09-12,その他,,テーマ関連ニュース,⚪ 情報,0,What is So Hard About Behind-The-Meter Power For Datacenters? Part 1 - SemiAnalysis,"Thu, 10 Sep 2026 14:28:20 GMT",https://news.google.com/rss/articles/CBMiekFVX3lxTE1DdV9CZ0hCRXBNMHh5cnExaGtEelE0NUdaQnluSmI4cDd4U0dCenZnbHAwTlVGcG5XT3pPY0wyQVZxNTFaWmZnZUlJbjUxZlkwcjR4NG9Ea19vRU9KemdZRm9NVFhIaG85dkdUS3hrLXcweVB6UU9wT1V3?oc=5
2026-09-12,その他,,テーマ関連ニュース,⚪ 情報,0,Not just Nvidia: these power and cooling firms are riding the trillion-dollar data centre boom - Reuters,"Tue, 01 Sep 2026 07:00:00 GMT",https://news.google.com/rss/articles/CBMizAFBVV95cUxQamJMNVI1ZThlMnNnbFl2Tl81SXd2ckc1eGF1aS1uOU11RHFSTjh1a29pOUV6cV9VR2QtS0liSlU4YlBBbWxVQ0ZTMDlLRnlad0p0cGtXY0ozWkl2MURsM0lOdktDSFRMN1pDLUh6TEplLWtJSFY1T3hmRVVMeG1jNGc1bFVhZ2V3YTdLZ0VKRlZQWks4SXVyb09uRmJ5YllpNTdKVVFfZXk5VEg4Mmw1UTFja0hFYjZDZjFfXzhFd3pBWmxvcnljT055Zl8?oc=5
2026-09-12,その他,,テーマ関連ニュース,⚪ 情報,0,Huawei bets big on near-packaged optics with 7.2T module to fuel AI scaling - SDxCentral,"Thu, 10 Sep 2026 17:18:14 GMT",https://news.google.com/rss/articles/CBMiqwFBVV95cUxOM0Q5YUNKTlNkYm8zcDlPZGJ5NVoxbk9IUktqekI0cFJta0RrU0Y3NUhNYkw4TlFQWm1EZ04xRnhtZVQ1Ty03QUlYUWxBVU9oYmNMd0FGTmR5RHZnSU5QRjhZNHlyb2tyVXNRX0ozZ1B0TXlLMXktZmZSSm1pX3hmX2Y5VzNhT1RhcEYwNWhQTUJESkRMWGNYNjlwMnk1QmZFMzFCNUIwQ282UTA?oc=5
2026-09-12,その他,,テーマ関連ニュース,⚪ 情報,0,"Co‑Packaged Optics Market Size, Share | Growth Report [2034] - Fortune Business Insights","Mon, 24 Aug 2026 07:00:00 GMT",https://news.google.com/rss/articles/CBMifEFVX3lxTE5lYWJ4WkhMcmNuendJWTNVNDc4NmplN1NPdnJhX1lyTldEb3lkZTZuS2xmOTVvdlN3TTJPR3hKbXNDeGNCVzV2cmpURWEwM3QxaVRCNkFRbTZneDktU3FDU1FjMDVTLVVub3k5NkJIZEFWdzBlbkRhN0hKcWE?oc=5
2026-09-12,その他,,テーマ関連ニュース,⚪ 情報,0,"[News] Huawei Unveils 7.2Tbps Near-packaged Optics Module, Challenging NVIDIA and Broadcom’s CPO Push - trendforce.com","Fri, 11 Sep 2026 04:19:23 GMT",https://news.google.com/rss/articles/CBMi2AFBVV95cUxPRGEycFhCdVVnR21hc3lvY2VkNk01NjNnc2lLbS0xTjBIcllUaENuaUFLZFdTWVYyU25pOFBhSFEybkRsdk16LWdYRS01cHgxSzMwMGdsdHl1Ukp2X3d1Sm1fNGNLeWwzbVh4TG1veWNzVm9KM0lkYUNWdV93ZXBuQlJQRHJNZmxBaFNEaG1WUHlZWmhpUVJzUXZCLWI4RXhEY091Mmh4b01SWHNmbmFNQXRONVQwbUN1OE4yQkxiZTk4YkdPX1o0bHdGc01SZzQzNnZEV2J5Yk4?oc=5
2026-09-12,その他,,テーマ関連ニュース,⚪ 情報,0,Near-Package Optics and the Evolution of Optical Connectivity - Credo | We Connect,"Fri, 19 Jun 2026 04:10:57 GMT",https://news.google.com/rss/articles/CBMiXEFVX3lxTE4tMzJjU09JVWVYRnZtRm93M1ZiLVdaVWZzTkZnel9hUksyVWFOYldmN01vUjNPbVZHMThtMlJGdGVlSWxvLVJGYnVOaTRoUzlIdGlfN3M4aFBKQnZX?oc=5
2026-09-12,その他,,テーマ関連ニュース,⚪ 情報,0,Co Packaged Optics for AI Infrastructure Market Size [2034] - Fortune Business Insights,"Mon, 24 Aug 2026 07:00:00 GMT",https://news.google.com/rss/articles/CBMimgFBVV95cUxPRFJUWVhJTVd4YWUwTXhiV1hpWWdKWWJOdGZJVEszSFFEUjBMUHZFc1lMYXVlX1Y5MHdzTW9RSWZ6c3NiYTVfZzZlOEVvWHBGelkyU2pQNmVLVGdmMklkc3ZoU0RiY1k5OS1PTXh2SERtSmlwdE84cjdiVEJUS2RqTGNvZ1JfcVkxS0p2bXE4d09GaUUwdkE3N1N3?oc=5
2026-09-12,その他,,テーマ関連ニュース,⚪ 情報,0,"Optical IO Semiconductor Market Size, Share & Growth [2034] - Fortune Business Insights","Fri, 11 Sep 2026 11:52:57 GMT",https://news.google.com/rss/articles/CBMihAFBVV95cUxPdlhCcEE0UDNRSE9IalNHNkRQSzMzS0pMZzMwZzZIOUZ3aWhsdnc2c2NoUC1YWDVZc2Ita1RMWlh5bG1qUG0za3dkbnpUSTlHdk5qM1Q5bDdsWFRUZHVqZktCeS1GNTk2MWpkVkpiSzk0RmdYRjlxZmxrOFRxSHFOcFRQQmc?oc=5
2026-09-12,その他,,テーマ関連ニュース,⚪ 情報,0,"Fabrication platform could enable flexible, transparent next-generation photonic chips - news.mit.edu","Thu, 03 Sep 2026 07:00:00 GMT",https://news.google.com/rss/articles/CBMitwFBVV95cUxQd1BvTE51QUVrQ2E3aS1fVkpWQnlxN01GZUdZbzVmX2d5VHpSV1B0bjhkLVdCS2U4NnZWS1dMcmFkcTQ0V013dXpUS21KS2hFOTVIMENocy01YnpTTDBaM2RZdU5Mb3NQMERUX3hQMUdpSjF1dzJqZEtTME15X2FvUXVEM1RLSVRJMW1FTXNWZ0t0Z3V5Tk1iTDI4T05FSjBPTGFxbkROYnczd3JMV1RNczNhYVhuOVk?oc=5
2026-09-12,その他,,テーマ関連ニュース,⚪ 情報,0,PsiQuantum Finalizes $100 Million U.S. Department Of Commerce Award - Pulse 2.0,"Sat, 12 Sep 2026 20:05:38 GMT",https://news.google.com/rss/articles/CBMijgFBVV95cUxQdjdTM3FqZ2dDYWowVkZaMldRQmRRVnoyZEJoUFg2bG53T29VeHJqWldEcm93eWp3QTRRa1R2cnY1R2xwUVlJalF4cURrYnlyN2dSYmZXMWtCTmhMaGlfR1o5bjRKdDNoSXBiWVIycWZvWnhvNy1ybVJ5a0VxaEM3X0tZelF1cXllNHN5NHh30gGTAUFVX3lxTFAxNFlMaGFkUDNzRldQVHFZM3VyMHFaNUdtTzVYNzJ6eWo0T0NhbUlwYlBIXzRLeFVlX0t0aG84WEt4RW9fU0xkYnZPMHRuLW1CQUZkZ09KUEVUQ1psZ002T2d5cDdadUpfTlljRnBwV3dKbHZXVE00bzlXV2RiQmlWWnVCSnpaY2JsWllWakN0clBzYw?oc=5
2026-09-12,その他,,テーマ関連ニュース,⚪ 情報,0,NLM Photonics adds key investors in quest to reduce the power needed to move data between chips - GeekWire,"Wed, 09 Sep 2026 20:17:47 GMT",https://news.google.com/rss/articles/CBMixAFBVV95cUxOZmtUNjM1aXRtakY1dW9hV2I0MGY3WjBSQ3FGQkFqZFh3aFdHdGpxdTNLNmp0NXhZdzU5TFY4RHotM2RGMjN3ZEJjd3RVVVgxYlRRck9RVThVNG9HUGNWOE1NMDFtSFNCb0l5LTNMclVmMHE5Nm5uS2k2cUlGWFNvUHg4UmJuV3VaNTU1MmVWNXRCU2pRa28zSjljYWJFbV9zamk2U0JpVk40YWVsUkhCMHlUQnJZb2ttdUVXUWZtQjNiNWtu?oc=5
2026-09-12,その他,,テーマ関連ニュース,⚪ 情報,0,"AI Networking Arms Race Heats Up: 800G Today, 1.6T Tomorrow - semivision","Wed, 04 Mar 2026 08:00:00 GMT",https://news.google.com/rss/articles/CBMifkFVX3lxTFA0SGotWmE3T1Y1Q04tMEM0cXRCU1E0TnBCUWpldjZvbWVxczc3WHFGbU9SeWNsWW1ha0cyekRBR1h2WGZ3N0NUUU4tLURPYVRMdG02WHdJNHFfOFZiczExRlNZcDk0bGpRY2NPTlRJZWkwdmFxRXRHZjFuSkJFQQ?oc=5
2026-09-12,その他,,テーマ関連ニュース,⚪ 情報,0,TSMC COUPE × Metalens: Building the Key Optical Architecture for NVIDIA’s Next-Generation AI Interconnect - semivision,"Fri, 28 Nov 2025 08:00:00 GMT",https://news.google.com/rss/articles/CBMifkFVX3lxTE1pTHFsdEtHQ0ljMVNVWWN2WjJDbkF4Zk1oTjRFUXBiWjZmUF9jMEJ1QnEzbThEbDEwQWM1RW1raXgtMWhVdWZ0bXlYWFJuWjNyTHJRT2ExY2pVbTRqVTJMblRjNUQybGxlUTRvYV9VSlU0VVpQVXVwVk9HNFVoQQ?oc=5
2026-09-12,その他,,テーマ関連ニュース,⚪ 情報,0,CIOE reflects industry shift to HPC and AI - Electronics Weekly,"Fri, 11 Sep 2026 09:00:24 GMT",https://news.google.com/rss/articles/CBMilAFBVV95cUxNNHRHTGotdDFjYjdIUHBYbE9MdXNEUUNlUm5Sb3NVdGR2Y2g5dVFkeXJnOWVDOU5UdHVaMWw3MjhBQThlNnptaFNFbS1TcThySjJsLVQtOHNoVmVfUDJQdjZiSXNIMTFqUzRQT3AyNXltclZ0TUE5MFM3VXlfTDNvV0NoOE9FT255dHRuNXVycllyd0RD?oc=5
2026-09-12,その他,,テーマ関連ニュース,⚪ 情報,0,AI bottleneck-breaker: China’s Huawei touts high-speed optical module - South China Morning Post,"Thu, 10 Sep 2026 13:30:08 GMT",https://news.google.com/rss/articles/CBMivgFBVV95cUxQeXEtVXRPS0FBZkktUXdnNzRJaTVCTEdyY1M4NDdWMG9GLUtxUDhpRVRYT0xsOGp3YXp3NDJtd2RwS0hfbWdSdUZvdHN1c29selhlLWdqRzBSaEMtRUVXYkllTnZNRFZBd0JCOWRmbU0yNG9sMm1wVWpNOHZDakNFR1RuVjZybGZsZG1lLXliVzA3Y2NCUGNKM2NKWjNWa2lyOTBOd1ptSDhlZEJjNDA0MG12NUJkYmhjUDV1QWlB0gG-AUFVX3lxTE1SRkVkdXdDbl9qdW84dl9vUkVGQzVnV290bk85Zmt2U2RIU1pfSjF6T2FqVDBta3ZxUnFxU2Z3WXNvcGR4RFh0TV9VaFJBWjBGNkc5dkcwT1N6YXJpZm1MclR4N2JPVWwySlo3T2l2TUY2Q2JXUVZWUm01dkRsTExkR2xDUUV2c2F1X2dMQkVGTW5EZDFVVmFIUDdPc2g0TC1zcERFa3FYdFBBckZhUGl0WmE3VWQwRHVLMXNOZGc?oc=5
2026-09-12,その他,,テーマ関連ニュース,⚪ 情報,0,Ferroelectric Tuning Reduces Optical-Interconnect Stalls In LLM Training (Georgia Tech) - Semiconductor Engineering,"Fri, 28 Aug 2026 07:00:00 GMT",https://news.google.com/rss/articles/CBMitAFBVV95cUxPbm5uQzYyZVhHQTBJTXYtQ21sVDBiNnpBVnBzdTFZWFQ3SDllZVVqM0E0SHpCbGwzb2g5NmI3Z3dFTndiaEJRbGxibWFreDdTMFJ1NHFjRVJBamVIV3pGYl9VdUZrN01XTlh5c0kzdF9GUkJBdzk0T1pTZ3duWmVuWDZraklNY1FydE5UVlVRQ01VT3FrMFhGVHhSVWx6UVUzaGVEV3VGZnNGcDFWNXRUT3VIUDE?oc=5
2026-09-12,その他,,テーマ関連ニュース,⚪ 情報,0,FS Expands AI Optical Connectivity Portfolio Across Scale-Out and Scale-Across Architectures - Business Wire,"Tue, 08 Sep 2026 13:00:00 GMT",https://news.google.com/rss/articles/CBMi4wFBVV95cUxNN01Va0FBWFZINkRSb0M2YXY5T3VQUVBJeXlRMmF6THdyb3lPemJkZDUyQ0s5Z3djWlZsU3ZnYXp4Y1h4X2tWNm1iaVF4WDc4RjJMLWNSYy03ZktIUW9NbFI5MlpXMnl0SWpNYVNQNHVOaGV5ZkI5aEQyTFBPQ1FjNEN2RlhnekVtZ3ZHMU1oalRCTHNlU1E3dllhX1ZaU2w0d2R3eHlDS1dtTnd1YXBSTnJnTzlCNlpRMTNJM05SQUJfa3A1ZnJIMHhibXZOMTZyTEhsYS1oVDNwdjY2VkpTUmtkUQ?oc=5
2026-09-12,その他,,テーマ関連ニュース,⚪ 情報,0,Global Industry Leaders Reach Consensus on International NPO Standards at Shenzhen Summit - The Fast Mode,"Fri, 11 Sep 2026 11:27:14 GMT",https://news.google.com/rss/articles/CBMi8AFBVV95cUxPSjlvUE8wT2drVldnUVk3UmhSOVduODFMTk45YzZsSnBDdnp6MXlTVzZZYjdlcHY0TUZDUGMxb2Z1R24wb1BtTTE5d05uWWl1UzJ6TUd0S0lwVm5DQUNMRmtBQWlBX1B2cVNZaVBSMFRyc1I0QTBlVnlYX2NEUXZvN0xoaFg4OHNFR2txMmsyX3VHVENyYVRwT2M5a3NOYklobUpFYzgtMlVuT2ZjUlhRcHFKem1vcTVLcy1jZEladXdnSVBkREtjYVhwMEl2a1ZoRFBmc2R6UUZPLUo5eXI2Vk1zRDEwYUFBclBEcHN4aXM?oc=5
2026-09-12,その他,,テーマ関連ニュース,⚪ 情報,0,Fluid strategy in the era of high-density computing - datacenterdynamics.com,"Fri, 11 Sep 2026 15:06:23 GMT",https://news.google.com/rss/articles/CBMioAFBVV95cUxPZGdlUHVHNkVkSE9uQVl0WURlQi0yT3VCWmdjWW1UdHktcUpHbmVjeXFubnZfZDFZdnZVX0dpaDhka3hrV2ZCMjBIazRkQUU3UjB6Z1J5bkF0ZU5HcXFEXzgtRmttSWZUT0ZPNldHUEdKSXNsVGVTcTRxeldhSEtaQzd5cTR6QWo3REFUNzJBUGtsQmg0TFhDZ04wcWY1V3dm?oc=5
2026-09-12,その他,,テーマ関連ニュース,⚪ 情報,0,"Shell, FAW test immersion-cooled batteries to improve truck performance - FreightWaves","Fri, 11 Sep 2026 15:46:58 GMT",https://news.google.com/rss/articles/CBMipwFBVV95cUxNZHFOQXBHaE96Um9VWWF3bFpmVjhiLWdxLVBPRzIxOE1KcHdnd1Q5RGNzRWZxaEVyMXZWTi1PeGZKeDJzdXBJN1g4VGVHUU9NQUdTS3lRc2lUak9ZNlUwVkdLQXRLLUJ6Vnh0RF9KWW5xYUtLcWthSEE0NWVEdF9aWGZFYjFaTDRiNWhiUlBkb0g1Z2pmVGZ6NGQxdVNVYmI4ajJGVzlpbw?oc=5
2026-09-12,その他,,テーマ関連ニュース,⚪ 情報,0,‘World’s first’ spray-immersion system cuts battery coolant volume by 85% - Interesting Engineering,"Wed, 15 Jul 2026 07:00:00 GMT",https://news.google.com/rss/articles/CBMilwFBVV95cUxPQk1oOU5jcTctaUVUbDg3WDRxOEMxN2d1V1haRFo0bEZCQWNKWnFOc2UxVWNQRUdkMnFqN3EyOTRiLV9ta2t4ZE5IQjhoeGlLMnNGVG5mMExmSUhBZGtqSXFreHM5SzdnMDVFRmZFelVIU1BZZGpoYmtYa2pnaWw0b1R6cjlMZDRtMVZlcmE5aDJnWjRqSTY4?oc=5
2026-09-12,その他,,テーマ関連ニュース,⚪ 情報,0,Recover Lost Cooling Capacity with Goodway - Data Centre Magazine,"Tue, 08 Sep 2026 07:36:47 GMT",https://news.google.com/rss/articles/CBMihAFBVV95cUxQVWFadEs5WXJ6bDNOcU1Jay1JN0lCcWtZcU9waUxWQUp2UWFVU2oxSlljczVrdzlSc3ZKc1lnM3dNWE9laW1EelNZdUFLeTBCNzFLTUhaWW1kajBoWWE0aUhBX1JtczVlR1c1c1ZPN2w2LW1wRmhsVENWZVFzU05rQ0NnU2E?oc=5
2026-09-12,その他,,テーマ関連ニュース,⚪ 情報,0,There’s a better way to cool data centres that cuts their huge thirst for water - The Conversation,"Wed, 19 Aug 2026 07:00:00 GMT",https://news.google.com/rss/articles/CBMiswFBVV95cUxPdHEteVZkUDdBS1NndERsZ3dIY2NQSFNjNWVtWl9CbVU3M2MzcXNMUTJveFRHQUt0WWJ6ZmppeW1xUURrNmJTZERCOUZfSW5iUFJhZlNDdFl2NENLWTRzN2Z5QnRMc0VOUE00WUlhckFhcldfa0lwd0tRbTBOWVZrajZBYkNkVjlOTkE3SGwxZlpnZXAxRzJtWHlOV0lHaDlkXzIzYkNBUU9sdVU2dTM4cVZ0Zw?oc=5
2026-09-12,その他,,テーマ関連ニュース,⚪ 情報,0,The Real Cost Of Cooling GPUs In Space Might Shock You - IEEE Spectrum,"Thu, 11 Jun 2026 07:00:00 GMT",https://news.google.com/rss/articles/CBMiYEFVX3lxTFA0QnJCcEJMUHBMa1QxWWZUVUJweHFqbXFndEVJTnNGVDFXUFNpbkotblVEWHY4VTE1dTdTZGVqVlR5T0ozVE4xZGQ0cFd0LWwycmFaSVJvVzM0eW1YanhYNQ?oc=5
2026-09-12,その他,,テーマ関連ニュース,⚪ 情報,0,"AI data centres pose growing threat to electricity systems worldwide, UNECE says - Jurist.org","Thu, 10 Sep 2026 14:06:24 GMT",https://news.google.com/rss/articles/CBMitgFBVV95cUxNeEZKS0hqTHphQlZOLTRZUGdmMVR6T2FDRzdIYXdhLVhJT3ViSjFSQ1NsbTBEM1BaZXY0a1hjYW84aXgzSWdGNWhQdUh4SDh5MkNERGVRSHBBYWV4dHUxNTFyREVsU1JlTUJaSElRTjg2TEc2bEN4OVo5TFBuVzR1RjRqeHFOeUlIT3h0UGJNVnhGSVNTQlppSlRURFpNbWMzSzFMeXp6WVpsQThJVkE5bmxud1RHdw?oc=5
2026-09-12,その他,,テーマ関連ニュース,⚪ 情報,0,PJM targets data centre demand with 6GW backstop auction; BESS expected to have competitive edge - Energy-Storage.News,"Tue, 08 Sep 2026 11:01:36 GMT",https://news.google.com/rss/articles/CBMixwFBVV95cUxNeC1aNXJIdGtGYVZpN1FHa0Z1NWNGNXRZUHU4bkZpU1RzNWVCRzA4WlgyOWkzcU4yOGMxaGNSWDQyTUVjTURxMmxKTWxUZ0EwdFQ4ZjdINldzNmc3M18yaWZjbnBvVzJaVTlQcmk4eFVRTUthd2dYa0pTV1dBblZiRXM4OUFBUENyS19RTnE0M3RxMEp2VWtYNjdBNDdGejBYeFRmcmJzYVdOek15bW9aMXMyV0J0U3BQQW5ZdVoyRW9sX1NlZkNF?oc=5
2026-09-12,その他,,テーマ関連ニュース,⚪ 情報,0,"FuelCell Energy (FCEL) Is Back In Focus, What Is The Market Weighing? - simplywall.st","Sat, 12 Sep 2026 20:25:46 GMT",https://news.google.com/rss/articles/CBMi1gFBVV95cUxOOVF1Qk9tQUtwREdCdFdrYjg0T1MwYWlOT0NxZzFoMHMzSjBIbnF5dFZUc3lWQUhyT3VXaXc4T3FQRDlId3ZJS3lLLW1tSk1OZDZNTlV6c0xTY01sMm9ocmM3TEtyUVpkNTVOQ2lyM3ZVU29xdGFuU0FGeG9pRU5OWkxBN0dLYkVXY0QxNEFxUVVlQ25fdzdPZEVwZGl5NElDYU8zSzV4QUZRblF3XzA2R1J2Sy05UDEtblZ2UkVaSTJ3dk8zNERXYl9WZXBCdmh1MWN3SVdR0gHbAUFVX3lxTFBpTHcyTEx3dkRsbnQySEszY0dobjNYWmFISWl0bGpxZW0waXlOWDRvQWRpSDVGRW13MWFhT181WWpMbVNWSHFvMERSWEJHTWVTdGpQbXVEZWpycl9PLUZfQzZUZzZFOEpFNFBvR21mSTdFWHBMc3lzczBmYTZrYl8zNGs1OVIzb3Q1SXprY0g5NWN5enpmd1hqd0l5MGd6blFDcENmMU5oZzdIX044T3JiQXhHalpxYVAyejJIcll0ZUdubkZ0TVRoWDVqWUxZaG1KQUhQcUZSODNBZw?oc=5
2026-09-12,その他,,テーマ関連ニュース,⚪ 情報,0,Oracle issues RFP for 2GW of new renewable capacity in New Mexico - datacenterdynamics.com,"Wed, 09 Sep 2026 10:26:35 GMT",https://news.google.com/rss/articles/CBMirgFBVV95cUxNcUFyamNjRWZNUUhxYU5qaUsxTGV1ZEdnM2x4WVhleVpZSDhhVjNHcUlaVDVXVlQ1SklFMThVb1lYWE8wUV9oREE3RkcyODJlUzRYVTdPaUpZMXJBX3BYU3JXVDFVc0xJRW9ZdmtVZHJVWVFLcVFrSnhjUHVXcElCV2ozMXJ6ZXo3ZTluUnUwSlNxYWJiVDU4WXZrWHhnMXRnLWlnZmJRWW1TbGthNXc?oc=5
2026-09-12,その他,,テーマ関連ニュース,⚪ 情報,0,Why's Everyone Talking About Bloom Energy Now? - currently.att.yahoo.com,"Wed, 09 Sep 2026 22:25:00 GMT",https://news.google.com/rss/articles/CBMijgFBVV95cUxNeklSZmkyNy1HUWNaREN0RVd2dGRGdHRELUNHVzI5ekNTbFJMaFNfcXdERENCNjQ4OVFrWGw4dDFQY2dKWHZfMjF2NnJCZ0FEVzNVaExFRno5Sk9iaHNvX3JwbEpPMUxzbS1aeWV4OEJZdzhGbHMtRmptTEtvMFRGdlF1clVXRWVyVzJMcGpB?oc=5
2026-09-12,その他,,テーマ関連ニュース,⚪ 情報,0,A roughly $12B expansion to package chips is planned in Arizona. Construction is anticipated to begin late 2027. - Stock Titan,"Tue, 08 Sep 2026 21:00:00 GMT",https://news.google.com/rss/articles/CBMiwAFBVV95cUxQcnhUdThMUHgyQVFFbURpcl8xSndlNGZiU2pzUE1DZlVoSVhGZFg0MVVoZzFZYVJtVE5sZVdBcFZjSmhIVnNhZmJrQmNFbmtxQnAyNVd4S3NYU2xnSkliUkhRN2pkNXJFX1AzLVI0ZWpGYVJBVEcyTDIwOTNacGNrVk50ZzV4V3ZJcmgycWpRLW5teXNrQ0lUSnU0VThzYmhyMU02ZTZjX1JmTFRxNWZjVEJWdXJQQnV0NFBXZ0lLdXE?oc=5
2026-09-12,その他,,テーマ関連ニュース,⚪ 情報,0,KPCA Takes Students to Taiwan for Advanced Semiconductor Packaging Training - thelec.net,"Tue, 08 Sep 2026 10:41:45 GMT",https://news.google.com/rss/articles/CBMiZ0FVX3lxTE1ubEdlbnBtaEg2T0VhaWNiMUtrWHNLemJpdVRQOWppOHAzTDAtWm4wZUR2NXJVZ2txX19tX2UtaUNpUWgyRTlSd3NFdDdWTTM1aEp5cmNweElhRm1LQkdOWG9RMkl3ZDQ?oc=5
2026-09-12,その他,,テーマ関連ニュース,⚪ 情報,0,"Why Everyone Is Talking About Hybrid Bonding, and Who Is in the Race - TrendForce","Thu, 10 Sep 2026 07:30:58 GMT",https://news.google.com/rss/articles/CBMidkFVX3lxTE5wTUNUZjAtVEF6M1d0Y0wtSm8tMFFPRGl6VmdVdERGSHZYUXNTTVFxTHlNd3JjRHBaeDlNYmdZS0Mxd2tuRmVza1RaUGdTOHpUQWF0dnF0eXdZc3VlNDd0cnVVV0trVnlUTmJmTTZkRHJfNml5R3c?oc=5
2026-09-12,その他,,テーマ関連ニュース,⚪ 情報,0,Materials Shaping the Future of Advanced Semiconductor Packaging - IDTechEx,"Tue, 07 Jul 2026 07:00:00 GMT",https://news.google.com/rss/articles/CBMitgFBVV95cUxQb25oQW11dmUtdEdnRXZVUDl2akU5T0JpU1dzeGhtalFDY3JhR3Jrd0UwZzlKZ3l0ekRzc2NZTm1XNWhPd0ZnczdCY2MxQWRNWnJSN0ZsUVpmS2d3eXRPcmVRSkIwdWQ5QXN1dWRMT19PR2llM1d0YkFhZE90bzNWTldFNURMNjFjcTlhV2IxQ29HZ2NjR3JBTUsweGpxWE1URTR6eFFpUkJOMUhFeG5BdWplbVBFdw?oc=5
2026-09-12,その他,,テーマ関連ニュース,⚪ 情報,0,Synopsys and A*STAR IME Join Forces to Accelerate Innovation for Advanced Semiconductor Packaging - Bisinfotech,"Wed, 09 Sep 2026 05:36:39 GMT",https://news.google.com/rss/articles/CBMixAFBVV95cUxQUmZCUnRILWNlRnMwLU5kNVFBMlRnSkZ3X2pIbUg5R05Db2x3QjNEUnRpckVDTzdrbm1JUlQyQmgzb01fYjlqQld5T1o0MEswbmlBTE5GaHlRVHY1QTVTb3ZraTlWWWdVZWZQTzRVdWQ3SjFLOER4TTZjTDNPY2lxM3B4YU5TNjMyNlFidWxDWlZMSHRpVm1lWWdLNWI0SkdZQ1MxTmhUZk9EVDc5cklnWkNBSW5fSzl6bWVZNTZ5enZ6RmRq?oc=5
2026-09-12,その他,,テーマ関連ニュース,⚪ 情報,0,A Stealth Startup Thinks It Just Hacked the Memory Shortage - WIRED,"Wed, 09 Sep 2026 13:00:00 GMT",https://news.google.com/rss/articles/CBMinwFBVV95cUxPTGtYMmFlU0xISHQxVmNJS3RLX01xU1RwUVBiR1pTRmZjc19jQXp5dEZmLVJDc21wWEp0bFFjUE96ZHFRdEl6RERxWjEwT0gtTkcycXp1ZEE5elY2RlZGOFBXRmtCakw4bk93dE1DbmJJSVBOc0drRGluZUJuNGJfR29vRElhYTM4TVd5YlA1YThwdXNYZmxjZUVrcDFNdWM?oc=5
2026-09-12,その他,,テーマ関連ニュース,⚪ 情報,0,EXCLUSIVE: China's AI chipmakers raise prices as high-bandwidth memory shortage bites - Reuters,"Thu, 10 Sep 2026 14:56:21 GMT",https://news.google.com/rss/articles/CBMiwwFBVV95cUxObm5ucHMzVUtKTnZxMjJsdGlpNTNtZHhFUWVGRG9XcEhsRHJJWEhlcVItM3d0OHNKdnN3cDQ0X0FFOU5xYzRvUlExUFd3LUl1OTR3TzlIcUF1QWRERU9IRFp1STd2ZlpHVUVySjFrenJOVmVVMy1JNllvU29BZFEwNmFHYlZnTjBvdEFyMWFlZzZ4UW54djNFWlh1bS1pR1VGNmZYNlhlUlFpOWZVWWk2U1JoZ1g3RmthTnhiaTgxajJIcjA?oc=5
2026-09-12,その他,,テーマ関連ニュース,⚪ 情報,0,3 Chip Equipment Stocks Set to Win the Memory Boom - 24/7 Wall St.,"Thu, 10 Sep 2026 15:31:00 GMT",https://news.google.com/rss/articles/CBMimgFBVV95cUxNSHJUVGh0cGdDUXh5Q0NYdGpuNjQ4NkR6bktxWWdzdUsyUm5nMkNlVmhFYkR5OG82WWVYZHcyUk1MTE1CZ25ZS3dqMlU5VzJSVTNyV3l0MFVBckJYM0psRU94UzcydjQxUVRjQjh0eW1uVk5ZeUdLOWxQckx4WFRqV3kxQzJMajdNUnRZTkFwQVpTdGk2bWRxOW5n?oc=5
2026-09-12,その他,,テーマ関連ニュース,⚪ 情報,0,"Electronics - Semiconductor, Revolution, Technology - britannica.com","Sat, 05 Sep 2026 05:00:00 GMT",https://news.google.com/rss/articles/CBMihAFBVV95cUxPTDJOR0U1S0NTQzZDTl9SMGI0VlU1MDJRQ3pIOG5CQl81ekdnOFZ6WWQ2VFhnV2N1RXRkYUZob2RuekNMQlN6cGozaVcwLTJBZTFpMmNqTllMRGlRWEw2TkpmYUJ1cHZFVDl6ZGp5Tl9ZS2U1VTRGYXd3c1VfZDJEeWRjdl8?oc=5
2026-09-12,その他,,テーマ関連ニュース,⚪ 情報,0,New nitride semiconductor expands material options for more powerful electronics - Phys.org,"Mon, 07 Sep 2026 19:00:06 GMT",https://news.google.com/rss/articles/CBMiigFBVV95cUxNcjVVLWVzamU4a24tVHRoWFpiTE5OeGNaQktFSTllQTVIRTFGSHczMnZJWnJrdzAtSHJYSGl1elMzQlNJaG8waXE3RkR1bTF5SGpSS3l3MDA1emlGYmZSS0NuMUw0LVFwNmFhdFRhaWNZWUhjanV2SjduYUJZTUE5Q0lvQWtoWnEySGc?oc=5
2026-09-12,その他,,テーマ関連ニュース,⚪ 情報,0,New low-resistance contacts pave way for improved gallium nitride semiconductor devices - Tech Xplore,"Mon, 24 Aug 2026 19:00:01 GMT",https://news.google.com/rss/articles/CBMiiAFBVV95cUxQQnN5bmZFLU1vVmFmd0E4VnAtR21vSG9pMDlsYUNqVnF2azZSQUgxQkRxUVd2ZXhKNlhXS0g2NzVsZHVraWxrZEIzNm5Uai1WM2MxZ0NrNEhPOXg4dXNlUzZRUVNOc1REVWVlRVczeHlWZm5pekEtUnNEN3RkOTA5Zkp6VDBOUEg4?oc=5
2026-09-12,その他,,テーマ関連ニュース,⚪ 情報,0,Belgium arrest over semiconductor espionage claims raises stakes over key tech - World IP Review,"Wed, 09 Sep 2026 16:20:54 GMT",https://news.google.com/rss/articles/CBMitgFBVV95cUxPbEtOQkJsdXpQQzBBaUtTLUk4Qm0xRm5CNlV3TlI3UGkyc1FRMUxDanZnc2dTeE9PbVJRbV82V3F0Q09Fa1Ywb3NBTGx6bk9ua2RhOTRPemU0dGVuWFRTVDFuZzRWd1EzYWdLS3ppUDJwbDFDaUZyZm1abENjdF9CY2lMS0o2Y29CUnJFcGFNSkhPdUxZQlJrMGU1MG1wMXptNGNBRkRudWY3LWQ3RjdSM3VDaWZPQQ?oc=5
2026-09-12,その他,,テーマ関連ニュース,⚪ 情報,0,Besxar Mission Asimov: First Space Semiconductor Wafer Test Results - News and Statistics - IndexBox,"Fri, 11 Sep 2026 21:22:21 GMT",https://news.google.com/rss/articles/CBMipwFBVV95cUxQQmhPbHk0dlpKQW83OXVhU0dDZW0wUWYxSmhiM0VSMC03ZTNxSkM1bzNIT2xLTk9BY3ZTRHVCMThFcnJUVkNRRHQ3MW5xc0pYRE1qV3hNbFRGQlVZNHhTNjZhRmVST29HbmFpVWFpMGdENDM0cVVMeS1QQjlvVjNUbmkyX3piTUUxQ200R0RwLUN3WlplNjZqQW1xQTJyaHFXNUVZR1Zpdw?oc=5
2026-09-12,その他,,テーマ関連ニュース,⚪ 情報,0,Tema's MLCC & PowerSemi ETF (PSOX) | Invest in the Power Behind AI - Tema ETFs,"Wed, 26 Aug 2026 01:08:31 GMT",https://news.google.com/rss/articles/CBMiPkFVX3lxTE5jZkdfbUxOdm1zY0lLRzVfWE44ODlhS0UxZXVESTBlaXFMWGpnUy00aXdZMktwc2FYVWRNbGlR?oc=5
2026-09-12,その他,,テーマ関連ニュース,⚪ 情報,0,Infineon supplying silicon carbide power semiconductors to Fox ESS - Semiconductor Today,"Wed, 26 Aug 2026 18:27:46 GMT",https://news.google.com/rss/articles/CBMigwFBVV95cUxPRjR2S2tIT2dXMjNaZTVtQmNZRFRfdjRpbTlxbGtTWFNfVVhIZ01TOGxRV3hrRWRLaGtYdFNRVlFDNG9zY0FLQU5hNnB2VlRXSms3UjdGRkVadUxuOGsteUZCTG55WVFxV21Yd2t4aW5qa0lzZ1MtODBkbERzb0NnSnRfUQ?oc=5
2026-09-12,その他,,テーマ関連ニュース,⚪ 情報,0,Semiconductor room-temperature maser - Nature,"Sat, 25 Jul 2026 07:00:00 GMT",https://news.google.com/rss/articles/CBMiX0FVX3lxTE92RTYwaFJBRXVzWTBSVFNXb1lKdkpuZnNfZkpxUmJfUTZKTDNpRWZOWVd4TWhKWGdqOHlsSDExRXF0cXFkTHZHOFJVclVRazBnUzJOOFJpeVNNZUliLTY4?oc=5
2026-09-12,その他,,テーマ関連ニュース,⚪ 情報,0,Why cooling is the real obstacle to space-based data centres - The World Economic Forum,"Tue, 02 Jun 2026 07:00:00 GMT",https://news.google.com/rss/articles/CBMiiwFBVV95cUxOc3dOS25iSFRFdUFDbHVYZDFUZHFFMzZwV0lPeFBqYXZ1a3RveTFRejJJT0FOcl81ZkFXVEJUclRVcnBWWkMza19XMTBmVDBtNlhxX0VsS2RwYUptMnhpUnZPMkhiUGl5T2lYbUhZSE5UODM0T0VUSHhNd2JSV2NxVnB4ZHVEVWxjMm1B?oc=5
2026-09-12,その他,,テーマ関連ニュース,⚪ 情報,0,"Loft Orbital, Marlan Space, and Mistral sign $1bn deal to put compute in space - datacenterdynamics.com","Thu, 10 Sep 2026 16:59:53 GMT",https://news.google.com/rss/articles/CBMiuwFBVV95cUxOMlBOX2dWRV83Y25mWEVTU19zOUdBR2hNQ29SOVZFQXkxdWNRaFNqRTBpN2t1WE41SDh4dU1zSTJvUnVrQXhieEFFLVNtZnlRTldKeDVDbS1CalJUeEZOMEZ2MjFKUkdqYU0wZEktSzI0ZmJCd0g0LW42cnZDUWhqVnVsQ1N0ckpkTmxNSGVienVjTjJrTldWaXdHX0Z5eWpRLVd1SFpqMndtR3Y5OUtRTVg4eGJIVm9xQ0FF?oc=5
2026-09-12,その他,,テーマ関連ニュース,⚪ 情報,0,Orbital data-center startup signs Puget Sound area's largest industrial lease of 2026 - The Business Journals,"Wed, 09 Sep 2026 06:50:00 GMT",https://news.google.com/rss/articles/CBMiqAFBVV95cUxNMlR3NlRUSDkwRzVyUGhpb3RHMGt1SDJmdzRQTTM0dzVUOEFZekRlV0wzb1lOTXV3NDlfWDN5SExsQV9LdGw1NmlzS1R2Vkt1anJhUTF6N2k4djltdGFHenhyQkJEejh4anJZYnN6Ykx2S0FTVWRiR2IwOVFjSU1memJZNDIxZTBFZThnb3E2V2xEcTNLR1NTM1M3NnZSX2dDLVh4UFZOR0I?oc=5
2026-09-12,その他,,テーマ関連ニュース,⚪ 情報,0,A high-performance onboard computing architecture for autonomous satellite mission planning - Nature,"Sat, 21 Feb 2026 08:00:00 GMT",https://news.google.com/rss/articles/CBMiX0FVX3lxTE1xc3hJaENKcXQwVDc3RE1tREZnc1R4RlJEcDV0VHBFb0NyMGN1a0s1Nl9kemV3QTQzLTJBbVF2cjZwaFgzZUYzYS1QZVBFTU1xanJJMG9lbENBSXZnYXBr?oc=5
2026-09-12,その他,,テーマ関連ニュース,⚪ 情報,0,"Starcloud’s path to 88,000 computing satellites - SpaceNews","Wed, 27 May 2026 07:00:00 GMT",https://news.google.com/rss/articles/CBMid0FVX3lxTE5iNkU1d2lGbXNzdnZBYmd5NllGU3lLZlA5RDFCWFF0Mmdrd2tzS1JaQWVYNVBHZndXc215ZVNmWW9zbDk4WVBsNncwOTlmVkVjcDI2NWRZUjFURTYyZll0MWhrdXR1dzZjR3ptNG5FSU05Q0t5Q0FF?oc=5
2026-09-12,その他,,テーマ関連ニュース,⚪ 情報,0,The world’s first space-based computing cloud kicks off in-orbit operation: media report - Global Times,"Mon, 31 Aug 2026 07:00:00 GMT",https://news.google.com/rss/articles/CBMiYkFVX3lxTFBTNjFrUnh2djNoY2FkdnNaZUYwVE54UkRRN1pEVTJ5ajFnRTMyeXlhWGlOc1hPVzZfSHA3Ymx6NFl1aU83UnRDekhxT3FrdGViRTEyZGZ4R3c0OEV4UTVNTWln?oc=5
2026-09-12,その他,,テーマ関連ニュース,⚪ 情報,0,China targets new space-based computing network to process data born in orbit - South China Morning Post,"Fri, 24 Jul 2026 07:00:00 GMT",https://news.google.com/rss/articles/CBMixgFBVV95cUxOVk01WlRxaC1IWVZoV0R6UXA2Z1BGRjNLd25qWlR2QVdlUHUxTGIwNHNPc3Vlek1mZkhZSDJxaVBGM3N0R3NzZlB3OHpiMlZMRlF1Ym1VSnpKTmVoSjBXNUx1SXEwaldjdTFWTzN5MjdJR1ZEUG4zenE0MjBNWktpT1RWR0FlQ2NuNVRDU0IwX3V2b1o0NEJtejhXYzRfalNScm9zWVpfZ0VxVU1Yb1dhSkVYZlVoVHFTcFlaUTc0WDZDa3ZieUHSAcYBQVVfeXFMTlNHNHdwa0dqbXFjZm81ZTJ3Qjd1T2ZsM1Q3eld6OTNXaXZmZFZiMUpPZ2V4TEZaRkFXRGFmOGh3aE9fN2FjMkphSldvWWQyODhjV3d1RjBYS2pLdklLVnp0MWNJRjhjWWZkN0pCbmNXMUR1UUFwMHNubFFkZzg5NnFCSEVKQ0VROVVXOWhsMWRDMVl5UzRmUEVtTm5Pc3R2VlFkR3g4Tk8ycnU5VlZmOWplZnhMbmdKcWhUNzdPOGlKRFptbkh3?oc=5
2026-09-12,その他,,テーマ関連ニュース,⚪ 情報,0,China Completes In-Orbit Testing of “Three-Body” AI Computing Constellation - satnews.com,"Mon, 16 Feb 2026 08:00:00 GMT",https://news.google.com/rss/articles/CBMiqAFBVV95cUxOa0JGMGl3Z0lrVGl0NGkwb1hTUFpWcnJ6OUxyVkhRVVlFZGx1X05hWGtpVUtpeEJLY2NJdHY0WXhSU1dBczA5TWdpLUdIckoxRHByYXJkMTdibk1zV3oyX0VHaGotejBoTkdHSUVuOE54REZrWGNhZTN6WldhM0YxSlRKcWhqVFoyZEtuVFg5bERpM3h1bVRUYURuUVpXbkVpSTVVSElZb0k?oc=5
2026-09-12,その他,,テーマ関連ニュース,⚪ 情報,0,"Sophia Space Raises $7M, Selects Apex Space Bus for Orbital Compute Demo - Via Satellite","Tue, 23 Jun 2026 07:00:00 GMT",https://news.google.com/rss/articles/CBMiwgFBVV95cUxPbjBoZmZ5QlRucDZTbWc4ckhPQUZqa2p2VVBtcWZqVzZYdkhEQmRjeHRHdXU2Y3BadVUwVWY5YjB0c0VjR3lkUDh5bkMzLXFmQllTZzdMUk1OQ0tWV2YwZnFxaUs5NjUwTk9ONkc4MzZEVzMyUVRObHNORWRtS2JybHA0TjBTaG1CRHV1VEwxZGk4MWxMb21OZncweURyazZTd0hIVDF6UFZ0R0pMckwzRzRfbG1jc052bHNZbVhSdkRXQQ?oc=5
2026-09-12,その他,,テーマ関連ニュース,⚪ 情報,0,"Memory chips cut power 59-fold, may make satellites 2,000 lb lighter - Interesting Engineering","Mon, 03 Aug 2026 07:00:00 GMT",https://news.google.com/rss/articles/CBMilwFBVV95cUxOazJWMVJhcmlldE9IZVh6MElfOWt3VEhDeGhhS0JyY0phRno2Q2UxOTJ4Z1dyc0x4U3lnMEtyaERKUGx2S3hsZFFpa3AzaTlHSm1XaERoVGhvUjJ0Y0xmX1Z3M1hvSjNmNkFsUkRhWXV0ZjB6MjgzQ0Z1T3lXdGFyTFVTRVVZc3ZzX3ZhaEhoR19OdVlXMkNj?oc=5
2026-09-12,その他,,テーマ関連ニュース,⚪ 情報,0,Space computing power networks: a new frontier for satellite technologies - EurekAlert!,"Tue, 30 Dec 2025 08:00:00 GMT",https://news.google.com/rss/articles/CBMiXEFVX3lxTE9xd3RNMUlEaVJXU0N1WE4xdjh2cklkT3JDckk3TVBBMzVzWUdyWG8wakRQZ3RNc2dqbGIzSXlYZW9RMFh3ankyUXN0OUNrbWhpZFBUd3lMLUJtOWRD?oc=5
2026-09-12,その他,,テーマ関連ニュース,⚪ 情報,0,SpaceX taps NVIDIA for 1M-satellite AI plan - Crypto News,"Tue, 04 Aug 2026 07:00:00 GMT",https://news.google.com/rss/articles/CBMifEFVX3lxTE5UcjRGN0dnRVR0VENmV0dzZ1hTNDFXc0ZrS2hXSW9KMnlHVzJPZ3ZXTGdqZURoeWdnWkxldHBMV0pBemVHdkRDRnRhY3lHT2ZTbFpPVXlaSENLT0pDNFRaZDdPazVNSjhVVGJsQWstam1NTXNiN1JsX2w3WEY?oc=5
2026-09-12,その他,,テーマ関連ニュース,⚪ 情報,0,SpaceX Just Unveiled Their First ‘AI Satellite’ — and It’s Absolutely Massive - 24/7 Wall St.,"Wed, 10 Jun 2026 07:00:00 GMT",https://news.google.com/rss/articles/CBMitwFBVV95cUxOWGM5WmlqR2d5cU5LNlZZbkRweU03WjE3X0d5NGZ0OW5zZGJ2S1cxNno3djVrV1h5ZVVVR2d4MjlZZGxfT21nV2xRREdXSHkxRmZrWHZEc1NocTdTUlcwUmRnbWNmajhGdTZJM1ZudXcxYUtTcG0tOFB2eU1KWko5a2p6VFJLeTNOZmFtVkNPcjZCUm5vZ0c3Y0RaZlJJdHdaSXVkVEpMMlNadGZDX2FxbnFsR3JBeEk?oc=5
2026-09-12,その他,,テーマ関連ニュース,⚪ 情報,0,"Ahead of SpaceX IPO, Musk says AI satellites will use mostly existing technology - Reuters","Mon, 08 Jun 2026 07:00:00 GMT",https://news.google.com/rss/articles/CBMi0AFBVV95cUxNTU5kZTNKTkVQc2hvTGVhMVJsSXEzc05aTHVPNUY4R2VfaTNzU3B1bzRrUUUxYUZxX0wtaTMzb3BXZEpRcHcyOHVGVjRZY3dmazJ6bmpaSGxTU1dPMnpPM3VCcnhjWVY4dXVqam1XMWJsdW9GbFVwOE1rUWhuMXgxSGczTERwLS12alZTaU82eXV5N0JmZERmdEJhX3ZiOE1jRzNYTnJaQy1xMFB5UHF4bldEc2lfcFNzVDQ3ODd4N0Y4N0xEYUpVamlIYk1wbEJm?oc=5
2026-09-12,その他,,テーマ関連ニュース,⚪ 情報,0,Nvidia Launches New Chips for Space Missions - Via Satellite,"Tue, 17 Mar 2026 07:00:00 GMT",https://news.google.com/rss/articles/CBMinwFBVV95cUxPRlVueGV0V3VBSnFsc1g0VUhEUG9IWVIySU5oZmZCNUgxMWtrZFExdjJKT3hUcG9HTTdEOHBKQzlfV0I3MlhyNVF2X3EyNXpsZnV4YjU3S1pON002akZDczh2ZWtzbXRmd3dxQlBlVkJheFlCT0tqRTVDRzBsekNTd21POGpFdTM4MndTNzRGT1JsZkRHRWhmSUM0Y01qeW8?oc=5
2026-09-12,その他,,テーマ関連ニュース,⚪ 情報,0,US startup plans huge satellite fleet for space-based AI computing - Interesting Engineering,"Mon, 16 Mar 2026 07:00:00 GMT",https://news.google.com/rss/articles/CBMiiwFBVV95cUxQdS0yWDZtRU00eXhDcnpXUy1GYkwyZnFwYl9IeU4yaG5ObjJzLUhnX0QxME43bGE3R1BtaFRkbmhtMEo2RkpkSDZGMWJvc3BuRW9fcEVha0h5ekpDZFlWLXRobGtGNE9WcGtsenFyT19ycWZzWk9XZWVFQk9qMDBsdXF0T0VmX19mLXZF?oc=5
2026-09-12,その他,,テーマ関連ニュース,⚪ 情報,0,Chinese tech firms race to build AI computing capabilities in space - China Daily,"Fri, 05 Dec 2025 08:00:00 GMT",https://news.google.com/rss/articles/CBMifkFVX3lxTFBZd0ZpazBKWmxrV2w1emI3OU5GMjhPTzRzZzdfTmp5RUdrQVZ6ZlZONkh3YV9tR3E4bEE3OU9sN1YxQkEtWnNyZnVNbkFiVFJmdUtUZkIxMWREYVU0TmJZYW55a2dXcU1mUUJVZDZ6dkFZWkVZbUs3TFpLbnJZZw?oc=5
2026-09-12,その他,,テーマ関連ニュース,⚪ 情報,0,Laser Ground Stations Slash Costs for Moon and Mars Data - IEEE Spectrum,"Wed, 13 May 2026 07:00:00 GMT",https://news.google.com/rss/articles/CBMidEFVX3lxTE54OUozcTVMaF9ZTlJ4WC1MQ1dTRFhiZlNvLTlzaUNBcDBPNFMzSjRURE1lRmpiQkRBalFQc1JEWDBWUmpUa1lTRUhRVXhGNkQ0VVpoS1VlVEZiZDdEbGg2TmhobGc0TWlqTVRCYWZyYWQyTkot?oc=5
2026-09-12,その他,,テーマ関連ニュース,⚪ 情報,0,IonQ’s Skyloom Optical Communications Terminals Reach 84 On-Orbit Installations Following Latest Launch - IonQ,"Mon, 24 Aug 2026 07:00:00 GMT",https://news.google.com/rss/articles/CBMixwFBVV95cUxOVVRFTHlfQ21mdjRvN3ljZl9kNVpHMko2U1hwb21tZmZoZjh3cFo0U2t2SlZWajg3NVFwcVQyb1lHV0Ffa294WkxBN2JPWTZaTlN5Si1xX2ZfVTc1ZmlvaElUNWF3ZGtwQXgtMU1EeHZDcWFjVlFYRHkyMFZ3NWhVbnFfRy1abWRQSi1ZcEVUWjA0c2NEQS1paTlyTjdRNTVrTFNYTHFsRndWam0wcEJUSHNEZzVDcnVhNFNIcXNqaHJHU3R0amNF?oc=5
2026-09-12,その他,,テーマ関連ニュース,⚪ 情報,0,Oledcomm and the invisible optical communications ecosystem - AeroMorning.com,"Mon, 07 Sep 2026 18:47:02 GMT",https://news.google.com/rss/articles/CBMikAFBVV95cUxNV1lIam1mR3o1NzRURmhMZFo0SEV1QzNYTW5pNnZyekhySTZtREJGaGxibnQ5bXgxQkV2Mm9YNGFSWXoyQ3M3TFB5MWpqanIxQkQzUTBWdW5oTFJmWkp2eDFSa2QyUktVWUNhZ0hWVktIWGZkNTFvREhLU1J3a2x4aFNpOG1fYno3TWdEUmFxY3Q?oc=5
2026-09-12,その他,,テーマ関連ニュース,⚪ 情報,0,New free-space optical link adds a wireless component to the nation's longest quantum network - Phys.org,"Mon, 24 Aug 2026 07:00:00 GMT",https://news.google.com/rss/articles/CBMidkFVX3lxTE4zTFFXQklEdDNfVTBaM1pqOURMTkZaSVFqMmx6SFRVZXlwOWxfdEMwQkgtamd5ZVFsZVczWWcwRlN5cUFMWGFpRjBpV0Y3bzJZMVRpZ19aeVRFeE1meVItVzk5Y0Rpcmh0UHZwMktsWWkyYmFlNXc?oc=5
2026-09-12,その他,,テーマ関連ニュース,⚪ 情報,0,SDA Issues Request for Information for Future Space-To-Air Optical Communication Terminals - sda.mil,"Wed, 28 Jan 2026 08:00:00 GMT",https://news.google.com/rss/articles/CBMisAFBVV95cUxObFdzYUlEVXhVcm1pYTRJaFRVT1N1VjUxYUgzZ2RGXzJQMVBFMmVwZEVzSVhteTZTWW5yZU1MeF9VbUc3dzl6WkhjYUhENDhSSmpQZmpQWjF0SnNkeThDbEtKVGlHTS1ENzNSa1h4VnNpWlBfakpNek1SaVZpYU02MjJpUVpUXzAwWW5QOFBjb3dxeWxTTXVwVWZNR2FIdE1Cb2NMclJTMm5yczluenhaaQ?oc=5
2026-09-12,その他,,テーマ関連ニュース,⚪ 情報,0,Optical terminals still a bottleneck in Pentagon’s proliferated constellation - SpaceNews,"Thu, 02 Apr 2026 07:00:00 GMT",https://news.google.com/rss/articles/CBMioAFBVV95cUxOcUdFOW9yNDhia3hrUmtiUFhVdHBmZXpPZUFHeTRNTW9PcWRnQ0JsYnptU0N4MFRfaU9GQTlxUl9rREpvdmYwMk1iR1ZyQnpIOFpoN2FySUNjSzBaNHYzMG1oZ2RCZ0RtVEVmR1R5RnJvMUl0MTRTM2RabnhlLVRHUlpLNDQ2S0xmbnpaa2hvZ0dRVm41eXBGWWVidzQ4MGxD?oc=5
2026-09-12,その他,,テーマ関連ニュース,⚪ 情報,0,Taara Brings Fiber-Optic Speeds to Open-Air Laser Links​ - IEEE Spectrum,"Wed, 04 Mar 2026 08:00:00 GMT",https://news.google.com/rss/articles/CBMiZkFVX3lxTE5uX3ZjYjZOSWNZU1VNUjU1RTh2UndqbkJZNWFfTl9YVlhZSWtvMFRnYkN2YjF1OGRnSFRmSndYYWN1NDQtTnlmcTF0U3hZel9VZFFJalBPSjRGc3FtaWpaVXZkckE3QQ?oc=5
2026-09-12,その他,,テーマ関連ニュース,⚪ 情報,0,Optimized weight spectrum method for interference signal separation in FSO communication - Nature,"Tue, 28 Apr 2026 07:00:00 GMT",https://news.google.com/rss/articles/CBMiX0FVX3lxTE5ycUFKek9lWkZPOS1Kc0RfZVJxcktzR0V3OVMySDJtR0VOT3ZiaWZpenByNXFtQkJLVk9tenZmN1F0QnFEY0tyMVduUGp0aUxGMTJ6NXo0WGpnT0owZkVr?oc=5
2026-09-12,その他,,テーマ関連ニュース,⚪ 情報,0,General Atomics Selected for Phase 3 of US Space Force Enterprise Space Terminal Program Following Successful Laser Crosslink Verification - General Atomics,"Mon, 27 Apr 2026 07:00:00 GMT",https://news.google.com/rss/articles/CBMi3AFBVV95cUxOeGNIdE9FeGhDR2FVVzN1TmRYUE92d0R1WFI5RmJ0RVZLQ2VXNWkta3dTSkdaWndPdTNoZUwxZXhSenplTzhrdjBva2RyTUphWUNSekVnZmdEVVY2cTJ0clZ1Wks0bVV5V1V4Tnc2ZE1GeFM2cFRDMXpDaDYwQ1BMcF9wUGV6dTh4N2RiSEl5S2lWOGpuNThLeHMwWEJtN01MOEsxVTQtNDJ4dW1naFZBV3NwM0FRUlZPU1VkWFo0TkJVZWhJdUw4b3N5WmJyMG4yVkZlZmxMNEdDcUNZ?oc=5
2026-09-12,その他,,テーマ関連ニュース,⚪ 情報,0,Laser communications push satellite networking beyond RF - Military Aerospace,"Wed, 15 Jul 2026 07:00:00 GMT",https://news.google.com/rss/articles/CBMiuwFBVV95cUxNTzBPd2x6SmZqeFU1cDZPa1lsWEwtZWJQTGY0TzlqVVo4Q0t4VDRPUy1oREFpVlhBQTJSR0dFcXhEUXVaTE53SnNmQUJjbTVsTy1DT19Xc2s5N29FalNZdlpFeFV4SmVlak5XN2pJZTU2cm01amhLTzBhWnFMbkNkdElCRXNPVWVOSktRMWVMbE1TRU5HOUJiZEFBdkQwLWJfMzhqTjFWRVh2WExWS1VjSnNvdkVVWjU3SmE0?oc=5
2026-09-12,その他,,テーマ関連ニュース,⚪ 情報,0,Optical Intersatellite Link (OISL) - KeepTrack,"Fri, 01 May 2026 07:00:00 GMT",https://news.google.com/rss/articles/CBMicEFVX3lxTE41ZHhrZ0s2Q1ZYYW5NTnNTeDJwRllSaW11QWhtMWFRQ2hFYzRqVU11bmpmaHQ4MmtLR1N5UXJ4dGJ1QnRYQ3dJZGV3RmNaOXZuQVVDQlJkS0ZSVzl4UThaeFgwWWNXTFRDX2VodENuQVk?oc=5
2026-09-12,その他,,テーマ関連ニュース,⚪ 情報,0,SDA hopes to bring satellite laser links into use within next 6 months - Breaking Defense,"Thu, 26 Mar 2026 07:00:00 GMT",https://news.google.com/rss/articles/CBMiqwFBVV95cUxOZFUxTmtpVjFDc0c0eTFYTEQtUlBwb0drVFJnMDZnU2wycHZXeXl5Vi14Qy1SU01wdHZYN19BMWhlSTI4SkRkWEc5Z0RjaF9wRFI2MUhSS3RESk0zUE8yRkNQNDluRlhXUFFCRGhQbElKQkw0eUhkdF9PbTgyRXJlcmpCOWZDWnZ1VEVHV0thY3paN2llMUI1WEJpSnNKWFpNUGJpU3FLRXk1T2s?oc=5
2026-09-12,その他,,テーマ関連ニュース,⚪ 情報,0,Europe warned over space laser gap - Room The Space Journal of Asgardia,"Wed, 15 Jul 2026 07:00:00 GMT",https://news.google.com/rss/articles/CBMia0FVX3lxTFBjUzlFWG9ZLUQ1Znp3cEhRbGF5TnZLTEhXcUV6bU01UGRBTEZxTFF2RlhtSmNWVUQyb3FoM0ZmeFlJZ3d3VUR5d3Y0Qnc3NU0yaFZiX1ZVbGl4UGdoNzlkcVJyNmxhN1dkTHdj?oc=5
2026-09-12,その他,,テーマ関連ニュース,⚪ 情報,0,Optical (laser) Satellite Communication Market worth $1.56 billion by 2030 - MarketsandMarkets,"Fri, 23 Jan 2026 08:00:00 GMT",https://news.google.com/rss/articles/CBMiiwFBVV95cUxNcm9JUzdZZWxaZDExckhraWlLU01FQVZ4YW1nX014OUhXMG9HRTNaRmdBTmZRcS1NNVY2M21scHhYbWpGVEoxQzJid1lxVm5Ibnl6bG16Q0hhN0FvR3B6RXVubV9aVDNlVUJ4RUY3YkNkelFtbEh4bnV6ZXhxT1RjYWpERXFyVndMLWl3?oc=5
2026-09-12,その他,,テーマ関連ニュース,⚪ 情報,0,Laser comms is the hottest trend: 10 Laser Startups to Watch - Sebastian Barros Newsletter,"Mon, 01 Jun 2026 07:00:00 GMT",https://news.google.com/rss/articles/CBMie0FVX3lxTE9XZ2RSR29tOW5kNjVUd1Y1b0NNRW5fOFFmSkFSMXZ5UHNnc1BUNXdkMzBkZ1BNSzJCTEdOZ2xzLWZDbS0wOGJoQ1RMcmFfMnJBR01RUWNyemVGd0Y1SEx0bzNDZGFWVzBDUUNEOFBncUVib05pbVB0OW1vUQ?oc=5
2026-09-12,その他,,テーマ関連ニュース,⚪ 情報,0,Why Laser Communication is Taking Over Space - azooptics.com,"Tue, 13 Jan 2026 08:00:00 GMT",https://news.google.com/rss/articles/CBMiY0FVX3lxTE42ODdtQVRaaVZ4eldRb1Uxci14b2d2aXFHNncyNVFYV0hvNExHMkdXMWw4aWpNRGIwM3VMNl9nOU5sUFBZbVFrSDZFWTE0QUR4QTNfLU0yRURnUHdFU1F2N0E0UQ?oc=5
2026-09-12,その他,,テーマ関連ニュース,⚪ 情報,0,"First in-orbit test of ATLAS-1 laser terminals to bring affordable, high-bandwidth communication for small satellites - Satellite Evolution","Wed, 18 Feb 2026 08:00:00 GMT",https://news.google.com/rss/articles/CBMi1gFBVV95cUxQUlpoT3NDU2VWMlRSQmlqMnJZaFM5TFVGdHFnRjNsX3RGd1oyZzhHRk5VRGdmNHpuWS1DeFNoRnpseFFkaE5aU0MyUXJ2bUJzVWg0U0lsUlBlYUU1UTRNWEdvMnUyOVVibkF5azV4UXlsRWxZdEZISkw4LWZRN2hOUTFvZkVfWkxXTExFYjRJQWhxSmZfdWlnT3FUM2NTRkJ3LWVYc1BBUWpHdmVPSTA3TjV4Yi1NUi1qODJKNlVzOVIwZ0ZwaVZ4SkZ2eWRhNGJ4SGF1blhB?oc=5
2026-09-12,その他,,テーマ関連ニュース,⚪ 情報,0,[New Space Odyssey] LeOSPACE targets in-orbit laser inter-satellite link demo within 3 years - DongA Science,"Sat, 20 Jun 2026 07:00:00 GMT",https://news.google.com/rss/articles/CBMiVEFVX3lxTFB2WmNoSWdTSXZxU2tCbFVFVFhRUFBpcldEd0xfLWprRVpaVTRPOWg5MjVkUjlfa01PZHhWV3ZxODdPV2ZLamwwWHFScElDTWVUeDdIOQ?oc=5
2026-09-12,その他,,テーマ関連ニュース,⚪ 情報,0,Muon Space to integrate SpaceX Starlink optical intersatellite laser links - datacenterdynamics.com,"Fri, 24 Oct 2025 07:00:00 GMT",https://news.google.com/rss/articles/CBMiugFBVV95cUxPSDVLYURPRXFmckJoMUpOOXFlWU52eTZHWmt2dmFsaVpWSEFLQzBJV0RMQUxZRHF2emNvc1pudl9Bbm1zX25QQkFfVVlMZlJLdW5fN1BYZXE5NlR6cVNGa2d6aFNnNnROT1NRSVNfazgtSFpHZi1sTkZrOTZSd1hMaF9sd0wxazVaMnZPQkZJSDQ3bnV3SGJkZGsyckJGeXlYYUltNVRSMHV4UFNubEVndFRHR2JqZnlaTnc?oc=5
2026-09-12,その他,,テーマ関連ニュース,⚪ 情報,0,Astrogate Labs Develops India's First Indigenous Optical Inter-Satellite Link in Orbit (OISL) - Utkarsh Classes,"Tue, 08 Sep 2026 11:43:55 GMT",https://news.google.com/rss/articles/CBMi1wFBVV95cUxQZDlqYms5U1ZqamdkbEZhRzQ3b3A4bkNySVFPRnd5OFN5ZXphWmwxZ3hFM1hlZ0FoeXNvN3Etc05yUUYwTWZqSTltUFNIN2hvM2owZXRPVGh5SkhweUk3bHZGRTJ0WnRHNW5LOW9STnd3Y2VrMExhZmtiMFVEbjN2V0d0NktsMEFwWTRPcDZXLTRXUXZ6aS11Y21uS05ScEJjYklfWEszLTFQVExyVlROcVVjaWM2cS15MUdEeTRqd2lSV3JQZ2xnQ2V3bWVCTVltUTJ3SVdMYw?oc=5
2026-09-12,その他,,テーマ関連ニュース,⚪ 情報,0,How Space Plasma Can Bend the Laser of Gravitational Wave Detectors - eos.org,"Fri, 24 Apr 2026 07:00:00 GMT",https://news.google.com/rss/articles/CBMiowFBVV95cUxNaG9GUVo2RDlKbjZIVS1HN05Td0tsd3BTYUJkOGtzTkpkVTBqMVh0U3JqTUpoWWpaQVViTkJBMFozQ2FQRkN1MjR3RFJLUmhjRUhqNkVZakcwX2N5SmdZbGRGYWJXa1VCU0Rqa09xNGUyYnlwTVZnTDIxZUpaaFVqRm5jVG5uM1VldTUtZGx4YmV4MlFmc1R6MXRkRWp6QU1CT2tF?oc=5
2026-09-12,その他,,テーマ関連ニュース,⚪ 情報,0,Astrogate Labs to Put India’s First Indigenous Optical Inter-Satellite Link in Orbit - ThePrint,"Tue, 08 Sep 2026 04:30:03 GMT",https://news.google.com/rss/articles/CBMiywFBVV95cUxQbmV4b29pb0I1dXNfZHpEOVNCVEZnV1VGWTFnVC1TZm9BZGRzNno5R1RGQUZqa0w4UUdyLUQ3WHBqTHpMNnlNM0tVQ2l6NDUzbVlmTmxxNnNYYnZxOXIwcXpxVWVzME1OdlhWQTc1NzJnS0c4V296R213NjZwdEdqNTJIX043TUpiekw5NEg0SGxGYXpMRTBZQkhaNFozT21ReDgtYUcwZDFPbUdBVGxqY3dfN3B3c1VIX2VwZ2MtTGhNdnk1ZlgzTjh4NNIB0AFBVV95cUxOM1lsUHo2dTFuU3liVEEyNlBiTjI2Yk5WdEF4ZFQ5UmFsZ2pGNnhIYjBrUjNsLVRGMUlaTEhpRDctTEZtWHRkVlFIVUVrNWx5TGNyX2FOM2RpemJ0ajlndk9GOGpGZGNtVTNsVjNITG0xWFYtSVk2VUo2VjhHOVd5eDh2bHBIVktzSmRtWXU2clpHdmJZNXlZOFpDNFRqeXB0RFlNMVN2VDNVZW1JWnFBdlF2M0dVaFJiZzdUVnl1VW5OV1BKV1AtcHFrbmpFbFRu?oc=5
2026-09-12,その他,,テーマ関連ニュース,⚪ 情報,0,Astrogate Labs to Put India's First Indigenous Optical Inter-Satellite Link in Orbit - Press Trust of India,"Tue, 08 Sep 2026 09:47:56 GMT",https://news.google.com/rss/articles/CBMiywFBVV95cUxPczNzQU9BWEcwa1ZxNFBYTEliaTR0UFdtQjlvdEFJcG1VNVctSDFPRW5SZ2JtNkRUdGNRUDJ1c2xFR0lLeUNNXzlvcFBUZmxJcHFfUFNHSXdEOUtXOUh5RGlYak1RUEZwaU5GdlBuVUlzbHlRam5HRW5IMTRmb0JHNmJ2ZnFyMXRLUzJiVE4xTTZ6b25LN0oyM0o1QjZNZ1VsQklDRDFiZE5VdWd0N3phOEhKS244OVZCTTdGQ1ZkTi15SHV6XzhlX1JYdw?oc=5
2026-09-12,その他,,テーマ関連ニュース,⚪ 情報,0,High-capacity and secure inter-satellite optical wireless communication using 2D DPS-OCDMA - Nature,"Mon, 09 Feb 2026 08:00:00 GMT",https://news.google.com/rss/articles/CBMiX0FVX3lxTE1DT3d0SlRyTURfQjdhekJlNEdBUDF3U3E1WnFwenZYa1ZBUjJIazFfbnVabGRScGdxTHhyUTdkc3dHMGc3XzJ2RHNscWEzd0tpVG1LeG5UWjRpd29GRElV?oc=5
2026-09-12,その他,,テーマ関連ニュース,⚪ 情報,0,Reservoir computing-based signal compensation for laser inter-satellite communications | Scientific Reports - Nature,"Sat, 15 Feb 2025 08:00:00 GMT",https://news.google.com/rss/articles/CBMiX0FVX3lxTE8xZE1mcDRIeTJGeXItRGFKUG4yZzFMOVRMWC1qSzU5NXlnME04YVJRYVBJRWR6d3FBQTFGdVRNTU9vdnBwNVhCV0JBR1VXeWd0aHVjRmpBSVFicm95RGI0?oc=5
2026-09-12,その他,,テーマ関連ニュース,⚪ 情報,0,"A typical AI-focused data centre can consume as much electricity as 100,000 homes. Now companies want to put them in orbit, where carefully chosen satellites can see almost continuous sunlight and dump their waste heat into space through giant radiators i - Space Daily","Mon, 17 Aug 2026 07:00:00 GMT",https://news.google.com/rss/articles/CBMihAFBVV95cUxNQVk5RWFBNldjZ3BmbmN2azRGNjI1akp3SDlWRkFnVGhwWG5WOGNjOG1OaEZ0bndVcE9QejRNU1hicHdvNVpFcmE0UHBMSzliNVJBSkVzYmZmOGdHdFR5bzNld1RGelI2LUhjZzdhYzI1eVQ2bk1lSXZqWXlnS2NHZjh4WXc?oc=5
2026-09-12,その他,,テーマ関連ニュース,⚪ 情報,0,"The 6 Safest Space Heaters, Tested and Reviewed - familyhandyman.com","Thu, 23 Jul 2026 07:00:00 GMT",https://news.google.com/rss/articles/CBMiaEFVX3lxTE5JaUY3RGd4M25RS3lIS3g5Tmg2bllFODNQejZxWVBHZXZPRGNaNmpHUW10aVZRUmxPZnhkaS1wMXVlaHRqN1FYQUJyS2lfUmZaRmZMVzJvZ3Y2akVMWW1qa0xyeUt5LVlr?oc=5
2026-09-12,その他,,テーマ関連ニュース,⚪ 情報,0,A Spanish Nanomaterial Cools Surfaces 12.9°C – Using Outer Space as the Radiator - Gadget Review,"Thu, 20 Aug 2026 07:00:00 GMT",https://news.google.com/rss/articles/CBMiqgFBVV95cUxQQm1ZbE5wRWc0ZGh1R1FONEVCUzRjSXZFVDF6eVJBMDd0a1F1dEZ0enVTTzdWam4zTUJ5dnpYSkZwTkdUWTZjLWtoRTNpcldJa2lVS3JzZ0J5bFdmQ0dkenVENEpLUWRSRVZUYlcxMXcxWnc1TG9kdF8xbDl4YUcxa3BsVVcwN285Z01ta3k4U0tDc05iTTFFd0M1a01nX2dFTjZ3RmxkWmpxQQ?oc=5
2026-09-12,その他,,テーマ関連ニュース,⚪ 情報,0,Introduction to Space Datacenters and Orbital Compute - SemiAnalysis,"Wed, 03 Jun 2026 07:00:00 GMT",https://news.google.com/rss/articles/CBMiiAFBVV95cUxNVGNGNF9xb21jVzI1aS1uZU1iVF85ZEtFR3VzRFBVX1JCdGIwS3FkR1UzenNYTjVyM2J2dHFacGQ3UGNqTDQ4NmozMkVVZ3NsRkRFMldyYm9sUzBaRDRDNFRlLXZGU2xUV2xrX1lkbTJvdjY1T3Y4NTRacEY4TGg4ZVE2ZllPSGVp?oc=5
2026-09-12,その他,,テーマ関連ニュース,⚪ 情報,0,Feeling a Chill? These Expert-Picked Space Heaters Can Keep You Warm - today.com,"Fri, 23 Jan 2026 08:00:00 GMT",https://news.google.com/rss/articles/CBMiZ0FVX3lxTE5UWnBmcnFWN3JQWERTdUpudmhMOUVKSmFOSXBkdE1Bb3pUVnZobk1nSHBXSFYzMVBnb0VPQXFsSE43MWROdEROT2g0Qzc2eEVBM3VfeE9Na09hNWRXSkphLWFSMThxb3M?oc=5
2026-09-12,その他,,テーマ関連ニュース,⚪ 情報,0,How to Not Burn Your House Down With a Space Heater | Reviews by Wirecutter - The New York Times,"Wed, 10 Dec 2025 08:00:00 GMT",https://news.google.com/rss/articles/CBMimwFBVV95cUxNcUFSZWJZVmU2bEtLMFczcjA0TjdIS0o4Qnk1Nlc4QVRHS0pCTU04NmE4YnNHVVZTb0F2X1Z6WVhkV0ZHUjZoQ3FfcUY5QUZ0YmZ1R0JQeEEyM1AxY3VaWmQ5Yk5wNFdZSmx1SXBqUkJxZEN5U3dyV3E0aVQyaGxFRXpzam9ROWdzZEZoVFpmTU1nNTJrYUNMLVl2bw?oc=5
2026-09-12,その他,,テーマ関連ニュース,⚪ 情報,0,Best Space Heaters For Large Rooms: 7 That Reliably Boost Warmth In The Chill - Forbes,"Mon, 02 Feb 2026 08:00:00 GMT",https://news.google.com/rss/articles/CBMimwFBVV95cUxPeVhPRjFYaU5XX1ZxOVlYaXBkWURqMnViMlJOQndnTjdDY2xlT05ORFlVaHBxWjJjb0dzQTg4ZzZLMEtVM0doSDhtUGpXb3UwODN0VE9nUzFvdHlzVnVpOVFXemFGRHEtbS03alpkQjVhU2FNd2t6TVRxalFsNFdBci1kaGZGYXBoampNRWkwRGZxdFE1MXFSdllMUQ?oc=5
2026-09-12,その他,,テーマ関連ニュース,⚪ 情報,0,These Space Heaters Will Arrive Before the Imminent Winter Freeze - Architectural Digest,"Fri, 23 Jan 2026 08:00:00 GMT",https://news.google.com/rss/articles/CBMidkFVX3lxTE9mOWlNYXJzUnV4Umpab2ZDcDg4WnRvYldXTlpGcXFWY2M3NGZkVkdUZWdSM2xjUGRianFZM3o3OGtCaUFtSkJvZzFNQnFKWWZZSzQ2VUt0MDRLSHgtUVRscEg1QkFsY1hBdTk3OHUzNU1LZWNQb1E?oc=5
2026-09-12,その他,,テーマ関連ニュース,⚪ 情報,0,"9 Best Space Heaters, Tested by Our Engineers and Analysts - Good Housekeeping","Thu, 26 Feb 2026 08:00:00 GMT",https://news.google.com/rss/articles/CBMif0FVX3lxTE85WXVIdlJpS1ZmU01JUVEyc3VDbFJjcUNmVkw1STFxU2p1R3ZRc0kyNTJfdXQ5eDFyaEdkWDlsa0VldDlUYTZwUjl3MkJNQkcydmlHWHBOU1lqTW5wVVZkSkZ0ejJDOExWMWlOTnlQVkplejdRTzFwbjVjUjhzblE?oc=5
2026-09-12,その他,,テーマ関連ニュース,⚪ 情報,0,"After a decade of testing and reporting on home-heating systems and a lifetime of dwelling in drafty old houses, our Wirecutter editor identified his favorite space heater. https://nyti.ms/4jy4xqW - facebook.com","Tue, 13 Jan 2026 08:00:00 GMT",https://news.google.com/rss/articles/CBMi0wFBVV95cUxNT1VjQktXcS0xdm85TkpwY2tTWVRPeGw4Q0VyZkh4cVRLTmxYTHFPOXlXYjdaYUpkVHl1TFVDaUJYMEgtaVhacWxUekY4QzRGTkhGb3BYZThPSWtDVGVRM2UweU5KOUlJUldMajlRbUZqSXF1cnpTRzRfc1FraFA1NFd3M0NIQU44bWxnSk5US1VKalAyMGF4SzVoTmNRVU9DTExNQzJFaGlzOVk1dFVTTXkyRVY1cXlEZzc4UDlCZm1tcjRnVnZST1JwZ1NJUnVvUkxN?oc=5
2026-09-12,その他,,テーマ関連ニュース,⚪ 情報,0,"Warm up with these space heater deals from Vornado, Shark, Dreo, and more that take up to $150 off - Mashable","Wed, 31 Dec 2025 16:57:44 GMT",https://news.google.com/rss/articles/CBMiZEFVX3lxTE9EVUFEMHhxblVqSzdxSVVkU3dlQ2ZVc00wQUt1RzdKN1dQUXdCUE1hOHNtZkt4QlpvT2JKbG1jLTI2QmpPNlJXLWVNU0NIeUlzd1ZxRHlXUmVqMnBmR3RURFVnRGY?oc=5
2026-09-12,その他,,テーマ関連ニュース,⚪ 情報,0,"Cooling a data centre on Earth can consume 10 to 30 per cent of its energy budget and millions of litres of water; in orbit, there is no air, no cooling towers, and no river to dump heat into — only vast radiator panels bleeding waste heat away as infrared light int - Space Daily","Sat, 04 Jul 2026 07:00:00 GMT",https://news.google.com/rss/articles/CBMiuAJBVV95cUxPOUpnOV8xeFYyR0tjazRZNkltUi1ZWmRlTmRIZk5fY05pdWI0aWM3Z2VpTkV4aURITUtrMTZpSnVzQUtUcy1OWjZqaEI5X3pIem9BOU9SSzBJSm1pZkZaLW5PQVVBZ1FDck4wRV8yTUdvZmVTbDltRUtlTHRnc0FXenBKaW92bkFXOURtTUUtRjNIa3RYTXhYQkJ4aVVHRk1maHpBSGw5NmRKV1ZCNzQ1cHZRT1ZQWkpHVHZJMkZoeVdoUnlxS3pvQ2hONkZxT1lrZEdQT0pXa0NJbEkybi1MT1VpWkpBa1BJUWN3QndfR3psVWVuYjFXbkJhZlcwNGY3b09GS2FrNThPZTVSaTJFMjZGR3dLSU1DeGVtWU1IYlo5VkFfZXJEZ1lwRWpldWVweTlwZzRuSV8?oc=5
2026-09-12,その他,,テーマ関連ニュース,⚪ 情報,0,SpaceX Has the Best Radiative Cooling Solution and It is Working - NextBigFuture.com,"Tue, 24 Feb 2026 08:00:00 GMT",https://news.google.com/rss/articles/CBMiqwFBVV95cUxNU3E3bkRTdUd2T0tXRFRfWFA3enotSUd2TUZBVFluYVQxNm4zMEg5b2xLR1dYY1lHMHZWRGoyeVRvNVVfdmZoMmZCbGxHYVJBNFpmV1BXVHdHRWRQRFVTTnN0R0Y2emh5YzZGcW14M2doLVA5Q2dQaGFGeXdYZVA2SDBlNnpXWjFyRFFnYk1ia1AyeDRKUFZSN0R1YUJLRkt6TUU0SXpyb1BFems?oc=5
2026-09-12,その他,,テーマ関連ニュース,⚪ 情報,0,Surviving Deep Space: A Look at the Orion Spacecraft - Lockheed Martin,"Wed, 08 Apr 2026 07:00:00 GMT",https://news.google.com/rss/articles/CBMisgFBVV95cUxPVS1xYWZxMEtfdU44NWI5SUYzaWVKR2NJQTJmLTRxQkFhdEZyTFplUDYzMlBGNjVJdzY5WmU1NlRUTFZ0OHhzbzdITHJrSDlRbnVyTmlQNWtqVVk2MkZmNHM0RG85RlZkd0VvdzJVVDY3aDlZb2liV2I5dEhUUzJ0QUZXTC1MQ3liVzVUeHVFSkI5bDFTZE5CeGw3UVBxaEpuajdWSGVlZEE2WXZ0NEYydVR3?oc=5
2026-09-12,その他,,テーマ関連ニュース,⚪ 情報,0,Bi-layer photonic random meta-composite for cryogenic thermal control by ultra-broadband scattering matched reflectance - Nature,"Tue, 30 Jun 2026 07:00:00 GMT",https://news.google.com/rss/articles/CBMiX0FVX3lxTE1GMmVnY09aUWR0dWVWRU9hYk1BQXpoUHdPZGJqTGpCSVFzZUdEcm94Tndwc3dsYzBReUo4YUQ3ZFIxSWV1SF9jOVVxS2MybTBpYzlHX2RxZG9KOEpWb2Rn?oc=5
2026-09-12,その他,,テーマ関連ニュース,⚪ 情報,0,Space race heats up: advanced electronics cooling systems for spacecraft - EurekAlert!,"Tue, 04 Jun 2024 07:00:00 GMT",https://news.google.com/rss/articles/CBMiXEFVX3lxTE9VaXI2TXBzOTUwUWpMOUxjV3VZVW9obkI1N0d6UUtjREU0WGdnSHVaM3NTU2Npa21YRWEweWtEcEg2RzlfbTRybEdlRVdHS1plLU1kRS11dEVTMXlt?oc=5
2026-09-12,その他,,テーマ関連ニュース,⚪ 情報,0,"AFRL, industry launch revolutionary spacecraft technology - Oscillating Heat Pipes - wpafb.af.mil","Thu, 21 Oct 2021 07:00:00 GMT",https://news.google.com/rss/articles/CBMi2gFBVV95cUxQeWoxSXY5QWRMMnR4QTZrTUgwcHBIeXFESDVLazNmWFR4ay1RMm52NS1yYU5UWk1zR000Ukg3US1jWHhOS3d2SXFwSzdaSC1EWHY2b2I0cGdfaTV3dVJEZmtPczNTWUpFT2JUcV9hUnM2YjNGTXc2eXRTamRRMUFKZzVhbzF4dlpQYXhGb0FMcURjV2g0TEk5Z3p1MkpUVGpFblNzMzl6NzU1Z2JEbXFpRkJHaHRKQ1JoZnl3dENuVmVNbnU5TkU1RElQZWZUSUpQaVZLUTNZT1gwZw?oc=5
2026-09-12,その他,,テーマ関連ニュース,⚪ 情報,0,Welsh university collaborates on groundbreaking space cooling project - Nation.Cymru,"Thu, 09 Oct 2025 07:00:00 GMT",https://news.google.com/rss/articles/CBMinAFBVV95cUxPYk0ya2ZRck5WdFlzd1h2SGs0R1RTSXgwcHRCTUhhc3FwcEVjVFdDNUNmdEtlbkp4YTItS1BIVHhrbHBOSDlxQkVvRmo2WTdfVnNLQnpGNUZYTVpKY3ZCUjhTZFktWUpuZ2RJQ1pkQXk4UFc1TjRZRTNLT3pyU0VMdm1fSmdjUVhocm5VRUsyd0NpOXZrcDF1eldKMmw?oc=5
2026-09-12,その他,,テーマ関連ニュース,⚪ 情報,0,New device provides active thermal control of spacecraft surfaces - wpafb.af.mil,"Tue, 03 Jun 2008 07:00:00 GMT",https://news.google.com/rss/articles/CBMixgFBVV95cUxQT3gyM0Zkcm1US0RLMlFHSk5PNGZDVmw5ckl6QnVJZEdzcThOYklCeS01ZDUzaHJ3MGlWZ3JwWVRCTWVaNGFRUk1nWldQTEJ1Q2c3WVFxbUUtUDE2dHlaZmVoX2l2Rkp1RGdFTDQ2Q1BYakJCSm9pS0pwcEFtUzlxalhtTmFVZVp3aGlfdTVxNV93UnFVLUoyWVNpNzVvLUd0TGE2aVI3cmFTVGE3OTlMUjIzZ29nVjFiSlpRTkhNck9NOU8wb0E?oc=5
2026-09-12,その他,,テーマ関連ニュース,⚪ 情報,0,"Cheaper launch has moved the spacecraft bottleneck. Mass is out, surface area is in. - SpaceNews","Fri, 14 Aug 2026 07:00:00 GMT",https://news.google.com/rss/articles/CBMipwFBVV95cUxPQXk4MGdWNDExV3RKSjNqbmU3UzExUlA3bTBLY251QmtjM1I1ZTBiUkFNNU5TbTRQUjRYQ3gwaGFrQjJIcE9SUUxMbUR5a0dGX2ZrZDIwdVo5YXNOSE1rV25JeDZROFU3bE82SkZxMVFVYzYxdVhHdkVoeVJSQnRDUHhkWDd5cXNZZnFJLXhtMHE2OTRfTmEwY3U3VUJ3SVFJVVhpOUpoRQ?oc=5
2026-09-12,その他,,テーマ関連ニュース,⚪ 情報,0,"Space Station captures, berths Cygnus XL ’S.S. Steven R. Nagel’ cargo spacecraft - spaceflightnow.com","Mon, 13 Apr 2026 07:00:00 GMT",https://news.google.com/rss/articles/CBMiyAFBVV95cUxQMmNzUUJ3c0lvR2dLellVbi01c2M4MXJYZnhjYWRkc2VMTjBhYTV5MkRXbVpCc3ItZGx5MnhuZ20wamc1RGtlVW5FN1ljcVdfckU2aDkzQTNvMElyNnU4U0tlT1RXSktJZmpBV3FCZVdkVmdJUURlQnF5UGZMRFBUUy1jcHRiSjNiZWdISDJTVGl4RmQ5c0FWbWs3dlE1MnBxMlNablRDTG05Q1ZpY0hCeUlwa3h4VnhWd1kzYktfNG1XcEJnZU9zZw?oc=5
2026-09-12,その他,,テーマ関連ニュース,⚪ 情報,0,NASA’s Northrop Grumman CRS-24 Mission Overview - NASA (.gov),"Fri, 10 Apr 2026 07:00:00 GMT",https://news.google.com/rss/articles/CBMijgFBVV95cUxQcEJHZzVlVGRlaHh3YVJwTzViZlZDeEI1dVNIMl8xcE5DMXhoRi1CTkllSmRhbnZFd1luXzgxSjFHTDZDNF9fSS1JRGNZZklKd0c0Z3FYUkZudXg1RzhCUE5ZdTZZbklfUVhZV1FDUWxtUFBhMzNpeUlNM2hRa3NtS3h2ZkpFLTNhejl3WU53?oc=5
2026-09-12,その他,,テーマ関連ニュース,⚪ 情報,0,NASA announces plan for space nuclear propulsion by 2028 -- ANS / Nuclear Newswire - American Nuclear Society,"Wed, 25 Mar 2026 07:00:00 GMT",https://news.google.com/rss/articles/CBMiqgFBVV95cUxOOEYydVAwOWpseUlwMExJYzVPalhialBqOU9GdHJtM1BVZGlpdkYtTU82MG5YbkZmQnpJVG5Na0NfRmxkSWlGNjZJMHY3bFZSaS1wMEwzZVNmT29JYVpFT3ZfdURXVkhYMTFwYXQ3SjRGUTBxS09Udm16bm5FWDl4dWM1M0J5RHlEY09Vc0pBalI0VDJVQ3dtb1VoekFwQVFtWWJYYXJuN19ZQQ?oc=5
2026-09-12,その他,,テーマ関連ニュース,⚪ 情報,0,Orbital unveils ambitious plan for 100k-satellite constellation in push to accelerate AI computing in space - spaceconnectonline.com.au,"Wed, 01 Jul 2026 07:00:00 GMT",https://news.google.com/rss/articles/CBMi9wFBVV95cUxOc0JEbnlLb25BY0VhYWgxd1BPeE1HNjcybFo0MHVhYnR6U0FMc3poTEVOQ0M2Wksxa0g0bHBmTHVWRGIxNGhFcUtBYll3X2Y5eC1FSFc2blZQNmVBUE5MUWpxcE5DWm5wS0tBTUFQQjJnZ01wOGFOSzV3V2xDV0RKV2xWdm5IcHN4eWRiY05COTU2eV9XRTVuWEtoRWZhd2V0MVNLTDVXeF9JZnh0NDNpUlRfd1ZZLWhoUHlBWFItUjZITjdGR0JMN21FRENocHBxSDJtQmVlWXZJZWJHX2hSOHJ6WWxEWmU0YzJjWHJRbDNnU0YwX0lV?oc=5
2026-09-12,その他,,テーマ関連ニュース,⚪ 情報,0,NASA selects Penn State engineering team to develop technology for spacecraft - The Pennsylvania State University,"Mon, 01 Jul 2024 07:00:00 GMT",https://news.google.com/rss/articles/CBMidEFVX3lxTE1yQ1pPcFl6LWVpakdQWHc3SGVDcTNRTU9pQTNpUW41cm4zR0ZGN2E5X29WWUZLWnJwWVE3cFJ2WkZLUC13b2VhQUFTa2UxOHpGam9VQkwxOG9HUU1oWEZaTkp3bVRWelhlV29XTFNHSWMxSTM2?oc=5
2026-09-12,その他,,テーマ関連ニュース,⚪ 情報,0,3D Systems’ DMP technology to be used for NASA-backed spacecraft cooling systems - 3D Printing Industry,"Thu, 05 Jun 2025 07:00:00 GMT",https://news.google.com/rss/articles/CBMiwAFBVV95cUxQUXhScWE3YlNCd1d4OW5FZGNndndBWEx0RFpuTnhwTnMyRmh3c2tDNzRLT2VJcWJxNWNBaW05OXFTU1FzTWR0MGktVEpXQ3VKbklhSXlkVTVobnN0bHpobTBfS24zMjdOVDJ2WUt2eGpXMVA5aHF2d3c3VDMtc0xMTGZfd1lYMUU3d2t2cmtDM25vWVZRVXFkNFFXWm1VSjJTZFZpWVRoYWxxNUNwcW5GdjEtNTE1dVJMU0szYUVVQUk?oc=5
2026-09-12,その他,,テーマ関連ニュース,⚪ 情報,0,Cornell leads subteams on $35M nuclear-powered spacecraft project - Cornell Chronicle,"Wed, 16 Oct 2024 07:00:00 GMT",https://news.google.com/rss/articles/CBMipAFBVV95cUxOVzdWbXlxblplai1SbTFxNzFMdVB5MHZ3WkVhVEFmUndYYl9uSmtiVjZrZkxtam0yMkJwV2UtOXFESkhRUUhqUmhMTmRZY2tZX2xWTXBGdW9GZXhmVDYtU01GVGJ6T1B1a005cm5wampncGs5cW1tQkM3M1I0WHBPS3hzaDFyVDM0U2gxS0tFVENHN1RKSTVwQU1iQUkwNmdFYjE2cQ?oc=5
2026-09-12,その他,,テーマ関連ニュース,⚪ 情報,0,Purdue-designed heat transfer experiment arrives at International Space Station - Purdue University,"Mon, 16 Aug 2021 07:00:00 GMT",https://news.google.com/rss/articles/CBMiyAFBVV95cUxPdUU2T3VpdzQybXZ1OE0wUVFFQlU5SnhNTXU5M0w3Vm1JUG5qRG1JdEM2c0ptT1pqV2dOSURfWVdjVExmSXMzU1hxU3lLVURBMFBmbWk1Mk1IbUt3Y2oxMVc5U2U2NU9DcEUyMlpiUERySjVwaWNFRnIwZGRYYzZQTE5NeWxKWFlOZlBaX1lUV2NLbHhpVjk2TnQwQUxaam9VNHM2TklCejNFT2NUSDlnZkJrYjd0WVJwY0JueXVka21odnZKeHp2OQ?oc=5
2026-09-12,その他,,テーマ関連ニュース,⚪ 情報,0,New Heat Sink Tested in Space Uses Melting Wax to Regulate Temperature - Universe Today,"Wed, 09 Jul 2025 07:00:00 GMT",https://news.google.com/rss/articles/CBMirgFBVV95cUxQQ05yOHlDWlRJNV9WU3Q0Q2Q1LTc3Rmt1bHRDbXlRZ3BpcEJKUWlGWE5sLVBlQjZMSUUxV2RzeTZWeTZwWlh1Sm5QUmNOQ0trRmR4cGRMTVhnLV9qVlVIajZmeDBoWUg5Y3I4VldiNUxTRWQ2ZERQQ3YwNTR2bi1kM3BhX0ZLMG9neERUTVBKZzZuM1JnMGdDQ0JxakF3QzhyRXZyMlc1UEF0cWlqWHc?oc=5
2026-09-12,その他,,テーマ関連ニュース,⚪ 情報,0,Demand growing for managing heat on increasingly intricate satellites - SpaceNews,"Mon, 20 Sep 2021 07:00:00 GMT",https://news.google.com/rss/articles/CBMilwFBVV95cUxQSFFpbm0wZDNEaU4wUlFzUjNUTW9UOTI5R0dhZGx6MUhIZU9mMWFsWll4MGdpOWFkb3QzdzlGSS01bkFqQkt3RUtxbkVJM1BZZmdXTzBmRVpHOEpod3dPUEFRZmY3RzRsVE9wWGNxMUNxc2lfQ3JZZnkzSzRvTkx1Tl9rcmp6cUxuMk5YOGY4VXdScU9BTng4?oc=5
2026-09-12,その他,,テーマ関連ニュース,⚪ 情報,0,Space-to-ground infrared camouflage with radiative heat dissipation - EurekAlert!,"Tue, 27 May 2025 07:00:00 GMT",https://news.google.com/rss/articles/CBMiXEFVX3lxTE1HSk5tRHVKWWVFSXQtRmR1Qkt4dzdmQWc4clVUMmF1c1BLbzN5ZHFWUUdOSVk0TldGYkw3bEh5aDZsU1RXODBMaFd5aUdaRVJrTjBNQ3d3Q2JxM2Fj?oc=5
2026-09-12,その他,,テーマ関連ニュース,⚪ 情報,0,Hear Audio From NASA's Perseverance As It Travels Through Deep Space - NASA Jet Propulsion Laboratory (JPL) (.gov),"Wed, 18 Nov 2020 08:00:00 GMT",https://news.google.com/rss/articles/CBMinwFBVV95cUxObzdILVBCN1dxM1FsdTI4Z1VTSTlOT043M0t5TThYRUUtcjJnQWlZWjd6TFBTTTV1YUdJT3AxZXZKWW4xUTRsNE4yOEUyRFhMNXZoaXpnQV9uRnIwUHYxLVdQV1AwSS0wSXl6ajNuUFNFVFAzWTVCRnczb3BteWJ3Y2tvanFhRzRhWkNwYWVIalFEVHZHdFFPbGVkR1pUQ2s?oc=5
2026-09-12,その他,,テーマ関連ニュース,⚪ 情報,0,The race for space solar - pv magazine Global,"Sat, 12 Sep 2026 09:01:23 GMT",https://news.google.com/rss/articles/CBMickFVX3lxTE9hQ24wOFhRWWV3Mzl2b3g3U1BnVU9uVzQzR3pZUjZqd0xsVXZuQ3NxZng0Z3dfZXVHdzNCN3JQM0gtWFRyQTVoNkRvazMyVkFlYlprb0VadEYwTXpHWjh4cFRCTmh1SnNBc0U4T18tV0Fwdw?oc=5
2026-09-12,その他,,テーマ関連ニュース,⚪ 情報,0,Space-Based Solar Power Is On Its Way - cacm.acm.org,"Fri, 07 Aug 2026 07:00:00 GMT",https://news.google.com/rss/articles/CBMickFVX3lxTFBCaHE5RGxmcTRfTzZpb0d6NnZUOEVGU2hZWnA1ZENrOVhJbFp2ODNjaXBNanltSTVIVFhrMjJYTjhXNWU2UVd4TXpuZmhIQzJKYk9FdVdBTjJlQUZ5d1g1bFQtWGdQZGRFVUR4YWVEYnA0QQ?oc=5
2026-09-12,その他,,テーマ関連ニュース,⚪ 情報,0,Rocket Lab’s new space solar cell delivers 31.5% efficiency with 40% less mass - Interesting Engineering,"Thu, 10 Sep 2026 12:54:00 GMT",https://news.google.com/rss/articles/CBMifkFVX3lxTE1wVExTWkpVbzBNOVZQRTZNdmY3TVhGVWxLSjJqTnQ0OGY0NUNQYllFTldqOFFXY0djbTVhOVdwMzhMZHg5bU9oVDNYUlZVUTVSZkhzLWlnSVdnQUhxT2dDdlotZjhMZW5Vckl1S1F4QmZFYS1zN0h0bFpaWFRfdw?oc=5
2026-09-12,その他,,テーマ関連ニュース,⚪ 情報,0,Rocket Lab launches lightweight space solar cell built without critical minerals - pv magazine USA,"Thu, 10 Sep 2026 14:56:11 GMT",https://news.google.com/rss/articles/CBMivAFBVV95cUxOVjZRb2ZhMk9Zb2ZCV202a0xoVXZJUFZSYmhNRHRSeUZkUXF2X2drSFBnMlJLZHVqMWEyeVFsVTRiRnl0dEhnRlQzY1RMVnVRRUVzY3lucXZILVpfTDlYZ3NDSlJhYkZUdFE1UmlLcEhCbXpMNUl5emFMT1F4Ym5xT1c4dy1pSUxOZjJnc29YMlR4YlpNYmtQM29XNF9LcnZkcDRVcGtOOGtpWVdsNUd0QVhRMUlIdEktRWZCbg?oc=5
2026-09-12,その他,,テーマ関連ニュース,⚪ 情報,0,Space-Based Power: Why It’s Gonna Happen - The National Interest,"Tue, 18 Aug 2026 11:02:01 GMT",https://news.google.com/rss/articles/CBMijgFBVV95cUxPMmFldmk0cUwyVnRuSFN5SUJ5d2NJQi1QNTV1c21XSUxzOXozV1BzVnJVRmc0M2RkUURselE2cHhuU0VHY212TjhGc0pVQzdJTEp2SHFTS2xpNERoVi1fOXgyNzhfU2ZhVThuTHVYQmlQcTRZMUVmazRjZTdkbks4UktKbVZESC1OV282dWdB?oc=5
2026-09-12,その他,,テーマ関連ニュース,⚪ 情報,0,"Why DoD, Silicon Valley now are betting on solar power beaming sats - Breaking Defense","Thu, 09 Jul 2026 07:00:00 GMT",https://news.google.com/rss/articles/CBMipgFBVV95cUxQcVJFLUlTbHlpdnZxT05qNWlVaTRZVC1MQ2lmQ3M3b1RyMU14M0F1ejk5WFRUbWVOVnZQMDZzT1ZnTkk3ZmQxMGoteGNKTS1pUEQzRkVhdFljUEdiT3RfZG56MWJsVGRWQzZFU3pMam5TT2VuSGJFS3VxN2tDbkVZVkhJdmFNY25HQUkzQ3R0QTNlaUhtWERpNk42U0ZpdFgyM0dsY3p3?oc=5
2026-09-12,その他,,テーマ関連ニュース,⚪ 情報,0,The Chinese scientists hoping to use a space solar plant to power the world - South China Morning Post,"Fri, 19 Jun 2026 07:00:00 GMT",https://news.google.com/rss/articles/CBMitgFBVV95cUxPd3d3MlBtaGVYaTBLWUpOMUZXYlVpUlVKN3J6MVM3c00zM2VDVnlrMXk3TklqSjc5T0l6RjJ3aVZhVEd5aklXbXpiUFlUbk5FZVZFOEZpSG1BVWo3eEdwc2taN191dmVkSjllTmR5bnZ3d0VyRW1HcU9mekFRUGVPQkkxaElxeXhSUUVOZ0R6RVBsMEhRdnVVZndQeVkwQzVuUzJ2ZkFSdjNJOU9aZGJxSWQ0VE1ZQdIBtgFBVV95cUxQUzFSeVJ0VkJSNklPUHN4U3pEZlR5RWVrczctX3hWa1UyUkpXMEVNNDBtRGRhRFNXZzJyV09XMll0X2FZOEFFNlQ2alAzdVRwbERUNnY3RUF4YTExN1VteUliRVJyemNfZHBtbnZmVnp2S1NFcjVlTVE4RHN0eW5ZUVVPVk9BZ2RpWFZ2dElnOWxGNzByYlNfejZiMWJqQkZka183d1NraUpPcFJKOXRrUTZLYjZPdw?oc=5
2026-09-12,その他,,テーマ関連ニュース,⚪ 情報,0,Rocket Lab releases germanium-free solar cell for space applications - Renewables Now,"Wed, 09 Sep 2026 10:09:43 GMT",https://news.google.com/rss/articles/CBMirAFBVV95cUxNNXZzT2d6N3BuNUsyaHhhUEgyTkNGTUZuRjRvczVQSmt2NzBDWjRxQjdRU3o1YnJ4amE0VDFYX3lPVHJxdF9zbWdCUC10RjFlcnBTd0hOU0kwWks4bkgzdnBqYU9ieXRRbkFxbW1fM1BhelJtX3NTSGRjZHRab1ZUdUhMVE01OWRySnpmbFlVVVo2R05RZmFWbXRLZUczRXgzV0dFY1BGVkJGckgx?oc=5
2026-09-12,その他,,テーマ関連ニュース,⚪ 情報,0,Meta makes a bid for space-based solar - Latitude Media,"Mon, 27 Apr 2026 07:00:00 GMT",https://news.google.com/rss/articles/CBMif0FVX3lxTE1OT0hETUdXenB0dXk5bmlSRzBzZDEyeWNFT2JoMlFtOGdNQzdUQ3pFZG5PMEFvUDlGY3BYcy10aVIxUmVqOWwyMDBSWk1hVFI2TEF0MFNUQWYtTXZ5M1drWlpFVXRqZjEzamlGZXdHSm9GbTl2a3phTzhuQTJVTms?oc=5
2026-09-12,その他,,テーマ関連ニュース,⚪ 情報,0,Have scientists found the secret to eternal power? - Prospect Magazine,"Sat, 22 Aug 2026 07:00:00 GMT",https://news.google.com/rss/articles/CBMiuwFBVV95cUxQbXctTWdKLXY5TGpIZFBBMzZJNnNVMUgzMFpsUzNKaC1scElKUHBtd0JRQXZYM2RoWlQxUnFfbzYwel9jN1dWbXhhTlg4UXoxTmF4Q0lhNUk3MC05RXdYZVZXbjgtLS13M0FWT2h6Z3pIc3NiZXRxVDhYN1JsZ1hoWmZIQk5ZTDY0MHFKc2JSSThtOTY3a0tzT0FfMWw0cnVYTlFZOTlSdmNzVTYtRDloS0g3SmFDNU4wenVB?oc=5
2026-09-12,その他,,テーマ関連ニュース,⚪ 情報,0,Japan’s Idemitsu sets up U.S. lab for space-grade CIGS solar cells - pv magazine USA,"Thu, 10 Sep 2026 14:46:09 GMT",https://news.google.com/rss/articles/CBMipwFBVV95cUxQNUNqdHFLWGRPZE1FaHJYbDl0aktFcnlsUEdlUUx3WVBINTFhZkVwZGNrck5OVE1YdU1semRia1piOXRjQjBjby1lMUlRbjMzcGJ4d1BwRTFRbVhjakZybnlJY2szQnZCdnhWWHZ5NUJmRTc3S25TQW1aNGN1Q2VZejFyMDhnS1lSZXZWdlRablFYRkhyR2RFV3JiY2hvZEFIelZlNTExcw?oc=5
2026-09-12,その他,,テーマ関連ニュース,⚪ 情報,0,Rocket Lab launches 31.5%-efficient inverted metamorphic space solar cell - pv magazine Global,"Fri, 11 Sep 2026 05:40:57 GMT",https://news.google.com/rss/articles/CBMivAFBVV95cUxOOG5mLVdQN1VsVFEzMWF1SDFvMFNSNUFFWVlOcmtaa1dtNnUwN2N6c1d6YkhrSk84bWJQZDlKN0kxYXZ4dzUwem5WSURtUmREQWZUcjY5QXBSSjgxLUlWcElETzRBR0RrZmh1ZHVFR3FuSUhBTHBXY05EU3QyUC1VNmJCZ0d3M294RWNuMFhQY2xmUnJCd0xoY2hfdGEwNnExd01pdDNwN0xrLUVEQWZpOHh1clZnVnRHSGJhOA?oc=5
2026-09-12,その他,,テーマ関連ニュース,⚪ 情報,0,Rocket Lab releases germanium-free IMM Apex solar cell for space - Solarbytes,"Sat, 12 Sep 2026 09:59:57 GMT",https://news.google.com/rss/articles/CBMimAFBVV95cUxNN25IeE9DOTlqNU1JbU1iZ2RrVTF2NmJ0VWxJLVVWaTYwNmkwbGpwa2ZiYTdGeEFPVUNJcm1Ubmg5aWVKQ1lhMU1pa0NXX3o5a2k1QnU3Q0g4MVdRaXpiYV9XZEJEWWg3Z1kta19lVTIzUzg2cDE2Y3ZPcDhRUXN0WDdzSV9lRjQ2cmViRVBVNFVJa0ZZOVhWaA?oc=5
2026-09-12,その他,,テーマ関連ニュース,⚪ 情報,0,Why Qcells is testing solar cells on the moon | Hanwha - hanwha.com,"Mon, 07 Sep 2026 00:39:59 GMT",https://news.google.com/rss/articles/CBMiuAFBVV95cUxQWFc2RXFITnZXTjI2Rk1vRXVNOU5kYWRyVnNHTnBSdUZ3Rmt3T0EyRmJFLXNmM2pBajdjVXQ3dEVrU3JyLTQtdlFYb1pJcTdja0F3b284WTJjMFFVb190MTJnRmFpSEFKek5pNU5HcHVfbFZXekwwbE42Rmg4TExReHdEcnBZeWotSnl0VmMzRW9Ta0RZTG00OG00eGRaYmlTanVOWVk5RDkyYjQwTG5iWjNpNnptZzlv?oc=5
2026-09-12,その他,,テーマ関連ニュース,⚪ 情報,0,DOE Explains...Spacetime - Department of Energy (.gov),"Thu, 10 Sep 2026 16:21:28 GMT",https://news.google.com/rss/articles/CBMiYkFVX3lxTE9BWXJhcEJlaGpkNFpKcVdUS3JEcXcyaVB1VzdZVDFCdEZHWFZTbFdvU29RN3VaQTlxZW5nM1pwY0llLWZuTC1obnhabzh3WXAzSFgyQlRxSkcwcWxrTVJnVTh3?oc=5
2026-09-12,その他,,テーマ関連ニュース,⚪ 情報,0,"Scientists study 3,000 supernovas and discover that dark energy may be evolving - Space","Thu, 10 Sep 2026 16:00:00 GMT",https://news.google.com/rss/articles/CBMiwwFBVV95cUxOd2JTQTVlN1llSEh1VVptQkdhaTh4dEVVM3dKLVpqS0VFajhyWkt5OUF0WkY0NHo3N1RMamZtMkV6dDJyZWxLNlRxYzBpSnQxSVdjRUc4cWdQRHFTeW5UUzZYbkluNldaS0VGQ3N6b253eVR3dVR1eGhPR1J6c3NRZ1lCdzhMZDVlYWxleElDT3NpLWpxYnBEZGl0NnlmZjUzdVItRDBlQWJuS0kzeGhIRjEzRGo2UVVrazdQYkhnVFZpUE0?oc=5
2026-09-12,その他,,テーマ関連ニュース,⚪ 情報,0,"For nearly three decades, standard cosmology has treated dark energy as a constant. Now a unified catalogue of 2,884 exploding stars, combined with maps of galaxies and the Big Bang’s afterglow, has added another significant hint that dark energy changes - Space Daily","Fri, 11 Sep 2026 14:30:58 GMT",https://news.google.com/rss/articles/CBMid0FVX3lxTE1kMGpyMGFKX3dUWHE0QWoxbktyVGdZUWpRakpfam0yQkFzckNYWDhWYzRRLUltLUNEWUZEYk1zdjZVd24xVjVHaHg4ellXWGZWVmNZZ0l6QldFd000TlljaFBRLVJQczUtUVdwWjV4T2h3TU9sNXpN?oc=5
2026-09-12,その他,,テーマ関連ニュース,⚪ 情報,0,How NASA's new space telescope could help solve mysteries of dark energy and dark matter - PBS,"Mon, 31 Aug 2026 07:00:00 GMT",https://news.google.com/rss/articles/CBMivgFBVV95cUxOLWE1ZGtTRzlTRkhwQklWZzB0c2FSOGV0MEZrUHdoS1NIU3pWSmNtc2E0VVRPTUJrN2dEMU9fU2VxZVV6UUZxcW9FM19XSUkwUVNTd1JoVDU2RUJ5WnN4S2dHZ1B4S3ZCZzdzU3hvWkFYa0w1RFd0U2lsdWsycHJLdzJMUElGZDMwQi1NN1NwS1M5b0J0LWVyTUhtUkZsN255WjJzOEozVlByd3Y3Z2ZOeW1WeWQyS29Pa09Ma3Rn?oc=5
2026-09-12,その他,,テーマ関連ニュース,⚪ 情報,0,Emerging Tax Controversy Issues in the Energy Credit Space - McDermott Will & Schulte,"Wed, 02 Sep 2026 22:45:26 GMT",https://news.google.com/rss/articles/CBMimwFBVV95cUxPTTFHMnVOSzJFc2JoVW5GZU5rbjgwRGpKUEgyOE9SU3RlWE1ZZjhfRldVT2pCRlh0b1R4RVM4SVRNUVhMWUZ0YUFzQi04Ry1vRFFiTVhhelpUZU1iZEluNkVnNDhsODBYZlBpTEFOQXpsSHMyMGxSWEtXSVpuMUptRDB2R09peTdKNFdPd2hFcmRFc01aRFFSSVVXYw?oc=5
2026-09-12,その他,,テーマ関連ニュース,⚪ 情報,0,"NASA launches its powerful Roman telescope, studying dark matter and dark energy - houstonpublicmedia.org","Thu, 27 Aug 2026 07:00:00 GMT",https://news.google.com/rss/articles/CBMi9gFBVV95cUxQWHJ0VmZEZkJ0WGRxaEZVZzNzOW4tc3NVUm9uOGxmbGZhZ21iU01BemZneGtKTzRlejZ0RkhYb19VVlk3Vm1iaUNfZ0wyR1J6ZC1OVmNfNmVmaTFVX1BTdGYtUld3VnNYWWdvbFdCMUpOaWs5c2tqbzlyUGtHT0RYQ2JCMEt3RjQzQVhSVlhQM0l6T2toOU1vTjFCaEdiNXltb0tlMTk1bjg1NEpXbHR6cnZoYTJ3eURMZHIybURSbF95alprYmFpQWttY0dZcXE5OEFjeHlmcVBfbFhBMWVXRXljTmp6QW1hRWRqS2hKekFhUUFyMFHSAf4BQVVfeXFMTUpydVBoOWZTNm14Z1IweUR6d0MyOVU3dl93U3gzemx4NlZ3WUtvQUtQZmZfNG9WSFlfcWswZDdPUkVvbWZ1bUZlMnhpNHYyMWZ5SlNPRS0xcUtzS2FxdmRzeFNleWVnb1h3QnRCeERFR0pUWEJfSlZFYjZtLTVCOGhDYmtOUW1Zd2UzWmVYQXZpSV95bEpWUXRCU3BtZFlMcWRzNk90Vm9fSHIzTkw2NUFIRXlKTTNkTGJSZ1ZPNm9USTlPZ3preGlhMm5GMXdGbHpSOWFxdDdDZjZFTlJvbjZCOWtjajZjMnFSUU5jM3lIeXpHVXJld1pwcUNWNnc?oc=5
2026-09-12,その他,,テーマ関連ニュース,⚪ 情報,0,NASA’s newest space telescope is on a mission to solve the universe’s biggest mysteries - Scientific American,"Mon, 31 Aug 2026 07:00:00 GMT",https://news.google.com/rss/articles/CBMiyAFBVV95cUxNaERVUHBod0lUQm1jYmpVSWF0em5KamZralNQSzljelpQWWpFN1podGY0c1RXQUV3TXBpLW1zdXRUazhXWFlfbG44ZFZSbkNoRUNWbjFINGstdDVSS09VemZVMlJCX21NaUJhQkMwOUF3SmlZLWFWNmtJQ3dfd3YxQzdJY0pheWlVTzVPdzFjaVU1NGV4a25tMTRPTGdia2FxVkJMNWRRZTZFeEI0QTNTQmpaeklHQUQ1c0NiUkZvd1JsRGRMQmRaRg?oc=5
2026-09-12,その他,,テーマ関連ニュース,⚪ 情報,0,Why AI's energy future depends on power from space - The World Economic Forum,"Mon, 22 Jun 2026 07:00:00 GMT",https://news.google.com/rss/articles/CBMijgFBVV95cUxOeXNxU0luRFc1MEpMc3JRMVg1c3lOM2REVVdSckw3My1keXU2MGR3M0RCRlJaSVF0ZkZUaW5NWnR0Ym43SlUtbVpBUlQwQzNjNFBlTXdKM3JKbnpPYUFhVmtPRkg2NlNQa09KenhSeERtVTM3LTVzYWIxY3VtZHI0RjN2T25rUk94TjNYcUNn?oc=5
2026-09-12,その他,,テーマ関連ニュース,⚪ 情報,0,"""Raising our ambitions even higher"": PM Modi, Abu Dhabi Crown Prince discuss defence, AI, space, energy, IMEC - ANI News","Sat, 12 Sep 2026 09:46:00 GMT",https://news.google.com/rss/articles/CBMi6gFBVV95cUxOTmFqbVdPOS1TVmNTN3NuXzFaakVkU3VnRklESmFhWm1JeXZNUDdja0xZbVM0VkNqVk9sSTNxR2ZsZEhCUlhCUFZvOXVwTDhTZ2xTODZHWUpGTGJRMTlWeGlocnh3cUY2VGQza2J4NW9mWmxsSnZzeElDTTJRWGVKM3dWejJhQlJ6THZUTnh1WWgtZ2pWWGVsaU5hNUpiUXEzQ25CZmt3dFFaQTBPZTB5VklweTVsU1ZzdlpKcE5zeVhucEhGZWVOaGN1TnZTbHFuaU42RjhxQzIzbnl1YXkxTUZtVEMtNVVzMWc?oc=5
2026-09-12,その他,,テーマ関連ニュース,⚪ 情報,0,What is Space? - Department of Energy (.gov),"Tue, 25 Aug 2026 15:56:00 GMT",https://news.google.com/rss/articles/CBMiX0FVX3lxTFBRZjdtWUZmSXVOeGE4WXVnV01ZaG9ienJYRDZCWGo5LWFqbXVHX2JnMHU1TTdZSF9FX3lrNGgzc1d2UDg2cTlKQm4yV2paTEdsUGoyclUtc3BFSTd4QTJZ?oc=5
2026-09-12,その他,,テーマ関連ニュース,⚪ 情報,0,"China's private, reusable Pallas-1 rocket aces debut launch (video) - Space","Wed, 02 Sep 2026 07:00:00 GMT",https://news.google.com/rss/articles/CBMiwAFBVV95cUxOd2tUTG9Vc2tfXzdNYUdoRWRUZkJxb0lxbF9zNTlQdHQtMFlZMEdMS05ucXhESFE4Z0pmeWl3WDRGUHNkazlRckZ4NEo1R3I4WEFYcUJtOTV3dnlyX2ZsUDRYdlhLVDRfNmFLVlY0Tk9uWXlFOGk1b3ZLMDBEdUltRlFhUlpCUzZLUGlaa3FnNFlLQjNyV1ZGQWQ5eDJBNHplUXVmdTBxdnM0XzFYaHNjOVducnRlSTlEV0syX0cwNjA?oc=5
